date,sku_id,on_hand_units,on_order_units,lead_time_days,reorder_point
2011-08-11,15036,74.0,398.0,14,421
2011-08-12,15036,322.0,0.0,14,421
2011-08-13,15036,322.0,406.0,14,421
2011-08-14,15036,322.0,406.0,14,421
2011-08-15,15036,322.0,406.0,14,421
2011-08-16,15036,310.0,406.0,14,421
2011-08-17,15036,298.0,406.0,14,421
2011-08-18,15036,274.0,406.0,14,421
2011-08-19,15036,274.0,406.0,14,421
2011-08-20,15036,274.0,406.0,14,421
2011-08-21,15036,262.0,406.0,14,421
2011-08-22,15036,262.0,406.0,14,421
2011-08-23,15036,238.0,406.0,14,421
2011-08-24,15036,238.0,406.0,14,421
2011-08-25,15036,226.0,406.0,14,421
2011-08-26,15036,226.0,406.0,14,421
2011-08-27,15036,632.0,0.0,14,421
2011-08-28,15036,608.0,0.0,14,421
2011-08-29,15036,608.0,0.0,14,421
2011-08-30,15036,515.0,0.0,14,421
2011-08-31,15036,512.0,0.0,14,421
2011-09-01,15036,464.0,0.0,14,421
2011-09-02,15036,451.0,0.0,14,421
2011-09-03,15036,451.0,0.0,14,421
2011-09-04,15036,427.0,0.0,14,421
2011-09-05,15036,427.0,0.0,14,421
2011-09-06,15036,403.0,325.0,14,421
2011-09-07,15036,386.0,325.0,14,421
2011-09-08,15036,260.0,325.0,14,421
2011-09-09,15036,212.0,325.0,14,421
2011-09-10,15036,212.0,325.0,14,421
2011-09-11,15036,212.0,325.0,14,421
2011-09-12,15036,200.0,325.0,14,421
2011-09-13,15036,160.0,325.0,14,421
2011-09-14,15036,148.0,325.0,14,421
2011-09-15,15036,148.0,325.0,14,421
2011-09-16,15036,148.0,325.0,14,421
2011-09-17,15036,148.0,325.0,14,421
2011-09-18,15036,148.0,325.0,14,421
2011-09-19,15036,148.0,325.0,14,421
2011-09-20,15036,449.0,0.0,14,421
2011-09-21,15036,404.0,324.0,14,421
2011-09-22,15036,380.0,324.0,14,421
2011-09-23,15036,380.0,324.0,14,421
2011-09-24,15036,380.0,324.0,14,421
2011-09-25,15036,380.0,324.0,14,421
2011-09-26,15036,380.0,324.0,14,421
2011-09-27,15036,378.0,324.0,14,421
2011-09-28,15036,364.0,324.0,14,421
2011-09-29,15036,350.0,324.0,14,421
2011-09-30,15036,350.0,324.0,14,421
2011-10-01,15036,350.0,324.0,14,421
2011-10-02,15036,350.0,324.0,14,421
2011-10-03,15036,254.0,324.0,14,421
2011-10-04,15036,0.0,728.0,14,421
2011-10-05,15036,312.0,404.0,14,421
2011-10-06,15036,300.0,404.0,14,421
2011-10-07,15036,300.0,404.0,14,421
2011-10-08,15036,300.0,404.0,14,421
2011-10-09,15036,300.0,404.0,14,421
2011-10-10,15036,238.0,404.0,14,421
2011-10-11,15036,222.0,404.0,14,421
2011-10-12,15036,186.0,404.0,14,421
2011-10-13,15036,102.0,404.0,14,421
2011-10-14,15036,76.0,404.0,14,421
2011-10-15,15036,76.0,404.0,14,421
2011-10-16,15036,76.0,404.0,14,421
2011-10-17,15036,0.0,728.0,14,421
2011-10-18,15036,399.0,324.0,14,421
2011-10-19,15036,381.0,324.0,14,421
2011-10-20,15036,333.0,324.0,14,421
2011-10-21,15036,297.0,324.0,14,421
2011-10-22,15036,297.0,324.0,14,421
2011-10-23,15036,297.0,324.0,14,421
2011-10-24,15036,293.0,324.0,14,421
2011-10-25,15036,268.0,324.0,14,421
2011-10-26,15036,268.0,324.0,14,421
2011-10-27,15036,244.0,324.0,14,421
2011-10-28,15036,244.0,324.0,14,421
2011-10-29,15036,244.0,324.0,14,421
2011-10-30,15036,196.0,324.0,14,421
2011-10-31,15036,505.0,0.0,14,421
2011-11-01,15036,469.0,0.0,14,421
2011-11-02,15036,442.0,0.0,14,421
2011-11-03,15036,439.0,0.0,14,421
2011-11-04,15036,437.0,0.0,14,421
2011-11-05,15036,437.0,0.0,14,421
2011-11-06,15036,437.0,0.0,14,421
2011-11-07,15036,437.0,0.0,14,421
2011-11-08,15036,428.0,0.0,14,421
2011-11-09,15036,380.0,348.0,14,421
2011-11-10,15036,368.0,348.0,14,421
2011-11-11,15036,354.0,348.0,14,421
2011-11-12,15036,354.0,348.0,14,421
2011-11-13,15036,330.0,348.0,14,421
2011-11-14,15036,330.0,348.0,14,421
2011-11-15,15036,300.0,348.0,14,421
2011-11-16,15036,239.0,348.0,14,421
2011-11-17,15036,238.0,348.0,14,421
2011-11-18,15036,226.0,348.0,14,421
2011-11-19,15036,226.0,348.0,14,421
2011-11-20,15036,226.0,348.0,14,421
2011-11-21,15036,202.0,348.0,14,421
2011-11-22,15036,200.0,348.0,14,421
2011-11-23,15036,464.0,0.0,14,421
2011-11-24,15036,351.0,377.0,14,421
2011-11-25,15036,337.0,377.0,14,421
2011-11-26,15036,337.0,377.0,14,421
2011-11-27,15036,337.0,377.0,14,421
2011-11-28,15036,253.0,377.0,14,421
2011-11-29,15036,251.0,377.0,14,421
2011-11-30,15036,249.0,377.0,14,421
2011-12-01,15036,248.0,377.0,14,421
2011-12-02,15036,194.0,377.0,14,421
2011-12-03,15036,194.0,377.0,14,421
2011-12-04,15036,194.0,377.0,14,421
2011-12-05,15036,189.0,377.0,14,421
2011-12-06,15036,189.0,377.0,14,421
2011-12-07,15036,189.0,377.0,14,421
2011-12-08,15036,558.0,0.0,14,421
2011-12-09,15036,557.0,0.0,14,421
2011-08-11,15056BL,1367.0,0.0,14,928
2011-08-12,15056BL,1367.0,0.0,14,928
2011-08-13,15056BL,1367.0,0.0,14,928
2011-08-14,15056BL,1367.0,0.0,14,928
2011-08-15,15056BL,1361.0,0.0,14,928
2011-08-16,15056BL,1361.0,0.0,14,928
2011-08-17,15056BL,1359.0,0.0,14,928
2011-08-18,15056BL,1332.0,0.0,14,928
2011-08-19,15056BL,1272.0,0.0,14,928
2011-08-20,15056BL,1272.0,0.0,14,928
2011-08-21,15056BL,1271.0,0.0,14,928
2011-08-22,15056BL,1268.0,0.0,14,928
2011-08-23,15056BL,1263.0,0.0,14,928
2011-08-24,15056BL,1254.0,0.0,14,928
2011-08-25,15056BL,1245.0,0.0,14,928
2011-08-26,15056BL,1239.0,0.0,14,928
2011-08-27,15056BL,1239.0,0.0,14,928
2011-08-28,15056BL,1238.0,0.0,14,928
2011-08-29,15056BL,1238.0,0.0,14,928
2011-08-30,15056BL,1238.0,0.0,14,928
2011-08-31,15056BL,1236.0,0.0,14,928
2011-09-01,15056BL,1236.0,0.0,14,928
2011-09-02,15056BL,1233.0,0.0,14,928
2011-09-03,15056BL,1233.0,0.0,14,928
2011-09-04,15056BL,1221.0,0.0,14,928
2011-09-05,15056BL,1218.0,0.0,14,928
2011-09-06,15056BL,1214.0,0.0,14,928
2011-09-07,15056BL,1206.0,0.0,14,928
2011-09-08,15056BL,1203.0,0.0,14,928
2011-09-09,15056BL,1160.0,0.0,14,928
2011-09-10,15056BL,1160.0,0.0,14,928
2011-09-11,15056BL,1098.0,0.0,14,928
2011-09-12,15056BL,1098.0,0.0,14,928
2011-09-13,15056BL,1095.0,0.0,14,928
2011-09-14,15056BL,1058.0,0.0,14,928
2011-09-15,15056BL,1055.0,0.0,14,928
2011-09-16,15056BL,1052.0,0.0,14,928
2011-09-17,15056BL,1052.0,0.0,14,928
2011-09-18,15056BL,1052.0,0.0,14,928
2011-09-19,15056BL,1043.0,0.0,14,928
2011-09-20,15056BL,1034.0,0.0,14,928
2011-09-21,15056BL,1031.0,0.0,14,928
2011-09-22,15056BL,1031.0,0.0,14,928
2011-09-23,15056BL,1016.0,0.0,14,928
2011-09-24,15056BL,1016.0,0.0,14,928
2011-09-25,15056BL,1016.0,0.0,14,928
2011-09-26,15056BL,989.0,0.0,14,928
2011-09-27,15056BL,977.0,0.0,14,928
2011-09-28,15056BL,973.0,0.0,14,928
2011-09-29,15056BL,971.0,0.0,14,928
2011-09-30,15056BL,967.0,0.0,14,928
2011-10-01,15056BL,967.0,0.0,14,928
2011-10-02,15056BL,929.0,0.0,14,928
2011-10-03,15056BL,929.0,0.0,14,928
2011-10-04,15056BL,928.0,888.0,14,928
2011-10-05,15056BL,745.0,888.0,14,928
2011-10-06,15056BL,739.0,888.0,14,928
2011-10-07,15056BL,737.0,888.0,14,928
2011-10-08,15056BL,737.0,888.0,14,928
2011-10-09,15056BL,733.0,888.0,14,928
2011-10-10,15056BL,733.0,888.0,14,928
2011-10-11,15056BL,733.0,888.0,14,928
2011-10-12,15056BL,731.0,888.0,14,928
2011-10-13,15056BL,704.0,888.0,14,928
2011-10-14,15056BL,697.0,888.0,14,928
2011-10-15,15056BL,697.0,888.0,14,928
2011-10-16,15056BL,696.0,888.0,14,928
2011-10-17,15056BL,689.0,888.0,14,928
2011-10-18,15056BL,1574.0,0.0,14,928
2011-10-19,15056BL,1574.0,0.0,14,928
2011-10-20,15056BL,1574.0,0.0,14,928
2011-10-21,15056BL,1544.0,0.0,14,928
2011-10-22,15056BL,1544.0,0.0,14,928
2011-10-23,15056BL,1541.0,0.0,14,928
2011-10-24,15056BL,1419.0,0.0,14,928
2011-10-25,15056BL,1419.0,0.0,14,928
2011-10-26,15056BL,1386.0,0.0,14,928
2011-10-27,15056BL,1377.0,0.0,14,928
2011-10-28,15056BL,1374.0,0.0,14,928
2011-10-29,15056BL,1374.0,0.0,14,928
2011-10-30,15056BL,1372.0,0.0,14,928
2011-10-31,15056BL,1301.0,0.0,14,928
2011-11-01,15056BL,1294.0,0.0,14,928
2011-11-02,15056BL,1290.0,0.0,14,928
2011-11-03,15056BL,1287.0,0.0,14,928
2011-11-04,15056BL,1287.0,0.0,14,928
2011-11-05,15056BL,1287.0,0.0,14,928
2011-11-06,15056BL,1278.0,0.0,14,928
2011-11-07,15056BL,1274.0,0.0,14,928
2011-11-08,15056BL,1271.0,0.0,14,928
2011-11-09,15056BL,1253.0,0.0,14,928
2011-11-10,15056BL,1244.0,0.0,14,928
2011-11-11,15056BL,1230.0,0.0,14,928
2011-11-12,15056BL,1230.0,0.0,14,928
2011-11-13,15056BL,1230.0,0.0,14,928
2011-11-14,15056BL,1220.0,0.0,14,928
2011-11-15,15056BL,1172.0,0.0,14,928
2011-11-16,15056BL,1167.0,0.0,14,928
2011-11-17,15056BL,1162.0,0.0,14,928
2011-11-18,15056BL,1156.0,0.0,14,928
2011-11-19,15056BL,1156.0,0.0,14,928
2011-11-20,15056BL,1156.0,0.0,14,928
2011-11-21,15056BL,1147.0,0.0,14,928
2011-11-22,15056BL,1145.0,0.0,14,928
2011-11-23,15056BL,1139.0,0.0,14,928
2011-11-24,15056BL,1139.0,0.0,14,928
2011-11-25,15056BL,1135.0,0.0,14,928
2011-11-26,15056BL,1135.0,0.0,14,928
2011-11-27,15056BL,1135.0,0.0,14,928
2011-11-28,15056BL,1135.0,0.0,14,928
2011-11-29,15056BL,1133.0,0.0,14,928
2011-11-30,15056BL,1125.0,0.0,14,928
2011-12-01,15056BL,1125.0,0.0,14,928
2011-12-02,15056BL,1123.0,0.0,14,928
2011-12-03,15056BL,1123.0,0.0,14,928
2011-12-04,15056BL,1123.0,0.0,14,928
2011-12-05,15056BL,1119.0,0.0,14,928
2011-12-06,15056BL,1117.0,0.0,14,928
2011-12-07,15056BL,1111.0,0.0,14,928
2011-12-08,15056BL,1086.0,0.0,14,928
2011-12-09,15056BL,1048.0,0.0,14,928
2011-08-11,15056N,527.0,0.0,8,425
2011-08-12,15056N,527.0,0.0,8,425
2011-08-13,15056N,527.0,0.0,8,425
2011-08-14,15056N,527.0,0.0,8,425
2011-08-15,15056N,512.0,0.0,8,425
2011-08-16,15056N,512.0,0.0,8,425
2011-08-17,15056N,502.0,0.0,8,425
2011-08-18,15056N,450.0,0.0,8,425
2011-08-19,15056N,390.0,885.0,8,425
2011-08-20,15056N,390.0,885.0,8,425
2011-08-21,15056N,389.0,885.0,8,425
2011-08-22,15056N,326.0,885.0,8,425
2011-08-23,15056N,314.0,885.0,8,425
2011-08-24,15056N,262.0,885.0,8,425
2011-08-25,15056N,238.0,885.0,8,425
2011-08-26,15056N,235.0,885.0,8,425
2011-08-27,15056N,1120.0,0.0,8,425
2011-08-28,15056N,1119.0,0.0,8,425
2011-08-29,15056N,1119.0,0.0,8,425
2011-08-30,15056N,1116.0,0.0,8,425
2011-08-31,15056N,1113.0,0.0,8,425
2011-09-01,15056N,1102.0,0.0,8,425
2011-09-02,15056N,1097.0,0.0,8,425
2011-09-03,15056N,1097.0,0.0,8,425
2011-09-04,15056N,1094.0,0.0,8,425
2011-09-05,15056N,1082.0,0.0,8,425
2011-09-06,15056N,1081.0,0.0,8,425
2011-09-07,15056N,1072.0,0.0,8,425
2011-09-08,15056N,1072.0,0.0,8,425
2011-09-09,15056N,1025.0,0.0,8,425
2011-09-10,15056N,1025.0,0.0,8,425
2011-09-11,15056N,963.0,0.0,8,425
2011-09-12,15056N,957.0,0.0,8,425
2011-09-13,15056N,890.0,0.0,8,425
2011-09-14,15056N,854.0,0.0,8,425
2011-09-15,15056N,850.0,0.0,8,425
2011-09-16,15056N,846.0,0.0,8,425
2011-09-17,15056N,846.0,0.0,8,425
2011-09-18,15056N,846.0,0.0,8,425
2011-09-19,15056N,807.0,0.0,8,425
2011-09-20,15056N,794.0,0.0,8,425
2011-09-21,15056N,791.0,0.0,8,425
2011-09-22,15056N,785.0,0.0,8,425
2011-09-23,15056N,779.0,0.0,8,425
2011-09-24,15056N,779.0,0.0,8,425
2011-09-25,15056N,779.0,0.0,8,425
2011-09-26,15056N,764.0,0.0,8,425
2011-09-27,15056N,764.0,0.0,8,425
2011-09-28,15056N,758.0,0.0,8,425
2011-09-29,15056N,753.0,0.0,8,425
2011-09-30,15056N,753.0,0.0,8,425
2011-10-01,15056N,753.0,0.0,8,425
2011-10-02,15056N,727.0,0.0,8,425
2011-10-03,15056N,727.0,0.0,8,425
2011-10-04,15056N,726.0,0.0,8,425
2011-10-05,15056N,716.0,0.0,8,425
2011-10-06,15056N,713.0,0.0,8,425
2011-10-07,15056N,709.0,0.0,8,425
2011-10-08,15056N,709.0,0.0,8,425
2011-10-09,15056N,705.0,0.0,8,425
2011-10-10,15056N,692.0,0.0,8,425
2011-10-11,15056N,692.0,0.0,8,425
2011-10-12,15056N,689.0,0.0,8,425
2011-10-13,15056N,675.0,0.0,8,425
2011-10-14,15056N,673.0,0.0,8,425
2011-10-15,15056N,673.0,0.0,8,425
2011-10-16,15056N,673.0,0.0,8,425
2011-10-17,15056N,669.0,0.0,8,425
2011-10-18,15056N,668.0,0.0,8,425
2011-10-19,15056N,668.0,0.0,8,425
2011-10-20,15056N,668.0,0.0,8,425
2011-10-21,15056N,614.0,0.0,8,425
2011-10-22,15056N,614.0,0.0,8,425
2011-10-23,15056N,612.0,0.0,8,425
2011-10-24,15056N,545.0,0.0,8,425
2011-10-25,15056N,533.0,0.0,8,425
2011-10-26,15056N,508.0,0.0,8,425
2011-10-27,15056N,505.0,0.0,8,425
2011-10-28,15056N,505.0,0.0,8,425
2011-10-29,15056N,505.0,0.0,8,425
2011-10-30,15056N,505.0,0.0,8,425
2011-10-31,15056N,500.0,0.0,8,425
2011-11-01,15056N,498.0,0.0,8,425
2011-11-02,15056N,498.0,0.0,8,425
2011-11-03,15056N,498.0,0.0,8,425
2011-11-04,15056N,495.0,0.0,8,425
2011-11-05,15056N,495.0,0.0,8,425
2011-11-06,15056N,495.0,0.0,8,425
2011-11-07,15056N,494.0,0.0,8,425
2011-11-08,15056N,491.0,0.0,8,425
2011-11-09,15056N,477.0,0.0,8,425
2011-11-10,15056N,468.0,0.0,8,425
2011-11-11,15056N,459.0,0.0,8,425
2011-11-12,15056N,459.0,0.0,8,425
2011-11-13,15056N,457.0,0.0,8,425
2011-11-14,15056N,454.0,0.0,8,425
2011-11-15,15056N,430.0,0.0,8,425
2011-11-16,15056N,429.0,0.0,8,425
2011-11-17,15056N,362.0,913.0,8,425
2011-11-18,15056N,362.0,913.0,8,425
2011-11-19,15056N,362.0,913.0,8,425
2011-11-20,15056N,357.0,913.0,8,425
2011-11-21,15056N,357.0,913.0,8,425
2011-11-22,15056N,357.0,913.0,8,425
2011-11-23,15056N,351.0,913.0,8,425
2011-11-24,15056N,350.0,913.0,8,425
2011-11-25,15056N,1262.0,0.0,8,425
2011-11-26,15056N,1262.0,0.0,8,425
2011-11-27,15056N,1262.0,0.0,8,425
2011-11-28,15056N,1260.0,0.0,8,425
2011-11-29,15056N,1258.0,0.0,8,425
2011-11-30,15056N,1244.0,0.0,8,425
2011-12-01,15056N,1229.0,0.0,8,425
2011-12-02,15056N,1227.0,0.0,8,425
2011-12-03,15056N,1227.0,0.0,8,425
2011-12-04,15056N,1226.0,0.0,8,425
2011-12-05,15056N,1223.0,0.0,8,425
2011-12-06,15056N,1222.0,0.0,8,425
2011-12-07,15056N,1222.0,0.0,8,425
2011-12-08,15056N,1196.0,0.0,8,425
2011-12-09,15056N,1160.0,0.0,8,425
2011-08-11,20679,794.0,0.0,3,295
2011-08-12,20679,794.0,0.0,3,295
2011-08-13,20679,794.0,0.0,3,295
2011-08-14,20679,794.0,0.0,3,295
2011-08-15,20679,791.0,0.0,3,295
2011-08-16,20679,791.0,0.0,3,295
2011-08-17,20679,784.0,0.0,3,295
2011-08-18,20679,784.0,0.0,3,295
2011-08-19,20679,649.0,0.0,3,295
2011-08-20,20679,649.0,0.0,3,295
2011-08-21,20679,648.0,0.0,3,295
2011-08-22,20679,646.0,0.0,3,295
2011-08-23,20679,643.0,0.0,3,295
2011-08-24,20679,611.0,0.0,3,295
2011-08-25,20679,605.0,0.0,3,295
2011-08-26,20679,605.0,0.0,3,295
2011-08-27,20679,605.0,0.0,3,295
2011-08-28,20679,604.0,0.0,3,295
2011-08-29,20679,604.0,0.0,3,295
2011-08-30,20679,604.0,0.0,3,295
2011-08-31,20679,603.0,0.0,3,295
2011-09-01,20679,603.0,0.0,3,295
2011-09-02,20679,600.0,0.0,3,295
2011-09-03,20679,600.0,0.0,3,295
2011-09-04,20679,588.0,0.0,3,295
2011-09-05,20679,588.0,0.0,3,295
2011-09-06,20679,587.0,0.0,3,295
2011-09-07,20679,580.0,0.0,3,295
2011-09-08,20679,579.0,0.0,3,295
2011-09-09,20679,572.0,0.0,3,295
2011-09-10,20679,572.0,0.0,3,295
2011-09-11,20679,567.0,0.0,3,295
2011-09-12,20679,567.0,0.0,3,295
2011-09-13,20679,564.0,0.0,3,295
2011-09-14,20679,548.0,0.0,3,295
2011-09-15,20679,545.0,0.0,3,295
2011-09-16,20679,524.0,0.0,3,295
2011-09-17,20679,524.0,0.0,3,295
2011-09-18,20679,521.0,0.0,3,295
2011-09-19,20679,518.0,0.0,3,295
2011-09-20,20679,515.0,0.0,3,295
2011-09-21,20679,514.0,0.0,3,295
2011-09-22,20679,508.0,0.0,3,295
2011-09-23,20679,500.0,0.0,3,295
2011-09-24,20679,500.0,0.0,3,295
2011-09-25,20679,500.0,0.0,3,295
2011-09-26,20679,484.0,0.0,3,295
2011-09-27,20679,472.0,0.0,3,295
2011-09-28,20679,462.0,0.0,3,295
2011-09-29,20679,462.0,0.0,3,295
2011-09-30,20679,461.0,0.0,3,295
2011-10-01,20679,461.0,0.0,3,295
2011-10-02,20679,456.0,0.0,3,295
2011-10-03,20679,456.0,0.0,3,295
2011-10-04,20679,456.0,0.0,3,295
2011-10-05,20679,456.0,0.0,3,295
2011-10-06,20679,453.0,0.0,3,295
2011-10-07,20679,451.0,0.0,3,295
2011-10-08,20679,451.0,0.0,3,295
2011-10-09,20679,446.0,0.0,3,295
2011-10-10,20679,446.0,0.0,3,295
2011-10-11,20679,446.0,0.0,3,295
2011-10-12,20679,443.0,0.0,3,295
2011-10-13,20679,415.0,0.0,3,295
2011-10-14,20679,412.0,0.0,3,295
2011-10-15,20679,412.0,0.0,3,295
2011-10-16,20679,411.0,0.0,3,295
2011-10-17,20679,405.0,0.0,3,295
2011-10-18,20679,404.0,0.0,3,295
2011-10-19,20679,403.0,0.0,3,295
2011-10-20,20679,403.0,0.0,3,295
2011-10-21,20679,360.0,0.0,3,295
2011-10-22,20679,360.0,0.0,3,295
2011-10-23,20679,358.0,0.0,3,295
2011-10-24,20679,285.0,567.0,3,295
2011-10-25,20679,285.0,567.0,3,295
2011-10-26,20679,279.0,567.0,3,295
2011-10-27,20679,834.0,0.0,3,295
2011-10-28,20679,834.0,0.0,3,295
2011-10-29,20679,834.0,0.0,3,295
2011-10-30,20679,832.0,0.0,3,295
2011-10-31,20679,765.0,0.0,3,295
2011-11-01,20679,757.0,0.0,3,295
2011-11-02,20679,749.0,0.0,3,295
2011-11-03,20679,749.0,0.0,3,295
2011-11-04,20679,746.0,0.0,3,295
2011-11-05,20679,746.0,0.0,3,295
2011-11-06,20679,737.0,0.0,3,295
2011-11-07,20679,731.0,0.0,3,295
2011-11-08,20679,729.0,0.0,3,295
2011-11-09,20679,714.0,0.0,3,295
2011-11-10,20679,706.0,0.0,3,295
2011-11-11,20679,681.0,0.0,3,295
2011-11-12,20679,681.0,0.0,3,295
2011-11-13,20679,680.0,0.0,3,295
2011-11-14,20679,680.0,0.0,3,295
2011-11-15,20679,632.0,0.0,3,295
2011-11-16,20679,627.0,0.0,3,295
2011-11-17,20679,620.0,0.0,3,295
2011-11-18,20679,617.0,0.0,3,295
2011-11-19,20679,617.0,0.0,3,295
2011-11-20,20679,617.0,0.0,3,295
2011-11-21,20679,614.0,0.0,3,295
2011-11-22,20679,612.0,0.0,3,295
2011-11-23,20679,612.0,0.0,3,295
2011-11-24,20679,612.0,0.0,3,295
2011-11-25,20679,612.0,0.0,3,295
2011-11-26,20679,612.0,0.0,3,295
2011-11-27,20679,611.0,0.0,3,295
2011-11-28,20679,611.0,0.0,3,295
2011-11-29,20679,610.0,0.0,3,295
2011-11-30,20679,606.0,0.0,3,295
2011-12-01,20679,606.0,0.0,3,295
2011-12-02,20679,606.0,0.0,3,295
2011-12-03,20679,606.0,0.0,3,295
2011-12-04,20679,602.0,0.0,3,295
2011-12-05,20679,597.0,0.0,3,295
2011-12-06,20679,594.0,0.0,3,295
2011-12-07,20679,592.0,0.0,3,295
2011-12-08,20679,564.0,0.0,3,295
2011-12-09,20679,559.0,0.0,3,295
2011-08-11,20685,356.0,0.0,6,291
2011-08-12,20685,355.0,0.0,6,291
2011-08-13,20685,355.0,0.0,6,291
2011-08-14,20685,350.0,0.0,6,291
2011-08-15,20685,348.0,0.0,6,291
2011-08-16,20685,348.0,0.0,6,291
2011-08-17,20685,328.0,0.0,6,291
2011-08-18,20685,324.0,0.0,6,291
2011-08-19,20685,312.0,0.0,6,291
2011-08-20,20685,312.0,0.0,6,291
2011-08-21,20685,312.0,0.0,6,291
2011-08-22,20685,294.0,0.0,6,291
2011-08-23,20685,290.0,341.0,6,291
2011-08-24,20685,278.0,341.0,6,291
2011-08-25,20685,276.0,341.0,6,291
2011-08-26,20685,272.0,341.0,6,291
2011-08-27,20685,272.0,341.0,6,291
2011-08-28,20685,272.0,341.0,6,291
2011-08-29,20685,613.0,0.0,6,291
2011-08-30,20685,610.0,0.0,6,291
2011-08-31,20685,606.0,0.0,6,291
2011-09-01,20685,597.0,0.0,6,291
2011-09-02,20685,584.0,0.0,6,291
2011-09-03,20685,584.0,0.0,6,291
2011-09-04,20685,578.0,0.0,6,291
2011-09-05,20685,576.0,0.0,6,291
2011-09-06,20685,576.0,0.0,6,291
2011-09-07,20685,575.0,0.0,6,291
2011-09-08,20685,570.0,0.0,6,291
2011-09-09,20685,570.0,0.0,6,291
2011-09-10,20685,570.0,0.0,6,291
2011-09-11,20685,555.0,0.0,6,291
2011-09-12,20685,545.0,0.0,6,291
2011-09-13,20685,542.0,0.0,6,291
2011-09-14,20685,542.0,0.0,6,291
2011-09-15,20685,532.0,0.0,6,291
2011-09-16,20685,531.0,0.0,6,291
2011-09-17,20685,531.0,0.0,6,291
2011-09-18,20685,531.0,0.0,6,291
2011-09-19,20685,523.0,0.0,6,291
2011-09-20,20685,520.0,0.0,6,291
2011-09-21,20685,520.0,0.0,6,291
2011-09-22,20685,516.0,0.0,6,291
2011-09-23,20685,514.0,0.0,6,291
2011-09-24,20685,514.0,0.0,6,291
2011-09-25,20685,514.0,0.0,6,291
2011-09-26,20685,502.0,0.0,6,291
2011-09-27,20685,480.0,0.0,6,291
2011-09-28,20685,473.0,0.0,6,291
2011-09-29,20685,463.0,0.0,6,291
2011-09-30,20685,421.0,0.0,6,291
2011-10-01,20685,421.0,0.0,6,291
2011-10-02,20685,420.0,0.0,6,291
2011-10-03,20685,420.0,0.0,6,291
2011-10-04,20685,403.0,0.0,6,291
2011-10-05,20685,394.0,0.0,6,291
2011-10-06,20685,394.0,0.0,6,291
2011-10-07,20685,374.0,0.0,6,291
2011-10-08,20685,374.0,0.0,6,291
2011-10-09,20685,371.0,0.0,6,291
2011-10-10,20685,368.0,0.0,6,291
2011-10-11,20685,366.0,0.0,6,291
2011-10-12,20685,366.0,0.0,6,291
2011-10-13,20685,357.0,0.0,6,291
2011-10-14,20685,347.0,0.0,6,291
2011-10-15,20685,347.0,0.0,6,291
2011-10-16,20685,320.0,0.0,6,291
2011-10-17,20685,317.0,0.0,6,291
2011-10-18,20685,312.0,0.0,6,291
2011-10-19,20685,308.0,0.0,6,291
2011-10-20,20685,308.0,0.0,6,291
2011-10-21,20685,308.0,0.0,6,291
2011-10-22,20685,308.0,0.0,6,291
2011-10-23,20685,306.0,0.0,6,291
2011-10-24,20685,291.0,340.0,6,291
2011-10-25,20685,289.0,340.0,6,291
2011-10-26,20685,288.0,340.0,6,291
2011-10-27,20685,283.0,340.0,6,291
2011-10-28,20685,266.0,340.0,6,291
2011-10-29,20685,266.0,340.0,6,291
2011-10-30,20685,592.0,0.0,6,291
2011-10-31,20685,575.0,0.0,6,291
2011-11-01,20685,564.0,0.0,6,291
2011-11-02,20685,557.0,0.0,6,291
2011-11-03,20685,556.0,0.0,6,291
2011-11-04,20685,512.0,0.0,6,291
2011-11-05,20685,512.0,0.0,6,291
2011-11-06,20685,496.0,0.0,6,291
2011-11-07,20685,488.0,0.0,6,291
2011-11-08,20685,482.0,0.0,6,291
2011-11-09,20685,469.0,0.0,6,291
2011-11-10,20685,462.0,0.0,6,291
2011-11-11,20685,460.0,0.0,6,291
2011-11-12,20685,460.0,0.0,6,291
2011-11-13,20685,458.0,0.0,6,291
2011-11-14,20685,458.0,0.0,6,291
2011-11-15,20685,445.0,0.0,6,291
2011-11-16,20685,434.0,0.0,6,291
2011-11-17,20685,431.0,0.0,6,291
2011-11-18,20685,417.0,0.0,6,291
2011-11-19,20685,417.0,0.0,6,291
2011-11-20,20685,416.0,0.0,6,291
2011-11-21,20685,352.0,0.0,6,291
2011-11-22,20685,322.0,0.0,6,291
2011-11-23,20685,319.0,0.0,6,291
2011-11-24,20685,314.0,0.0,6,291
2011-11-25,20685,314.0,0.0,6,291
2011-11-26,20685,314.0,0.0,6,291
2011-11-27,20685,314.0,0.0,6,291
2011-11-28,20685,310.0,0.0,6,291
2011-11-29,20685,257.0,374.0,6,291
2011-11-30,20685,240.0,374.0,6,291
2011-12-01,20685,240.0,374.0,6,291
2011-12-02,20685,220.0,374.0,6,291
2011-12-03,20685,220.0,374.0,6,291
2011-12-04,20685,217.0,374.0,6,291
2011-12-05,20685,588.0,0.0,6,291
2011-12-06,20685,585.0,0.0,6,291
2011-12-07,20685,562.0,0.0,6,291
2011-12-08,20685,538.0,0.0,6,291
2011-12-09,20685,528.0,0.0,6,291
2011-08-11,20711,373.0,0.0,11,339
2011-08-12,20711,372.0,0.0,11,339
2011-08-13,20711,372.0,0.0,11,339
2011-08-14,20711,362.0,0.0,11,339
2011-08-15,20711,352.0,0.0,11,339
2011-08-16,20711,331.0,211.0,11,339
2011-08-17,20711,315.0,211.0,11,339
2011-08-18,20711,285.0,211.0,11,339
2011-08-19,20711,275.0,211.0,11,339
2011-08-20,20711,275.0,211.0,11,339
2011-08-21,20711,272.0,211.0,11,339
2011-08-22,20711,261.0,211.0,11,339
2011-08-23,20711,239.0,211.0,11,339
2011-08-24,20711,217.0,211.0,11,339
2011-08-25,20711,201.0,211.0,11,339
2011-08-26,20711,191.0,211.0,11,339
2011-08-27,20711,402.0,0.0,11,339
2011-08-28,20711,396.0,0.0,11,339
2011-08-29,20711,396.0,0.0,11,339
2011-08-30,20711,392.0,0.0,11,339
2011-08-31,20711,385.0,0.0,11,339
2011-09-01,20711,383.0,0.0,11,339
2011-09-02,20711,380.0,0.0,11,339
2011-09-03,20711,380.0,0.0,11,339
2011-09-04,20711,380.0,0.0,11,339
2011-09-05,20711,377.0,0.0,11,339
2011-09-06,20711,377.0,0.0,11,339
2011-09-07,20711,370.0,0.0,11,339
2011-09-08,20711,343.0,0.0,11,339
2011-09-09,20711,343.0,0.0,11,339
2011-09-10,20711,343.0,0.0,11,339
2011-09-11,20711,343.0,0.0,11,339
2011-09-12,20711,343.0,0.0,11,339
2011-09-13,20711,334.0,208.0,11,339
2011-09-14,20711,334.0,208.0,11,339
2011-09-15,20711,320.0,208.0,11,339
2011-09-16,20711,320.0,208.0,11,339
2011-09-17,20711,320.0,208.0,11,339
2011-09-18,20711,320.0,208.0,11,339
2011-09-19,20711,300.0,208.0,11,339
2011-09-20,20711,288.0,208.0,11,339
2011-09-21,20711,175.0,208.0,11,339
2011-09-22,20711,141.0,208.0,11,339
2011-09-23,20711,122.0,420.0,11,339
2011-09-24,20711,330.0,212.0,11,339
2011-09-25,20711,318.0,212.0,11,339
2011-09-26,20711,318.0,212.0,11,339
2011-09-27,20711,300.0,212.0,11,339
2011-09-28,20711,278.0,212.0,11,339
2011-09-29,20711,166.0,212.0,11,339
2011-09-30,20711,162.0,212.0,11,339
2011-10-01,20711,162.0,212.0,11,339
2011-10-02,20711,161.0,212.0,11,339
2011-10-03,20711,161.0,212.0,11,339
2011-10-04,20711,356.0,0.0,11,339
2011-10-05,20711,256.0,286.0,11,339
2011-10-06,20711,236.0,286.0,11,339
2011-10-07,20711,236.0,286.0,11,339
2011-10-08,20711,236.0,286.0,11,339
2011-10-09,20711,234.0,286.0,11,339
2011-10-10,20711,216.0,286.0,11,339
2011-10-11,20711,216.0,286.0,11,339
2011-10-12,20711,214.0,286.0,11,339
2011-10-13,20711,208.0,286.0,11,339
2011-10-14,20711,198.0,286.0,11,339
2011-10-15,20711,198.0,286.0,11,339
2011-10-16,20711,484.0,0.0,11,339
2011-10-17,20711,481.0,0.0,11,339
2011-10-18,20711,480.0,0.0,11,339
2011-10-19,20711,472.0,0.0,11,339
2011-10-20,20711,472.0,0.0,11,339
2011-10-21,20711,472.0,0.0,11,339
2011-10-22,20711,472.0,0.0,11,339
2011-10-23,20711,472.0,0.0,11,339
2011-10-24,20711,445.0,0.0,11,339
2011-10-25,20711,432.0,0.0,11,339
2011-10-26,20711,423.0,0.0,11,339
2011-10-27,20711,413.0,0.0,11,339
2011-10-28,20711,413.0,0.0,11,339
2011-10-29,20711,413.0,0.0,11,339
2011-10-30,20711,413.0,0.0,11,339
2011-10-31,20711,398.0,0.0,11,339
2011-11-01,20711,396.0,0.0,11,339
2011-11-02,20711,393.0,0.0,11,339
2011-11-03,20711,392.0,0.0,11,339
2011-11-04,20711,392.0,0.0,11,339
2011-11-05,20711,392.0,0.0,11,339
2011-11-06,20711,392.0,0.0,11,339
2011-11-07,20711,378.0,0.0,11,339
2011-11-08,20711,273.0,269.0,11,339
2011-11-09,20711,252.0,269.0,11,339
2011-11-10,20711,241.0,269.0,11,339
2011-11-11,20711,237.0,269.0,11,339
2011-11-12,20711,237.0,269.0,11,339
2011-11-13,20711,232.0,269.0,11,339
2011-11-14,20711,232.0,269.0,11,339
2011-11-15,20711,231.0,269.0,11,339
2011-11-16,20711,227.0,269.0,11,339
2011-11-17,20711,183.0,269.0,11,339
2011-11-18,20711,173.0,269.0,11,339
2011-11-19,20711,442.0,0.0,11,339
2011-11-20,20711,435.0,0.0,11,339
2011-11-21,20711,424.0,0.0,11,339
2011-11-22,20711,304.0,238.0,11,339
2011-11-23,20711,304.0,238.0,11,339
2011-11-24,20711,302.0,238.0,11,339
2011-11-25,20711,296.0,238.0,11,339
2011-11-26,20711,296.0,238.0,11,339
2011-11-27,20711,293.0,238.0,11,339
2011-11-28,20711,283.0,238.0,11,339
2011-11-29,20711,277.0,238.0,11,339
2011-11-30,20711,276.0,238.0,11,339
2011-12-01,20711,275.0,238.0,11,339
2011-12-02,20711,275.0,238.0,11,339
2011-12-03,20711,513.0,0.0,11,339
2011-12-04,20711,513.0,0.0,11,339
2011-12-05,20711,513.0,0.0,11,339
2011-12-06,20711,513.0,0.0,11,339
2011-12-07,20711,513.0,0.0,11,339
2011-12-08,20711,513.0,0.0,11,339
2011-12-09,20711,513.0,0.0,11,339
2011-08-11,20712,0.0,541.0,6,309
2011-08-12,20712,0.0,541.0,6,309
2011-08-13,20712,0.0,541.0,6,309
2011-08-14,20712,529.0,0.0,6,309
2011-08-15,20712,517.0,0.0,6,309
2011-08-16,20712,492.0,0.0,6,309
2011-08-17,20712,427.0,0.0,6,309
2011-08-18,20712,377.0,0.0,6,309
2011-08-19,20712,357.0,0.0,6,309
2011-08-20,20712,357.0,0.0,6,309
2011-08-21,20712,345.0,0.0,6,309
2011-08-22,20712,321.0,0.0,6,309
2011-08-23,20712,309.0,541.0,6,309
2011-08-24,20712,132.0,541.0,6,309
2011-08-25,20712,97.0,541.0,6,309
2011-08-26,20712,87.0,541.0,6,309
2011-08-27,20712,87.0,541.0,6,309
2011-08-28,20712,87.0,541.0,6,309
2011-08-29,20712,628.0,0.0,6,309
2011-08-30,20712,617.0,0.0,6,309
2011-08-31,20712,581.0,0.0,6,309
2011-09-01,20712,571.0,0.0,6,309
2011-09-02,20712,557.0,0.0,6,309
2011-09-03,20712,557.0,0.0,6,309
2011-09-04,20712,552.0,0.0,6,309
2011-09-05,20712,450.0,0.0,6,309
2011-09-06,20712,439.0,0.0,6,309
2011-09-07,20712,388.0,0.0,6,309
2011-09-08,20712,374.0,0.0,6,309
2011-09-09,20712,370.0,0.0,6,309
2011-09-10,20712,370.0,0.0,6,309
2011-09-11,20712,360.0,0.0,6,309
2011-09-12,20712,359.0,0.0,6,309
2011-09-13,20712,223.0,627.0,6,309
2011-09-14,20712,213.0,627.0,6,309
2011-09-15,20712,176.0,627.0,6,309
2011-09-16,20712,154.0,627.0,6,309
2011-09-17,20712,154.0,627.0,6,309
2011-09-18,20712,152.0,627.0,6,309
2011-09-19,20712,619.0,0.0,6,309
2011-09-20,20712,584.0,0.0,6,309
2011-09-21,20712,460.0,0.0,6,309
2011-09-22,20712,328.0,0.0,6,309
2011-09-23,20712,286.0,564.0,6,309
2011-09-24,20712,286.0,564.0,6,309
2011-09-25,20712,266.0,564.0,6,309
2011-09-26,20712,256.0,564.0,6,309
2011-09-27,20712,209.0,564.0,6,309
2011-09-28,20712,167.0,564.0,6,309
2011-09-29,20712,611.0,0.0,6,309
2011-09-30,20712,576.0,0.0,6,309
2011-10-01,20712,576.0,0.0,6,309
2011-10-02,20712,573.0,0.0,6,309
2011-10-03,20712,572.0,0.0,6,309
2011-10-04,20712,550.0,0.0,6,309
2011-10-05,20712,548.0,0.0,6,309
2011-10-06,20712,298.0,552.0,6,309
2011-10-07,20712,289.0,552.0,6,309
2011-10-08,20712,289.0,552.0,6,309
2011-10-09,20712,284.0,552.0,6,309
2011-10-10,20712,269.0,552.0,6,309
2011-10-11,20712,258.0,552.0,6,309
2011-10-12,20712,698.0,0.0,6,309
2011-10-13,20712,657.0,0.0,6,309
2011-10-14,20712,636.0,0.0,6,309
2011-10-15,20712,636.0,0.0,6,309
2011-10-16,20712,636.0,0.0,6,309
2011-10-17,20712,594.0,0.0,6,309
2011-10-18,20712,571.0,0.0,6,309
2011-10-19,20712,541.0,0.0,6,309
2011-10-20,20712,431.0,0.0,6,309
2011-10-21,20712,421.0,0.0,6,309
2011-10-22,20712,421.0,0.0,6,309
2011-10-23,20712,420.0,0.0,6,309
2011-10-24,20712,393.0,0.0,6,309
2011-10-25,20712,379.0,0.0,6,309
2011-10-26,20712,344.0,0.0,6,309
2011-10-27,20712,232.0,618.0,6,309
2011-10-28,20712,200.0,618.0,6,309
2011-10-29,20712,200.0,618.0,6,309
2011-10-30,20712,170.0,618.0,6,309
2011-10-31,20712,129.0,618.0,6,309
2011-11-01,20712,127.0,618.0,6,309
2011-11-02,20712,638.0,0.0,6,309
2011-11-03,20712,637.0,0.0,6,309
2011-11-04,20712,633.0,0.0,6,309
2011-11-05,20712,633.0,0.0,6,309
2011-11-06,20712,613.0,0.0,6,309
2011-11-07,20712,581.0,0.0,6,309
2011-11-08,20712,551.0,0.0,6,309
2011-11-09,20712,528.0,0.0,6,309
2011-11-10,20712,495.0,0.0,6,309
2011-11-11,20712,376.0,0.0,6,309
2011-11-12,20712,376.0,0.0,6,309
2011-11-13,20712,365.0,0.0,6,309
2011-11-14,20712,334.0,0.0,6,309
2011-11-15,20712,332.0,0.0,6,309
2011-11-16,20712,307.0,543.0,6,309
2011-11-17,20712,293.0,543.0,6,309
2011-11-18,20712,291.0,543.0,6,309
2011-11-19,20712,291.0,543.0,6,309
2011-11-20,20712,281.0,543.0,6,309
2011-11-21,20712,277.0,543.0,6,309
2011-11-22,20712,685.0,0.0,6,309
2011-11-23,20712,646.0,0.0,6,309
2011-11-24,20712,634.0,0.0,6,309
2011-11-25,20712,611.0,0.0,6,309
2011-11-26,20712,611.0,0.0,6,309
2011-11-27,20712,604.0,0.0,6,309
2011-11-28,20712,592.0,0.0,6,309
2011-11-29,20712,541.0,0.0,6,309
2011-11-30,20712,520.0,0.0,6,309
2011-12-01,20712,497.0,0.0,6,309
2011-12-02,20712,494.0,0.0,6,309
2011-12-03,20712,494.0,0.0,6,309
2011-12-04,20712,471.0,0.0,6,309
2011-12-05,20712,453.0,0.0,6,309
2011-12-06,20712,433.0,0.0,6,309
2011-12-07,20712,386.0,0.0,6,309
2011-12-08,20712,367.0,0.0,6,309
2011-12-09,20712,364.0,0.0,6,309
2011-08-11,20713,13.0,466.0,11,458
2011-08-12,20713,2.0,466.0,11,458
2011-08-13,20713,2.0,466.0,11,458
2011-08-14,20713,465.0,0.0,11,458
2011-08-15,20713,450.0,466.0,11,458
2011-08-16,20713,430.0,466.0,11,458
2011-08-17,20713,298.0,466.0,11,458
2011-08-18,20713,288.0,466.0,11,458
2011-08-19,20713,228.0,466.0,11,458
2011-08-20,20713,228.0,466.0,11,458
2011-08-21,20713,216.0,466.0,11,458
2011-08-22,20713,156.0,466.0,11,458
2011-08-23,20713,126.0,466.0,11,458
2011-08-24,20713,0.0,466.0,11,458
2011-08-25,20713,0.0,466.0,11,458
2011-08-26,20713,440.0,0.0,11,458
2011-08-27,20713,440.0,476.0,11,458
2011-08-28,20713,435.0,476.0,11,458
2011-08-29,20713,435.0,476.0,11,458
2011-08-30,20713,422.0,476.0,11,458
2011-08-31,20713,301.0,476.0,11,458
2011-09-01,20713,298.0,476.0,11,458
2011-09-02,20713,265.0,476.0,11,458
2011-09-03,20713,265.0,476.0,11,458
2011-09-04,20713,265.0,476.0,11,458
2011-09-05,20713,241.0,476.0,11,458
2011-09-06,20713,101.0,476.0,11,458
2011-09-07,20713,498.0,0.0,11,458
2011-09-08,20713,475.0,0.0,11,458
2011-09-09,20713,455.0,461.0,11,458
2011-09-10,20713,455.0,461.0,11,458
2011-09-11,20713,453.0,461.0,11,458
2011-09-12,20713,428.0,461.0,11,458
2011-09-13,20713,82.0,461.0,11,458
2011-09-14,20713,69.0,461.0,11,458
2011-09-15,20713,22.0,461.0,11,458
2011-09-16,20713,0.0,461.0,11,458
2011-09-17,20713,0.0,461.0,11,458
2011-09-18,20713,0.0,461.0,11,458
2011-09-19,20713,0.0,461.0,11,458
2011-09-20,20713,219.0,0.0,11,458
2011-09-21,20713,83.0,833.0,11,458
2011-09-22,20713,0.0,833.0,11,458
2011-09-23,20713,0.0,833.0,11,458
2011-09-24,20713,0.0,833.0,11,458
2011-09-25,20713,0.0,833.0,11,458
2011-09-26,20713,0.0,833.0,11,458
2011-09-27,20713,0.0,833.0,11,458
2011-09-28,20713,0.0,833.0,11,458
2011-09-29,20713,0.0,833.0,11,458
2011-09-30,20713,0.0,833.0,11,458
2011-10-01,20713,0.0,833.0,11,458
2011-10-02,20713,833.0,0.0,11,458
2011-10-03,20713,723.0,0.0,11,458
2011-10-04,20713,710.0,0.0,11,458
2011-10-05,20713,699.0,0.0,11,458
2011-10-06,20713,357.0,559.0,11,458
2011-10-07,20713,357.0,559.0,11,458
2011-10-08,20713,357.0,559.0,11,458
2011-10-09,20713,357.0,559.0,11,458
2011-10-10,20713,140.0,559.0,11,458
2011-10-11,20713,140.0,559.0,11,458
2011-10-12,20713,140.0,559.0,11,458
2011-10-13,20713,125.0,559.0,11,458
2011-10-14,20713,125.0,559.0,11,458
2011-10-15,20713,125.0,559.0,11,458
2011-10-16,20713,125.0,559.0,11,458
2011-10-17,20713,684.0,0.0,11,458
2011-10-18,20713,684.0,0.0,11,458
2011-10-19,20713,684.0,0.0,11,458
2011-10-20,20713,684.0,0.0,11,458
2011-10-21,20713,684.0,0.0,11,458
2011-10-22,20713,684.0,0.0,11,458
2011-10-23,20713,684.0,0.0,11,458
2011-10-24,20713,678.0,0.0,11,458
2011-10-25,20713,675.0,0.0,11,458
2011-10-26,20713,562.0,0.0,11,458
2011-10-27,20713,562.0,0.0,11,458
2011-10-28,20713,552.0,0.0,11,458
2011-10-29,20713,552.0,0.0,11,458
2011-10-30,20713,446.0,470.0,11,458
2011-10-31,20713,427.0,470.0,11,458
2011-11-01,20713,407.0,470.0,11,458
2011-11-02,20713,407.0,470.0,11,458
2011-11-03,20713,405.0,470.0,11,458
2011-11-04,20713,402.0,470.0,11,458
2011-11-05,20713,402.0,470.0,11,458
2011-11-06,20713,362.0,470.0,11,458
2011-11-07,20713,350.0,470.0,11,458
2011-11-08,20713,328.0,470.0,11,458
2011-11-09,20713,107.0,470.0,11,458
2011-11-10,20713,573.0,0.0,11,458
2011-11-11,20713,569.0,0.0,11,458
2011-11-12,20713,569.0,0.0,11,458
2011-11-13,20713,545.0,0.0,11,458
2011-11-14,20713,441.0,475.0,11,458
2011-11-15,20713,438.0,475.0,11,458
2011-11-16,20713,418.0,475.0,11,458
2011-11-17,20713,418.0,475.0,11,458
2011-11-18,20713,415.0,475.0,11,458
2011-11-19,20713,415.0,475.0,11,458
2011-11-20,20713,401.0,475.0,11,458
2011-11-21,20713,400.0,475.0,11,458
2011-11-22,20713,397.0,475.0,11,458
2011-11-23,20713,380.0,475.0,11,458
2011-11-24,20713,380.0,475.0,11,458
2011-11-25,20713,832.0,0.0,11,458
2011-11-26,20713,832.0,0.0,11,458
2011-11-27,20713,826.0,0.0,11,458
2011-11-28,20713,794.0,0.0,11,458
2011-11-29,20713,693.0,0.0,11,458
2011-11-30,20713,683.0,0.0,11,458
2011-12-01,20713,633.0,0.0,11,458
2011-12-02,20713,399.0,517.0,11,458
2011-12-03,20713,399.0,517.0,11,458
2011-12-04,20713,399.0,517.0,11,458
2011-12-05,20713,368.0,517.0,11,458
2011-12-06,20713,356.0,517.0,11,458
2011-12-07,20713,323.0,517.0,11,458
2011-12-08,20713,189.0,517.0,11,458
2011-12-09,20713,171.0,517.0,11,458
2011-08-11,20719,21.0,632.0,8,326
2011-08-12,20719,0.0,632.0,8,326
2011-08-13,20719,0.0,632.0,8,326
2011-08-14,20719,0.0,632.0,8,326
2011-08-15,20719,0.0,632.0,8,326
2011-08-16,20719,0.0,632.0,8,326
2011-08-17,20719,622.0,0.0,8,326
2011-08-18,20719,452.0,0.0,8,326
2011-08-19,20719,412.0,0.0,8,326
2011-08-20,20719,412.0,0.0,8,326
2011-08-21,20719,412.0,0.0,8,326
2011-08-22,20719,370.0,0.0,8,326
2011-08-23,20719,364.0,0.0,8,326
2011-08-24,20719,285.0,670.0,8,326
2011-08-25,20719,265.0,670.0,8,326
2011-08-26,20719,222.0,670.0,8,326
2011-08-27,20719,222.0,670.0,8,326
2011-08-28,20719,222.0,670.0,8,326
2011-08-29,20719,222.0,670.0,8,326
2011-08-30,20719,190.0,670.0,8,326
2011-08-31,20719,168.0,670.0,8,326
2011-09-01,20719,838.0,0.0,8,326
2011-09-02,20719,766.0,0.0,8,326
2011-09-03,20719,766.0,0.0,8,326
2011-09-04,20719,763.0,0.0,8,326
2011-09-05,20719,739.0,0.0,8,326
2011-09-06,20719,707.0,0.0,8,326
2011-09-07,20719,699.0,0.0,8,326
2011-09-08,20719,651.0,0.0,8,326
2011-09-09,20719,607.0,0.0,8,326
2011-09-10,20719,607.0,0.0,8,326
2011-09-11,20719,606.0,0.0,8,326
2011-09-12,20719,600.0,0.0,8,326
2011-09-13,20719,554.0,0.0,8,326
2011-09-14,20719,452.0,0.0,8,326
2011-09-15,20719,446.0,0.0,8,326
2011-09-16,20719,403.0,0.0,8,326
2011-09-17,20719,403.0,0.0,8,326
2011-09-18,20719,370.0,0.0,8,326
2011-09-19,20719,145.0,810.0,8,326
2011-09-20,20719,129.0,810.0,8,326
2011-09-21,20719,110.0,810.0,8,326
2011-09-22,20719,0.0,810.0,8,326
2011-09-23,20719,0.0,810.0,8,326
2011-09-24,20719,0.0,810.0,8,326
2011-09-25,20719,0.0,810.0,8,326
2011-09-26,20719,0.0,810.0,8,326
2011-09-27,20719,775.0,0.0,8,326
2011-09-28,20719,723.0,0.0,8,326
2011-09-29,20719,722.0,0.0,8,326
2011-09-30,20719,721.0,0.0,8,326
2011-10-01,20719,721.0,0.0,8,326
2011-10-02,20719,714.0,0.0,8,326
2011-10-03,20719,678.0,0.0,8,326
2011-10-04,20719,618.0,0.0,8,326
2011-10-05,20719,616.0,0.0,8,326
2011-10-06,20719,595.0,0.0,8,326
2011-10-07,20719,538.0,0.0,8,326
2011-10-08,20719,538.0,0.0,8,326
2011-10-09,20719,535.0,0.0,8,326
2011-10-10,20719,510.0,0.0,8,326
2011-10-11,20719,422.0,0.0,8,326
2011-10-12,20719,420.0,0.0,8,326
2011-10-13,20719,390.0,0.0,8,326
2011-10-14,20719,336.0,0.0,8,326
2011-10-15,20719,336.0,0.0,8,326
2011-10-16,20719,336.0,0.0,8,326
2011-10-17,20719,283.0,672.0,8,326
2011-10-18,20719,205.0,672.0,8,326
2011-10-19,20719,184.0,672.0,8,326
2011-10-20,20719,64.0,672.0,8,326
2011-10-21,20719,29.0,672.0,8,326
2011-10-22,20719,29.0,672.0,8,326
2011-10-23,20719,25.0,672.0,8,326
2011-10-24,20719,8.0,672.0,8,326
2011-10-25,20719,635.0,0.0,8,326
2011-10-26,20719,617.0,0.0,8,326
2011-10-27,20719,507.0,0.0,8,326
2011-10-28,20719,478.0,0.0,8,326
2011-10-29,20719,478.0,0.0,8,326
2011-10-30,20719,453.0,0.0,8,326
2011-10-31,20719,407.0,0.0,8,326
2011-11-01,20719,393.0,0.0,8,326
2011-11-02,20719,386.0,0.0,8,326
2011-11-03,20719,385.0,0.0,8,326
2011-11-04,20719,332.0,0.0,8,326
2011-11-05,20719,332.0,0.0,8,326
2011-11-06,20719,308.0,647.0,8,326
2011-11-07,20719,308.0,647.0,8,326
2011-11-08,20719,240.0,647.0,8,326
2011-11-09,20719,219.0,647.0,8,326
2011-11-10,20719,194.0,647.0,8,326
2011-11-11,20719,115.0,647.0,8,326
2011-11-12,20719,115.0,647.0,8,326
2011-11-13,20719,95.0,647.0,8,326
2011-11-14,20719,727.0,0.0,8,326
2011-11-15,20719,683.0,0.0,8,326
2011-11-16,20719,641.0,0.0,8,326
2011-11-17,20719,628.0,0.0,8,326
2011-11-18,20719,509.0,0.0,8,326
2011-11-19,20719,509.0,0.0,8,326
2011-11-20,20719,443.0,0.0,8,326
2011-11-21,20719,443.0,0.0,8,326
2011-11-22,20719,320.0,635.0,8,326
2011-11-23,20719,317.0,635.0,8,326
2011-11-24,20719,309.0,635.0,8,326
2011-11-25,20719,228.0,635.0,8,326
2011-11-26,20719,228.0,635.0,8,326
2011-11-27,20719,204.0,635.0,8,326
2011-11-28,20719,160.0,635.0,8,326
2011-11-29,20719,97.0,635.0,8,326
2011-11-30,20719,673.0,0.0,8,326
2011-12-01,20719,647.0,0.0,8,326
2011-12-02,20719,594.0,0.0,8,326
2011-12-03,20719,594.0,0.0,8,326
2011-12-04,20719,512.0,0.0,8,326
2011-12-05,20719,506.0,0.0,8,326
2011-12-06,20719,429.0,0.0,8,326
2011-12-07,20719,289.0,666.0,8,326
2011-12-08,20719,194.0,666.0,8,326
2011-12-09,20719,154.0,666.0,8,326
2011-08-11,20723,0.0,352.0,12,237
2011-08-12,20723,0.0,352.0,12,237
2011-08-13,20723,352.0,0.0,12,237
2011-08-14,20723,340.0,0.0,12,237
2011-08-15,20723,340.0,0.0,12,237
2011-08-16,20723,293.0,0.0,12,237
2011-08-17,20723,291.0,0.0,12,237
2011-08-18,20723,230.0,356.0,12,237
2011-08-19,20723,200.0,356.0,12,237
2011-08-20,20723,200.0,356.0,12,237
2011-08-21,20723,198.0,356.0,12,237
2011-08-22,20723,148.0,356.0,12,237
2011-08-23,20723,135.0,356.0,12,237
2011-08-24,20723,72.0,356.0,12,237
2011-08-25,20723,52.0,356.0,12,237
2011-08-26,20723,7.0,356.0,12,237
2011-08-27,20723,7.0,356.0,12,237
2011-08-28,20723,6.0,356.0,12,237
2011-08-29,20723,6.0,356.0,12,237
2011-08-30,20723,338.0,0.0,12,237
2011-08-31,20723,337.0,0.0,12,237
2011-09-01,20723,331.0,0.0,12,237
2011-09-02,20723,190.0,396.0,12,237
2011-09-03,20723,190.0,396.0,12,237
2011-09-04,20723,190.0,396.0,12,237
2011-09-05,20723,171.0,396.0,12,237
2011-09-06,20723,142.0,396.0,12,237
2011-09-07,20723,136.0,396.0,12,237
2011-09-08,20723,106.0,396.0,12,237
2011-09-09,20723,60.0,396.0,12,237
2011-09-10,20723,60.0,396.0,12,237
2011-09-11,20723,0.0,396.0,12,237
2011-09-12,20723,0.0,396.0,12,237
2011-09-13,20723,0.0,396.0,12,237
2011-09-14,20723,303.0,0.0,12,237
2011-09-15,20723,260.0,0.0,12,237
2011-09-16,20723,211.0,375.0,12,237
2011-09-17,20723,211.0,375.0,12,237
2011-09-18,20723,181.0,375.0,12,237
2011-09-19,20723,166.0,375.0,12,237
2011-09-20,20723,128.0,375.0,12,237
2011-09-21,20723,121.0,375.0,12,237
2011-09-22,20723,0.0,375.0,12,237
2011-09-23,20723,0.0,375.0,12,237
2011-09-24,20723,0.0,375.0,12,237
2011-09-25,20723,0.0,375.0,12,237
2011-09-26,20723,0.0,375.0,12,237
2011-09-27,20723,0.0,375.0,12,237
2011-09-28,20723,344.0,0.0,12,237
2011-09-29,20723,324.0,0.0,12,237
2011-09-30,20723,322.0,0.0,12,237
2011-10-01,20723,322.0,0.0,12,237
2011-10-02,20723,308.0,0.0,12,237
2011-10-03,20723,285.0,0.0,12,237
2011-10-04,20723,217.0,369.0,12,237
2011-10-05,20723,205.0,369.0,12,237
2011-10-06,20723,195.0,369.0,12,237
2011-10-07,20723,149.0,369.0,12,237
2011-10-08,20723,149.0,369.0,12,237
2011-10-09,20723,149.0,369.0,12,237
2011-10-10,20723,130.0,369.0,12,237
2011-10-11,20723,83.0,369.0,12,237
2011-10-12,20723,71.0,369.0,12,237
2011-10-13,20723,37.0,369.0,12,237
2011-10-14,20723,0.0,369.0,12,237
2011-10-15,20723,0.0,369.0,12,237
2011-10-16,20723,369.0,0.0,12,237
2011-10-17,20723,355.0,0.0,12,237
2011-10-18,20723,299.0,0.0,12,237
2011-10-19,20723,289.0,0.0,12,237
2011-10-20,20723,269.0,0.0,12,237
2011-10-21,20723,234.0,352.0,12,237
2011-10-22,20723,234.0,352.0,12,237
2011-10-23,20723,232.0,352.0,12,237
2011-10-24,20723,220.0,352.0,12,237
2011-10-25,20723,163.0,352.0,12,237
2011-10-26,20723,151.0,352.0,12,237
2011-10-27,20723,135.0,352.0,12,237
2011-10-28,20723,112.0,352.0,12,237
2011-10-29,20723,112.0,352.0,12,237
2011-10-30,20723,77.0,352.0,12,237
2011-10-31,20723,35.0,352.0,12,237
2011-11-01,20723,0.0,352.0,12,237
2011-11-02,20723,348.0,0.0,12,237
2011-11-03,20723,347.0,0.0,12,237
2011-11-04,20723,286.0,0.0,12,237
2011-11-05,20723,286.0,0.0,12,237
2011-11-06,20723,275.0,0.0,12,237
2011-11-07,20723,275.0,0.0,12,237
2011-11-08,20723,231.0,355.0,12,237
2011-11-09,20723,221.0,355.0,12,237
2011-11-10,20723,198.0,355.0,12,237
2011-11-11,20723,154.0,355.0,12,237
2011-11-12,20723,154.0,355.0,12,237
2011-11-13,20723,132.0,355.0,12,237
2011-11-14,20723,113.0,355.0,12,237
2011-11-15,20723,68.0,355.0,12,237
2011-11-16,20723,56.0,355.0,12,237
2011-11-17,20723,30.0,355.0,12,237
2011-11-18,20723,0.0,355.0,12,237
2011-11-19,20723,0.0,355.0,12,237
2011-11-20,20723,334.0,0.0,12,237
2011-11-21,20723,332.0,0.0,12,237
2011-11-22,20723,183.0,403.0,12,237
2011-11-23,20723,173.0,403.0,12,237
2011-11-24,20723,107.0,403.0,12,237
2011-11-25,20723,29.0,403.0,12,237
2011-11-26,20723,29.0,403.0,12,237
2011-11-27,20723,0.0,403.0,12,237
2011-11-28,20723,0.0,403.0,12,237
2011-11-29,20723,0.0,403.0,12,237
2011-11-30,20723,0.0,403.0,12,237
2011-12-01,20723,0.0,403.0,12,237
2011-12-02,20723,0.0,403.0,12,237
2011-12-03,20723,0.0,403.0,12,237
2011-12-04,20723,352.0,0.0,12,237
2011-12-05,20723,347.0,0.0,12,237
2011-12-06,20723,260.0,0.0,12,237
2011-12-07,20723,240.0,0.0,12,237
2011-12-08,20723,166.0,420.0,12,237
2011-12-09,20723,122.0,420.0,12,237
2011-08-11,20724,150.0,888.0,4,440
2011-08-12,20724,150.0,888.0,4,440
2011-08-13,20724,1038.0,0.0,4,440
2011-08-14,20724,1028.0,0.0,4,440
2011-08-15,20724,1008.0,0.0,4,440
2011-08-16,20724,950.0,0.0,4,440
2011-08-17,20724,947.0,0.0,4,440
2011-08-18,20724,737.0,0.0,4,440
2011-08-19,20724,697.0,0.0,4,440
2011-08-20,20724,697.0,0.0,4,440
2011-08-21,20724,697.0,0.0,4,440
2011-08-22,20724,657.0,0.0,4,440
2011-08-23,20724,641.0,0.0,4,440
2011-08-24,20724,417.0,765.0,4,440
2011-08-25,20724,383.0,765.0,4,440
2011-08-26,20724,136.0,765.0,4,440
2011-08-27,20724,136.0,765.0,4,440
2011-08-28,20724,901.0,0.0,4,440
2011-08-29,20724,901.0,0.0,4,440
2011-08-30,20724,874.0,0.0,4,440
2011-08-31,20724,863.0,0.0,4,440
2011-09-01,20724,857.0,0.0,4,440
2011-09-02,20724,797.0,0.0,4,440
2011-09-03,20724,797.0,0.0,4,440
2011-09-04,20724,782.0,0.0,4,440
2011-09-05,20724,731.0,0.0,4,440
2011-09-06,20724,703.0,0.0,4,440
2011-09-07,20724,583.0,0.0,4,440
2011-09-08,20724,531.0,0.0,4,440
2011-09-09,20724,427.0,755.0,4,440
2011-09-10,20724,427.0,755.0,4,440
2011-09-11,20724,221.0,755.0,4,440
2011-09-12,20724,221.0,755.0,4,440
2011-09-13,20724,911.0,0.0,4,440
2011-09-14,20724,805.0,0.0,4,440
2011-09-15,20724,740.0,0.0,4,440
2011-09-16,20724,692.0,0.0,4,440
2011-09-17,20724,692.0,0.0,4,440
2011-09-18,20724,662.0,0.0,4,440
2011-09-19,20724,537.0,0.0,4,440
2011-09-20,20724,462.0,0.0,4,440
2011-09-21,20724,345.0,837.0,4,440
2011-09-22,20724,199.0,837.0,4,440
2011-09-23,20724,72.0,837.0,4,440
2011-09-24,20724,72.0,837.0,4,440
2011-09-25,20724,889.0,0.0,4,440
2011-09-26,20724,859.0,0.0,4,440
2011-09-27,20724,797.0,0.0,4,440
2011-09-28,20724,749.0,0.0,4,440
2011-09-29,20724,683.0,0.0,4,440
2011-09-30,20724,681.0,0.0,4,440
2011-10-01,20724,681.0,0.0,4,440
2011-10-02,20724,654.0,0.0,4,440
2011-10-03,20724,620.0,0.0,4,440
2011-10-04,20724,512.0,0.0,4,440
2011-10-05,20724,469.0,0.0,4,440
2011-10-06,20724,396.0,786.0,4,440
2011-10-07,20724,327.0,786.0,4,440
2011-10-08,20724,327.0,786.0,4,440
2011-10-09,20724,327.0,786.0,4,440
2011-10-10,20724,1085.0,0.0,4,440
2011-10-11,20724,992.0,0.0,4,440
2011-10-12,20724,945.0,0.0,4,440
2011-10-13,20724,873.0,0.0,4,440
2011-10-14,20724,805.0,0.0,4,440
2011-10-15,20724,805.0,0.0,4,440
2011-10-16,20724,802.0,0.0,4,440
2011-10-17,20724,748.0,0.0,4,440
2011-10-18,20724,677.0,0.0,4,440
2011-10-19,20724,641.0,0.0,4,440
2011-10-20,20724,417.0,765.0,4,440
2011-10-21,20724,361.0,765.0,4,440
2011-10-22,20724,361.0,765.0,4,440
2011-10-23,20724,355.0,765.0,4,440
2011-10-24,20724,1002.0,0.0,4,440
2011-10-25,20724,947.0,0.0,4,440
2011-10-26,20724,934.0,0.0,4,440
2011-10-27,20724,934.0,0.0,4,440
2011-10-28,20724,863.0,0.0,4,440
2011-10-29,20724,863.0,0.0,4,440
2011-10-30,20724,819.0,0.0,4,440
2011-10-31,20724,737.0,0.0,4,440
2011-11-01,20724,707.0,0.0,4,440
2011-11-02,20724,685.0,0.0,4,440
2011-11-03,20724,683.0,0.0,4,440
2011-11-04,20724,589.0,0.0,4,440
2011-11-05,20724,589.0,0.0,4,440
2011-11-06,20724,559.0,0.0,4,440
2011-11-07,20724,559.0,0.0,4,440
2011-11-08,20724,437.0,745.0,4,440
2011-11-09,20724,214.0,745.0,4,440
2011-11-10,20724,183.0,745.0,4,440
2011-11-11,20724,72.0,745.0,4,440
2011-11-12,20724,817.0,0.0,4,440
2011-11-13,20724,753.0,0.0,4,440
2011-11-14,20724,711.0,0.0,4,440
2011-11-15,20724,603.0,0.0,4,440
2011-11-16,20724,551.0,0.0,4,440
2011-11-17,20724,489.0,0.0,4,440
2011-11-18,20724,328.0,854.0,4,440
2011-11-19,20724,328.0,854.0,4,440
2011-11-20,20724,298.0,854.0,4,440
2011-11-21,20724,286.0,854.0,4,440
2011-11-22,20724,912.0,0.0,4,440
2011-11-23,20724,699.0,0.0,4,440
2011-11-24,20724,636.0,0.0,4,440
2011-11-25,20724,487.0,0.0,4,440
2011-11-26,20724,487.0,0.0,4,440
2011-11-27,20724,417.0,765.0,4,440
2011-11-28,20724,353.0,765.0,4,440
2011-11-29,20724,229.0,765.0,4,440
2011-11-30,20724,128.0,765.0,4,440
2011-12-01,20724,864.0,0.0,4,440
2011-12-02,20724,755.0,0.0,4,440
2011-12-03,20724,755.0,0.0,4,440
2011-12-04,20724,632.0,0.0,4,440
2011-12-05,20724,595.0,0.0,4,440
2011-12-06,20724,478.0,0.0,4,440
2011-12-07,20724,248.0,934.0,4,440
2011-12-08,20724,115.0,934.0,4,440
2011-12-09,20724,46.0,934.0,4,440
2011-08-11,20725,244.0,710.0,4,544
2011-08-12,20725,179.0,710.0,4,544
2011-08-13,20725,179.0,710.0,4,544
2011-08-14,20725,876.0,0.0,4,544
2011-08-15,20725,836.0,0.0,4,544
2011-08-16,20725,717.0,0.0,4,544
2011-08-17,20725,595.0,0.0,4,544
2011-08-18,20725,500.0,672.0,4,544
2011-08-19,20725,470.0,672.0,4,544
2011-08-20,20725,470.0,672.0,4,544
2011-08-21,20725,444.0,672.0,4,544
2011-08-22,20725,1061.0,0.0,4,544
2011-08-23,20725,934.0,0.0,4,544
2011-08-24,20725,894.0,0.0,4,544
2011-08-25,20725,814.0,0.0,4,544
2011-08-26,20725,794.0,0.0,4,544
2011-08-27,20725,794.0,0.0,4,544
2011-08-28,20725,775.0,0.0,4,544
2011-08-29,20725,775.0,0.0,4,544
2011-08-30,20725,754.0,0.0,4,544
2011-08-31,20725,723.0,0.0,4,544
2011-09-01,20725,670.0,0.0,4,544
2011-09-02,20725,615.0,0.0,4,544
2011-09-03,20725,615.0,0.0,4,544
2011-09-04,20725,577.0,0.0,4,544
2011-09-05,20725,568.0,0.0,4,544
2011-09-06,20725,502.0,670.0,4,544
2011-09-07,20725,342.0,670.0,4,544
2011-09-08,20725,332.0,670.0,4,544
2011-09-09,20725,276.0,670.0,4,544
2011-09-10,20725,946.0,0.0,4,544
2011-09-11,20725,924.0,0.0,4,544
2011-09-12,20725,891.0,0.0,4,544
2011-09-13,20725,840.0,0.0,4,544
2011-09-14,20725,718.0,0.0,4,544
2011-09-15,20725,632.0,0.0,4,544
2011-09-16,20725,607.0,0.0,4,544
2011-09-17,20725,607.0,0.0,4,544
2011-09-18,20725,605.0,0.0,4,544
2011-09-19,20725,304.0,868.0,4,544
2011-09-20,20725,268.0,868.0,4,544
2011-09-21,20725,264.0,868.0,4,544
2011-09-22,20725,211.0,868.0,4,544
2011-09-23,20725,1033.0,0.0,4,544
2011-09-24,20725,1033.0,0.0,4,544
2011-09-25,20725,993.0,0.0,4,544
2011-09-26,20725,990.0,0.0,4,544
2011-09-27,20725,933.0,0.0,4,544
2011-09-28,20725,845.0,0.0,4,544
2011-09-29,20725,791.0,0.0,4,544
2011-09-30,20725,727.0,0.0,4,544
2011-10-01,20725,727.0,0.0,4,544
2011-10-02,20725,727.0,0.0,4,544
2011-10-03,20725,686.0,0.0,4,544
2011-10-04,20725,607.0,0.0,4,544
2011-10-05,20725,517.0,655.0,4,544
2011-10-06,20725,476.0,655.0,4,544
2011-10-07,20725,426.0,655.0,4,544
2011-10-08,20725,426.0,655.0,4,544
2011-10-09,20725,1081.0,0.0,4,544
2011-10-10,20725,1045.0,0.0,4,544
2011-10-11,20725,932.0,0.0,4,544
2011-10-12,20725,890.0,0.0,4,544
2011-10-13,20725,815.0,0.0,4,544
2011-10-14,20725,665.0,0.0,4,544
2011-10-15,20725,665.0,0.0,4,544
2011-10-16,20725,659.0,0.0,4,544
2011-10-17,20725,637.0,0.0,4,544
2011-10-18,20725,572.0,0.0,4,544
2011-10-19,20725,546.0,0.0,4,544
2011-10-20,20725,436.0,736.0,4,544
2011-10-21,20725,397.0,736.0,4,544
2011-10-22,20725,397.0,736.0,4,544
2011-10-23,20725,383.0,736.0,4,544
2011-10-24,20725,1111.0,0.0,4,544
2011-10-25,20725,1074.0,0.0,4,544
2011-10-26,20725,1022.0,0.0,4,544
2011-10-27,20725,977.0,0.0,4,544
2011-10-28,20725,883.0,0.0,4,544
2011-10-29,20725,883.0,0.0,4,544
2011-10-30,20725,805.0,0.0,4,544
2011-10-31,20725,795.0,0.0,4,544
2011-11-01,20725,789.0,0.0,4,544
2011-11-02,20725,672.0,0.0,4,544
2011-11-03,20725,642.0,0.0,4,544
2011-11-04,20725,604.0,0.0,4,544
2011-11-05,20725,604.0,0.0,4,544
2011-11-06,20725,482.0,690.0,4,544
2011-11-07,20725,452.0,690.0,4,544
2011-11-08,20725,391.0,690.0,4,544
2011-11-09,20725,230.0,690.0,4,544
2011-11-10,20725,827.0,0.0,4,544
2011-11-11,20725,739.0,0.0,4,544
2011-11-12,20725,739.0,0.0,4,544
2011-11-13,20725,716.0,0.0,4,544
2011-11-14,20725,561.0,0.0,4,544
2011-11-15,20725,329.0,843.0,4,544
2011-11-16,20725,263.0,843.0,4,544
2011-11-17,20725,192.0,843.0,4,544
2011-11-18,20725,116.0,843.0,4,544
2011-11-19,20725,959.0,0.0,4,544
2011-11-20,20725,910.0,0.0,4,544
2011-11-21,20725,873.0,0.0,4,544
2011-11-22,20725,826.0,0.0,4,544
2011-11-23,20725,789.0,0.0,4,544
2011-11-24,20725,745.0,0.0,4,544
2011-11-25,20725,652.0,0.0,4,544
2011-11-26,20725,652.0,0.0,4,544
2011-11-27,20725,634.0,0.0,4,544
2011-11-28,20725,576.0,0.0,4,544
2011-11-29,20725,527.0,645.0,4,544
2011-11-30,20725,436.0,645.0,4,544
2011-12-01,20725,385.0,645.0,4,544
2011-12-02,20725,313.0,645.0,4,544
2011-12-03,20725,958.0,0.0,4,544
2011-12-04,20725,948.0,0.0,4,544
2011-12-05,20725,898.0,0.0,4,544
2011-12-06,20725,813.0,0.0,4,544
2011-12-07,20725,778.0,0.0,4,544
2011-12-08,20725,726.0,0.0,4,544
2011-12-09,20725,684.0,0.0,4,544
2011-08-11,20726,503.0,435.0,9,568
2011-08-12,20726,447.0,435.0,9,568
2011-08-13,20726,447.0,435.0,9,568
2011-08-14,20726,437.0,435.0,9,568
2011-08-15,20726,402.0,435.0,9,568
2011-08-16,20726,307.0,435.0,9,568
2011-08-17,20726,279.0,435.0,9,568
2011-08-18,20726,149.0,435.0,9,568
2011-08-19,20726,119.0,819.0,9,568
2011-08-20,20726,554.0,384.0,9,568
2011-08-21,20726,531.0,384.0,9,568
2011-08-22,20726,495.0,384.0,9,568
2011-08-23,20726,438.0,384.0,9,568
2011-08-24,20726,398.0,384.0,9,568
2011-08-25,20726,344.0,384.0,9,568
2011-08-26,20726,329.0,384.0,9,568
2011-08-27,20726,329.0,384.0,9,568
2011-08-28,20726,702.0,0.0,9,568
2011-08-29,20726,702.0,0.0,9,568
2011-08-30,20726,664.0,0.0,9,568
2011-08-31,20726,565.0,373.0,9,568
2011-09-01,20726,551.0,373.0,9,568
2011-09-02,20726,512.0,373.0,9,568
2011-09-03,20726,512.0,373.0,9,568
2011-09-04,20726,476.0,373.0,9,568
2011-09-05,20726,457.0,373.0,9,568
2011-09-06,20726,430.0,373.0,9,568
2011-09-07,20726,385.0,373.0,9,568
2011-09-08,20726,365.0,373.0,9,568
2011-09-09,20726,737.0,0.0,9,568
2011-09-10,20726,737.0,0.0,9,568
2011-09-11,20726,714.0,0.0,9,568
2011-09-12,20726,689.0,0.0,9,568
2011-09-13,20726,655.0,0.0,9,568
2011-09-14,20726,616.0,0.0,9,568
2011-09-15,20726,596.0,0.0,9,568
2011-09-16,20726,565.0,373.0,9,568
2011-09-17,20726,565.0,373.0,9,568
2011-09-18,20726,563.0,373.0,9,568
2011-09-19,20726,342.0,373.0,9,568
2011-09-20,20726,336.0,373.0,9,568
2011-09-21,20726,294.0,373.0,9,568
2011-09-22,20726,247.0,373.0,9,568
2011-09-23,20726,230.0,373.0,9,568
2011-09-24,20726,230.0,373.0,9,568
2011-09-25,20726,592.0,0.0,9,568
2011-09-26,20726,592.0,0.0,9,568
2011-09-27,20726,558.0,380.0,9,568
2011-09-28,20726,497.0,380.0,9,568
2011-09-29,20726,448.0,380.0,9,568
2011-09-30,20726,440.0,380.0,9,568
2011-10-01,20726,440.0,380.0,9,568
2011-10-02,20726,440.0,380.0,9,568
2011-10-03,20726,408.0,380.0,9,568
2011-10-04,20726,387.0,380.0,9,568
2011-10-05,20726,345.0,380.0,9,568
2011-10-06,20726,663.0,0.0,9,568
2011-10-07,20726,654.0,0.0,9,568
2011-10-08,20726,654.0,0.0,9,568
2011-10-09,20726,647.0,0.0,9,568
2011-10-10,20726,592.0,0.0,9,568
2011-10-11,20726,579.0,0.0,9,568
2011-10-12,20726,569.0,0.0,9,568
2011-10-13,20726,565.0,373.0,9,568
2011-10-14,20726,535.0,373.0,9,568
2011-10-15,20726,535.0,373.0,9,568
2011-10-16,20726,532.0,373.0,9,568
2011-10-17,20726,509.0,373.0,9,568
2011-10-18,20726,465.0,373.0,9,568
2011-10-19,20726,447.0,373.0,9,568
2011-10-20,20726,431.0,373.0,9,568
2011-10-21,20726,429.0,373.0,9,568
2011-10-22,20726,802.0,0.0,9,568
2011-10-23,20726,802.0,0.0,9,568
2011-10-24,20726,794.0,0.0,9,568
2011-10-25,20726,767.0,0.0,9,568
2011-10-26,20726,764.0,0.0,9,568
2011-10-27,20726,760.0,0.0,9,568
2011-10-28,20726,735.0,0.0,9,568
2011-10-29,20726,735.0,0.0,9,568
2011-10-30,20726,698.0,0.0,9,568
2011-10-31,20726,692.0,0.0,9,568
2011-11-01,20726,677.0,0.0,9,568
2011-11-02,20726,563.0,375.0,9,568
2011-11-03,20726,542.0,375.0,9,568
2011-11-04,20726,520.0,375.0,9,568
2011-11-05,20726,520.0,375.0,9,568
2011-11-06,20726,507.0,375.0,9,568
2011-11-07,20726,495.0,375.0,9,568
2011-11-08,20726,466.0,375.0,9,568
2011-11-09,20726,404.0,375.0,9,568
2011-11-10,20726,394.0,375.0,9,568
2011-11-11,20726,747.0,0.0,9,568
2011-11-12,20726,747.0,0.0,9,568
2011-11-13,20726,733.0,0.0,9,568
2011-11-14,20726,672.0,0.0,9,568
2011-11-15,20726,656.0,0.0,9,568
2011-11-16,20726,634.0,0.0,9,568
2011-11-17,20726,606.0,0.0,9,568
2011-11-18,20726,569.0,0.0,9,568
2011-11-19,20726,569.0,0.0,9,568
2011-11-20,20726,524.0,414.0,9,568
2011-11-21,20726,514.0,414.0,9,568
2011-11-22,20726,477.0,414.0,9,568
2011-11-23,20726,463.0,414.0,9,568
2011-11-24,20726,455.0,414.0,9,568
2011-11-25,20726,434.0,414.0,9,568
2011-11-26,20726,434.0,414.0,9,568
2011-11-27,20726,415.0,414.0,9,568
2011-11-28,20726,402.0,414.0,9,568
2011-11-29,20726,791.0,0.0,9,568
2011-11-30,20726,784.0,0.0,9,568
2011-12-01,20726,772.0,0.0,9,568
2011-12-02,20726,760.0,0.0,9,568
2011-12-03,20726,760.0,0.0,9,568
2011-12-04,20726,752.0,0.0,9,568
2011-12-05,20726,678.0,0.0,9,568
2011-12-06,20726,662.0,0.0,9,568
2011-12-07,20726,629.0,0.0,9,568
2011-12-08,20726,592.0,0.0,9,568
2011-12-09,20726,588.0,0.0,9,568
2011-08-11,20727,531.0,0.0,7,503
2011-08-12,20727,498.0,436.0,7,503
2011-08-13,20727,498.0,436.0,7,503
2011-08-14,20727,498.0,436.0,7,503
2011-08-15,20727,485.0,436.0,7,503
2011-08-16,20727,413.0,436.0,7,503
2011-08-17,20727,402.0,436.0,7,503
2011-08-18,20727,352.0,436.0,7,503
2011-08-19,20727,768.0,0.0,7,503
2011-08-20,20727,768.0,0.0,7,503
2011-08-21,20727,660.0,0.0,7,503
2011-08-22,20727,589.0,0.0,7,503
2011-08-23,20727,540.0,0.0,7,503
2011-08-24,20727,375.0,559.0,7,503
2011-08-25,20727,301.0,559.0,7,503
2011-08-26,20727,280.0,559.0,7,503
2011-08-27,20727,280.0,559.0,7,503
2011-08-28,20727,243.0,559.0,7,503
2011-08-29,20727,243.0,559.0,7,503
2011-08-30,20727,205.0,559.0,7,503
2011-08-31,20727,762.0,0.0,7,503
2011-09-01,20727,724.0,0.0,7,503
2011-09-02,20727,638.0,0.0,7,503
2011-09-03,20727,638.0,0.0,7,503
2011-09-04,20727,615.0,0.0,7,503
2011-09-05,20727,558.0,0.0,7,503
2011-09-06,20727,498.0,436.0,7,503
2011-09-07,20727,418.0,436.0,7,503
2011-09-08,20727,379.0,436.0,7,503
2011-09-09,20727,345.0,436.0,7,503
2011-09-10,20727,345.0,436.0,7,503
2011-09-11,20727,338.0,436.0,7,503
2011-09-12,20727,318.0,436.0,7,503
2011-09-13,20727,666.0,0.0,7,503
2011-09-14,20727,627.0,0.0,7,503
2011-09-15,20727,563.0,0.0,7,503
2011-09-16,20727,485.0,449.0,7,503
2011-09-17,20727,485.0,449.0,7,503
2011-09-18,20727,473.0,449.0,7,503
2011-09-19,20727,331.0,449.0,7,503
2011-09-20,20727,312.0,449.0,7,503
2011-09-21,20727,177.0,449.0,7,503
2011-09-22,20727,144.0,449.0,7,503
2011-09-23,20727,556.0,0.0,7,503
2011-09-24,20727,556.0,0.0,7,503
2011-09-25,20727,505.0,0.0,7,503
2011-09-26,20727,495.0,439.0,7,503
2011-09-27,20727,445.0,439.0,7,503
2011-09-28,20727,424.0,439.0,7,503
2011-09-29,20727,369.0,439.0,7,503
2011-09-30,20727,292.0,439.0,7,503
2011-10-01,20727,292.0,439.0,7,503
2011-10-02,20727,270.0,439.0,7,503
2011-10-03,20727,663.0,0.0,7,503
2011-10-04,20727,629.0,0.0,7,503
2011-10-05,20727,449.0,485.0,7,503
2011-10-06,20727,413.0,485.0,7,503
2011-10-07,20727,401.0,485.0,7,503
2011-10-08,20727,401.0,485.0,7,503
2011-10-09,20727,393.0,485.0,7,503
2011-10-10,20727,369.0,485.0,7,503
2011-10-11,20727,318.0,485.0,7,503
2011-10-12,20727,762.0,0.0,7,503
2011-10-13,20727,671.0,0.0,7,503
2011-10-14,20727,562.0,0.0,7,503
2011-10-15,20727,562.0,0.0,7,503
2011-10-16,20727,552.0,0.0,7,503
2011-10-17,20727,529.0,0.0,7,503
2011-10-18,20727,487.0,447.0,7,503
2011-10-19,20727,457.0,447.0,7,503
2011-10-20,20727,448.0,447.0,7,503
2011-10-21,20727,417.0,447.0,7,503
2011-10-22,20727,417.0,447.0,7,503
2011-10-23,20727,404.0,447.0,7,503
2011-10-24,20727,399.0,447.0,7,503
2011-10-25,20727,817.0,0.0,7,503
2011-10-26,20727,793.0,0.0,7,503
2011-10-27,20727,793.0,0.0,7,503
2011-10-28,20727,767.0,0.0,7,503
2011-10-29,20727,767.0,0.0,7,503
2011-10-30,20727,743.0,0.0,7,503
2011-10-31,20727,705.0,0.0,7,503
2011-11-01,20727,698.0,0.0,7,503
2011-11-02,20727,682.0,0.0,7,503
2011-11-03,20727,677.0,0.0,7,503
2011-11-04,20727,643.0,0.0,7,503
2011-11-05,20727,643.0,0.0,7,503
2011-11-06,20727,635.0,0.0,7,503
2011-11-07,20727,595.0,0.0,7,503
2011-11-08,20727,544.0,0.0,7,503
2011-11-09,20727,492.0,442.0,7,503
2011-11-10,20727,456.0,442.0,7,503
2011-11-11,20727,410.0,442.0,7,503
2011-11-12,20727,410.0,442.0,7,503
2011-11-13,20727,370.0,442.0,7,503
2011-11-14,20727,329.0,442.0,7,503
2011-11-15,20727,178.0,442.0,7,503
2011-11-16,20727,585.0,0.0,7,503
2011-11-17,20727,538.0,0.0,7,503
2011-11-18,20727,463.0,471.0,7,503
2011-11-19,20727,463.0,471.0,7,503
2011-11-20,20727,428.0,471.0,7,503
2011-11-21,20727,390.0,471.0,7,503
2011-11-22,20727,349.0,471.0,7,503
2011-11-23,20727,214.0,471.0,7,503
2011-11-24,20727,145.0,471.0,7,503
2011-11-25,20727,572.0,0.0,7,503
2011-11-26,20727,572.0,0.0,7,503
2011-11-27,20727,551.0,0.0,7,503
2011-11-28,20727,508.0,0.0,7,503
2011-11-29,20727,478.0,456.0,7,503
2011-11-30,20727,413.0,456.0,7,503
2011-12-01,20727,335.0,456.0,7,503
2011-12-02,20727,294.0,456.0,7,503
2011-12-03,20727,294.0,456.0,7,503
2011-12-04,20727,273.0,456.0,7,503
2011-12-05,20727,250.0,456.0,7,503
2011-12-06,20727,643.0,0.0,7,503
2011-12-07,20727,603.0,0.0,7,503
2011-12-08,20727,569.0,0.0,7,503
2011-12-09,20727,558.0,0.0,7,503
2011-08-11,20728,516.0,0.0,4,330
2011-08-12,20728,475.0,0.0,4,330
2011-08-13,20728,475.0,0.0,4,330
2011-08-14,20728,464.0,0.0,4,330
2011-08-15,20728,431.0,0.0,4,330
2011-08-16,20728,329.0,559.0,4,330
2011-08-17,20728,295.0,559.0,4,330
2011-08-18,20728,275.0,559.0,4,330
2011-08-19,20728,245.0,559.0,4,330
2011-08-20,20728,804.0,0.0,4,330
2011-08-21,20728,786.0,0.0,4,330
2011-08-22,20728,736.0,0.0,4,330
2011-08-23,20728,616.0,0.0,4,330
2011-08-24,20728,584.0,0.0,4,330
2011-08-25,20728,517.0,0.0,4,330
2011-08-26,20728,475.0,0.0,4,330
2011-08-27,20728,475.0,0.0,4,330
2011-08-28,20728,443.0,0.0,4,330
2011-08-29,20728,443.0,0.0,4,330
2011-08-30,20728,432.0,0.0,4,330
2011-08-31,20728,311.0,577.0,4,330
2011-09-01,20728,295.0,577.0,4,330
2011-09-02,20728,255.0,577.0,4,330
2011-09-03,20728,255.0,577.0,4,330
2011-09-04,20728,830.0,0.0,4,330
2011-09-05,20728,820.0,0.0,4,330
2011-09-06,20728,785.0,0.0,4,330
2011-09-07,20728,754.0,0.0,4,330
2011-09-08,20728,741.0,0.0,4,330
2011-09-09,20728,704.0,0.0,4,330
2011-09-10,20728,704.0,0.0,4,330
2011-09-11,20728,592.0,0.0,4,330
2011-09-12,20728,551.0,0.0,4,330
2011-09-13,20728,474.0,0.0,4,330
2011-09-14,20728,444.0,0.0,4,330
2011-09-15,20728,389.0,0.0,4,330
2011-09-16,20728,355.0,0.0,4,330
2011-09-17,20728,355.0,0.0,4,330
2011-09-18,20728,353.0,0.0,4,330
2011-09-19,20728,242.0,646.0,4,330
2011-09-20,20728,201.0,646.0,4,330
2011-09-21,20728,201.0,646.0,4,330
2011-09-22,20728,134.0,646.0,4,330
2011-09-23,20728,763.0,0.0,4,330
2011-09-24,20728,763.0,0.0,4,330
2011-09-25,20728,753.0,0.0,4,330
2011-09-26,20728,751.0,0.0,4,330
2011-09-27,20728,708.0,0.0,4,330
2011-09-28,20728,642.0,0.0,4,330
2011-09-29,20728,593.0,0.0,4,330
2011-09-30,20728,552.0,0.0,4,330
2011-10-01,20728,552.0,0.0,4,330
2011-10-02,20728,540.0,0.0,4,330
2011-10-03,20728,528.0,0.0,4,330
2011-10-04,20728,491.0,0.0,4,330
2011-10-05,20728,461.0,0.0,4,330
2011-10-06,20728,397.0,0.0,4,330
2011-10-07,20728,378.0,0.0,4,330
2011-10-08,20728,378.0,0.0,4,330
2011-10-09,20728,374.0,0.0,4,330
2011-10-10,20728,361.0,0.0,4,330
2011-10-11,20728,292.0,596.0,4,330
2011-10-12,20728,288.0,596.0,4,330
2011-10-13,20728,288.0,596.0,4,330
2011-10-14,20728,246.0,596.0,4,330
2011-10-15,20728,842.0,0.0,4,330
2011-10-16,20728,829.0,0.0,4,330
2011-10-17,20728,818.0,0.0,4,330
2011-10-18,20728,744.0,0.0,4,330
2011-10-19,20728,734.0,0.0,4,330
2011-10-20,20728,610.0,0.0,4,330
2011-10-21,20728,591.0,0.0,4,330
2011-10-22,20728,591.0,0.0,4,330
2011-10-23,20728,591.0,0.0,4,330
2011-10-24,20728,588.0,0.0,4,330
2011-10-25,20728,513.0,0.0,4,330
2011-10-26,20728,488.0,0.0,4,330
2011-10-27,20728,476.0,0.0,4,330
2011-10-28,20728,446.0,0.0,4,330
2011-10-29,20728,446.0,0.0,4,330
2011-10-30,20728,428.0,0.0,4,330
2011-10-31,20728,412.0,0.0,4,330
2011-11-01,20728,412.0,0.0,4,330
2011-11-02,20728,406.0,0.0,4,330
2011-11-03,20728,396.0,0.0,4,330
2011-11-04,20728,344.0,0.0,4,330
2011-11-05,20728,344.0,0.0,4,330
2011-11-06,20728,328.0,560.0,4,330
2011-11-07,20728,308.0,560.0,4,330
2011-11-08,20728,259.0,560.0,4,330
2011-11-09,20728,249.0,560.0,4,330
2011-11-10,20728,778.0,0.0,4,330
2011-11-11,20728,761.0,0.0,4,330
2011-11-12,20728,761.0,0.0,4,330
2011-11-13,20728,727.0,0.0,4,330
2011-11-14,20728,704.0,0.0,4,330
2011-11-15,20728,677.0,0.0,4,330
2011-11-16,20728,663.0,0.0,4,330
2011-11-17,20728,652.0,0.0,4,330
2011-11-18,20728,586.0,0.0,4,330
2011-11-19,20728,586.0,0.0,4,330
2011-11-20,20728,537.0,0.0,4,330
2011-11-21,20728,475.0,0.0,4,330
2011-11-22,20728,458.0,0.0,4,330
2011-11-23,20728,228.0,660.0,4,330
2011-11-24,20728,193.0,660.0,4,330
2011-11-25,20728,160.0,660.0,4,330
2011-11-26,20728,160.0,660.0,4,330
2011-11-27,20728,814.0,0.0,4,330
2011-11-28,20728,763.0,0.0,4,330
2011-11-29,20728,741.0,0.0,4,330
2011-11-30,20728,702.0,0.0,4,330
2011-12-01,20728,687.0,0.0,4,330
2011-12-02,20728,675.0,0.0,4,330
2011-12-03,20728,675.0,0.0,4,330
2011-12-04,20728,668.0,0.0,4,330
2011-12-05,20728,657.0,0.0,4,330
2011-12-06,20728,632.0,0.0,4,330
2011-12-07,20728,604.0,0.0,4,330
2011-12-08,20728,587.0,0.0,4,330
2011-12-09,20728,582.0,0.0,4,330
2011-08-11,20749,51.0,0.0,10,50
2011-08-12,20749,43.0,88.0,10,50
2011-08-13,20749,43.0,88.0,10,50
2011-08-14,20749,43.0,88.0,10,50
2011-08-15,20749,43.0,88.0,10,50
2011-08-16,20749,37.0,88.0,10,50
2011-08-17,20749,35.0,88.0,10,50
2011-08-18,20749,11.0,88.0,10,50
2011-08-19,20749,11.0,88.0,10,50
2011-08-20,20749,11.0,88.0,10,50
2011-08-21,20749,0.0,88.0,10,50
2011-08-22,20749,88.0,0.0,10,50
2011-08-23,20749,79.0,0.0,10,50
2011-08-24,20749,79.0,0.0,10,50
2011-08-25,20749,59.0,0.0,10,50
2011-08-26,20749,57.0,0.0,10,50
2011-08-27,20749,57.0,0.0,10,50
2011-08-28,20749,52.0,0.0,10,50
2011-08-29,20749,52.0,0.0,10,50
2011-08-30,20749,52.0,0.0,10,50
2011-08-31,20749,48.0,83.0,10,50
2011-09-01,20749,46.0,83.0,10,50
2011-09-02,20749,40.0,83.0,10,50
2011-09-03,20749,40.0,83.0,10,50
2011-09-04,20749,40.0,83.0,10,50
2011-09-05,20749,34.0,83.0,10,50
2011-09-06,20749,34.0,83.0,10,50
2011-09-07,20749,33.0,83.0,10,50
2011-09-08,20749,27.0,83.0,10,50
2011-09-09,20749,27.0,83.0,10,50
2011-09-10,20749,110.0,0.0,10,50
2011-09-11,20749,107.0,0.0,10,50
2011-09-12,20749,103.0,0.0,10,50
2011-09-13,20749,101.0,0.0,10,50
2011-09-14,20749,101.0,0.0,10,50
2011-09-15,20749,100.0,0.0,10,50
2011-09-16,20749,98.0,0.0,10,50
2011-09-17,20749,98.0,0.0,10,50
2011-09-18,20749,98.0,0.0,10,50
2011-09-19,20749,88.0,0.0,10,50
2011-09-20,20749,75.0,0.0,10,50
2011-09-21,20749,67.0,0.0,10,50
2011-09-22,20749,56.0,0.0,10,50
2011-09-23,20749,56.0,0.0,10,50
2011-09-24,20749,56.0,0.0,10,50
2011-09-25,20749,28.0,103.0,10,50
2011-09-26,20749,1.0,103.0,10,50
2011-09-27,20749,0.0,103.0,10,50
2011-09-28,20749,0.0,103.0,10,50
2011-09-29,20749,0.0,103.0,10,50
2011-09-30,20749,0.0,103.0,10,50
2011-10-01,20749,0.0,103.0,10,50
2011-10-02,20749,0.0,103.0,10,50
2011-10-03,20749,0.0,103.0,10,50
2011-10-04,20749,0.0,103.0,10,50
2011-10-05,20749,88.0,0.0,10,50
2011-10-06,20749,85.0,0.0,10,50
2011-10-07,20749,81.0,0.0,10,50
2011-10-08,20749,81.0,0.0,10,50
2011-10-09,20749,69.0,0.0,10,50
2011-10-10,20749,68.0,0.0,10,50
2011-10-11,20749,64.0,0.0,10,50
2011-10-12,20749,62.0,0.0,10,50
2011-10-13,20749,50.0,81.0,10,50
2011-10-14,20749,41.0,81.0,10,50
2011-10-15,20749,41.0,81.0,10,50
2011-10-16,20749,41.0,81.0,10,50
2011-10-17,20749,36.0,81.0,10,50
2011-10-18,20749,28.0,81.0,10,50
2011-10-19,20749,26.0,81.0,10,50
2011-10-20,20749,25.0,81.0,10,50
2011-10-21,20749,25.0,81.0,10,50
2011-10-22,20749,25.0,81.0,10,50
2011-10-23,20749,102.0,0.0,10,50
2011-10-24,20749,102.0,0.0,10,50
2011-10-25,20749,96.0,0.0,10,50
2011-10-26,20749,96.0,0.0,10,50
2011-10-27,20749,96.0,0.0,10,50
2011-10-28,20749,90.0,0.0,10,50
2011-10-29,20749,90.0,0.0,10,50
2011-10-30,20749,90.0,0.0,10,50
2011-10-31,20749,89.0,0.0,10,50
2011-11-01,20749,89.0,0.0,10,50
2011-11-02,20749,69.0,0.0,10,50
2011-11-03,20749,1.0,130.0,10,50
2011-11-04,20749,0.0,130.0,10,50
2011-11-05,20749,0.0,130.0,10,50
2011-11-06,20749,0.0,130.0,10,50
2011-11-07,20749,0.0,130.0,10,50
2011-11-08,20749,0.0,130.0,10,50
2011-11-09,20749,0.0,130.0,10,50
2011-11-10,20749,0.0,130.0,10,50
2011-11-11,20749,0.0,130.0,10,50
2011-11-12,20749,0.0,130.0,10,50
2011-11-13,20749,130.0,0.0,10,50
2011-11-14,20749,126.0,0.0,10,50
2011-11-15,20749,124.0,0.0,10,50
2011-11-16,20749,117.0,0.0,10,50
2011-11-17,20749,114.0,0.0,10,50
2011-11-18,20749,110.0,0.0,10,50
2011-11-19,20749,110.0,0.0,10,50
2011-11-20,20749,106.0,0.0,10,50
2011-11-21,20749,102.0,0.0,10,50
2011-11-22,20749,27.0,104.0,10,50
2011-11-23,20749,27.0,104.0,10,50
2011-11-24,20749,23.0,104.0,10,50
2011-11-25,20749,23.0,104.0,10,50
2011-11-26,20749,23.0,104.0,10,50
2011-11-27,20749,20.0,104.0,10,50
2011-11-28,20749,18.0,104.0,10,50
2011-11-29,20749,12.0,104.0,10,50
2011-11-30,20749,0.0,104.0,10,50
2011-12-01,20749,0.0,104.0,10,50
2011-12-02,20749,104.0,0.0,10,50
2011-12-03,20749,104.0,0.0,10,50
2011-12-04,20749,100.0,0.0,10,50
2011-12-05,20749,96.0,0.0,10,50
2011-12-06,20749,62.0,0.0,10,50
2011-12-07,20749,59.0,0.0,10,50
2011-12-08,20749,55.0,0.0,10,50
2011-12-09,20749,0.0,131.0,10,50
2011-08-11,20750,93.0,0.0,9,81
2011-08-12,20750,85.0,0.0,9,81
2011-08-13,20750,85.0,0.0,9,81
2011-08-14,20750,85.0,0.0,9,81
2011-08-15,20750,85.0,0.0,9,81
2011-08-16,20750,79.0,149.0,9,81
2011-08-17,20750,78.0,149.0,9,81
2011-08-18,20750,78.0,149.0,9,81
2011-08-19,20750,76.0,149.0,9,81
2011-08-20,20750,76.0,149.0,9,81
2011-08-21,20750,75.0,149.0,9,81
2011-08-22,20750,75.0,149.0,9,81
2011-08-23,20750,72.0,149.0,9,81
2011-08-24,20750,23.0,149.0,9,81
2011-08-25,20750,159.0,0.0,9,81
2011-08-26,20750,157.0,0.0,9,81
2011-08-27,20750,157.0,0.0,9,81
2011-08-28,20750,157.0,0.0,9,81
2011-08-29,20750,157.0,0.0,9,81
2011-08-30,20750,132.0,0.0,9,81
2011-08-31,20750,122.0,0.0,9,81
2011-09-01,20750,122.0,0.0,9,81
2011-09-02,20750,122.0,0.0,9,81
2011-09-03,20750,122.0,0.0,9,81
2011-09-04,20750,122.0,0.0,9,81
2011-09-05,20750,114.0,0.0,9,81
2011-09-06,20750,114.0,0.0,9,81
2011-09-07,20750,108.0,0.0,9,81
2011-09-08,20750,94.0,0.0,9,81
2011-09-09,20750,87.0,0.0,9,81
2011-09-10,20750,87.0,0.0,9,81
2011-09-11,20750,87.0,0.0,9,81
2011-09-12,20750,85.0,0.0,9,81
2011-09-13,20750,85.0,0.0,9,81
2011-09-14,20750,85.0,0.0,9,81
2011-09-15,20750,85.0,0.0,9,81
2011-09-16,20750,83.0,0.0,9,81
2011-09-17,20750,83.0,0.0,9,81
2011-09-18,20750,83.0,0.0,9,81
2011-09-19,20750,77.0,151.0,9,81
2011-09-20,20750,52.0,151.0,9,81
2011-09-21,20750,38.0,151.0,9,81
2011-09-22,20750,28.0,151.0,9,81
2011-09-23,20750,11.0,151.0,9,81
2011-09-24,20750,11.0,151.0,9,81
2011-09-25,20750,9.0,151.0,9,81
2011-09-26,20750,9.0,151.0,9,81
2011-09-27,20750,5.0,151.0,9,81
2011-09-28,20750,150.0,0.0,9,81
2011-09-29,20750,142.0,0.0,9,81
2011-09-30,20750,130.0,0.0,9,81
2011-10-01,20750,130.0,0.0,9,81
2011-10-02,20750,130.0,0.0,9,81
2011-10-03,20750,130.0,0.0,9,81
2011-10-04,20750,130.0,0.0,9,81
2011-10-05,20750,127.0,0.0,9,81
2011-10-06,20750,121.0,0.0,9,81
2011-10-07,20750,113.0,0.0,9,81
2011-10-08,20750,113.0,0.0,9,81
2011-10-09,20750,113.0,0.0,9,81
2011-10-10,20750,109.0,0.0,9,81
2011-10-11,20750,105.0,0.0,9,81
2011-10-12,20750,103.0,0.0,9,81
2011-10-13,20750,88.0,0.0,9,81
2011-10-14,20750,78.0,150.0,9,81
2011-10-15,20750,78.0,150.0,9,81
2011-10-16,20750,60.0,150.0,9,81
2011-10-17,20750,50.0,150.0,9,81
2011-10-18,20750,38.0,150.0,9,81
2011-10-19,20750,36.0,150.0,9,81
2011-10-20,20750,36.0,150.0,9,81
2011-10-21,20750,35.0,150.0,9,81
2011-10-22,20750,35.0,150.0,9,81
2011-10-23,20750,185.0,0.0,9,81
2011-10-24,20750,183.0,0.0,9,81
2011-10-25,20750,166.0,0.0,9,81
2011-10-26,20750,166.0,0.0,9,81
2011-10-27,20750,164.0,0.0,9,81
2011-10-28,20750,164.0,0.0,9,81
2011-10-29,20750,164.0,0.0,9,81
2011-10-30,20750,162.0,0.0,9,81
2011-10-31,20750,161.0,0.0,9,81
2011-11-01,20750,159.0,0.0,9,81
2011-11-02,20750,145.0,0.0,9,81
2011-11-03,20750,131.0,0.0,9,81
2011-11-04,20750,130.0,0.0,9,81
2011-11-05,20750,130.0,0.0,9,81
2011-11-06,20750,118.0,0.0,9,81
2011-11-07,20750,117.0,0.0,9,81
2011-11-08,20750,110.0,0.0,9,81
2011-11-09,20750,103.0,0.0,9,81
2011-11-10,20750,85.0,0.0,9,81
2011-11-11,20750,72.0,156.0,9,81
2011-11-12,20750,72.0,156.0,9,81
2011-11-13,20750,72.0,156.0,9,81
2011-11-14,20750,69.0,156.0,9,81
2011-11-15,20750,67.0,156.0,9,81
2011-11-16,20750,62.0,156.0,9,81
2011-11-17,20750,8.0,156.0,9,81
2011-11-18,20750,2.0,156.0,9,81
2011-11-19,20750,2.0,156.0,9,81
2011-11-20,20750,151.0,0.0,9,81
2011-11-21,20750,149.0,0.0,9,81
2011-11-22,20750,145.0,0.0,9,81
2011-11-23,20750,122.0,0.0,9,81
2011-11-24,20750,115.0,0.0,9,81
2011-11-25,20750,113.0,0.0,9,81
2011-11-26,20750,113.0,0.0,9,81
2011-11-27,20750,113.0,0.0,9,81
2011-11-28,20750,111.0,0.0,9,81
2011-11-29,20750,110.0,0.0,9,81
2011-11-30,20750,105.0,0.0,9,81
2011-12-01,20750,89.0,0.0,9,81
2011-12-02,20750,87.0,0.0,9,81
2011-12-03,20750,87.0,0.0,9,81
2011-12-04,20750,81.0,147.0,9,81
2011-12-05,20750,74.0,147.0,9,81
2011-12-06,20750,66.0,147.0,9,81
2011-12-07,20750,60.0,147.0,9,81
2011-12-08,20750,60.0,147.0,9,81
2011-12-09,20750,57.0,147.0,9,81
2011-08-11,20914,24.0,800.0,14,656
2011-08-12,20914,0.0,800.0,14,656
2011-08-13,20914,0.0,800.0,14,656
2011-08-14,20914,798.0,0.0,14,656
2011-08-15,20914,786.0,0.0,14,656
2011-08-16,20914,780.0,0.0,14,656
2011-08-17,20914,760.0,0.0,14,656
2011-08-18,20914,739.0,0.0,14,656
2011-08-19,20914,734.0,0.0,14,656
2011-08-20,20914,734.0,0.0,14,656
2011-08-21,20914,725.0,0.0,14,656
2011-08-22,20914,683.0,0.0,14,656
2011-08-23,20914,673.0,0.0,14,656
2011-08-24,20914,663.0,0.0,14,656
2011-08-25,20914,657.0,0.0,14,656
2011-08-26,20914,637.0,418.0,14,656
2011-08-27,20914,637.0,418.0,14,656
2011-08-28,20914,535.0,418.0,14,656
2011-08-29,20914,535.0,418.0,14,656
2011-08-30,20914,520.0,418.0,14,656
2011-08-31,20914,513.0,418.0,14,656
2011-09-01,20914,503.0,418.0,14,656
2011-09-02,20914,501.0,418.0,14,656
2011-09-03,20914,501.0,418.0,14,656
2011-09-04,20914,491.0,418.0,14,656
2011-09-05,20914,432.0,418.0,14,656
2011-09-06,20914,431.0,418.0,14,656
2011-09-07,20914,397.0,418.0,14,656
2011-09-08,20914,383.0,418.0,14,656
2011-09-09,20914,784.0,0.0,14,656
2011-09-10,20914,784.0,0.0,14,656
2011-09-11,20914,738.0,0.0,14,656
2011-09-12,20914,736.0,0.0,14,656
2011-09-13,20914,697.0,0.0,14,656
2011-09-14,20914,694.0,0.0,14,656
2011-09-15,20914,694.0,0.0,14,656
2011-09-16,20914,676.0,0.0,14,656
2011-09-17,20914,676.0,0.0,14,656
2011-09-18,20914,654.0,401.0,14,656
2011-09-19,20914,600.0,401.0,14,656
2011-09-20,20914,588.0,401.0,14,656
2011-09-21,20914,573.0,401.0,14,656
2011-09-22,20914,484.0,401.0,14,656
2011-09-23,20914,479.0,401.0,14,656
2011-09-24,20914,479.0,401.0,14,656
2011-09-25,20914,478.0,401.0,14,656
2011-09-26,20914,471.0,401.0,14,656
2011-09-27,20914,465.0,401.0,14,656
2011-09-28,20914,445.0,401.0,14,656
2011-09-29,20914,420.0,401.0,14,656
2011-09-30,20914,420.0,401.0,14,656
2011-10-01,20914,420.0,401.0,14,656
2011-10-02,20914,819.0,0.0,14,656
2011-10-03,20914,804.0,0.0,14,656
2011-10-04,20914,798.0,0.0,14,656
2011-10-05,20914,779.0,0.0,14,656
2011-10-06,20914,727.0,0.0,14,656
2011-10-07,20914,725.0,0.0,14,656
2011-10-08,20914,725.0,0.0,14,656
2011-10-09,20914,719.0,0.0,14,656
2011-10-10,20914,716.0,0.0,14,656
2011-10-11,20914,702.0,0.0,14,656
2011-10-12,20914,702.0,0.0,14,656
2011-10-13,20914,699.0,0.0,14,656
2011-10-14,20914,699.0,0.0,14,656
2011-10-15,20914,699.0,0.0,14,656
2011-10-16,20914,698.0,0.0,14,656
2011-10-17,20914,677.0,0.0,14,656
2011-10-18,20914,661.0,0.0,14,656
2011-10-19,20914,643.0,412.0,14,656
2011-10-20,20914,610.0,412.0,14,656
2011-10-21,20914,608.0,412.0,14,656
2011-10-22,20914,608.0,412.0,14,656
2011-10-23,20914,605.0,412.0,14,656
2011-10-24,20914,598.0,412.0,14,656
2011-10-25,20914,591.0,412.0,14,656
2011-10-26,20914,578.0,412.0,14,656
2011-10-27,20914,519.0,412.0,14,656
2011-10-28,20914,463.0,412.0,14,656
2011-10-29,20914,463.0,412.0,14,656
2011-10-30,20914,445.0,412.0,14,656
2011-10-31,20914,434.0,412.0,14,656
2011-11-01,20914,397.0,412.0,14,656
2011-11-02,20914,793.0,0.0,14,656
2011-11-03,20914,788.0,0.0,14,656
2011-11-04,20914,740.0,0.0,14,656
2011-11-05,20914,740.0,0.0,14,656
2011-11-06,20914,719.0,0.0,14,656
2011-11-07,20914,719.0,0.0,14,656
2011-11-08,20914,708.0,0.0,14,656
2011-11-09,20914,694.0,0.0,14,656
2011-11-10,20914,627.0,428.0,14,656
2011-11-11,20914,620.0,428.0,14,656
2011-11-12,20914,620.0,428.0,14,656
2011-11-13,20914,605.0,428.0,14,656
2011-11-14,20914,584.0,428.0,14,656
2011-11-15,20914,564.0,428.0,14,656
2011-11-16,20914,487.0,428.0,14,656
2011-11-17,20914,457.0,428.0,14,656
2011-11-18,20914,440.0,428.0,14,656
2011-11-19,20914,440.0,428.0,14,656
2011-11-20,20914,412.0,428.0,14,656
2011-11-21,20914,359.0,428.0,14,656
2011-11-22,20914,325.0,428.0,14,656
2011-11-23,20914,318.0,428.0,14,656
2011-11-24,20914,723.0,0.0,14,656
2011-11-25,20914,700.0,0.0,14,656
2011-11-26,20914,700.0,0.0,14,656
2011-11-27,20914,684.0,0.0,14,656
2011-11-28,20914,630.0,425.0,14,656
2011-11-29,20914,561.0,425.0,14,656
2011-11-30,20914,515.0,425.0,14,656
2011-12-01,20914,471.0,425.0,14,656
2011-12-02,20914,456.0,425.0,14,656
2011-12-03,20914,456.0,425.0,14,656
2011-12-04,20914,451.0,425.0,14,656
2011-12-05,20914,426.0,425.0,14,656
2011-12-06,20914,413.0,425.0,14,656
2011-12-07,20914,395.0,425.0,14,656
2011-12-08,20914,373.0,425.0,14,656
2011-12-09,20914,371.0,425.0,14,656
2011-08-11,20971,767.0,0.0,10,728
2011-08-12,20971,767.0,0.0,10,728
2011-08-13,20971,767.0,0.0,10,728
2011-08-14,20971,759.0,0.0,10,728
2011-08-15,20971,747.0,0.0,10,728
2011-08-16,20971,735.0,0.0,10,728
2011-08-17,20971,147.0,1163.0,10,728
2011-08-18,20971,135.0,1163.0,10,728
2011-08-19,20971,135.0,1163.0,10,728
2011-08-20,20971,135.0,1163.0,10,728
2011-08-21,20971,123.0,1163.0,10,728
2011-08-22,20971,123.0,1163.0,10,728
2011-08-23,20971,121.0,1163.0,10,728
2011-08-24,20971,80.0,1163.0,10,728
2011-08-25,20971,68.0,1163.0,10,728
2011-08-26,20971,68.0,1163.0,10,728
2011-08-27,20971,1231.0,0.0,10,728
2011-08-28,20971,1225.0,0.0,10,728
2011-08-29,20971,1225.0,0.0,10,728
2011-08-30,20971,1189.0,0.0,10,728
2011-08-31,20971,1189.0,0.0,10,728
2011-09-01,20971,1189.0,0.0,10,728
2011-09-02,20971,1189.0,0.0,10,728
2011-09-03,20971,1189.0,0.0,10,728
2011-09-04,20971,1184.0,0.0,10,728
2011-09-05,20971,1184.0,0.0,10,728
2011-09-06,20971,1148.0,0.0,10,728
2011-09-07,20971,1100.0,0.0,10,728
2011-09-08,20971,1088.0,0.0,10,728
2011-09-09,20971,1062.0,0.0,10,728
2011-09-10,20971,1062.0,0.0,10,728
2011-09-11,20971,1041.0,0.0,10,728
2011-09-12,20971,1041.0,0.0,10,728
2011-09-13,20971,1004.0,0.0,10,728
2011-09-14,20971,985.0,0.0,10,728
2011-09-15,20971,968.0,0.0,10,728
2011-09-16,20971,966.0,0.0,10,728
2011-09-17,20971,966.0,0.0,10,728
2011-09-18,20971,954.0,0.0,10,728
2011-09-19,20971,930.0,0.0,10,728
2011-09-20,20971,914.0,0.0,10,728
2011-09-21,20971,897.0,0.0,10,728
2011-09-22,20971,881.0,0.0,10,728
2011-09-23,20971,856.0,0.0,10,728
2011-09-24,20971,856.0,0.0,10,728
2011-09-25,20971,855.0,0.0,10,728
2011-09-26,20971,838.0,0.0,10,728
2011-09-27,20971,790.0,0.0,10,728
2011-09-28,20971,596.0,714.0,10,728
2011-09-29,20971,593.0,714.0,10,728
2011-09-30,20971,581.0,714.0,10,728
2011-10-01,20971,581.0,714.0,10,728
2011-10-02,20971,576.0,714.0,10,728
2011-10-03,20971,575.0,714.0,10,728
2011-10-04,20971,536.0,714.0,10,728
2011-10-05,20971,476.0,714.0,10,728
2011-10-06,20971,450.0,714.0,10,728
2011-10-07,20971,0.0,1310.0,10,728
2011-10-08,20971,714.0,596.0,10,728
2011-10-09,20971,697.0,596.0,10,728
2011-10-10,20971,684.0,596.0,10,728
2011-10-11,20971,672.0,596.0,10,728
2011-10-12,20971,647.0,596.0,10,728
2011-10-13,20971,503.0,596.0,10,728
2011-10-14,20971,478.0,596.0,10,728
2011-10-15,20971,478.0,596.0,10,728
2011-10-16,20971,478.0,596.0,10,728
2011-10-17,20971,1071.0,0.0,10,728
2011-10-18,20971,1059.0,0.0,10,728
2011-10-19,20971,1047.0,0.0,10,728
2011-10-20,20971,831.0,0.0,10,728
2011-10-21,20971,830.0,0.0,10,728
2011-10-22,20971,830.0,0.0,10,728
2011-10-23,20971,828.0,0.0,10,728
2011-10-24,20971,817.0,0.0,10,728
2011-10-25,20971,815.0,0.0,10,728
2011-10-26,20971,803.0,0.0,10,728
2011-10-27,20971,755.0,0.0,10,728
2011-10-28,20971,743.0,0.0,10,728
2011-10-29,20971,743.0,0.0,10,728
2011-10-30,20971,738.0,0.0,10,728
2011-10-31,20971,733.0,0.0,10,728
2011-11-01,20971,719.0,591.0,10,728
2011-11-02,20971,694.0,591.0,10,728
2011-11-03,20971,677.0,591.0,10,728
2011-11-04,20971,664.0,591.0,10,728
2011-11-05,20971,664.0,591.0,10,728
2011-11-06,20971,635.0,591.0,10,728
2011-11-07,20971,369.0,591.0,10,728
2011-11-08,20971,352.0,591.0,10,728
2011-11-09,20971,325.0,591.0,10,728
2011-11-10,20971,228.0,591.0,10,728
2011-11-11,20971,786.0,0.0,10,728
2011-11-12,20971,786.0,0.0,10,728
2011-11-13,20971,773.0,0.0,10,728
2011-11-14,20971,471.0,839.0,10,728
2011-11-15,20971,241.0,839.0,10,728
2011-11-16,20971,201.0,839.0,10,728
2011-11-17,20971,187.0,839.0,10,728
2011-11-18,20971,136.0,839.0,10,728
2011-11-19,20971,136.0,839.0,10,728
2011-11-20,20971,107.0,839.0,10,728
2011-11-21,20971,91.0,839.0,10,728
2011-11-22,20971,69.0,839.0,10,728
2011-11-23,20971,53.0,839.0,10,728
2011-11-24,20971,889.0,0.0,10,728
2011-11-25,20971,859.0,0.0,10,728
2011-11-26,20971,859.0,0.0,10,728
2011-11-27,20971,852.0,0.0,10,728
2011-11-28,20971,813.0,0.0,10,728
2011-11-29,20971,798.0,0.0,10,728
2011-11-30,20971,774.0,0.0,10,728
2011-12-01,20971,650.0,660.0,10,728
2011-12-02,20971,623.0,660.0,10,728
2011-12-03,20971,623.0,660.0,10,728
2011-12-04,20971,596.0,660.0,10,728
2011-12-05,20971,574.0,660.0,10,728
2011-12-06,20971,561.0,660.0,10,728
2011-12-07,20971,547.0,660.0,10,728
2011-12-08,20971,396.0,660.0,10,728
2011-12-09,20971,394.0,660.0,10,728
2011-08-11,20972,0.0,607.0,10,500
2011-08-12,20972,0.0,607.0,10,500
2011-08-13,20972,0.0,607.0,10,500
2011-08-14,20972,595.0,0.0,10,500
2011-08-15,20972,583.0,0.0,10,500
2011-08-16,20972,571.0,0.0,10,500
2011-08-17,20972,569.0,0.0,10,500
2011-08-18,20972,521.0,0.0,10,500
2011-08-19,20972,485.0,341.0,10,500
2011-08-20,20972,485.0,341.0,10,500
2011-08-21,20972,485.0,341.0,10,500
2011-08-22,20972,473.0,341.0,10,500
2011-08-23,20972,471.0,341.0,10,500
2011-08-24,20972,447.0,341.0,10,500
2011-08-25,20972,447.0,341.0,10,500
2011-08-26,20972,435.0,341.0,10,500
2011-08-27,20972,435.0,341.0,10,500
2011-08-28,20972,434.0,341.0,10,500
2011-08-29,20972,775.0,0.0,10,500
2011-08-30,20972,736.0,0.0,10,500
2011-08-31,20972,736.0,0.0,10,500
2011-09-01,20972,736.0,0.0,10,500
2011-09-02,20972,712.0,0.0,10,500
2011-09-03,20972,712.0,0.0,10,500
2011-09-04,20972,712.0,0.0,10,500
2011-09-05,20972,685.0,0.0,10,500
2011-09-06,20972,658.0,0.0,10,500
2011-09-07,20972,609.0,0.0,10,500
2011-09-08,20972,569.0,0.0,10,500
2011-09-09,20972,557.0,0.0,10,500
2011-09-10,20972,557.0,0.0,10,500
2011-09-11,20972,539.0,0.0,10,500
2011-09-12,20972,369.0,457.0,10,500
2011-09-13,20972,320.0,457.0,10,500
2011-09-14,20972,302.0,457.0,10,500
2011-09-15,20972,266.0,457.0,10,500
2011-09-16,20972,266.0,457.0,10,500
2011-09-17,20972,266.0,457.0,10,500
2011-09-18,20972,249.0,457.0,10,500
2011-09-19,20972,245.0,457.0,10,500
2011-09-20,20972,233.0,457.0,10,500
2011-09-21,20972,205.0,457.0,10,500
2011-09-22,20972,638.0,0.0,10,500
2011-09-23,20972,625.0,0.0,10,500
2011-09-24,20972,625.0,0.0,10,500
2011-09-25,20972,612.0,0.0,10,500
2011-09-26,20972,585.0,0.0,10,500
2011-09-27,20972,549.0,0.0,10,500
2011-09-28,20972,379.0,447.0,10,500
2011-09-29,20972,378.0,447.0,10,500
2011-09-30,20972,330.0,447.0,10,500
2011-10-01,20972,330.0,447.0,10,500
2011-10-02,20972,326.0,447.0,10,500
2011-10-03,20972,322.0,447.0,10,500
2011-10-04,20972,254.0,447.0,10,500
2011-10-05,20972,230.0,447.0,10,500
2011-10-06,20972,217.0,447.0,10,500
2011-10-07,20972,96.0,447.0,10,500
2011-10-08,20972,543.0,0.0,10,500
2011-10-09,20972,542.0,0.0,10,500
2011-10-10,20972,510.0,0.0,10,500
2011-10-11,20972,449.0,377.0,10,500
2011-10-12,20972,437.0,377.0,10,500
2011-10-13,20972,425.0,377.0,10,500
2011-10-14,20972,375.0,377.0,10,500
2011-10-15,20972,375.0,377.0,10,500
2011-10-16,20972,375.0,377.0,10,500
2011-10-17,20972,360.0,377.0,10,500
2011-10-18,20972,346.0,377.0,10,500
2011-10-19,20972,334.0,377.0,10,500
2011-10-20,20972,268.0,377.0,10,500
2011-10-21,20972,631.0,0.0,10,500
2011-10-22,20972,631.0,0.0,10,500
2011-10-23,20972,631.0,0.0,10,500
2011-10-24,20972,599.0,0.0,10,500
2011-10-25,20972,584.0,0.0,10,500
2011-10-26,20972,560.0,0.0,10,500
2011-10-27,20972,508.0,0.0,10,500
2011-10-28,20972,508.0,0.0,10,500
2011-10-29,20972,508.0,0.0,10,500
2011-10-30,20972,503.0,0.0,10,500
2011-10-31,20972,482.0,344.0,10,500
2011-11-01,20972,481.0,344.0,10,500
2011-11-02,20972,337.0,344.0,10,500
2011-11-03,20972,321.0,344.0,10,500
2011-11-04,20972,298.0,344.0,10,500
2011-11-05,20972,298.0,344.0,10,500
2011-11-06,20972,274.0,344.0,10,500
2011-11-07,20972,262.0,344.0,10,500
2011-11-08,20972,217.0,344.0,10,500
2011-11-09,20972,178.0,344.0,10,500
2011-11-10,20972,410.0,0.0,10,500
2011-11-11,20972,396.0,430.0,10,500
2011-11-12,20972,396.0,430.0,10,500
2011-11-13,20972,371.0,430.0,10,500
2011-11-14,20972,279.0,430.0,10,500
2011-11-15,20972,200.0,430.0,10,500
2011-11-16,20972,144.0,430.0,10,500
2011-11-17,20972,132.0,430.0,10,500
2011-11-18,20972,81.0,430.0,10,500
2011-11-19,20972,81.0,430.0,10,500
2011-11-20,20972,50.0,776.0,10,500
2011-11-21,20972,464.0,346.0,10,500
2011-11-22,20972,414.0,346.0,10,500
2011-11-23,20972,393.0,346.0,10,500
2011-11-24,20972,387.0,346.0,10,500
2011-11-25,20972,341.0,346.0,10,500
2011-11-26,20972,341.0,346.0,10,500
2011-11-27,20972,329.0,346.0,10,500
2011-11-28,20972,283.0,346.0,10,500
2011-11-29,20972,265.0,346.0,10,500
2011-11-30,20972,598.0,0.0,10,500
2011-12-01,20972,573.0,0.0,10,500
2011-12-02,20972,558.0,0.0,10,500
2011-12-03,20972,558.0,0.0,10,500
2011-12-04,20972,516.0,0.0,10,500
2011-12-05,20972,472.0,354.0,10,500
2011-12-06,20972,436.0,354.0,10,500
2011-12-07,20972,423.0,354.0,10,500
2011-12-08,20972,393.0,354.0,10,500
2011-12-09,20972,390.0,354.0,10,500
2011-08-11,21080,476.0,792.0,11,533
2011-08-12,21080,456.0,792.0,11,533
2011-08-13,21080,456.0,792.0,11,533
2011-08-14,21080,444.0,792.0,11,533
2011-08-15,21080,432.0,792.0,11,533
2011-08-16,21080,420.0,792.0,11,533
2011-08-17,21080,369.0,792.0,11,533
2011-08-18,21080,321.0,792.0,11,533
2011-08-19,21080,285.0,792.0,11,533
2011-08-20,21080,1077.0,0.0,11,533
2011-08-21,21080,1074.0,0.0,11,533
2011-08-22,21080,1074.0,0.0,11,533
2011-08-23,21080,1034.0,0.0,11,533
2011-08-24,21080,902.0,0.0,11,533
2011-08-25,21080,840.0,0.0,11,533
2011-08-26,21080,792.0,0.0,11,533
2011-08-27,21080,792.0,0.0,11,533
2011-08-28,21080,780.0,0.0,11,533
2011-08-29,21080,780.0,0.0,11,533
2011-08-30,21080,735.0,0.0,11,533
2011-08-31,21080,692.0,0.0,11,533
2011-09-01,21080,688.0,0.0,11,533
2011-09-02,21080,650.0,0.0,11,533
2011-09-03,21080,650.0,0.0,11,533
2011-09-04,21080,586.0,0.0,11,533
2011-09-05,21080,548.0,0.0,11,533
2011-09-06,21080,538.0,0.0,11,533
2011-09-07,21080,467.0,850.0,11,533
2011-09-08,21080,467.0,850.0,11,533
2011-09-09,21080,440.0,850.0,11,533
2011-09-10,21080,440.0,850.0,11,533
2011-09-11,21080,340.0,850.0,11,533
2011-09-12,21080,242.0,850.0,11,533
2011-09-13,21080,214.0,850.0,11,533
2011-09-14,21080,189.0,850.0,11,533
2011-09-15,21080,167.0,850.0,11,533
2011-09-16,21080,149.0,850.0,11,533
2011-09-17,21080,149.0,850.0,11,533
2011-09-18,21080,986.0,0.0,11,533
2011-09-19,21080,914.0,0.0,11,533
2011-09-20,21080,892.0,0.0,11,533
2011-09-21,21080,726.0,0.0,11,533
2011-09-22,21080,723.0,0.0,11,533
2011-09-23,21080,698.0,0.0,11,533
2011-09-24,21080,698.0,0.0,11,533
2011-09-25,21080,692.0,0.0,11,533
2011-09-26,21080,682.0,0.0,11,533
2011-09-27,21080,583.0,0.0,11,533
2011-09-28,21080,575.0,0.0,11,533
2011-09-29,21080,563.0,0.0,11,533
2011-09-30,21080,524.0,793.0,11,533
2011-10-01,21080,524.0,793.0,11,533
2011-10-02,21080,517.0,793.0,11,533
2011-10-03,21080,509.0,793.0,11,533
2011-10-04,21080,493.0,793.0,11,533
2011-10-05,21080,444.0,793.0,11,533
2011-10-06,21080,438.0,793.0,11,533
2011-10-07,21080,378.0,793.0,11,533
2011-10-08,21080,378.0,793.0,11,533
2011-10-09,21080,377.0,793.0,11,533
2011-10-10,21080,357.0,793.0,11,533
2011-10-11,21080,1136.0,0.0,11,533
2011-10-12,21080,1113.0,0.0,11,533
2011-10-13,21080,1107.0,0.0,11,533
2011-10-14,21080,1105.0,0.0,11,533
2011-10-15,21080,1105.0,0.0,11,533
2011-10-16,21080,1091.0,0.0,11,533
2011-10-17,21080,1061.0,0.0,11,533
2011-10-18,21080,940.0,0.0,11,533
2011-10-19,21080,924.0,0.0,11,533
2011-10-20,21080,804.0,0.0,11,533
2011-10-21,21080,804.0,0.0,11,533
2011-10-22,21080,804.0,0.0,11,533
2011-10-23,21080,803.0,0.0,11,533
2011-10-24,21080,771.0,0.0,11,533
2011-10-25,21080,767.0,0.0,11,533
2011-10-26,21080,761.0,0.0,11,533
2011-10-27,21080,733.0,0.0,11,533
2011-10-28,21080,601.0,0.0,11,533
2011-10-29,21080,601.0,0.0,11,533
2011-10-30,21080,571.0,0.0,11,533
2011-10-31,21080,525.0,792.0,11,533
2011-11-01,21080,509.0,792.0,11,533
2011-11-02,21080,505.0,792.0,11,533
2011-11-03,21080,489.0,792.0,11,533
2011-11-04,21080,450.0,792.0,11,533
2011-11-05,21080,450.0,792.0,11,533
2011-11-06,21080,437.0,792.0,11,533
2011-11-07,21080,419.0,792.0,11,533
2011-11-08,21080,380.0,792.0,11,533
2011-11-09,21080,379.0,792.0,11,533
2011-11-10,21080,338.0,792.0,11,533
2011-11-11,21080,1101.0,0.0,11,533
2011-11-12,21080,1101.0,0.0,11,533
2011-11-13,21080,974.0,0.0,11,533
2011-11-14,21080,944.0,0.0,11,533
2011-11-15,21080,944.0,0.0,11,533
2011-11-16,21080,841.0,0.0,11,533
2011-11-17,21080,829.0,0.0,11,533
2011-11-18,21080,799.0,0.0,11,533
2011-11-19,21080,799.0,0.0,11,533
2011-11-20,21080,770.0,0.0,11,533
2011-11-21,21080,743.0,0.0,11,533
2011-11-22,21080,714.0,0.0,11,533
2011-11-23,21080,516.0,801.0,11,533
2011-11-24,21080,500.0,801.0,11,533
2011-11-25,21080,487.0,801.0,11,533
2011-11-26,21080,487.0,801.0,11,533
2011-11-27,21080,476.0,801.0,11,533
2011-11-28,21080,459.0,801.0,11,533
2011-11-29,21080,444.0,801.0,11,533
2011-11-30,21080,435.0,801.0,11,533
2011-12-01,21080,429.0,801.0,11,533
2011-12-02,21080,379.0,801.0,11,533
2011-12-03,21080,379.0,801.0,11,533
2011-12-04,21080,1159.0,0.0,11,533
2011-12-05,21080,1111.0,0.0,11,533
2011-12-06,21080,1012.0,0.0,11,533
2011-12-07,21080,1007.0,0.0,11,533
2011-12-08,21080,1002.0,0.0,11,533
2011-12-09,21080,1002.0,0.0,11,533
2011-08-11,21137,500.0,0.0,8,198
2011-08-12,21137,452.0,0.0,8,198
2011-08-13,21137,452.0,0.0,8,198
2011-08-14,21137,452.0,0.0,8,198
2011-08-15,21137,404.0,0.0,8,198
2011-08-16,21137,404.0,0.0,8,198
2011-08-17,21137,403.0,0.0,8,198
2011-08-18,21137,235.0,0.0,8,198
2011-08-19,21137,230.0,0.0,8,198
2011-08-20,21137,230.0,0.0,8,198
2011-08-21,21137,182.0,459.0,8,198
2011-08-22,21137,178.0,459.0,8,198
2011-08-23,21137,178.0,459.0,8,198
2011-08-24,21137,175.0,459.0,8,198
2011-08-25,21137,163.0,459.0,8,198
2011-08-26,21137,163.0,459.0,8,198
2011-08-27,21137,163.0,459.0,8,198
2011-08-28,21137,163.0,459.0,8,198
2011-08-29,21137,622.0,0.0,8,198
2011-08-30,21137,618.0,0.0,8,198
2011-08-31,21137,618.0,0.0,8,198
2011-09-01,21137,618.0,0.0,8,198
2011-09-02,21137,522.0,0.0,8,198
2011-09-03,21137,522.0,0.0,8,198
2011-09-04,21137,446.0,0.0,8,198
2011-09-05,21137,442.0,0.0,8,198
2011-09-06,21137,442.0,0.0,8,198
2011-09-07,21137,442.0,0.0,8,198
2011-09-08,21137,442.0,0.0,8,198
2011-09-09,21137,442.0,0.0,8,198
2011-09-10,21137,442.0,0.0,8,198
2011-09-11,21137,342.0,0.0,8,198
2011-09-12,21137,310.0,0.0,8,198
2011-09-13,21137,306.0,0.0,8,198
2011-09-14,21137,135.0,506.0,8,198
2011-09-15,21137,135.0,506.0,8,198
2011-09-16,21137,132.0,506.0,8,198
2011-09-17,21137,132.0,506.0,8,198
2011-09-18,21137,132.0,506.0,8,198
2011-09-19,21137,132.0,506.0,8,198
2011-09-20,21137,132.0,506.0,8,198
2011-09-21,21137,132.0,506.0,8,198
2011-09-22,21137,614.0,0.0,8,198
2011-09-23,21137,605.0,0.0,8,198
2011-09-24,21137,605.0,0.0,8,198
2011-09-25,21137,600.0,0.0,8,198
2011-09-26,21137,552.0,0.0,8,198
2011-09-27,21137,543.0,0.0,8,198
2011-09-28,21137,515.0,0.0,8,198
2011-09-29,21137,405.0,0.0,8,198
2011-09-30,21137,405.0,0.0,8,198
2011-10-01,21137,405.0,0.0,8,198
2011-10-02,21137,398.0,0.0,8,198
2011-10-03,21137,362.0,0.0,8,198
2011-10-04,21137,262.0,0.0,8,198
2011-10-05,21137,262.0,0.0,8,198
2011-10-06,21137,221.0,0.0,8,198
2011-10-07,21137,93.0,548.0,8,198
2011-10-08,21137,93.0,548.0,8,198
2011-10-09,21137,93.0,548.0,8,198
2011-10-10,21137,86.0,548.0,8,198
2011-10-11,21137,83.0,548.0,8,198
2011-10-12,21137,83.0,548.0,8,198
2011-10-13,21137,74.0,548.0,8,198
2011-10-14,21137,74.0,548.0,8,198
2011-10-15,21137,622.0,0.0,8,198
2011-10-16,21137,620.0,0.0,8,198
2011-10-17,21137,492.0,0.0,8,198
2011-10-18,21137,488.0,0.0,8,198
2011-10-19,21137,488.0,0.0,8,198
2011-10-20,21137,450.0,0.0,8,198
2011-10-21,21137,438.0,0.0,8,198
2011-10-22,21137,438.0,0.0,8,198
2011-10-23,21137,436.0,0.0,8,198
2011-10-24,21137,436.0,0.0,8,198
2011-10-25,21137,435.0,0.0,8,198
2011-10-26,21137,411.0,0.0,8,198
2011-10-27,21137,394.0,0.0,8,198
2011-10-28,21137,345.0,0.0,8,198
2011-10-29,21137,345.0,0.0,8,198
2011-10-30,21137,341.0,0.0,8,198
2011-10-31,21137,325.0,0.0,8,198
2011-11-01,21137,315.0,0.0,8,198
2011-11-02,21137,75.0,566.0,8,198
2011-11-03,21137,0.0,566.0,8,198
2011-11-04,21137,0.0,566.0,8,198
2011-11-05,21137,0.0,566.0,8,198
2011-11-06,21137,0.0,566.0,8,198
2011-11-07,21137,0.0,566.0,8,198
2011-11-08,21137,0.0,566.0,8,198
2011-11-09,21137,0.0,566.0,8,198
2011-11-10,21137,396.0,0.0,8,198
2011-11-11,21137,323.0,0.0,8,198
2011-11-12,21137,323.0,0.0,8,198
2011-11-13,21137,319.0,0.0,8,198
2011-11-14,21137,308.0,0.0,8,198
2011-11-15,21137,294.0,0.0,8,198
2011-11-16,21137,236.0,0.0,8,198
2011-11-17,21137,233.0,0.0,8,198
2011-11-18,21137,88.0,553.0,8,198
2011-11-19,21137,88.0,553.0,8,198
2011-11-20,21137,64.0,553.0,8,198
2011-11-21,21137,42.0,553.0,8,198
2011-11-22,21137,28.0,553.0,8,198
2011-11-23,21137,8.0,553.0,8,198
2011-11-24,21137,0.0,553.0,8,198
2011-11-25,21137,0.0,553.0,8,198
2011-11-26,21137,553.0,0.0,8,198
2011-11-27,21137,546.0,0.0,8,198
2011-11-28,21137,526.0,0.0,8,198
2011-11-29,21137,449.0,0.0,8,198
2011-11-30,21137,431.0,0.0,8,198
2011-12-01,21137,431.0,0.0,8,198
2011-12-02,21137,365.0,0.0,8,198
2011-12-03,21137,365.0,0.0,8,198
2011-12-04,21137,363.0,0.0,8,198
2011-12-05,21137,339.0,0.0,8,198
2011-12-06,21137,112.0,529.0,8,198
2011-12-07,21137,87.0,529.0,8,198
2011-12-08,21137,0.0,529.0,8,198
2011-12-09,21137,0.0,529.0,8,198
2011-08-11,21166,249.0,0.0,4,232
2011-08-12,21166,249.0,0.0,4,232
2011-08-13,21166,249.0,0.0,4,232
2011-08-14,21166,249.0,0.0,4,232
2011-08-15,21166,249.0,0.0,4,232
2011-08-16,21166,249.0,0.0,4,232
2011-08-17,21166,249.0,0.0,4,232
2011-08-18,21166,249.0,0.0,4,232
2011-08-19,21166,249.0,0.0,4,232
2011-08-20,21166,249.0,0.0,4,232
2011-08-21,21166,249.0,0.0,4,232
2011-08-22,21166,249.0,0.0,4,232
2011-08-23,21166,249.0,0.0,4,232
2011-08-24,21166,249.0,0.0,4,232
2011-08-25,21166,249.0,0.0,4,232
2011-08-26,21166,249.0,0.0,4,232
2011-08-27,21166,249.0,0.0,4,232
2011-08-28,21166,249.0,0.0,4,232
2011-08-29,21166,249.0,0.0,4,232
2011-08-30,21166,249.0,0.0,4,232
2011-08-31,21166,249.0,0.0,4,232
2011-09-01,21166,249.0,0.0,4,232
2011-09-02,21166,249.0,0.0,4,232
2011-09-03,21166,249.0,0.0,4,232
2011-09-04,21166,224.0,273.0,4,232
2011-09-05,21166,0.0,273.0,4,232
2011-09-06,21166,0.0,273.0,4,232
2011-09-07,21166,0.0,273.0,4,232
2011-09-08,21166,250.0,0.0,4,232
2011-09-09,21166,142.0,355.0,4,232
2011-09-10,21166,142.0,355.0,4,232
2011-09-11,21166,115.0,355.0,4,232
2011-09-12,21166,113.0,355.0,4,232
2011-09-13,21166,437.0,0.0,4,232
2011-09-14,21166,269.0,0.0,4,232
2011-09-15,21166,240.0,0.0,4,232
2011-09-16,21166,213.0,284.0,4,232
2011-09-17,21166,213.0,284.0,4,232
2011-09-18,21166,211.0,284.0,4,232
2011-09-19,21166,186.0,284.0,4,232
2011-09-20,21166,32.0,0.0,4,232
2011-09-21,21166,0.0,497.0,4,232
2011-09-22,21166,0.0,497.0,4,232
2011-09-23,21166,0.0,497.0,4,232
2011-09-24,21166,0.0,497.0,4,232
2011-09-25,21166,490.0,0.0,4,232
2011-09-26,21166,370.0,0.0,4,232
2011-09-27,21166,345.0,0.0,4,232
2011-09-28,21166,330.0,0.0,4,232
2011-09-29,21166,255.0,0.0,4,232
2011-09-30,21166,36.0,461.0,4,232
2011-10-01,21166,36.0,461.0,4,232
2011-10-02,21166,33.0,461.0,4,232
2011-10-03,21166,0.0,461.0,4,232
2011-10-04,21166,440.0,0.0,4,232
2011-10-05,21166,375.0,0.0,4,232
2011-10-06,21166,349.0,0.0,4,232
2011-10-07,21166,300.0,0.0,4,232
2011-10-08,21166,300.0,0.0,4,232
2011-10-09,21166,298.0,0.0,4,232
2011-10-10,21166,270.0,0.0,4,232
2011-10-11,21166,240.0,0.0,4,232
2011-10-12,21166,180.0,317.0,4,232
2011-10-13,21166,154.0,317.0,4,232
2011-10-14,21166,142.0,317.0,4,232
2011-10-15,21166,142.0,317.0,4,232
2011-10-16,21166,447.0,0.0,4,232
2011-10-17,21166,422.0,0.0,4,232
2011-10-18,21166,422.0,0.0,4,232
2011-10-19,21166,401.0,0.0,4,232
2011-10-20,21166,381.0,0.0,4,232
2011-10-21,21166,381.0,0.0,4,232
2011-10-22,21166,381.0,0.0,4,232
2011-10-23,21166,380.0,0.0,4,232
2011-10-24,21166,234.0,0.0,4,232
2011-10-25,21166,226.0,271.0,4,232
2011-10-26,21166,130.0,271.0,4,232
2011-10-27,21166,116.0,271.0,4,232
2011-10-28,21166,92.0,271.0,4,232
2011-10-29,21166,363.0,0.0,4,232
2011-10-30,21166,343.0,0.0,4,232
2011-10-31,21166,313.0,0.0,4,232
2011-11-01,21166,306.0,0.0,4,232
2011-11-02,21166,208.0,289.0,4,232
2011-11-03,21166,3.0,289.0,4,232
2011-11-04,21166,0.0,289.0,4,232
2011-11-05,21166,0.0,289.0,4,232
2011-11-06,21166,269.0,0.0,4,232
2011-11-07,21166,229.0,268.0,4,232
2011-11-08,21166,204.0,268.0,4,232
2011-11-09,21166,201.0,268.0,4,232
2011-11-10,21166,201.0,268.0,4,232
2011-11-11,21166,467.0,0.0,4,232
2011-11-12,21166,467.0,0.0,4,232
2011-11-13,21166,467.0,0.0,4,232
2011-11-14,21166,275.0,0.0,4,232
2011-11-15,21166,275.0,0.0,4,232
2011-11-16,21166,275.0,0.0,4,232
2011-11-17,21166,275.0,0.0,4,232
2011-11-18,21166,275.0,0.0,4,232
2011-11-19,21166,275.0,0.0,4,232
2011-11-20,21166,275.0,0.0,4,232
2011-11-21,21166,275.0,0.0,4,232
2011-11-22,21166,275.0,0.0,4,232
2011-11-23,21166,275.0,0.0,4,232
2011-11-24,21166,275.0,0.0,4,232
2011-11-25,21166,275.0,0.0,4,232
2011-11-26,21166,275.0,0.0,4,232
2011-11-27,21166,263.0,0.0,4,232
2011-11-28,21166,0.0,497.0,4,232
2011-11-29,21166,0.0,497.0,4,232
2011-11-30,21166,0.0,497.0,4,232
2011-12-01,21166,0.0,497.0,4,232
2011-12-02,21166,409.0,0.0,4,232
2011-12-03,21166,409.0,0.0,4,232
2011-12-04,21166,378.0,0.0,4,232
2011-12-05,21166,124.0,373.0,4,232
2011-12-06,21166,92.0,373.0,4,232
2011-12-07,21166,0.0,373.0,4,232
2011-12-08,21166,0.0,373.0,4,232
2011-12-09,21166,368.0,0.0,4,232
2011-08-11,21175,703.0,0.0,14,578
2011-08-12,21175,655.0,0.0,14,578
2011-08-13,21175,655.0,0.0,14,578
2011-08-14,21175,640.0,0.0,14,578
2011-08-15,21175,616.0,0.0,14,578
2011-08-16,21175,602.0,0.0,14,578
2011-08-17,21175,587.0,0.0,14,578
2011-08-18,21175,580.0,0.0,14,578
2011-08-19,21175,580.0,0.0,14,578
2011-08-20,21175,580.0,0.0,14,578
2011-08-21,21175,579.0,0.0,14,578
2011-08-22,21175,567.0,589.0,14,578
2011-08-23,21175,567.0,589.0,14,578
2011-08-24,21175,567.0,589.0,14,578
2011-08-25,21175,567.0,589.0,14,578
2011-08-26,21175,567.0,589.0,14,578
2011-08-27,21175,567.0,589.0,14,578
2011-08-28,21175,567.0,589.0,14,578
2011-08-29,21175,567.0,589.0,14,578
2011-08-30,21175,566.0,589.0,14,578
2011-08-31,21175,566.0,589.0,14,578
2011-09-01,21175,566.0,589.0,14,578
2011-09-02,21175,566.0,589.0,14,578
2011-09-03,21175,566.0,589.0,14,578
2011-09-04,21175,551.0,589.0,14,578
2011-09-05,21175,1120.0,0.0,14,578
2011-09-06,21175,1071.0,0.0,14,578
2011-09-07,21175,974.0,0.0,14,578
2011-09-08,21175,961.0,0.0,14,578
2011-09-09,21175,852.0,0.0,14,578
2011-09-10,21175,852.0,0.0,14,578
2011-09-11,21175,804.0,0.0,14,578
2011-09-12,21175,792.0,0.0,14,578
2011-09-13,21175,749.0,0.0,14,578
2011-09-14,21175,675.0,0.0,14,578
2011-09-15,21175,660.0,0.0,14,578
2011-09-16,21175,648.0,0.0,14,578
2011-09-17,21175,648.0,0.0,14,578
2011-09-18,21175,638.0,0.0,14,578
2011-09-19,21175,625.0,0.0,14,578
2011-09-20,21175,368.0,788.0,14,578
2011-09-21,21175,330.0,788.0,14,578
2011-09-22,21175,299.0,788.0,14,578
2011-09-23,21175,298.0,788.0,14,578
2011-09-24,21175,298.0,788.0,14,578
2011-09-25,21175,284.0,788.0,14,578
2011-09-26,21175,248.0,788.0,14,578
2011-09-27,21175,224.0,788.0,14,578
2011-09-28,21175,207.0,788.0,14,578
2011-09-29,21175,168.0,788.0,14,578
2011-09-30,21175,142.0,788.0,14,578
2011-10-01,21175,142.0,788.0,14,578
2011-10-02,21175,138.0,788.0,14,578
2011-10-03,21175,0.0,788.0,14,578
2011-10-04,21175,786.0,0.0,14,578
2011-10-05,21175,758.0,0.0,14,578
2011-10-06,21175,709.0,0.0,14,578
2011-10-07,21175,708.0,0.0,14,578
2011-10-08,21175,708.0,0.0,14,578
2011-10-09,21175,708.0,0.0,14,578
2011-10-10,21175,578.0,578.0,14,578
2011-10-11,21175,539.0,578.0,14,578
2011-10-12,21175,479.0,578.0,14,578
2011-10-13,21175,478.0,578.0,14,578
2011-10-14,21175,430.0,578.0,14,578
2011-10-15,21175,430.0,578.0,14,578
2011-10-16,21175,418.0,578.0,14,578
2011-10-17,21175,381.0,578.0,14,578
2011-10-18,21175,377.0,578.0,14,578
2011-10-19,21175,353.0,578.0,14,578
2011-10-20,21175,353.0,578.0,14,578
2011-10-21,21175,353.0,578.0,14,578
2011-10-22,21175,353.0,578.0,14,578
2011-10-23,21175,351.0,578.0,14,578
2011-10-24,21175,828.0,0.0,14,578
2011-10-25,21175,813.0,0.0,14,578
2011-10-26,21175,804.0,0.0,14,578
2011-10-27,21175,753.0,0.0,14,578
2011-10-28,21175,727.0,0.0,14,578
2011-10-29,21175,727.0,0.0,14,578
2011-10-30,21175,708.0,0.0,14,578
2011-10-31,21175,676.0,0.0,14,578
2011-11-01,21175,662.0,0.0,14,578
2011-11-02,21175,644.0,0.0,14,578
2011-11-03,21175,451.0,705.0,14,578
2011-11-04,21175,389.0,705.0,14,578
2011-11-05,21175,389.0,705.0,14,578
2011-11-06,21175,373.0,705.0,14,578
2011-11-07,21175,332.0,705.0,14,578
2011-11-08,21175,317.0,705.0,14,578
2011-11-09,21175,243.0,705.0,14,578
2011-11-10,21175,203.0,705.0,14,578
2011-11-11,21175,184.0,705.0,14,578
2011-11-12,21175,184.0,705.0,14,578
2011-11-13,21175,107.0,705.0,14,578
2011-11-14,21175,0.0,705.0,14,578
2011-11-15,21175,0.0,705.0,14,578
2011-11-16,21175,0.0,705.0,14,578
2011-11-17,21175,670.0,0.0,14,578
2011-11-18,21175,652.0,0.0,14,578
2011-11-19,21175,652.0,0.0,14,578
2011-11-20,21175,568.0,588.0,14,578
2011-11-21,21175,324.0,588.0,14,578
2011-11-22,21175,302.0,588.0,14,578
2011-11-23,21175,275.0,588.0,14,578
2011-11-24,21175,253.0,588.0,14,578
2011-11-25,21175,237.0,588.0,14,578
2011-11-26,21175,237.0,588.0,14,578
2011-11-27,21175,231.0,588.0,14,578
2011-11-28,21175,227.0,588.0,14,578
2011-11-29,21175,182.0,588.0,14,578
2011-11-30,21175,0.0,588.0,14,578
2011-12-01,21175,0.0,588.0,14,578
2011-12-02,21175,0.0,588.0,14,578
2011-12-03,21175,0.0,588.0,14,578
2011-12-04,21175,574.0,0.0,14,578
2011-12-05,21175,524.0,632.0,14,578
2011-12-06,21175,499.0,632.0,14,578
2011-12-07,21175,493.0,632.0,14,578
2011-12-08,21175,451.0,632.0,14,578
2011-12-09,21175,401.0,632.0,14,578
2011-08-11,21181,982.0,0.0,8,498
2011-08-12,21181,982.0,0.0,8,498
2011-08-13,21181,982.0,0.0,8,498
2011-08-14,21181,982.0,0.0,8,498
2011-08-15,21181,982.0,0.0,8,498
2011-08-16,21181,982.0,0.0,8,498
2011-08-17,21181,982.0,0.0,8,498
2011-08-18,21181,982.0,0.0,8,498
2011-08-19,21181,982.0,0.0,8,498
2011-08-20,21181,982.0,0.0,8,498
2011-08-21,21181,982.0,0.0,8,498
2011-08-22,21181,982.0,0.0,8,498
2011-08-23,21181,982.0,0.0,8,498
2011-08-24,21181,982.0,0.0,8,498
2011-08-25,21181,982.0,0.0,8,498
2011-08-26,21181,982.0,0.0,8,498
2011-08-27,21181,982.0,0.0,8,498
2011-08-28,21181,982.0,0.0,8,498
2011-08-29,21181,982.0,0.0,8,498
2011-08-30,21181,982.0,0.0,8,498
2011-08-31,21181,982.0,0.0,8,498
2011-09-01,21181,982.0,0.0,8,498
2011-09-02,21181,982.0,0.0,8,498
2011-09-03,21181,982.0,0.0,8,498
2011-09-04,21181,943.0,0.0,8,498
2011-09-05,21181,206.0,995.0,8,498
2011-09-06,21181,0.0,995.0,8,498
2011-09-07,21181,0.0,995.0,8,498
2011-09-08,21181,0.0,995.0,8,498
2011-09-09,21181,0.0,995.0,8,498
2011-09-10,21181,0.0,995.0,8,498
2011-09-11,21181,0.0,995.0,8,498
2011-09-12,21181,0.0,995.0,8,498
2011-09-13,21181,976.0,0.0,8,498
2011-09-14,21181,828.0,0.0,8,498
2011-09-15,21181,753.0,0.0,8,498
2011-09-16,21181,677.0,0.0,8,498
2011-09-17,21181,677.0,0.0,8,498
2011-09-18,21181,622.0,0.0,8,498
2011-09-19,21181,597.0,0.0,8,498
2011-09-20,21181,534.0,0.0,8,498
2011-09-21,21181,497.0,704.0,8,498
2011-09-22,21181,448.0,704.0,8,498
2011-09-23,21181,440.0,704.0,8,498
2011-09-24,21181,440.0,704.0,8,498
2011-09-25,21181,386.0,704.0,8,498
2011-09-26,21181,212.0,704.0,8,498
2011-09-27,21181,166.0,704.0,8,498
2011-09-28,21181,135.0,704.0,8,498
2011-09-29,21181,767.0,0.0,8,498
2011-09-30,21181,724.0,0.0,8,498
2011-10-01,21181,724.0,0.0,8,498
2011-10-02,21181,717.0,0.0,8,498
2011-10-03,21181,463.0,738.0,8,498
2011-10-04,21181,412.0,738.0,8,498
2011-10-05,21181,356.0,738.0,8,498
2011-10-06,21181,241.0,738.0,8,498
2011-10-07,21181,154.0,738.0,8,498
2011-10-08,21181,154.0,738.0,8,498
2011-10-09,21181,141.0,738.0,8,498
2011-10-10,21181,12.0,738.0,8,498
2011-10-11,21181,683.0,0.0,8,498
2011-10-12,21181,671.0,0.0,8,498
2011-10-13,21181,655.0,0.0,8,498
2011-10-14,21181,573.0,0.0,8,498
2011-10-15,21181,573.0,0.0,8,498
2011-10-16,21181,562.0,0.0,8,498
2011-10-17,21181,523.0,0.0,8,498
2011-10-18,21181,504.0,0.0,8,498
2011-10-19,21181,485.0,716.0,8,498
2011-10-20,21181,461.0,716.0,8,498
2011-10-21,21181,436.0,716.0,8,498
2011-10-22,21181,436.0,716.0,8,498
2011-10-23,21181,434.0,716.0,8,498
2011-10-24,21181,0.0,716.0,8,498
2011-10-25,21181,0.0,716.0,8,498
2011-10-26,21181,0.0,716.0,8,498
2011-10-27,21181,615.0,0.0,8,498
2011-10-28,21181,494.0,707.0,8,498
2011-10-29,21181,494.0,707.0,8,498
2011-10-30,21181,464.0,707.0,8,498
2011-10-31,21181,417.0,707.0,8,498
2011-11-01,21181,417.0,707.0,8,498
2011-11-02,21181,417.0,707.0,8,498
2011-11-03,21181,417.0,707.0,8,498
2011-11-04,21181,417.0,707.0,8,498
2011-11-05,21181,1124.0,0.0,8,498
2011-11-06,21181,1124.0,0.0,8,498
2011-11-07,21181,1123.0,0.0,8,498
2011-11-08,21181,1117.0,0.0,8,498
2011-11-09,21181,1114.0,0.0,8,498
2011-11-10,21181,1114.0,0.0,8,498
2011-11-11,21181,1114.0,0.0,8,498
2011-11-12,21181,1114.0,0.0,8,498
2011-11-13,21181,1112.0,0.0,8,498
2011-11-14,21181,920.0,0.0,8,498
2011-11-15,21181,919.0,0.0,8,498
2011-11-16,21181,914.0,0.0,8,498
2011-11-17,21181,914.0,0.0,8,498
2011-11-18,21181,913.0,0.0,8,498
2011-11-19,21181,913.0,0.0,8,498
2011-11-20,21181,911.0,0.0,8,498
2011-11-21,21181,907.0,0.0,8,498
2011-11-22,21181,904.0,0.0,8,498
2011-11-23,21181,897.0,0.0,8,498
2011-11-24,21181,895.0,0.0,8,498
2011-11-25,21181,895.0,0.0,8,498
2011-11-26,21181,895.0,0.0,8,498
2011-11-27,21181,870.0,0.0,8,498
2011-11-28,21181,498.0,703.0,8,498
2011-11-29,21181,329.0,703.0,8,498
2011-11-30,21181,135.0,703.0,8,498
2011-12-01,21181,79.0,703.0,8,498
2011-12-02,21181,0.0,703.0,8,498
2011-12-03,21181,0.0,703.0,8,498
2011-12-04,21181,0.0,703.0,8,498
2011-12-05,21181,0.0,703.0,8,498
2011-12-06,21181,622.0,0.0,8,498
2011-12-07,21181,536.0,0.0,8,498
2011-12-08,21181,390.0,811.0,8,498
2011-12-09,21181,336.0,811.0,8,498
2011-08-11,21210,309.0,291.0,12,504
2011-08-12,21210,309.0,291.0,12,504
2011-08-13,21210,600.0,0.0,12,504
2011-08-14,21210,597.0,0.0,12,504
2011-08-15,21210,584.0,0.0,12,504
2011-08-16,21210,572.0,0.0,12,504
2011-08-17,21210,544.0,0.0,12,504
2011-08-18,21210,520.0,0.0,12,504
2011-08-19,21210,520.0,0.0,12,504
2011-08-20,21210,520.0,0.0,12,504
2011-08-21,21210,520.0,0.0,12,504
2011-08-22,21210,484.0,302.0,12,504
2011-08-23,21210,469.0,302.0,12,504
2011-08-24,21210,443.0,302.0,12,504
2011-08-25,21210,430.0,302.0,12,504
2011-08-26,21210,430.0,302.0,12,504
2011-08-27,21210,430.0,302.0,12,504
2011-08-28,21210,430.0,302.0,12,504
2011-08-29,21210,430.0,302.0,12,504
2011-08-30,21210,427.0,302.0,12,504
2011-08-31,21210,425.0,302.0,12,504
2011-09-01,21210,425.0,302.0,12,504
2011-09-02,21210,423.0,302.0,12,504
2011-09-03,21210,725.0,0.0,12,504
2011-09-04,21210,711.0,0.0,12,504
2011-09-05,21210,711.0,0.0,12,504
2011-09-06,21210,687.0,0.0,12,504
2011-09-07,21210,685.0,0.0,12,504
2011-09-08,21210,673.0,0.0,12,504
2011-09-09,21210,661.0,0.0,12,504
2011-09-10,21210,661.0,0.0,12,504
2011-09-11,21210,649.0,0.0,12,504
2011-09-12,21210,613.0,0.0,12,504
2011-09-13,21210,419.0,367.0,12,504
2011-09-14,21210,395.0,367.0,12,504
2011-09-15,21210,372.0,367.0,12,504
2011-09-16,21210,360.0,367.0,12,504
2011-09-17,21210,360.0,367.0,12,504
2011-09-18,21210,358.0,367.0,12,504
2011-09-19,21210,310.0,367.0,12,504
2011-09-20,21210,297.0,367.0,12,504
2011-09-21,21210,258.0,367.0,12,504
2011-09-22,21210,234.0,367.0,12,504
2011-09-23,21210,217.0,367.0,12,504
2011-09-24,21210,217.0,367.0,12,504
2011-09-25,21210,571.0,0.0,12,504
2011-09-26,21210,556.0,0.0,12,504
2011-09-27,21210,556.0,0.0,12,504
2011-09-28,21210,543.0,0.0,12,504
2011-09-29,21210,518.0,0.0,12,504
2011-09-30,21210,502.0,284.0,12,504
2011-10-01,21210,502.0,284.0,12,504
2011-10-02,21210,502.0,284.0,12,504
2011-10-03,21210,502.0,284.0,12,504
2011-10-04,21210,490.0,284.0,12,504
2011-10-05,21210,478.0,284.0,12,504
2011-10-06,21210,453.0,284.0,12,504
2011-10-07,21210,429.0,284.0,12,504
2011-10-08,21210,429.0,284.0,12,504
2011-10-09,21210,425.0,284.0,12,504
2011-10-10,21210,388.0,284.0,12,504
2011-10-11,21210,376.0,284.0,12,504
2011-10-12,21210,652.0,0.0,12,504
2011-10-13,21210,628.0,0.0,12,504
2011-10-14,21210,628.0,0.0,12,504
2011-10-15,21210,628.0,0.0,12,504
2011-10-16,21210,627.0,0.0,12,504
2011-10-17,21210,426.0,360.0,12,504
2011-10-18,21210,414.0,360.0,12,504
2011-10-19,21210,414.0,360.0,12,504
2011-10-20,21210,414.0,360.0,12,504
2011-10-21,21210,414.0,360.0,12,504
2011-10-22,21210,414.0,360.0,12,504
2011-10-23,21210,413.0,360.0,12,504
2011-10-24,21210,413.0,360.0,12,504
2011-10-25,21210,398.0,360.0,12,504
2011-10-26,21210,397.0,360.0,12,504
2011-10-27,21210,381.0,360.0,12,504
2011-10-28,21210,380.0,360.0,12,504
2011-10-29,21210,740.0,0.0,12,504
2011-10-30,21210,734.0,0.0,12,504
2011-10-31,21210,732.0,0.0,12,504
2011-11-01,21210,732.0,0.0,12,504
2011-11-02,21210,720.0,0.0,12,504
2011-11-03,21210,696.0,0.0,12,504
2011-11-04,21210,695.0,0.0,12,504
2011-11-05,21210,695.0,0.0,12,504
2011-11-06,21210,679.0,0.0,12,504
2011-11-07,21210,667.0,0.0,12,504
2011-11-08,21210,641.0,0.0,12,504
2011-11-09,21210,641.0,0.0,12,504
2011-11-10,21210,520.0,0.0,12,504
2011-11-11,21210,516.0,0.0,12,504
2011-11-12,21210,516.0,0.0,12,504
2011-11-13,21210,488.0,298.0,12,504
2011-11-14,21210,476.0,298.0,12,504
2011-11-15,21210,461.0,298.0,12,504
2011-11-16,21210,438.0,298.0,12,504
2011-11-17,21210,371.0,298.0,12,504
2011-11-18,21210,346.0,298.0,12,504
2011-11-19,21210,346.0,298.0,12,504
2011-11-20,21210,346.0,298.0,12,504
2011-11-21,21210,160.0,626.0,12,504
2011-11-22,21210,88.0,626.0,12,504
2011-11-23,21210,62.0,626.0,12,504
2011-11-24,21210,46.0,626.0,12,504
2011-11-25,21210,344.0,328.0,12,504
2011-11-26,21210,344.0,328.0,12,504
2011-11-27,21210,337.0,328.0,12,504
2011-11-28,21210,314.0,328.0,12,504
2011-11-29,21210,288.0,328.0,12,504
2011-11-30,21210,165.0,621.0,12,504
2011-12-01,21210,164.0,621.0,12,504
2011-12-02,21210,163.0,621.0,12,504
2011-12-03,21210,491.0,293.0,12,504
2011-12-04,21210,491.0,293.0,12,504
2011-12-05,21210,474.0,293.0,12,504
2011-12-06,21210,473.0,293.0,12,504
2011-12-07,21210,460.0,293.0,12,504
2011-12-08,21210,434.0,293.0,12,504
2011-12-09,21210,434.0,293.0,12,504
2011-08-11,21212,4254.0,0.0,10,2333
2011-08-12,21212,4180.0,0.0,10,2333
2011-08-13,21212,4180.0,0.0,10,2333
2011-08-14,21212,4177.0,0.0,10,2333
2011-08-15,21212,4099.0,0.0,10,2333
2011-08-16,21212,4048.0,0.0,10,2333
2011-08-17,21212,3976.0,0.0,10,2333
2011-08-18,21212,2607.0,0.0,10,2333
2011-08-19,21212,2535.0,0.0,10,2333
2011-08-20,21212,2535.0,0.0,10,2333
2011-08-21,21212,2527.0,0.0,10,2333
2011-08-22,21212,2455.0,0.0,10,2333
2011-08-23,21212,2323.0,2634.0,10,2333
2011-08-24,21212,2246.0,2634.0,10,2333
2011-08-25,21212,2222.0,2634.0,10,2333
2011-08-26,21212,2025.0,2634.0,10,2333
2011-08-27,21212,2025.0,2634.0,10,2333
2011-08-28,21212,2020.0,2634.0,10,2333
2011-08-29,21212,2020.0,2634.0,10,2333
2011-08-30,21212,1981.0,2634.0,10,2333
2011-08-31,21212,1944.0,2634.0,10,2333
2011-09-01,21212,1869.0,2634.0,10,2333
2011-09-02,21212,4274.0,0.0,10,2333
2011-09-03,21212,4274.0,0.0,10,2333
2011-09-04,21212,4196.0,0.0,10,2333
2011-09-05,21212,4040.0,0.0,10,2333
2011-09-06,21212,4003.0,0.0,10,2333
2011-09-07,21212,3953.0,0.0,10,2333
2011-09-08,21212,3831.0,0.0,10,2333
2011-09-09,21212,3652.0,0.0,10,2333
2011-09-10,21212,3652.0,0.0,10,2333
2011-09-11,21212,3484.0,0.0,10,2333
2011-09-12,21212,3484.0,0.0,10,2333
2011-09-13,21212,2674.0,0.0,10,2333
2011-09-14,21212,2638.0,0.0,10,2333
2011-09-15,21212,2573.0,0.0,10,2333
2011-09-16,21212,2532.0,0.0,10,2333
2011-09-17,21212,2532.0,0.0,10,2333
2011-09-18,21212,2529.0,0.0,10,2333
2011-09-19,21212,2167.0,2790.0,10,2333
2011-09-20,21212,2073.0,2790.0,10,2333
2011-09-21,21212,1866.0,2790.0,10,2333
2011-09-22,21212,1649.0,2790.0,10,2333
2011-09-23,21212,1566.0,2790.0,10,2333
2011-09-24,21212,1566.0,2790.0,10,2333
2011-09-25,21212,1555.0,2790.0,10,2333
2011-09-26,21212,1527.0,2790.0,10,2333
2011-09-27,21212,1438.0,2790.0,10,2333
2011-09-28,21212,1404.0,2790.0,10,2333
2011-09-29,21212,4123.0,0.0,10,2333
2011-09-30,21212,4074.0,0.0,10,2333
2011-10-01,21212,4074.0,0.0,10,2333
2011-10-02,21212,4063.0,0.0,10,2333
2011-10-03,21212,4037.0,0.0,10,2333
2011-10-04,21212,3954.0,0.0,10,2333
2011-10-05,21212,3930.0,0.0,10,2333
2011-10-06,21212,3784.0,0.0,10,2333
2011-10-07,21212,3598.0,0.0,10,2333
2011-10-08,21212,3598.0,0.0,10,2333
2011-10-09,21212,3594.0,0.0,10,2333
2011-10-10,21212,3489.0,0.0,10,2333
2011-10-11,21212,3406.0,0.0,10,2333
2011-10-12,21212,3357.0,0.0,10,2333
2011-10-13,21212,3188.0,0.0,10,2333
2011-10-14,21212,3167.0,0.0,10,2333
2011-10-15,21212,3167.0,0.0,10,2333
2011-10-16,21212,3143.0,0.0,10,2333
2011-10-17,21212,2868.0,0.0,10,2333
2011-10-18,21212,2788.0,0.0,10,2333
2011-10-19,21212,2788.0,0.0,10,2333
2011-10-20,21212,2716.0,0.0,10,2333
2011-10-21,21212,2667.0,0.0,10,2333
2011-10-22,21212,2667.0,0.0,10,2333
2011-10-23,21212,2640.0,0.0,10,2333
2011-10-24,21212,2626.0,0.0,10,2333
2011-10-25,21212,2565.0,0.0,10,2333
2011-10-26,21212,2505.0,0.0,10,2333
2011-10-27,21212,2444.0,0.0,10,2333
2011-10-28,21212,2200.0,2757.0,10,2333
2011-10-29,21212,2200.0,2757.0,10,2333
2011-10-30,21212,2119.0,2757.0,10,2333
2011-10-31,21212,2055.0,2757.0,10,2333
2011-11-01,21212,2027.0,2757.0,10,2333
2011-11-02,21212,1808.0,2757.0,10,2333
2011-11-03,21212,1279.0,2757.0,10,2333
2011-11-04,21212,1224.0,2757.0,10,2333
2011-11-05,21212,1224.0,2757.0,10,2333
2011-11-06,21212,1078.0,2757.0,10,2333
2011-11-07,21212,3758.0,0.0,10,2333
2011-11-08,21212,3692.0,0.0,10,2333
2011-11-09,21212,3688.0,0.0,10,2333
2011-11-10,21212,3610.0,0.0,10,2333
2011-11-11,21212,3560.0,0.0,10,2333
2011-11-12,21212,3560.0,0.0,10,2333
2011-11-13,21212,3473.0,0.0,10,2333
2011-11-14,21212,3309.0,0.0,10,2333
2011-11-15,21212,3247.0,0.0,10,2333
2011-11-16,21212,3159.0,0.0,10,2333
2011-11-17,21212,3075.0,0.0,10,2333
2011-11-18,21212,2966.0,0.0,10,2333
2011-11-19,21212,2966.0,0.0,10,2333
2011-11-20,21212,2885.0,0.0,10,2333
2011-11-21,21212,2785.0,0.0,10,2333
2011-11-22,21212,2686.0,0.0,10,2333
2011-11-23,21212,2605.0,0.0,10,2333
2011-11-24,21212,2604.0,0.0,10,2333
2011-11-25,21212,2559.0,0.0,10,2333
2011-11-26,21212,2559.0,0.0,10,2333
2011-11-27,21212,2544.0,0.0,10,2333
2011-11-28,21212,2484.0,0.0,10,2333
2011-11-29,21212,2432.0,0.0,10,2333
2011-11-30,21212,2191.0,2766.0,10,2333
2011-12-01,21212,2162.0,2766.0,10,2333
2011-12-02,21212,2046.0,2766.0,10,2333
2011-12-03,21212,2046.0,2766.0,10,2333
2011-12-04,21212,1998.0,2766.0,10,2333
2011-12-05,21212,1956.0,2766.0,10,2333
2011-12-06,21212,1866.0,2766.0,10,2333
2011-12-07,21212,1792.0,2766.0,10,2333
2011-12-08,21212,1741.0,2766.0,10,2333
2011-12-09,21212,1732.0,2766.0,10,2333
2011-08-11,21213,1399.0,0.0,12,893
2011-08-12,21213,1399.0,0.0,12,893
2011-08-13,21213,1399.0,0.0,12,893
2011-08-14,21213,1395.0,0.0,12,893
2011-08-15,21213,1395.0,0.0,12,893
2011-08-16,21213,1389.0,0.0,12,893
2011-08-17,21213,1341.0,0.0,12,893
2011-08-18,21213,620.0,1495.0,12,893
2011-08-19,21213,572.0,1495.0,12,893
2011-08-20,21213,572.0,1495.0,12,893
2011-08-21,21213,543.0,1495.0,12,893
2011-08-22,21213,471.0,1495.0,12,893
2011-08-23,21213,435.0,1495.0,12,893
2011-08-24,21213,414.0,1495.0,12,893
2011-08-25,21213,318.0,1495.0,12,893
2011-08-26,21213,316.0,1495.0,12,893
2011-08-27,21213,316.0,1495.0,12,893
2011-08-28,21213,312.0,1495.0,12,893
2011-08-29,21213,312.0,1495.0,12,893
2011-08-30,21213,1797.0,0.0,12,893
2011-08-31,21213,1797.0,0.0,12,893
2011-09-01,21213,1795.0,0.0,12,893
2011-09-02,21213,1641.0,0.0,12,893
2011-09-03,21213,1641.0,0.0,12,893
2011-09-04,21213,1588.0,0.0,12,893
2011-09-05,21213,1553.0,0.0,12,893
2011-09-06,21213,1272.0,0.0,12,893
2011-09-07,21213,1246.0,0.0,12,893
2011-09-08,21213,1191.0,0.0,12,893
2011-09-09,21213,1179.0,0.0,12,893
2011-09-10,21213,1179.0,0.0,12,893
2011-09-11,21213,789.0,1326.0,12,893
2011-09-12,21213,763.0,1326.0,12,893
2011-09-13,21213,138.0,1326.0,12,893
2011-09-14,21213,15.0,1326.0,12,893
2011-09-15,21213,0.0,1326.0,12,893
2011-09-16,21213,0.0,1326.0,12,893
2011-09-17,21213,0.0,1326.0,12,893
2011-09-18,21213,0.0,1326.0,12,893
2011-09-19,21213,0.0,1326.0,12,893
2011-09-20,21213,0.0,1326.0,12,893
2011-09-21,21213,0.0,1326.0,12,893
2011-09-22,21213,0.0,1326.0,12,893
2011-09-23,21213,1276.0,0.0,12,893
2011-09-24,21213,1276.0,0.0,12,893
2011-09-25,21213,1273.0,0.0,12,893
2011-09-26,21213,1184.0,0.0,12,893
2011-09-27,21213,1158.0,0.0,12,893
2011-09-28,21213,1120.0,0.0,12,893
2011-09-29,21213,1068.0,0.0,12,893
2011-09-30,21213,1040.0,0.0,12,893
2011-10-01,21213,1040.0,0.0,12,893
2011-10-02,21213,1031.0,0.0,12,893
2011-10-03,21213,1007.0,0.0,12,893
2011-10-04,21213,964.0,0.0,12,893
2011-10-05,21213,891.0,1224.0,12,893
2011-10-06,21213,836.0,1224.0,12,893
2011-10-07,21213,757.0,1224.0,12,893
2011-10-08,21213,757.0,1224.0,12,893
2011-10-09,21213,757.0,1224.0,12,893
2011-10-10,21213,728.0,1224.0,12,893
2011-10-11,21213,721.0,1224.0,12,893
2011-10-12,21213,697.0,1224.0,12,893
2011-10-13,21213,647.0,1224.0,12,893
2011-10-14,21213,586.0,1224.0,12,893
2011-10-15,21213,586.0,1224.0,12,893
2011-10-16,21213,584.0,1224.0,12,893
2011-10-17,21213,1688.0,0.0,12,893
2011-10-18,21213,1655.0,0.0,12,893
2011-10-19,21213,1555.0,0.0,12,893
2011-10-20,21213,1507.0,0.0,12,893
2011-10-21,21213,1474.0,0.0,12,893
2011-10-22,21213,1474.0,0.0,12,893
2011-10-23,21213,1472.0,0.0,12,893
2011-10-24,21213,1470.0,0.0,12,893
2011-10-25,21213,1440.0,0.0,12,893
2011-10-26,21213,1416.0,0.0,12,893
2011-10-27,21213,1265.0,0.0,12,893
2011-10-28,21213,1002.0,0.0,12,893
2011-10-29,21213,1002.0,0.0,12,893
2011-10-30,21213,967.0,0.0,12,893
2011-10-31,21213,908.0,0.0,12,893
2011-11-01,21213,908.0,0.0,12,893
2011-11-02,21213,907.0,0.0,12,893
2011-11-03,21213,859.0,1256.0,12,893
2011-11-04,21213,790.0,1256.0,12,893
2011-11-05,21213,790.0,1256.0,12,893
2011-11-06,21213,740.0,1256.0,12,893
2011-11-07,21213,716.0,1256.0,12,893
2011-11-08,21213,710.0,1256.0,12,893
2011-11-09,21213,685.0,1256.0,12,893
2011-11-10,21213,684.0,1256.0,12,893
2011-11-11,21213,637.0,1256.0,12,893
2011-11-12,21213,637.0,1256.0,12,893
2011-11-13,21213,623.0,1256.0,12,893
2011-11-14,21213,596.0,1256.0,12,893
2011-11-15,21213,1842.0,0.0,12,893
2011-11-16,21213,1827.0,0.0,12,893
2011-11-17,21213,1777.0,0.0,12,893
2011-11-18,21213,1745.0,0.0,12,893
2011-11-19,21213,1745.0,0.0,12,893
2011-11-20,21213,1716.0,0.0,12,893
2011-11-21,21213,1690.0,0.0,12,893
2011-11-22,21213,1684.0,0.0,12,893
2011-11-23,21213,1656.0,0.0,12,893
2011-11-24,21213,1656.0,0.0,12,893
2011-11-25,21213,1656.0,0.0,12,893
2011-11-26,21213,1656.0,0.0,12,893
2011-11-27,21213,1652.0,0.0,12,893
2011-11-28,21213,1626.0,0.0,12,893
2011-11-29,21213,1599.0,0.0,12,893
2011-11-30,21213,1478.0,0.0,12,893
2011-12-01,21213,1454.0,0.0,12,893
2011-12-02,21213,1448.0,0.0,12,893
2011-12-03,21213,1448.0,0.0,12,893
2011-12-04,21213,1442.0,0.0,12,893
2011-12-05,21213,1392.0,0.0,12,893
2011-12-06,21213,1389.0,0.0,12,893
2011-12-07,21213,1341.0,0.0,12,893
2011-12-08,21213,1338.0,0.0,12,893
2011-12-09,21213,1336.0,0.0,12,893
2011-08-11,21216,235.0,0.0,8,117
2011-08-12,21216,235.0,0.0,8,117
2011-08-13,21216,235.0,0.0,8,117
2011-08-14,21216,235.0,0.0,8,117
2011-08-15,21216,223.0,0.0,8,117
2011-08-16,21216,206.0,0.0,8,117
2011-08-17,21216,198.0,0.0,8,117
2011-08-18,21216,167.0,0.0,8,117
2011-08-19,21216,167.0,0.0,8,117
2011-08-20,21216,167.0,0.0,8,117
2011-08-21,21216,166.0,0.0,8,117
2011-08-22,21216,166.0,0.0,8,117
2011-08-23,21216,158.0,0.0,8,117
2011-08-24,21216,140.0,0.0,8,117
2011-08-25,21216,140.0,0.0,8,117
2011-08-26,21216,127.0,0.0,8,117
2011-08-27,21216,127.0,0.0,8,117
2011-08-28,21216,126.0,0.0,8,117
2011-08-29,21216,126.0,0.0,8,117
2011-08-30,21216,125.0,0.0,8,117
2011-08-31,21216,122.0,0.0,8,117
2011-09-01,21216,122.0,0.0,8,117
2011-09-02,21216,116.0,150.0,8,117
2011-09-03,21216,116.0,150.0,8,117
2011-09-04,21216,116.0,150.0,8,117
2011-09-05,21216,115.0,150.0,8,117
2011-09-06,21216,114.0,150.0,8,117
2011-09-07,21216,103.0,150.0,8,117
2011-09-08,21216,89.0,150.0,8,117
2011-09-09,21216,84.0,150.0,8,117
2011-09-10,21216,234.0,0.0,8,117
2011-09-11,21216,230.0,0.0,8,117
2011-09-12,21216,228.0,0.0,8,117
2011-09-13,21216,224.0,0.0,8,117
2011-09-14,21216,224.0,0.0,8,117
2011-09-15,21216,223.0,0.0,8,117
2011-09-16,21216,222.0,0.0,8,117
2011-09-17,21216,222.0,0.0,8,117
2011-09-18,21216,221.0,0.0,8,117
2011-09-19,21216,221.0,0.0,8,117
2011-09-20,21216,193.0,0.0,8,117
2011-09-21,21216,189.0,0.0,8,117
2011-09-22,21216,189.0,0.0,8,117
2011-09-23,21216,188.0,0.0,8,117
2011-09-24,21216,188.0,0.0,8,117
2011-09-25,21216,188.0,0.0,8,117
2011-09-26,21216,187.0,0.0,8,117
2011-09-27,21216,180.0,0.0,8,117
2011-09-28,21216,175.0,0.0,8,117
2011-09-29,21216,151.0,0.0,8,117
2011-09-30,21216,73.0,193.0,8,117
2011-10-01,21216,73.0,193.0,8,117
2011-10-02,21216,72.0,193.0,8,117
2011-10-03,21216,72.0,193.0,8,117
2011-10-04,21216,70.0,193.0,8,117
2011-10-05,21216,70.0,193.0,8,117
2011-10-06,21216,70.0,193.0,8,117
2011-10-07,21216,62.0,193.0,8,117
2011-10-08,21216,255.0,0.0,8,117
2011-10-09,21216,255.0,0.0,8,117
2011-10-10,21216,252.0,0.0,8,117
2011-10-11,21216,243.0,0.0,8,117
2011-10-12,21216,243.0,0.0,8,117
2011-10-13,21216,235.0,0.0,8,117
2011-10-14,21216,235.0,0.0,8,117
2011-10-15,21216,235.0,0.0,8,117
2011-10-16,21216,235.0,0.0,8,117
2011-10-17,21216,230.0,0.0,8,117
2011-10-18,21216,206.0,0.0,8,117
2011-10-19,21216,206.0,0.0,8,117
2011-10-20,21216,205.0,0.0,8,117
2011-10-21,21216,205.0,0.0,8,117
2011-10-22,21216,205.0,0.0,8,117
2011-10-23,21216,204.0,0.0,8,117
2011-10-24,21216,202.0,0.0,8,117
2011-10-25,21216,202.0,0.0,8,117
2011-10-26,21216,202.0,0.0,8,117
2011-10-27,21216,201.0,0.0,8,117
2011-10-28,21216,201.0,0.0,8,117
2011-10-29,21216,201.0,0.0,8,117
2011-10-30,21216,200.0,0.0,8,117
2011-10-31,21216,194.0,0.0,8,117
2011-11-01,21216,194.0,0.0,8,117
2011-11-02,21216,194.0,0.0,8,117
2011-11-03,21216,194.0,0.0,8,117
2011-11-04,21216,194.0,0.0,8,117
2011-11-05,21216,194.0,0.0,8,117
2011-11-06,21216,184.0,0.0,8,117
2011-11-07,21216,182.0,0.0,8,117
2011-11-08,21216,165.0,0.0,8,117
2011-11-09,21216,165.0,0.0,8,117
2011-11-10,21216,157.0,0.0,8,117
2011-11-11,21216,157.0,0.0,8,117
2011-11-12,21216,157.0,0.0,8,117
2011-11-13,21216,157.0,0.0,8,117
2011-11-14,21216,155.0,0.0,8,117
2011-11-15,21216,149.0,0.0,8,117
2011-11-16,21216,146.0,0.0,8,117
2011-11-17,21216,121.0,0.0,8,117
2011-11-18,21216,121.0,0.0,8,117
2011-11-19,21216,121.0,0.0,8,117
2011-11-20,21216,116.0,150.0,8,117
2011-11-21,21216,116.0,150.0,8,117
2011-11-22,21216,112.0,150.0,8,117
2011-11-23,21216,102.0,150.0,8,117
2011-11-24,21216,102.0,150.0,8,117
2011-11-25,21216,76.0,150.0,8,117
2011-11-26,21216,76.0,150.0,8,117
2011-11-27,21216,72.0,150.0,8,117
2011-11-28,21216,218.0,0.0,8,117
2011-11-29,21216,206.0,0.0,8,117
2011-11-30,21216,176.0,0.0,8,117
2011-12-01,21216,174.0,0.0,8,117
2011-12-02,21216,170.0,0.0,8,117
2011-12-03,21216,170.0,0.0,8,117
2011-12-04,21216,168.0,0.0,8,117
2011-12-05,21216,165.0,0.0,8,117
2011-12-06,21216,164.0,0.0,8,117
2011-12-07,21216,162.0,0.0,8,117
2011-12-08,21216,160.0,0.0,8,117
2011-12-09,21216,134.0,0.0,8,117
2011-08-11,21217,139.0,0.0,9,131
2011-08-12,21217,139.0,0.0,9,131
2011-08-13,21217,139.0,0.0,9,131
2011-08-14,21217,139.0,0.0,9,131
2011-08-15,21217,139.0,0.0,9,131
2011-08-16,21217,139.0,0.0,9,131
2011-08-17,21217,135.0,0.0,9,131
2011-08-18,21217,110.0,165.0,9,131
2011-08-19,21217,109.0,165.0,9,131
2011-08-20,21217,109.0,165.0,9,131
2011-08-21,21217,109.0,165.0,9,131
2011-08-22,21217,105.0,165.0,9,131
2011-08-23,21217,105.0,165.0,9,131
2011-08-24,21217,104.0,165.0,9,131
2011-08-25,21217,104.0,165.0,9,131
2011-08-26,21217,103.0,165.0,9,131
2011-08-27,21217,268.0,0.0,9,131
2011-08-28,21217,264.0,0.0,9,131
2011-08-29,21217,264.0,0.0,9,131
2011-08-30,21217,263.0,0.0,9,131
2011-08-31,21217,257.0,0.0,9,131
2011-09-01,21217,257.0,0.0,9,131
2011-09-02,21217,256.0,0.0,9,131
2011-09-03,21217,256.0,0.0,9,131
2011-09-04,21217,254.0,0.0,9,131
2011-09-05,21217,253.0,0.0,9,131
2011-09-06,21217,252.0,0.0,9,131
2011-09-07,21217,250.0,0.0,9,131
2011-09-08,21217,243.0,0.0,9,131
2011-09-09,21217,225.0,0.0,9,131
2011-09-10,21217,225.0,0.0,9,131
2011-09-11,21217,225.0,0.0,9,131
2011-09-12,21217,225.0,0.0,9,131
2011-09-13,21217,223.0,0.0,9,131
2011-09-14,21217,223.0,0.0,9,131
2011-09-15,21217,221.0,0.0,9,131
2011-09-16,21217,219.0,0.0,9,131
2011-09-17,21217,219.0,0.0,9,131
2011-09-18,21217,218.0,0.0,9,131
2011-09-19,21217,218.0,0.0,9,131
2011-09-20,21217,215.0,0.0,9,131
2011-09-21,21217,215.0,0.0,9,131
2011-09-22,21217,213.0,0.0,9,131
2011-09-23,21217,212.0,0.0,9,131
2011-09-24,21217,212.0,0.0,9,131
2011-09-25,21217,212.0,0.0,9,131
2011-09-26,21217,208.0,0.0,9,131
2011-09-27,21217,205.0,0.0,9,131
2011-09-28,21217,204.0,0.0,9,131
2011-09-29,21217,202.0,0.0,9,131
2011-09-30,21217,201.0,0.0,9,131
2011-10-01,21217,201.0,0.0,9,131
2011-10-02,21217,201.0,0.0,9,131
2011-10-03,21217,199.0,0.0,9,131
2011-10-04,21217,199.0,0.0,9,131
2011-10-05,21217,199.0,0.0,9,131
2011-10-06,21217,199.0,0.0,9,131
2011-10-07,21217,197.0,0.0,9,131
2011-10-08,21217,197.0,0.0,9,131
2011-10-09,21217,197.0,0.0,9,131
2011-10-10,21217,195.0,0.0,9,131
2011-10-11,21217,194.0,0.0,9,131
2011-10-12,21217,194.0,0.0,9,131
2011-10-13,21217,191.0,0.0,9,131
2011-10-14,21217,191.0,0.0,9,131
2011-10-15,21217,191.0,0.0,9,131
2011-10-16,21217,191.0,0.0,9,131
2011-10-17,21217,189.0,0.0,9,131
2011-10-18,21217,187.0,0.0,9,131
2011-10-19,21217,187.0,0.0,9,131
2011-10-20,21217,186.0,0.0,9,131
2011-10-21,21217,181.0,0.0,9,131
2011-10-22,21217,181.0,0.0,9,131
2011-10-23,21217,181.0,0.0,9,131
2011-10-24,21217,181.0,0.0,9,131
2011-10-25,21217,178.0,0.0,9,131
2011-10-26,21217,175.0,0.0,9,131
2011-10-27,21217,173.0,0.0,9,131
2011-10-28,21217,169.0,0.0,9,131
2011-10-29,21217,169.0,0.0,9,131
2011-10-30,21217,165.0,0.0,9,131
2011-10-31,21217,160.0,0.0,9,131
2011-11-01,21217,160.0,0.0,9,131
2011-11-02,21217,159.0,0.0,9,131
2011-11-03,21217,159.0,0.0,9,131
2011-11-04,21217,154.0,0.0,9,131
2011-11-05,21217,154.0,0.0,9,131
2011-11-06,21217,148.0,0.0,9,131
2011-11-07,21217,141.0,0.0,9,131
2011-11-08,21217,133.0,0.0,9,131
2011-11-09,21217,118.0,157.0,9,131
2011-11-10,21217,116.0,157.0,9,131
2011-11-11,21217,107.0,157.0,9,131
2011-11-12,21217,107.0,157.0,9,131
2011-11-13,21217,98.0,157.0,9,131
2011-11-14,21217,96.0,157.0,9,131
2011-11-15,21217,96.0,157.0,9,131
2011-11-16,21217,94.0,157.0,9,131
2011-11-17,21217,79.0,157.0,9,131
2011-11-18,21217,235.0,0.0,9,131
2011-11-19,21217,235.0,0.0,9,131
2011-11-20,21217,228.0,0.0,9,131
2011-11-21,21217,228.0,0.0,9,131
2011-11-22,21217,228.0,0.0,9,131
2011-11-23,21217,223.0,0.0,9,131
2011-11-24,21217,222.0,0.0,9,131
2011-11-25,21217,209.0,0.0,9,131
2011-11-26,21217,209.0,0.0,9,131
2011-11-27,21217,209.0,0.0,9,131
2011-11-28,21217,206.0,0.0,9,131
2011-11-29,21217,201.0,0.0,9,131
2011-11-30,21217,198.0,0.0,9,131
2011-12-01,21217,197.0,0.0,9,131
2011-12-02,21217,196.0,0.0,9,131
2011-12-03,21217,196.0,0.0,9,131
2011-12-04,21217,196.0,0.0,9,131
2011-12-05,21217,190.0,0.0,9,131
2011-12-06,21217,189.0,0.0,9,131
2011-12-07,21217,189.0,0.0,9,131
2011-12-08,21217,183.0,0.0,9,131
2011-12-09,21217,156.0,0.0,9,131
2011-08-11,21218,266.0,0.0,14,257
2011-08-12,21218,266.0,0.0,14,257
2011-08-13,21218,266.0,0.0,14,257
2011-08-14,21218,266.0,0.0,14,257
2011-08-15,21218,260.0,0.0,14,257
2011-08-16,21218,260.0,0.0,14,257
2011-08-17,21218,252.0,253.0,14,257
2011-08-18,21218,247.0,253.0,14,257
2011-08-19,21218,247.0,253.0,14,257
2011-08-20,21218,247.0,253.0,14,257
2011-08-21,21218,241.0,253.0,14,257
2011-08-22,21218,241.0,253.0,14,257
2011-08-23,21218,236.0,253.0,14,257
2011-08-24,21218,224.0,253.0,14,257
2011-08-25,21218,211.0,253.0,14,257
2011-08-26,21218,151.0,253.0,14,257
2011-08-27,21218,151.0,253.0,14,257
2011-08-28,21218,150.0,253.0,14,257
2011-08-29,21218,150.0,253.0,14,257
2011-08-30,21218,150.0,253.0,14,257
2011-08-31,21218,399.0,0.0,14,257
2011-09-01,21218,397.0,0.0,14,257
2011-09-02,21218,373.0,0.0,14,257
2011-09-03,21218,373.0,0.0,14,257
2011-09-04,21218,372.0,0.0,14,257
2011-09-05,21218,372.0,0.0,14,257
2011-09-06,21218,371.0,0.0,14,257
2011-09-07,21218,358.0,0.0,14,257
2011-09-08,21218,356.0,0.0,14,257
2011-09-09,21218,314.0,0.0,14,257
2011-09-10,21218,314.0,0.0,14,257
2011-09-11,21218,314.0,0.0,14,257
2011-09-12,21218,314.0,0.0,14,257
2011-09-13,21218,314.0,0.0,14,257
2011-09-14,21218,312.0,0.0,14,257
2011-09-15,21218,308.0,0.0,14,257
2011-09-16,21218,305.0,0.0,14,257
2011-09-17,21218,305.0,0.0,14,257
2011-09-18,21218,303.0,0.0,14,257
2011-09-19,21218,303.0,0.0,14,257
2011-09-20,21218,303.0,0.0,14,257
2011-09-21,21218,297.0,0.0,14,257
2011-09-22,21218,297.0,0.0,14,257
2011-09-23,21218,294.0,0.0,14,257
2011-09-24,21218,294.0,0.0,14,257
2011-09-25,21218,294.0,0.0,14,257
2011-09-26,21218,294.0,0.0,14,257
2011-09-27,21218,290.0,0.0,14,257
2011-09-28,21218,285.0,0.0,14,257
2011-09-29,21218,283.0,0.0,14,257
2011-09-30,21218,279.0,0.0,14,257
2011-10-01,21218,279.0,0.0,14,257
2011-10-02,21218,279.0,0.0,14,257
2011-10-03,21218,279.0,0.0,14,257
2011-10-04,21218,276.0,0.0,14,257
2011-10-05,21218,276.0,0.0,14,257
2011-10-06,21218,276.0,0.0,14,257
2011-10-07,21218,268.0,0.0,14,257
2011-10-08,21218,268.0,0.0,14,257
2011-10-09,21218,268.0,0.0,14,257
2011-10-10,21218,263.0,0.0,14,257
2011-10-11,21218,256.0,249.0,14,257
2011-10-12,21218,255.0,249.0,14,257
2011-10-13,21218,249.0,249.0,14,257
2011-10-14,21218,249.0,249.0,14,257
2011-10-15,21218,249.0,249.0,14,257
2011-10-16,21218,247.0,249.0,14,257
2011-10-17,21218,243.0,249.0,14,257
2011-10-18,21218,243.0,249.0,14,257
2011-10-19,21218,237.0,249.0,14,257
2011-10-20,21218,236.0,249.0,14,257
2011-10-21,21218,236.0,249.0,14,257
2011-10-22,21218,236.0,249.0,14,257
2011-10-23,21218,236.0,249.0,14,257
2011-10-24,21218,234.0,249.0,14,257
2011-10-25,21218,483.0,0.0,14,257
2011-10-26,21218,478.0,0.0,14,257
2011-10-27,21218,466.0,0.0,14,257
2011-10-28,21218,460.0,0.0,14,257
2011-10-29,21218,460.0,0.0,14,257
2011-10-30,21218,460.0,0.0,14,257
2011-10-31,21218,449.0,0.0,14,257
2011-11-01,21218,449.0,0.0,14,257
2011-11-02,21218,449.0,0.0,14,257
2011-11-03,21218,449.0,0.0,14,257
2011-11-04,21218,449.0,0.0,14,257
2011-11-05,21218,449.0,0.0,14,257
2011-11-06,21218,437.0,0.0,14,257
2011-11-07,21218,398.0,0.0,14,257
2011-11-08,21218,387.0,0.0,14,257
2011-11-09,21218,387.0,0.0,14,257
2011-11-10,21218,379.0,0.0,14,257
2011-11-11,21218,378.0,0.0,14,257
2011-11-12,21218,378.0,0.0,14,257
2011-11-13,21218,373.0,0.0,14,257
2011-11-14,21218,365.0,0.0,14,257
2011-11-15,21218,364.0,0.0,14,257
2011-11-16,21218,351.0,0.0,14,257
2011-11-17,21218,296.0,0.0,14,257
2011-11-18,21218,296.0,0.0,14,257
2011-11-19,21218,296.0,0.0,14,257
2011-11-20,21218,292.0,0.0,14,257
2011-11-21,21218,291.0,0.0,14,257
2011-11-22,21218,289.0,0.0,14,257
2011-11-23,21218,256.0,249.0,14,257
2011-11-24,21218,253.0,249.0,14,257
2011-11-25,21218,212.0,249.0,14,257
2011-11-26,21218,212.0,249.0,14,257
2011-11-27,21218,204.0,249.0,14,257
2011-11-28,21218,196.0,249.0,14,257
2011-11-29,21218,180.0,249.0,14,257
2011-11-30,21218,176.0,249.0,14,257
2011-12-01,21218,175.0,249.0,14,257
2011-12-02,21218,167.0,249.0,14,257
2011-12-03,21218,167.0,249.0,14,257
2011-12-04,21218,167.0,249.0,14,257
2011-12-05,21218,161.0,249.0,14,257
2011-12-06,21218,161.0,249.0,14,257
2011-12-07,21218,404.0,0.0,14,257
2011-12-08,21218,396.0,0.0,14,257
2011-12-09,21218,392.0,0.0,14,257
2011-08-11,21231,53.0,210.0,10,157
2011-08-12,21231,52.0,210.0,10,157
2011-08-13,21231,52.0,210.0,10,157
2011-08-14,21231,0.0,210.0,10,157
2011-08-15,21231,0.0,210.0,10,157
2011-08-16,21231,0.0,210.0,10,157
2011-08-17,21231,0.0,210.0,10,157
2011-08-18,21231,206.0,0.0,10,157
2011-08-19,21231,206.0,0.0,10,157
2011-08-20,21231,206.0,0.0,10,157
2011-08-21,21231,194.0,0.0,10,157
2011-08-22,21231,190.0,0.0,10,157
2011-08-23,21231,186.0,0.0,10,157
2011-08-24,21231,174.0,0.0,10,157
2011-08-25,21231,162.0,0.0,10,157
2011-08-26,21231,162.0,0.0,10,157
2011-08-27,21231,162.0,0.0,10,157
2011-08-28,21231,162.0,0.0,10,157
2011-08-29,21231,162.0,0.0,10,157
2011-08-30,21231,148.0,194.0,10,157
2011-08-31,21231,144.0,194.0,10,157
2011-09-01,21231,132.0,194.0,10,157
2011-09-02,21231,117.0,194.0,10,157
2011-09-03,21231,117.0,194.0,10,157
2011-09-04,21231,117.0,194.0,10,157
2011-09-05,21231,105.0,194.0,10,157
2011-09-06,21231,96.0,194.0,10,157
2011-09-07,21231,96.0,194.0,10,157
2011-09-08,21231,96.0,194.0,10,157
2011-09-09,21231,278.0,0.0,10,157
2011-09-10,21231,278.0,0.0,10,157
2011-09-11,21231,250.0,0.0,10,157
2011-09-12,21231,166.0,0.0,10,157
2011-09-13,21231,154.0,188.0,10,157
2011-09-14,21231,140.0,188.0,10,157
2011-09-15,21231,132.0,188.0,10,157
2011-09-16,21231,96.0,188.0,10,157
2011-09-17,21231,96.0,188.0,10,157
2011-09-18,21231,90.0,188.0,10,157
2011-09-19,21231,14.0,188.0,10,157
2011-09-20,21231,10.0,188.0,10,157
2011-09-21,21231,0.0,188.0,10,157
2011-09-22,21231,0.0,188.0,10,157
2011-09-23,21231,90.0,0.0,10,157
2011-09-24,21231,90.0,252.0,10,157
2011-09-25,21231,78.0,252.0,10,157
2011-09-26,21231,77.0,252.0,10,157
2011-09-27,21231,75.0,252.0,10,157
2011-09-28,21231,61.0,252.0,10,157
2011-09-29,21231,49.0,252.0,10,157
2011-09-30,21231,49.0,252.0,10,157
2011-10-01,21231,49.0,252.0,10,157
2011-10-02,21231,45.0,252.0,10,157
2011-10-03,21231,38.0,252.0,10,157
2011-10-04,21231,289.0,0.0,10,157
2011-10-05,21231,288.0,0.0,10,157
2011-10-06,21231,274.0,0.0,10,157
2011-10-07,21231,212.0,0.0,10,157
2011-10-08,21231,212.0,0.0,10,157
2011-10-09,21231,212.0,0.0,10,157
2011-10-10,21231,169.0,0.0,10,157
2011-10-11,21231,167.0,0.0,10,157
2011-10-12,21231,163.0,0.0,10,157
2011-10-13,21231,151.0,191.0,10,157
2011-10-14,21231,99.0,191.0,10,157
2011-10-15,21231,99.0,191.0,10,157
2011-10-16,21231,99.0,191.0,10,157
2011-10-17,21231,18.0,191.0,10,157
2011-10-18,21231,0.0,191.0,10,157
2011-10-19,21231,0.0,191.0,10,157
2011-10-20,21231,0.0,191.0,10,157
2011-10-21,21231,0.0,191.0,10,157
2011-10-22,21231,0.0,191.0,10,157
2011-10-23,21231,187.0,0.0,10,157
2011-10-24,21231,156.0,186.0,10,157
2011-10-25,21231,149.0,186.0,10,157
2011-10-26,21231,73.0,186.0,10,157
2011-10-27,21231,56.0,186.0,10,157
2011-10-28,21231,44.0,186.0,10,157
2011-10-29,21231,44.0,186.0,10,157
2011-10-30,21231,34.0,186.0,10,157
2011-10-31,21231,28.0,186.0,10,157
2011-11-01,21231,28.0,186.0,10,157
2011-11-02,21231,0.0,186.0,10,157
2011-11-03,21231,166.0,0.0,10,157
2011-11-04,21231,93.0,249.0,10,157
2011-11-05,21231,93.0,249.0,10,157
2011-11-06,21231,69.0,249.0,10,157
2011-11-07,21231,65.0,249.0,10,157
2011-11-08,21231,61.0,249.0,10,157
2011-11-09,21231,20.0,249.0,10,157
2011-11-10,21231,0.0,249.0,10,157
2011-11-11,21231,0.0,249.0,10,157
2011-11-12,21231,0.0,249.0,10,157
2011-11-13,21231,0.0,249.0,10,157
2011-11-14,21231,241.0,0.0,10,157
2011-11-15,21231,209.0,0.0,10,157
2011-11-16,21231,189.0,0.0,10,157
2011-11-17,21231,165.0,0.0,10,157
2011-11-18,21231,159.0,0.0,10,157
2011-11-19,21231,159.0,0.0,10,157
2011-11-20,21231,151.0,191.0,10,157
2011-11-21,21231,100.0,191.0,10,157
2011-11-22,21231,32.0,191.0,10,157
2011-11-23,21231,0.0,191.0,10,157
2011-11-24,21231,0.0,191.0,10,157
2011-11-25,21231,0.0,191.0,10,157
2011-11-26,21231,0.0,191.0,10,157
2011-11-27,21231,0.0,191.0,10,157
2011-11-28,21231,0.0,191.0,10,157
2011-11-29,21231,0.0,191.0,10,157
2011-11-30,21231,188.0,0.0,10,157
2011-12-01,21231,175.0,0.0,10,157
2011-12-02,21231,154.0,188.0,10,157
2011-12-03,21231,154.0,188.0,10,157
2011-12-04,21231,154.0,188.0,10,157
2011-12-05,21231,134.0,188.0,10,157
2011-12-06,21231,130.0,188.0,10,157
2011-12-07,21231,46.0,188.0,10,157
2011-12-08,21231,35.0,188.0,10,157
2011-12-09,21231,35.0,188.0,10,157
2011-08-11,21232,2988.0,0.0,4,909
2011-08-12,21232,2986.0,0.0,4,909
2011-08-13,21232,2986.0,0.0,4,909
2011-08-14,21232,2914.0,0.0,4,909
2011-08-15,21232,2890.0,0.0,4,909
2011-08-16,21232,2889.0,0.0,4,909
2011-08-17,21232,2826.0,0.0,4,909
2011-08-18,21232,2814.0,0.0,4,909
2011-08-19,21232,2806.0,0.0,4,909
2011-08-20,21232,2806.0,0.0,4,909
2011-08-21,21232,2806.0,0.0,4,909
2011-08-22,21232,2802.0,0.0,4,909
2011-08-23,21232,2802.0,0.0,4,909
2011-08-24,21232,2728.0,0.0,4,909
2011-08-25,21232,2713.0,0.0,4,909
2011-08-26,21232,2662.0,0.0,4,909
2011-08-27,21232,2662.0,0.0,4,909
2011-08-28,21232,2659.0,0.0,4,909
2011-08-29,21232,2659.0,0.0,4,909
2011-08-30,21232,2632.0,0.0,4,909
2011-08-31,21232,2632.0,0.0,4,909
2011-09-01,21232,2596.0,0.0,4,909
2011-09-02,21232,2586.0,0.0,4,909
2011-09-03,21232,2586.0,0.0,4,909
2011-09-04,21232,2586.0,0.0,4,909
2011-09-05,21232,2582.0,0.0,4,909
2011-09-06,21232,2547.0,0.0,4,909
2011-09-07,21232,2545.0,0.0,4,909
2011-09-08,21232,2388.0,0.0,4,909
2011-09-09,21232,2339.0,0.0,4,909
2011-09-10,21232,2339.0,0.0,4,909
2011-09-11,21232,2299.0,0.0,4,909
2011-09-12,21232,2250.0,0.0,4,909
2011-09-13,21232,2145.0,0.0,4,909
2011-09-14,21232,2131.0,0.0,4,909
2011-09-15,21232,2121.0,0.0,4,909
2011-09-16,21232,2096.0,0.0,4,909
2011-09-17,21232,2096.0,0.0,4,909
2011-09-18,21232,2086.0,0.0,4,909
2011-09-19,21232,1974.0,0.0,4,909
2011-09-20,21232,1958.0,0.0,4,909
2011-09-21,21232,1941.0,0.0,4,909
2011-09-22,21232,1934.0,0.0,4,909
2011-09-23,21232,1894.0,0.0,4,909
2011-09-24,21232,1894.0,0.0,4,909
2011-09-25,21232,1880.0,0.0,4,909
2011-09-26,21232,1841.0,0.0,4,909
2011-09-27,21232,1809.0,0.0,4,909
2011-09-28,21232,1707.0,0.0,4,909
2011-09-29,21232,1695.0,0.0,4,909
2011-09-30,21232,1670.0,0.0,4,909
2011-10-01,21232,1670.0,0.0,4,909
2011-10-02,21232,1669.0,0.0,4,909
2011-10-03,21232,1664.0,0.0,4,909
2011-10-04,21232,1624.0,0.0,4,909
2011-10-05,21232,1559.0,0.0,4,909
2011-10-06,21232,1546.0,0.0,4,909
2011-10-07,21232,1541.0,0.0,4,909
2011-10-08,21232,1541.0,0.0,4,909
2011-10-09,21232,1539.0,0.0,4,909
2011-10-10,21232,1509.0,0.0,4,909
2011-10-11,21232,1468.0,0.0,4,909
2011-10-12,21232,1391.0,0.0,4,909
2011-10-13,21232,1103.0,0.0,4,909
2011-10-14,21232,1073.0,0.0,4,909
2011-10-15,21232,1073.0,0.0,4,909
2011-10-16,21232,1073.0,0.0,4,909
2011-10-17,21232,953.0,0.0,4,909
2011-10-18,21232,943.0,0.0,4,909
2011-10-19,21232,938.0,0.0,4,909
2011-10-20,21232,910.0,0.0,4,909
2011-10-21,21232,825.0,2206.0,4,909
2011-10-22,21232,825.0,2206.0,4,909
2011-10-23,21232,819.0,2206.0,4,909
2011-10-24,21232,815.0,2206.0,4,909
2011-10-25,21232,3006.0,0.0,4,909
2011-10-26,21232,2930.0,0.0,4,909
2011-10-27,21232,2895.0,0.0,4,909
2011-10-28,21232,2894.0,0.0,4,909
2011-10-29,21232,2894.0,0.0,4,909
2011-10-30,21232,2890.0,0.0,4,909
2011-10-31,21232,2856.0,0.0,4,909
2011-11-01,21232,2856.0,0.0,4,909
2011-11-02,21232,2803.0,0.0,4,909
2011-11-03,21232,2719.0,0.0,4,909
2011-11-04,21232,2678.0,0.0,4,909
2011-11-05,21232,2678.0,0.0,4,909
2011-11-06,21232,2653.0,0.0,4,909
2011-11-07,21232,2636.0,0.0,4,909
2011-11-08,21232,2609.0,0.0,4,909
2011-11-09,21232,2609.0,0.0,4,909
2011-11-10,21232,2552.0,0.0,4,909
2011-11-11,21232,2533.0,0.0,4,909
2011-11-12,21232,2533.0,0.0,4,909
2011-11-13,21232,2503.0,0.0,4,909
2011-11-14,21232,2419.0,0.0,4,909
2011-11-15,21232,1842.0,0.0,4,909
2011-11-16,21232,1828.0,0.0,4,909
2011-11-17,21232,1762.0,0.0,4,909
2011-11-18,21232,1760.0,0.0,4,909
2011-11-19,21232,1760.0,0.0,4,909
2011-11-20,21232,1735.0,0.0,4,909
2011-11-21,21232,1660.0,0.0,4,909
2011-11-22,21232,1653.0,0.0,4,909
2011-11-23,21232,1559.0,0.0,4,909
2011-11-24,21232,1557.0,0.0,4,909
2011-11-25,21232,1511.0,0.0,4,909
2011-11-26,21232,1511.0,0.0,4,909
2011-11-27,21232,1510.0,0.0,4,909
2011-11-28,21232,1473.0,0.0,4,909
2011-11-29,21232,1409.0,0.0,4,909
2011-11-30,21232,1353.0,0.0,4,909
2011-12-01,21232,1102.0,0.0,4,909
2011-12-02,21232,1074.0,0.0,4,909
2011-12-03,21232,1074.0,0.0,4,909
2011-12-04,21232,1050.0,0.0,4,909
2011-12-05,21232,975.0,0.0,4,909
2011-12-06,21232,972.0,0.0,4,909
2011-12-07,21232,831.0,2200.0,4,909
2011-12-08,21232,802.0,2200.0,4,909
2011-12-09,21232,788.0,2200.0,4,909
2011-08-11,21314,153.0,376.0,8,216
2011-08-12,21314,143.0,376.0,8,216
2011-08-13,21314,143.0,376.0,8,216
2011-08-14,21314,135.0,376.0,8,216
2011-08-15,21314,135.0,376.0,8,216
2011-08-16,21314,511.0,0.0,8,216
2011-08-17,21314,500.0,0.0,8,216
2011-08-18,21314,497.0,0.0,8,216
2011-08-19,21314,497.0,0.0,8,216
2011-08-20,21314,497.0,0.0,8,216
2011-08-21,21314,497.0,0.0,8,216
2011-08-22,21314,497.0,0.0,8,216
2011-08-23,21314,481.0,0.0,8,216
2011-08-24,21314,481.0,0.0,8,216
2011-08-25,21314,481.0,0.0,8,216
2011-08-26,21314,481.0,0.0,8,216
2011-08-27,21314,481.0,0.0,8,216
2011-08-28,21314,478.0,0.0,8,216
2011-08-29,21314,478.0,0.0,8,216
2011-08-30,21314,472.0,0.0,8,216
2011-08-31,21314,472.0,0.0,8,216
2011-09-01,21314,464.0,0.0,8,216
2011-09-02,21314,446.0,0.0,8,216
2011-09-03,21314,446.0,0.0,8,216
2011-09-04,21314,444.0,0.0,8,216
2011-09-05,21314,444.0,0.0,8,216
2011-09-06,21314,444.0,0.0,8,216
2011-09-07,21314,383.0,0.0,8,216
2011-09-08,21314,358.0,0.0,8,216
2011-09-09,21314,344.0,0.0,8,216
2011-09-10,21314,344.0,0.0,8,216
2011-09-11,21314,328.0,0.0,8,216
2011-09-12,21314,307.0,0.0,8,216
2011-09-13,21314,251.0,0.0,8,216
2011-09-14,21314,251.0,0.0,8,216
2011-09-15,21314,219.0,0.0,8,216
2011-09-16,21314,211.0,375.0,8,216
2011-09-17,21314,211.0,375.0,8,216
2011-09-18,21314,203.0,375.0,8,216
2011-09-19,21314,198.0,375.0,8,216
2011-09-20,21314,178.0,375.0,8,216
2011-09-21,21314,109.0,375.0,8,216
2011-09-22,21314,108.0,375.0,8,216
2011-09-23,21314,94.0,375.0,8,216
2011-09-24,21314,469.0,0.0,8,216
2011-09-25,21314,401.0,0.0,8,216
2011-09-26,21314,401.0,0.0,8,216
2011-09-27,21314,400.0,0.0,8,216
2011-09-28,21314,397.0,0.0,8,216
2011-09-29,21314,373.0,0.0,8,216
2011-09-30,21314,364.0,0.0,8,216
2011-10-01,21314,364.0,0.0,8,216
2011-10-02,21314,364.0,0.0,8,216
2011-10-03,21314,355.0,0.0,8,216
2011-10-04,21314,348.0,0.0,8,216
2011-10-05,21314,330.0,0.0,8,216
2011-10-06,21314,328.0,0.0,8,216
2011-10-07,21314,328.0,0.0,8,216
2011-10-08,21314,328.0,0.0,8,216
2011-10-09,21314,328.0,0.0,8,216
2011-10-10,21314,324.0,0.0,8,216
2011-10-11,21314,324.0,0.0,8,216
2011-10-12,21314,314.0,0.0,8,216
2011-10-13,21314,312.0,0.0,8,216
2011-10-14,21314,296.0,0.0,8,216
2011-10-15,21314,296.0,0.0,8,216
2011-10-16,21314,296.0,0.0,8,216
2011-10-17,21314,294.0,0.0,8,216
2011-10-18,21314,272.0,0.0,8,216
2011-10-19,21314,272.0,0.0,8,216
2011-10-20,21314,256.0,0.0,8,216
2011-10-21,21314,254.0,0.0,8,216
2011-10-22,21314,254.0,0.0,8,216
2011-10-23,21314,250.0,0.0,8,216
2011-10-24,21314,201.0,385.0,8,216
2011-10-25,21314,145.0,385.0,8,216
2011-10-26,21314,137.0,385.0,8,216
2011-10-27,21314,137.0,385.0,8,216
2011-10-28,21314,112.0,385.0,8,216
2011-10-29,21314,112.0,385.0,8,216
2011-10-30,21314,103.0,385.0,8,216
2011-10-31,21314,51.0,385.0,8,216
2011-11-01,21314,428.0,0.0,8,216
2011-11-02,21314,417.0,0.0,8,216
2011-11-03,21314,406.0,0.0,8,216
2011-11-04,21314,403.0,0.0,8,216
2011-11-05,21314,403.0,0.0,8,216
2011-11-06,21314,392.0,0.0,8,216
2011-11-07,21314,392.0,0.0,8,216
2011-11-08,21314,381.0,0.0,8,216
2011-11-09,21314,371.0,0.0,8,216
2011-11-10,21314,363.0,0.0,8,216
2011-11-11,21314,336.0,0.0,8,216
2011-11-12,21314,336.0,0.0,8,216
2011-11-13,21314,330.0,0.0,8,216
2011-11-14,21314,277.0,0.0,8,216
2011-11-15,21314,276.0,0.0,8,216
2011-11-16,21314,267.0,0.0,8,216
2011-11-17,21314,206.0,380.0,8,216
2011-11-18,21314,205.0,380.0,8,216
2011-11-19,21314,205.0,380.0,8,216
2011-11-20,21314,201.0,380.0,8,216
2011-11-21,21314,199.0,380.0,8,216
2011-11-22,21314,193.0,380.0,8,216
2011-11-23,21314,177.0,380.0,8,216
2011-11-24,21314,155.0,380.0,8,216
2011-11-25,21314,521.0,0.0,8,216
2011-11-26,21314,521.0,0.0,8,216
2011-11-27,21314,517.0,0.0,8,216
2011-11-28,21314,503.0,0.0,8,216
2011-11-29,21314,453.0,0.0,8,216
2011-11-30,21314,440.0,0.0,8,216
2011-12-01,21314,429.0,0.0,8,216
2011-12-02,21314,420.0,0.0,8,216
2011-12-03,21314,420.0,0.0,8,216
2011-12-04,21314,420.0,0.0,8,216
2011-12-05,21314,415.0,0.0,8,216
2011-12-06,21314,401.0,0.0,8,216
2011-12-07,21314,329.0,0.0,8,216
2011-12-08,21314,278.0,0.0,8,216
2011-12-09,21314,228.0,0.0,8,216
2011-08-11,21479,0.0,294.0,14,244
2011-08-12,21479,0.0,294.0,14,244
2011-08-13,21479,0.0,294.0,14,244
2011-08-14,21479,0.0,294.0,14,244
2011-08-15,21479,0.0,294.0,14,244
2011-08-16,21479,0.0,294.0,14,244
2011-08-17,21479,0.0,294.0,14,244
2011-08-18,21479,294.0,0.0,14,244
2011-08-19,21479,294.0,0.0,14,244
2011-08-20,21479,294.0,0.0,14,244
2011-08-21,21479,293.0,0.0,14,244
2011-08-22,21479,293.0,0.0,14,244
2011-08-23,21479,293.0,0.0,14,244
2011-08-24,21479,288.0,0.0,14,244
2011-08-25,21479,286.0,0.0,14,244
2011-08-26,21479,286.0,0.0,14,244
2011-08-27,21479,286.0,0.0,14,244
2011-08-28,21479,286.0,0.0,14,244
2011-08-29,21479,286.0,0.0,14,244
2011-08-30,21479,285.0,0.0,14,244
2011-08-31,21479,285.0,0.0,14,244
2011-09-01,21479,261.0,0.0,14,244
2011-09-02,21479,254.0,0.0,14,244
2011-09-03,21479,254.0,0.0,14,244
2011-09-04,21479,250.0,0.0,14,244
2011-09-05,21479,250.0,0.0,14,244
2011-09-06,21479,245.0,0.0,14,244
2011-09-07,21479,242.0,165.0,14,244
2011-09-08,21479,241.0,165.0,14,244
2011-09-09,21479,231.0,165.0,14,244
2011-09-10,21479,231.0,165.0,14,244
2011-09-11,21479,224.0,165.0,14,244
2011-09-12,21479,199.0,165.0,14,244
2011-09-13,21479,195.0,165.0,14,244
2011-09-14,21479,190.0,165.0,14,244
2011-09-15,21479,152.0,165.0,14,244
2011-09-16,21479,144.0,165.0,14,244
2011-09-17,21479,144.0,165.0,14,244
2011-09-18,21479,141.0,165.0,14,244
2011-09-19,21479,141.0,165.0,14,244
2011-09-20,21479,134.0,165.0,14,244
2011-09-21,21479,294.0,0.0,14,244
2011-09-22,21479,290.0,0.0,14,244
2011-09-23,21479,283.0,0.0,14,244
2011-09-24,21479,283.0,0.0,14,244
2011-09-25,21479,281.0,0.0,14,244
2011-09-26,21479,267.0,0.0,14,244
2011-09-27,21479,259.0,0.0,14,244
2011-09-28,21479,249.0,0.0,14,244
2011-09-29,21479,249.0,0.0,14,244
2011-09-30,21479,218.0,189.0,14,244
2011-10-01,21479,218.0,189.0,14,244
2011-10-02,21479,216.0,189.0,14,244
2011-10-03,21479,188.0,189.0,14,244
2011-10-04,21479,172.0,189.0,14,244
2011-10-05,21479,166.0,189.0,14,244
2011-10-06,21479,166.0,189.0,14,244
2011-10-07,21479,162.0,189.0,14,244
2011-10-08,21479,162.0,189.0,14,244
2011-10-09,21479,161.0,189.0,14,244
2011-10-10,21479,157.0,189.0,14,244
2011-10-11,21479,121.0,189.0,14,244
2011-10-12,21479,116.0,189.0,14,244
2011-10-13,21479,108.0,189.0,14,244
2011-10-14,21479,271.0,0.0,14,244
2011-10-15,21479,271.0,0.0,14,244
2011-10-16,21479,254.0,0.0,14,244
2011-10-17,21479,223.0,184.0,14,244
2011-10-18,21479,198.0,184.0,14,244
2011-10-19,21479,192.0,184.0,14,244
2011-10-20,21479,186.0,184.0,14,244
2011-10-21,21479,166.0,184.0,14,244
2011-10-22,21479,166.0,184.0,14,244
2011-10-23,21479,163.0,184.0,14,244
2011-10-24,21479,154.0,184.0,14,244
2011-10-25,21479,138.0,184.0,14,244
2011-10-26,21479,110.0,184.0,14,244
2011-10-27,21479,96.0,184.0,14,244
2011-10-28,21479,63.0,184.0,14,244
2011-10-29,21479,63.0,184.0,14,244
2011-10-30,21479,54.0,353.0,14,244
2011-10-31,21479,214.0,169.0,14,244
2011-11-01,21479,207.0,169.0,14,244
2011-11-02,21479,197.0,169.0,14,244
2011-11-03,21479,188.0,169.0,14,244
2011-11-04,21479,173.0,169.0,14,244
2011-11-05,21479,173.0,169.0,14,244
2011-11-06,21479,162.0,169.0,14,244
2011-11-07,21479,152.0,169.0,14,244
2011-11-08,21479,93.0,169.0,14,244
2011-11-09,21479,81.0,169.0,14,244
2011-11-10,21479,50.0,357.0,14,244
2011-11-11,21479,25.0,357.0,14,244
2011-11-12,21479,25.0,357.0,14,244
2011-11-13,21479,187.0,188.0,14,244
2011-11-14,21479,175.0,188.0,14,244
2011-11-15,21479,108.0,188.0,14,244
2011-11-16,21479,86.0,188.0,14,244
2011-11-17,21479,0.0,407.0,14,244
2011-11-18,21479,0.0,407.0,14,244
2011-11-19,21479,0.0,407.0,14,244
2011-11-20,21479,0.0,407.0,14,244
2011-11-21,21479,0.0,407.0,14,244
2011-11-22,21479,0.0,407.0,14,244
2011-11-23,21479,0.0,407.0,14,244
2011-11-24,21479,177.0,219.0,14,244
2011-11-25,21479,140.0,219.0,14,244
2011-11-26,21479,140.0,219.0,14,244
2011-11-27,21479,120.0,219.0,14,244
2011-11-28,21479,65.0,219.0,14,244
2011-11-29,21479,36.0,219.0,14,244
2011-11-30,21479,23.0,384.0,14,244
2011-12-01,21479,226.0,165.0,14,244
2011-12-02,21479,187.0,165.0,14,244
2011-12-03,21479,187.0,165.0,14,244
2011-12-04,21479,161.0,165.0,14,244
2011-12-05,21479,137.0,165.0,14,244
2011-12-06,21479,83.0,165.0,14,244
2011-12-07,21479,68.0,339.0,14,244
2011-12-08,21479,0.0,339.0,14,244
2011-12-09,21479,0.0,339.0,14,244
2011-08-11,21481,88.0,231.0,8,215
2011-08-12,21481,313.0,0.0,8,215
2011-08-13,21481,313.0,0.0,8,215
2011-08-14,21481,313.0,0.0,8,215
2011-08-15,21481,313.0,0.0,8,215
2011-08-16,21481,295.0,0.0,8,215
2011-08-17,21481,295.0,0.0,8,215
2011-08-18,21481,295.0,0.0,8,215
2011-08-19,21481,294.0,0.0,8,215
2011-08-20,21481,294.0,0.0,8,215
2011-08-21,21481,293.0,0.0,8,215
2011-08-22,21481,293.0,0.0,8,215
2011-08-23,21481,293.0,0.0,8,215
2011-08-24,21481,280.0,0.0,8,215
2011-08-25,21481,272.0,0.0,8,215
2011-08-26,21481,264.0,0.0,8,215
2011-08-27,21481,264.0,0.0,8,215
2011-08-28,21481,180.0,238.0,8,215
2011-08-29,21481,180.0,238.0,8,215
2011-08-30,21481,180.0,238.0,8,215
2011-08-31,21481,174.0,238.0,8,215
2011-09-01,21481,174.0,238.0,8,215
2011-09-02,21481,174.0,238.0,8,215
2011-09-03,21481,174.0,238.0,8,215
2011-09-04,21481,174.0,238.0,8,215
2011-09-05,21481,406.0,0.0,8,215
2011-09-06,21481,405.0,0.0,8,215
2011-09-07,21481,400.0,0.0,8,215
2011-09-08,21481,382.0,0.0,8,215
2011-09-09,21481,374.0,0.0,8,215
2011-09-10,21481,374.0,0.0,8,215
2011-09-11,21481,368.0,0.0,8,215
2011-09-12,21481,368.0,0.0,8,215
2011-09-13,21481,365.0,0.0,8,215
2011-09-14,21481,323.0,0.0,8,215
2011-09-15,21481,282.0,0.0,8,215
2011-09-16,21481,281.0,0.0,8,215
2011-09-17,21481,281.0,0.0,8,215
2011-09-18,21481,280.0,0.0,8,215
2011-09-19,21481,208.0,210.0,8,215
2011-09-20,21481,207.0,210.0,8,215
2011-09-21,21481,199.0,210.0,8,215
2011-09-22,21481,158.0,210.0,8,215
2011-09-23,21481,147.0,210.0,8,215
2011-09-24,21481,147.0,210.0,8,215
2011-09-25,21481,139.0,210.0,8,215
2011-09-26,21481,131.0,210.0,8,215
2011-09-27,21481,301.0,0.0,8,215
2011-09-28,21481,296.0,0.0,8,215
2011-09-29,21481,285.0,0.0,8,215
2011-09-30,21481,285.0,0.0,8,215
2011-10-01,21481,285.0,0.0,8,215
2011-10-02,21481,284.0,0.0,8,215
2011-10-03,21481,284.0,0.0,8,215
2011-10-04,21481,272.0,0.0,8,215
2011-10-05,21481,270.0,0.0,8,215
2011-10-06,21481,270.0,0.0,8,215
2011-10-07,21481,269.0,0.0,8,215
2011-10-08,21481,269.0,0.0,8,215
2011-10-09,21481,267.0,0.0,8,215
2011-10-10,21481,267.0,0.0,8,215
2011-10-11,21481,254.0,0.0,8,215
2011-10-12,21481,246.0,0.0,8,215
2011-10-13,21481,224.0,0.0,8,215
2011-10-14,21481,224.0,0.0,8,215
2011-10-15,21481,224.0,0.0,8,215
2011-10-16,21481,178.0,240.0,8,215
2011-10-17,21481,166.0,240.0,8,215
2011-10-18,21481,155.0,240.0,8,215
2011-10-19,21481,119.0,240.0,8,215
2011-10-20,21481,43.0,240.0,8,215
2011-10-21,21481,31.0,240.0,8,215
2011-10-22,21481,31.0,240.0,8,215
2011-10-23,21481,25.0,240.0,8,215
2011-10-24,21481,258.0,0.0,8,215
2011-10-25,21481,211.0,207.0,8,215
2011-10-26,21481,204.0,207.0,8,215
2011-10-27,21481,193.0,207.0,8,215
2011-10-28,21481,181.0,207.0,8,215
2011-10-29,21481,181.0,207.0,8,215
2011-10-30,21481,175.0,207.0,8,215
2011-10-31,21481,167.0,207.0,8,215
2011-11-01,21481,158.0,207.0,8,215
2011-11-02,21481,365.0,0.0,8,215
2011-11-03,21481,360.0,0.0,8,215
2011-11-04,21481,344.0,0.0,8,215
2011-11-05,21481,344.0,0.0,8,215
2011-11-06,21481,329.0,0.0,8,215
2011-11-07,21481,318.0,0.0,8,215
2011-11-08,21481,313.0,0.0,8,215
2011-11-09,21481,291.0,0.0,8,215
2011-11-10,21481,210.0,208.0,8,215
2011-11-11,21481,198.0,208.0,8,215
2011-11-12,21481,198.0,208.0,8,215
2011-11-13,21481,189.0,208.0,8,215
2011-11-14,21481,171.0,208.0,8,215
2011-11-15,21481,157.0,208.0,8,215
2011-11-16,21481,99.0,208.0,8,215
2011-11-17,21481,73.0,208.0,8,215
2011-11-18,21481,268.0,0.0,8,215
2011-11-19,21481,268.0,0.0,8,215
2011-11-20,21481,258.0,0.0,8,215
2011-11-21,21481,255.0,0.0,8,215
2011-11-22,21481,180.0,238.0,8,215
2011-11-23,21481,137.0,238.0,8,215
2011-11-24,21481,132.0,238.0,8,215
2011-11-25,21481,118.0,238.0,8,215
2011-11-26,21481,118.0,238.0,8,215
2011-11-27,21481,108.0,238.0,8,215
2011-11-28,21481,89.0,238.0,8,215
2011-11-29,21481,82.0,238.0,8,215
2011-11-30,21481,283.0,0.0,8,215
2011-12-01,21481,226.0,0.0,8,215
2011-12-02,21481,207.0,211.0,8,215
2011-12-03,21481,207.0,211.0,8,215
2011-12-04,21481,205.0,211.0,8,215
2011-12-05,21481,194.0,211.0,8,215
2011-12-06,21481,177.0,211.0,8,215
2011-12-07,21481,131.0,211.0,8,215
2011-12-08,21481,115.0,211.0,8,215
2011-12-09,21481,94.0,211.0,8,215
2011-08-11,21485,810.0,0.0,6,258
2011-08-12,21485,804.0,0.0,6,258
2011-08-13,21485,804.0,0.0,6,258
2011-08-14,21485,804.0,0.0,6,258
2011-08-15,21485,802.0,0.0,6,258
2011-08-16,21485,802.0,0.0,6,258
2011-08-17,21485,799.0,0.0,6,258
2011-08-18,21485,795.0,0.0,6,258
2011-08-19,21485,792.0,0.0,6,258
2011-08-20,21485,792.0,0.0,6,258
2011-08-21,21485,792.0,0.0,6,258
2011-08-22,21485,783.0,0.0,6,258
2011-08-23,21485,771.0,0.0,6,258
2011-08-24,21485,759.0,0.0,6,258
2011-08-25,21485,753.0,0.0,6,258
2011-08-26,21485,747.0,0.0,6,258
2011-08-27,21485,747.0,0.0,6,258
2011-08-28,21485,747.0,0.0,6,258
2011-08-29,21485,747.0,0.0,6,258
2011-08-30,21485,745.0,0.0,6,258
2011-08-31,21485,745.0,0.0,6,258
2011-09-01,21485,721.0,0.0,6,258
2011-09-02,21485,714.0,0.0,6,258
2011-09-03,21485,714.0,0.0,6,258
2011-09-04,21485,709.0,0.0,6,258
2011-09-05,21485,696.0,0.0,6,258
2011-09-06,21485,694.0,0.0,6,258
2011-09-07,21485,694.0,0.0,6,258
2011-09-08,21485,681.0,0.0,6,258
2011-09-09,21485,668.0,0.0,6,258
2011-09-10,21485,668.0,0.0,6,258
2011-09-11,21485,663.0,0.0,6,258
2011-09-12,21485,638.0,0.0,6,258
2011-09-13,21485,585.0,0.0,6,258
2011-09-14,21485,558.0,0.0,6,258
2011-09-15,21485,546.0,0.0,6,258
2011-09-16,21485,537.0,0.0,6,258
2011-09-17,21485,537.0,0.0,6,258
2011-09-18,21485,534.0,0.0,6,258
2011-09-19,21485,531.0,0.0,6,258
2011-09-20,21485,23.0,810.0,6,258
2011-09-21,21485,22.0,810.0,6,258
2011-09-22,21485,0.0,810.0,6,258
2011-09-23,21485,0.0,810.0,6,258
2011-09-24,21485,0.0,810.0,6,258
2011-09-25,21485,0.0,810.0,6,258
2011-09-26,21485,807.0,0.0,6,258
2011-09-27,21485,804.0,0.0,6,258
2011-09-28,21485,801.0,0.0,6,258
2011-09-29,21485,783.0,0.0,6,258
2011-09-30,21485,675.0,0.0,6,258
2011-10-01,21485,675.0,0.0,6,258
2011-10-02,21485,674.0,0.0,6,258
2011-10-03,21485,661.0,0.0,6,258
2011-10-04,21485,653.0,0.0,6,258
2011-10-05,21485,653.0,0.0,6,258
2011-10-06,21485,641.0,0.0,6,258
2011-10-07,21485,633.0,0.0,6,258
2011-10-08,21485,633.0,0.0,6,258
2011-10-09,21485,630.0,0.0,6,258
2011-10-10,21485,611.0,0.0,6,258
2011-10-11,21485,604.0,0.0,6,258
2011-10-12,21485,588.0,0.0,6,258
2011-10-13,21485,567.0,0.0,6,258
2011-10-14,21485,567.0,0.0,6,258
2011-10-15,21485,567.0,0.0,6,258
2011-10-16,21485,549.0,0.0,6,258
2011-10-17,21485,539.0,0.0,6,258
2011-10-18,21485,522.0,0.0,6,258
2011-10-19,21485,513.0,0.0,6,258
2011-10-20,21485,492.0,0.0,6,258
2011-10-21,21485,487.0,0.0,6,258
2011-10-22,21485,487.0,0.0,6,258
2011-10-23,21485,481.0,0.0,6,258
2011-10-24,21485,475.0,0.0,6,258
2011-10-25,21485,460.0,0.0,6,258
2011-10-26,21485,447.0,0.0,6,258
2011-10-27,21485,437.0,0.0,6,258
2011-10-28,21485,419.0,0.0,6,258
2011-10-29,21485,419.0,0.0,6,258
2011-10-30,21485,407.0,0.0,6,258
2011-10-31,21485,397.0,0.0,6,258
2011-11-01,21485,344.0,0.0,6,258
2011-11-02,21485,331.0,0.0,6,258
2011-11-03,21485,301.0,0.0,6,258
2011-11-04,21485,280.0,0.0,6,258
2011-11-05,21485,280.0,0.0,6,258
2011-11-06,21485,247.0,586.0,6,258
2011-11-07,21485,235.0,586.0,6,258
2011-11-08,21485,220.0,586.0,6,258
2011-11-09,21485,212.0,586.0,6,258
2011-11-10,21485,116.0,586.0,6,258
2011-11-11,21485,84.0,586.0,6,258
2011-11-12,21485,670.0,0.0,6,258
2011-11-13,21485,660.0,0.0,6,258
2011-11-14,21485,576.0,0.0,6,258
2011-11-15,21485,546.0,0.0,6,258
2011-11-16,21485,442.0,0.0,6,258
2011-11-17,21485,421.0,0.0,6,258
2011-11-18,21485,418.0,0.0,6,258
2011-11-19,21485,418.0,0.0,6,258
2011-11-20,21485,408.0,0.0,6,258
2011-11-21,21485,377.0,0.0,6,258
2011-11-22,21485,356.0,0.0,6,258
2011-11-23,21485,316.0,0.0,6,258
2011-11-24,21485,289.0,0.0,6,258
2011-11-25,21485,270.0,0.0,6,258
2011-11-26,21485,270.0,0.0,6,258
2011-11-27,21485,257.0,576.0,6,258
2011-11-28,21485,238.0,576.0,6,258
2011-11-29,21485,223.0,576.0,6,258
2011-11-30,21485,213.0,576.0,6,258
2011-12-01,21485,177.0,576.0,6,258
2011-12-02,21485,169.0,576.0,6,258
2011-12-03,21485,745.0,0.0,6,258
2011-12-04,21485,727.0,0.0,6,258
2011-12-05,21485,709.0,0.0,6,258
2011-12-06,21485,694.0,0.0,6,258
2011-12-07,21485,648.0,0.0,6,258
2011-12-08,21485,625.0,0.0,6,258
2011-12-09,21485,621.0,0.0,6,258
2011-08-11,21523,316.0,0.0,11,233
2011-08-12,21523,310.0,0.0,11,233
2011-08-13,21523,310.0,0.0,11,233
2011-08-14,21523,309.0,0.0,11,233
2011-08-15,21523,307.0,0.0,11,233
2011-08-16,21523,297.0,0.0,11,233
2011-08-17,21523,266.0,0.0,11,233
2011-08-18,21523,266.0,0.0,11,233
2011-08-19,21523,256.0,0.0,11,233
2011-08-20,21523,256.0,0.0,11,233
2011-08-21,21523,256.0,0.0,11,233
2011-08-22,21523,256.0,0.0,11,233
2011-08-23,21523,256.0,0.0,11,233
2011-08-24,21523,254.0,0.0,11,233
2011-08-25,21523,242.0,0.0,11,233
2011-08-26,21523,242.0,0.0,11,233
2011-08-27,21523,242.0,0.0,11,233
2011-08-28,21523,242.0,0.0,11,233
2011-08-29,21523,242.0,0.0,11,233
2011-08-30,21523,242.0,0.0,11,233
2011-08-31,21523,232.0,263.0,11,233
2011-09-01,21523,225.0,263.0,11,233
2011-09-02,21523,224.0,263.0,11,233
2011-09-03,21523,224.0,263.0,11,233
2011-09-04,21523,224.0,263.0,11,233
2011-09-05,21523,183.0,263.0,11,233
2011-09-06,21523,177.0,263.0,11,233
2011-09-07,21523,172.0,263.0,11,233
2011-09-08,21523,166.0,263.0,11,233
2011-09-09,21523,144.0,263.0,11,233
2011-09-10,21523,144.0,263.0,11,233
2011-09-11,21523,393.0,0.0,11,233
2011-09-12,21523,393.0,0.0,11,233
2011-09-13,21523,393.0,0.0,11,233
2011-09-14,21523,390.0,0.0,11,233
2011-09-15,21523,173.0,322.0,11,233
2011-09-16,21523,167.0,322.0,11,233
2011-09-17,21523,167.0,322.0,11,233
2011-09-18,21523,157.0,322.0,11,233
2011-09-19,21523,153.0,322.0,11,233
2011-09-20,21523,152.0,322.0,11,233
2011-09-21,21523,139.0,322.0,11,233
2011-09-22,21523,139.0,322.0,11,233
2011-09-23,21523,135.0,322.0,11,233
2011-09-24,21523,135.0,322.0,11,233
2011-09-25,21523,133.0,322.0,11,233
2011-09-26,21523,455.0,0.0,11,233
2011-09-27,21523,452.0,0.0,11,233
2011-09-28,21523,436.0,0.0,11,233
2011-09-29,21523,436.0,0.0,11,233
2011-09-30,21523,352.0,0.0,11,233
2011-10-01,21523,352.0,0.0,11,233
2011-10-02,21523,352.0,0.0,11,233
2011-10-03,21523,352.0,0.0,11,233
2011-10-04,21523,347.0,0.0,11,233
2011-10-05,21523,344.0,0.0,11,233
2011-10-06,21523,338.0,0.0,11,233
2011-10-07,21523,334.0,0.0,11,233
2011-10-08,21523,334.0,0.0,11,233
2011-10-09,21523,329.0,0.0,11,233
2011-10-10,21523,319.0,0.0,11,233
2011-10-11,21523,307.0,0.0,11,233
2011-10-12,21523,302.0,0.0,11,233
2011-10-13,21523,298.0,0.0,11,233
2011-10-14,21523,288.0,0.0,11,233
2011-10-15,21523,288.0,0.0,11,233
2011-10-16,21523,271.0,0.0,11,233
2011-10-17,21523,266.0,0.0,11,233
2011-10-18,21523,262.0,0.0,11,233
2011-10-19,21523,258.0,0.0,11,233
2011-10-20,21523,258.0,0.0,11,233
2011-10-21,21523,254.0,0.0,11,233
2011-10-22,21523,254.0,0.0,11,233
2011-10-23,21523,253.0,0.0,11,233
2011-10-24,21523,252.0,0.0,11,233
2011-10-25,21523,250.0,0.0,11,233
2011-10-26,21523,239.0,0.0,11,233
2011-10-27,21523,234.0,0.0,11,233
2011-10-28,21523,222.0,273.0,11,233
2011-10-29,21523,222.0,273.0,11,233
2011-10-30,21523,216.0,273.0,11,233
2011-10-31,21523,214.0,273.0,11,233
2011-11-01,21523,210.0,273.0,11,233
2011-11-02,21523,205.0,273.0,11,233
2011-11-03,21523,202.0,273.0,11,233
2011-11-04,21523,200.0,273.0,11,233
2011-11-05,21523,200.0,273.0,11,233
2011-11-06,21523,188.0,273.0,11,233
2011-11-07,21523,170.0,273.0,11,233
2011-11-08,21523,439.0,0.0,11,233
2011-11-09,21523,429.0,0.0,11,233
2011-11-10,21523,428.0,0.0,11,233
2011-11-11,21523,426.0,0.0,11,233
2011-11-12,21523,426.0,0.0,11,233
2011-11-13,21523,422.0,0.0,11,233
2011-11-14,21523,422.0,0.0,11,233
2011-11-15,21523,417.0,0.0,11,233
2011-11-16,21523,416.0,0.0,11,233
2011-11-17,21523,404.0,0.0,11,233
2011-11-18,21523,399.0,0.0,11,233
2011-11-19,21523,399.0,0.0,11,233
2011-11-20,21523,377.0,0.0,11,233
2011-11-21,21523,327.0,0.0,11,233
2011-11-22,21523,315.0,0.0,11,233
2011-11-23,21523,283.0,0.0,11,233
2011-11-24,21523,275.0,0.0,11,233
2011-11-25,21523,273.0,0.0,11,233
2011-11-26,21523,273.0,0.0,11,233
2011-11-27,21523,273.0,0.0,11,233
2011-11-28,21523,272.0,0.0,11,233
2011-11-29,21523,267.0,0.0,11,233
2011-11-30,21523,262.0,0.0,11,233
2011-12-01,21523,262.0,0.0,11,233
2011-12-02,21523,255.0,0.0,11,233
2011-12-03,21523,255.0,0.0,11,233
2011-12-04,21523,254.0,0.0,11,233
2011-12-05,21523,243.0,0.0,11,233
2011-12-06,21523,242.0,0.0,11,233
2011-12-07,21523,230.0,265.0,11,233
2011-12-08,21523,221.0,265.0,11,233
2011-12-09,21523,210.0,265.0,11,233
2011-08-11,21524,439.0,0.0,14,313
2011-08-12,21524,439.0,0.0,14,313
2011-08-13,21524,439.0,0.0,14,313
2011-08-14,21524,429.0,0.0,14,313
2011-08-15,21524,415.0,0.0,14,313
2011-08-16,21524,415.0,0.0,14,313
2011-08-17,21524,392.0,0.0,14,313
2011-08-18,21524,388.0,0.0,14,313
2011-08-19,21524,385.0,0.0,14,313
2011-08-20,21524,385.0,0.0,14,313
2011-08-21,21524,385.0,0.0,14,313
2011-08-22,21524,384.0,0.0,14,313
2011-08-23,21524,384.0,0.0,14,313
2011-08-24,21524,380.0,0.0,14,313
2011-08-25,21524,378.0,0.0,14,313
2011-08-26,21524,374.0,0.0,14,313
2011-08-27,21524,374.0,0.0,14,313
2011-08-28,21524,362.0,0.0,14,313
2011-08-29,21524,362.0,0.0,14,313
2011-08-30,21524,362.0,0.0,14,313
2011-08-31,21524,341.0,0.0,14,313
2011-09-01,21524,340.0,0.0,14,313
2011-09-02,21524,339.0,0.0,14,313
2011-09-03,21524,339.0,0.0,14,313
2011-09-04,21524,339.0,0.0,14,313
2011-09-05,21524,273.0,478.0,14,313
2011-09-06,21524,273.0,478.0,14,313
2011-09-07,21524,270.0,478.0,14,313
2011-09-08,21524,268.0,478.0,14,313
2011-09-09,21524,262.0,478.0,14,313
2011-09-10,21524,262.0,478.0,14,313
2011-09-11,21524,258.0,478.0,14,313
2011-09-12,21524,258.0,478.0,14,313
2011-09-13,21524,246.0,478.0,14,313
2011-09-14,21524,243.0,478.0,14,313
2011-09-15,21524,121.0,478.0,14,313
2011-09-16,21524,107.0,478.0,14,313
2011-09-17,21524,107.0,478.0,14,313
2011-09-18,21524,103.0,478.0,14,313
2011-09-19,21524,581.0,0.0,14,313
2011-09-20,21524,578.0,0.0,14,313
2011-09-21,21524,523.0,0.0,14,313
2011-09-22,21524,522.0,0.0,14,313
2011-09-23,21524,521.0,0.0,14,313
2011-09-24,21524,521.0,0.0,14,313
2011-09-25,21524,517.0,0.0,14,313
2011-09-26,21524,505.0,0.0,14,313
2011-09-27,21524,500.0,0.0,14,313
2011-09-28,21524,495.0,0.0,14,313
2011-09-29,21524,493.0,0.0,14,313
2011-09-30,21524,463.0,0.0,14,313
2011-10-01,21524,463.0,0.0,14,313
2011-10-02,21524,463.0,0.0,14,313
2011-10-03,21524,458.0,0.0,14,313
2011-10-04,21524,450.0,0.0,14,313
2011-10-05,21524,445.0,0.0,14,313
2011-10-06,21524,445.0,0.0,14,313
2011-10-07,21524,443.0,0.0,14,313
2011-10-08,21524,443.0,0.0,14,313
2011-10-09,21524,419.0,0.0,14,313
2011-10-10,21524,413.0,0.0,14,313
2011-10-11,21524,411.0,0.0,14,313
2011-10-12,21524,411.0,0.0,14,313
2011-10-13,21524,409.0,0.0,14,313
2011-10-14,21524,408.0,0.0,14,313
2011-10-15,21524,408.0,0.0,14,313
2011-10-16,21524,408.0,0.0,14,313
2011-10-17,21524,406.0,0.0,14,313
2011-10-18,21524,392.0,0.0,14,313
2011-10-19,21524,390.0,0.0,14,313
2011-10-20,21524,388.0,0.0,14,313
2011-10-21,21524,388.0,0.0,14,313
2011-10-22,21524,388.0,0.0,14,313
2011-10-23,21524,386.0,0.0,14,313
2011-10-24,21524,385.0,0.0,14,313
2011-10-25,21524,382.0,0.0,14,313
2011-10-26,21524,382.0,0.0,14,313
2011-10-27,21524,374.0,0.0,14,313
2011-10-28,21524,374.0,0.0,14,313
2011-10-29,21524,374.0,0.0,14,313
2011-10-30,21524,372.0,0.0,14,313
2011-10-31,21524,369.0,0.0,14,313
2011-11-01,21524,365.0,0.0,14,313
2011-11-02,21524,365.0,0.0,14,313
2011-11-03,21524,365.0,0.0,14,313
2011-11-04,21524,355.0,0.0,14,313
2011-11-05,21524,355.0,0.0,14,313
2011-11-06,21524,351.0,0.0,14,313
2011-11-07,21524,342.0,0.0,14,313
2011-11-08,21524,339.0,0.0,14,313
2011-11-09,21524,337.0,0.0,14,313
2011-11-10,21524,337.0,0.0,14,313
2011-11-11,21524,337.0,0.0,14,313
2011-11-12,21524,337.0,0.0,14,313
2011-11-13,21524,336.0,0.0,14,313
2011-11-14,21524,336.0,0.0,14,313
2011-11-15,21524,333.0,0.0,14,313
2011-11-16,21524,321.0,0.0,14,313
2011-11-17,21524,318.0,0.0,14,313
2011-11-18,21524,317.0,0.0,14,313
2011-11-19,21524,317.0,0.0,14,313
2011-11-20,21524,315.0,0.0,14,313
2011-11-21,21524,251.0,500.0,14,313
2011-11-22,21524,248.0,500.0,14,313
2011-11-23,21524,244.0,500.0,14,313
2011-11-24,21524,243.0,500.0,14,313
2011-11-25,21524,241.0,500.0,14,313
2011-11-26,21524,241.0,500.0,14,313
2011-11-27,21524,238.0,500.0,14,313
2011-11-28,21524,235.0,500.0,14,313
2011-11-29,21524,233.0,500.0,14,313
2011-11-30,21524,219.0,500.0,14,313
2011-12-01,21524,217.0,500.0,14,313
2011-12-02,21524,217.0,500.0,14,313
2011-12-03,21524,217.0,500.0,14,313
2011-12-04,21524,214.0,500.0,14,313
2011-12-05,21524,707.0,0.0,14,313
2011-12-06,21524,705.0,0.0,14,313
2011-12-07,21524,685.0,0.0,14,313
2011-12-08,21524,680.0,0.0,14,313
2011-12-09,21524,680.0,0.0,14,313
2011-08-11,21559,288.0,0.0,3,152
2011-08-12,21559,276.0,0.0,3,152
2011-08-13,21559,276.0,0.0,3,152
2011-08-14,21559,276.0,0.0,3,152
2011-08-15,21559,276.0,0.0,3,152
2011-08-16,21559,276.0,0.0,3,152
2011-08-17,21559,271.0,0.0,3,152
2011-08-18,21559,261.0,0.0,3,152
2011-08-19,21559,249.0,0.0,3,152
2011-08-20,21559,249.0,0.0,3,152
2011-08-21,21559,243.0,0.0,3,152
2011-08-22,21559,243.0,0.0,3,152
2011-08-23,21559,243.0,0.0,3,152
2011-08-24,21559,236.0,0.0,3,152
2011-08-25,21559,229.0,0.0,3,152
2011-08-26,21559,229.0,0.0,3,152
2011-08-27,21559,229.0,0.0,3,152
2011-08-28,21559,228.0,0.0,3,152
2011-08-29,21559,228.0,0.0,3,152
2011-08-30,21559,226.0,0.0,3,152
2011-08-31,21559,211.0,0.0,3,152
2011-09-01,21559,201.0,0.0,3,152
2011-09-02,21559,186.0,0.0,3,152
2011-09-03,21559,186.0,0.0,3,152
2011-09-04,21559,186.0,0.0,3,152
2011-09-05,21559,180.0,0.0,3,152
2011-09-06,21559,174.0,0.0,3,152
2011-09-07,21559,163.0,0.0,3,152
2011-09-08,21559,156.0,0.0,3,152
2011-09-09,21559,156.0,0.0,3,152
2011-09-10,21559,156.0,0.0,3,152
2011-09-11,21559,152.0,292.0,3,152
2011-09-12,21559,152.0,292.0,3,152
2011-09-13,21559,152.0,292.0,3,152
2011-09-14,21559,438.0,0.0,3,152
2011-09-15,21559,436.0,0.0,3,152
2011-09-16,21559,429.0,0.0,3,152
2011-09-17,21559,429.0,0.0,3,152
2011-09-18,21559,425.0,0.0,3,152
2011-09-19,21559,356.0,0.0,3,152
2011-09-20,21559,352.0,0.0,3,152
2011-09-21,21559,342.0,0.0,3,152
2011-09-22,21559,273.0,0.0,3,152
2011-09-23,21559,248.0,0.0,3,152
2011-09-24,21559,248.0,0.0,3,152
2011-09-25,21559,248.0,0.0,3,152
2011-09-26,21559,247.0,0.0,3,152
2011-09-27,21559,246.0,0.0,3,152
2011-09-28,21559,244.0,0.0,3,152
2011-09-29,21559,238.0,0.0,3,152
2011-09-30,21559,229.0,0.0,3,152
2011-10-01,21559,229.0,0.0,3,152
2011-10-02,21559,227.0,0.0,3,152
2011-10-03,21559,158.0,0.0,3,152
2011-10-04,21559,158.0,0.0,3,152
2011-10-05,21559,152.0,292.0,3,152
2011-10-06,21559,146.0,292.0,3,152
2011-10-07,21559,73.0,292.0,3,152
2011-10-08,21559,365.0,0.0,3,152
2011-10-09,21559,365.0,0.0,3,152
2011-10-10,21559,357.0,0.0,3,152
2011-10-11,21559,357.0,0.0,3,152
2011-10-12,21559,343.0,0.0,3,152
2011-10-13,21559,317.0,0.0,3,152
2011-10-14,21559,299.0,0.0,3,152
2011-10-15,21559,299.0,0.0,3,152
2011-10-16,21559,299.0,0.0,3,152
2011-10-17,21559,298.0,0.0,3,152
2011-10-18,21559,292.0,0.0,3,152
2011-10-19,21559,292.0,0.0,3,152
2011-10-20,21559,225.0,0.0,3,152
2011-10-21,21559,162.0,0.0,3,152
2011-10-22,21559,162.0,0.0,3,152
2011-10-23,21559,160.0,0.0,3,152
2011-10-24,21559,157.0,0.0,3,152
2011-10-25,21559,157.0,0.0,3,152
2011-10-26,21559,157.0,0.0,3,152
2011-10-27,21559,97.0,347.0,3,152
2011-10-28,21559,97.0,347.0,3,152
2011-10-29,21559,97.0,347.0,3,152
2011-10-30,21559,436.0,0.0,3,152
2011-10-31,21559,432.0,0.0,3,152
2011-11-01,21559,371.0,0.0,3,152
2011-11-02,21559,371.0,0.0,3,152
2011-11-03,21559,370.0,0.0,3,152
2011-11-04,21559,362.0,0.0,3,152
2011-11-05,21559,362.0,0.0,3,152
2011-11-06,21559,361.0,0.0,3,152
2011-11-07,21559,358.0,0.0,3,152
2011-11-08,21559,356.0,0.0,3,152
2011-11-09,21559,356.0,0.0,3,152
2011-11-10,21559,350.0,0.0,3,152
2011-11-11,21559,349.0,0.0,3,152
2011-11-12,21559,349.0,0.0,3,152
2011-11-13,21559,344.0,0.0,3,152
2011-11-14,21559,327.0,0.0,3,152
2011-11-15,21559,327.0,0.0,3,152
2011-11-16,21559,321.0,0.0,3,152
2011-11-17,21559,285.0,0.0,3,152
2011-11-18,21559,261.0,0.0,3,152
2011-11-19,21559,261.0,0.0,3,152
2011-11-20,21559,252.0,0.0,3,152
2011-11-21,21559,245.0,0.0,3,152
2011-11-22,21559,228.0,0.0,3,152
2011-11-23,21559,215.0,0.0,3,152
2011-11-24,21559,214.0,0.0,3,152
2011-11-25,21559,198.0,0.0,3,152
2011-11-26,21559,198.0,0.0,3,152
2011-11-27,21559,197.0,0.0,3,152
2011-11-28,21559,193.0,0.0,3,152
2011-11-29,21559,179.0,0.0,3,152
2011-11-30,21559,178.0,0.0,3,152
2011-12-01,21559,178.0,0.0,3,152
2011-12-02,21559,171.0,0.0,3,152
2011-12-03,21559,171.0,0.0,3,152
2011-12-04,21559,170.0,0.0,3,152
2011-12-05,21559,162.0,0.0,3,152
2011-12-06,21559,162.0,0.0,3,152
2011-12-07,21559,147.0,297.0,3,152
2011-12-08,21559,143.0,297.0,3,152
2011-12-09,21559,136.0,297.0,3,152
2011-08-11,21621,152.0,0.0,7,67
2011-08-12,21621,150.0,0.0,7,67
2011-08-13,21621,150.0,0.0,7,67
2011-08-14,21621,148.0,0.0,7,67
2011-08-15,21621,148.0,0.0,7,67
2011-08-16,21621,146.0,0.0,7,67
2011-08-17,21621,142.0,0.0,7,67
2011-08-18,21621,142.0,0.0,7,67
2011-08-19,21621,134.0,0.0,7,67
2011-08-20,21621,134.0,0.0,7,67
2011-08-21,21621,130.0,0.0,7,67
2011-08-22,21621,127.0,0.0,7,67
2011-08-23,21621,114.0,0.0,7,67
2011-08-24,21621,109.0,0.0,7,67
2011-08-25,21621,105.0,0.0,7,67
2011-08-26,21621,105.0,0.0,7,67
2011-08-27,21621,105.0,0.0,7,67
2011-08-28,21621,105.0,0.0,7,67
2011-08-29,21621,105.0,0.0,7,67
2011-08-30,21621,82.0,0.0,7,67
2011-08-31,21621,79.0,0.0,7,67
2011-09-01,21621,74.0,0.0,7,67
2011-09-02,21621,67.0,87.0,7,67
2011-09-03,21621,67.0,87.0,7,67
2011-09-04,21621,65.0,87.0,7,67
2011-09-05,21621,27.0,87.0,7,67
2011-09-06,21621,17.0,87.0,7,67
2011-09-07,21621,15.0,87.0,7,67
2011-09-08,21621,14.0,87.0,7,67
2011-09-09,21621,101.0,0.0,7,67
2011-09-10,21621,101.0,0.0,7,67
2011-09-11,21621,98.0,0.0,7,67
2011-09-12,21621,97.0,0.0,7,67
2011-09-13,21621,97.0,0.0,7,67
2011-09-14,21621,93.0,0.0,7,67
2011-09-15,21621,89.0,0.0,7,67
2011-09-16,21621,84.0,0.0,7,67
2011-09-17,21621,84.0,0.0,7,67
2011-09-18,21621,79.0,0.0,7,67
2011-09-19,21621,79.0,0.0,7,67
2011-09-20,21621,77.0,0.0,7,67
2011-09-21,21621,76.0,0.0,7,67
2011-09-22,21621,48.0,106.0,7,67
2011-09-23,21621,42.0,106.0,7,67
2011-09-24,21621,42.0,106.0,7,67
2011-09-25,21621,33.0,106.0,7,67
2011-09-26,21621,13.0,106.0,7,67
2011-09-27,21621,13.0,106.0,7,67
2011-09-28,21621,11.0,106.0,7,67
2011-09-29,21621,117.0,0.0,7,67
2011-09-30,21621,117.0,0.0,7,67
2011-10-01,21621,117.0,0.0,7,67
2011-10-02,21621,117.0,0.0,7,67
2011-10-03,21621,107.0,0.0,7,67
2011-10-04,21621,105.0,0.0,7,67
2011-10-05,21621,104.0,0.0,7,67
2011-10-06,21621,100.0,0.0,7,67
2011-10-07,21621,85.0,0.0,7,67
2011-10-08,21621,85.0,0.0,7,67
2011-10-09,21621,84.0,0.0,7,67
2011-10-10,21621,77.0,0.0,7,67
2011-10-11,21621,71.0,0.0,7,67
2011-10-12,21621,69.0,0.0,7,67
2011-10-13,21621,68.0,0.0,7,67
2011-10-14,21621,68.0,0.0,7,67
2011-10-15,21621,68.0,0.0,7,67
2011-10-16,21621,67.0,87.0,7,67
2011-10-17,21621,65.0,87.0,7,67
2011-10-18,21621,56.0,87.0,7,67
2011-10-19,21621,50.0,87.0,7,67
2011-10-20,21621,47.0,87.0,7,67
2011-10-21,21621,43.0,87.0,7,67
2011-10-22,21621,43.0,87.0,7,67
2011-10-23,21621,119.0,0.0,7,67
2011-10-24,21621,119.0,0.0,7,67
2011-10-25,21621,119.0,0.0,7,67
2011-10-26,21621,118.0,0.0,7,67
2011-10-27,21621,110.0,0.0,7,67
2011-10-28,21621,105.0,0.0,7,67
2011-10-29,21621,105.0,0.0,7,67
2011-10-30,21621,102.0,0.0,7,67
2011-10-31,21621,100.0,0.0,7,67
2011-11-01,21621,99.0,0.0,7,67
2011-11-02,21621,99.0,0.0,7,67
2011-11-03,21621,94.0,0.0,7,67
2011-11-04,21621,81.0,0.0,7,67
2011-11-05,21621,81.0,0.0,7,67
2011-11-06,21621,79.0,0.0,7,67
2011-11-07,21621,79.0,0.0,7,67
2011-11-08,21621,73.0,0.0,7,67
2011-11-09,21621,71.0,0.0,7,67
2011-11-10,21621,56.0,98.0,7,67
2011-11-11,21621,52.0,98.0,7,67
2011-11-12,21621,52.0,98.0,7,67
2011-11-13,21621,47.0,98.0,7,67
2011-11-14,21621,43.0,98.0,7,67
2011-11-15,21621,41.0,98.0,7,67
2011-11-16,21621,35.0,98.0,7,67
2011-11-17,21621,130.0,0.0,7,67
2011-11-18,21621,126.0,0.0,7,67
2011-11-19,21621,126.0,0.0,7,67
2011-11-20,21621,125.0,0.0,7,67
2011-11-21,21621,120.0,0.0,7,67
2011-11-22,21621,111.0,0.0,7,67
2011-11-23,21621,109.0,0.0,7,67
2011-11-24,21621,104.0,0.0,7,67
2011-11-25,21621,102.0,0.0,7,67
2011-11-26,21621,102.0,0.0,7,67
2011-11-27,21621,100.0,0.0,7,67
2011-11-28,21621,98.0,0.0,7,67
2011-11-29,21621,96.0,0.0,7,67
2011-11-30,21621,84.0,0.0,7,67
2011-12-01,21621,76.0,0.0,7,67
2011-12-02,21621,76.0,0.0,7,67
2011-12-03,21621,76.0,0.0,7,67
2011-12-04,21621,67.0,87.0,7,67
2011-12-05,21621,59.0,87.0,7,67
2011-12-06,21621,52.0,87.0,7,67
2011-12-07,21621,52.0,87.0,7,67
2011-12-08,21621,52.0,87.0,7,67
2011-12-09,21621,52.0,87.0,7,67
2011-08-11,21623,145.0,0.0,12,98
2011-08-12,21623,144.0,0.0,12,98
2011-08-13,21623,144.0,0.0,12,98
2011-08-14,21623,144.0,0.0,12,98
2011-08-15,21623,144.0,0.0,12,98
2011-08-16,21623,143.0,0.0,12,98
2011-08-17,21623,143.0,0.0,12,98
2011-08-18,21623,143.0,0.0,12,98
2011-08-19,21623,143.0,0.0,12,98
2011-08-20,21623,143.0,0.0,12,98
2011-08-21,21623,143.0,0.0,12,98
2011-08-22,21623,141.0,0.0,12,98
2011-08-23,21623,141.0,0.0,12,98
2011-08-24,21623,138.0,0.0,12,98
2011-08-25,21623,138.0,0.0,12,98
2011-08-26,21623,138.0,0.0,12,98
2011-08-27,21623,138.0,0.0,12,98
2011-08-28,21623,137.0,0.0,12,98
2011-08-29,21623,137.0,0.0,12,98
2011-08-30,21623,137.0,0.0,12,98
2011-08-31,21623,137.0,0.0,12,98
2011-09-01,21623,133.0,0.0,12,98
2011-09-02,21623,133.0,0.0,12,98
2011-09-03,21623,133.0,0.0,12,98
2011-09-04,21623,133.0,0.0,12,98
2011-09-05,21623,133.0,0.0,12,98
2011-09-06,21623,133.0,0.0,12,98
2011-09-07,21623,133.0,0.0,12,98
2011-09-08,21623,131.0,0.0,12,98
2011-09-09,21623,130.0,0.0,12,98
2011-09-10,21623,130.0,0.0,12,98
2011-09-11,21623,130.0,0.0,12,98
2011-09-12,21623,130.0,0.0,12,98
2011-09-13,21623,130.0,0.0,12,98
2011-09-14,21623,130.0,0.0,12,98
2011-09-15,21623,129.0,0.0,12,98
2011-09-16,21623,127.0,0.0,12,98
2011-09-17,21623,127.0,0.0,12,98
2011-09-18,21623,124.0,0.0,12,98
2011-09-19,21623,124.0,0.0,12,98
2011-09-20,21623,124.0,0.0,12,98
2011-09-21,21623,124.0,0.0,12,98
2011-09-22,21623,122.0,0.0,12,98
2011-09-23,21623,122.0,0.0,12,98
2011-09-24,21623,122.0,0.0,12,98
2011-09-25,21623,120.0,0.0,12,98
2011-09-26,21623,70.0,116.0,12,98
2011-09-27,21623,70.0,116.0,12,98
2011-09-28,21623,66.0,116.0,12,98
2011-09-29,21623,66.0,116.0,12,98
2011-09-30,21623,66.0,116.0,12,98
2011-10-01,21623,66.0,116.0,12,98
2011-10-02,21623,66.0,116.0,12,98
2011-10-03,21623,66.0,116.0,12,98
2011-10-04,21623,66.0,116.0,12,98
2011-10-05,21623,65.0,116.0,12,98
2011-10-06,21623,65.0,116.0,12,98
2011-10-07,21623,65.0,116.0,12,98
2011-10-08,21623,181.0,0.0,12,98
2011-10-09,21623,180.0,0.0,12,98
2011-10-10,21623,177.0,0.0,12,98
2011-10-11,21623,177.0,0.0,12,98
2011-10-12,21623,177.0,0.0,12,98
2011-10-13,21623,177.0,0.0,12,98
2011-10-14,21623,176.0,0.0,12,98
2011-10-15,21623,176.0,0.0,12,98
2011-10-16,21623,175.0,0.0,12,98
2011-10-17,21623,175.0,0.0,12,98
2011-10-18,21623,175.0,0.0,12,98
2011-10-19,21623,173.0,0.0,12,98
2011-10-20,21623,173.0,0.0,12,98
2011-10-21,21623,173.0,0.0,12,98
2011-10-22,21623,173.0,0.0,12,98
2011-10-23,21623,173.0,0.0,12,98
2011-10-24,21623,173.0,0.0,12,98
2011-10-25,21623,172.0,0.0,12,98
2011-10-26,21623,169.0,0.0,12,98
2011-10-27,21623,165.0,0.0,12,98
2011-10-28,21623,165.0,0.0,12,98
2011-10-29,21623,165.0,0.0,12,98
2011-10-30,21623,165.0,0.0,12,98
2011-10-31,21623,165.0,0.0,12,98
2011-11-01,21623,162.0,0.0,12,98
2011-11-02,21623,162.0,0.0,12,98
2011-11-03,21623,77.0,109.0,12,98
2011-11-04,21623,70.0,109.0,12,98
2011-11-05,21623,70.0,109.0,12,98
2011-11-06,21623,69.0,109.0,12,98
2011-11-07,21623,69.0,109.0,12,98
2011-11-08,21623,67.0,109.0,12,98
2011-11-09,21623,63.0,109.0,12,98
2011-11-10,21623,11.0,109.0,12,98
2011-11-11,21623,9.0,109.0,12,98
2011-11-12,21623,9.0,109.0,12,98
2011-11-13,21623,9.0,109.0,12,98
2011-11-14,21623,9.0,109.0,12,98
2011-11-15,21623,116.0,0.0,12,98
2011-11-16,21623,116.0,0.0,12,98
2011-11-17,21623,116.0,0.0,12,98
2011-11-18,21623,113.0,0.0,12,98
2011-11-19,21623,113.0,0.0,12,98
2011-11-20,21623,113.0,0.0,12,98
2011-11-21,21623,107.0,0.0,12,98
2011-11-22,21623,106.0,0.0,12,98
2011-11-23,21623,106.0,0.0,12,98
2011-11-24,21623,105.0,0.0,12,98
2011-11-25,21623,104.0,0.0,12,98
2011-11-26,21623,104.0,0.0,12,98
2011-11-27,21623,103.0,0.0,12,98
2011-11-28,21623,103.0,0.0,12,98
2011-11-29,21623,102.0,0.0,12,98
2011-11-30,21623,101.0,0.0,12,98
2011-12-01,21623,99.0,0.0,12,98
2011-12-02,21623,99.0,0.0,12,98
2011-12-03,21623,99.0,0.0,12,98
2011-12-04,21623,96.0,90.0,12,98
2011-12-05,21623,94.0,90.0,12,98
2011-12-06,21623,38.0,90.0,12,98
2011-12-07,21623,36.0,90.0,12,98
2011-12-08,21623,33.0,90.0,12,98
2011-12-09,21623,33.0,90.0,12,98
2011-08-11,21731,0.0,1391.0,14,826
2011-08-12,21731,0.0,1391.0,14,826
2011-08-13,21731,0.0,1391.0,14,826
2011-08-14,21731,0.0,1391.0,14,826
2011-08-15,21731,0.0,1391.0,14,826
2011-08-16,21731,0.0,1391.0,14,826
2011-08-17,21731,0.0,1391.0,14,826
2011-08-18,21731,955.0,0.0,14,826
2011-08-19,21731,907.0,0.0,14,826
2011-08-20,21731,907.0,0.0,14,826
2011-08-21,21731,895.0,0.0,14,826
2011-08-22,21731,859.0,0.0,14,826
2011-08-23,21731,849.0,0.0,14,826
2011-08-24,21731,835.0,0.0,14,826
2011-08-25,21731,786.0,1196.0,14,826
2011-08-26,21731,774.0,1196.0,14,826
2011-08-27,21731,774.0,1196.0,14,826
2011-08-28,21731,774.0,1196.0,14,826
2011-08-29,21731,774.0,1196.0,14,826
2011-08-30,21731,761.0,1196.0,14,826
2011-08-31,21731,761.0,1196.0,14,826
2011-09-01,21731,761.0,1196.0,14,826
2011-09-02,21731,719.0,1196.0,14,826
2011-09-03,21731,719.0,1196.0,14,826
2011-09-04,21731,707.0,1196.0,14,826
2011-09-05,21731,706.0,1196.0,14,826
2011-09-06,21731,682.0,1196.0,14,826
2011-09-07,21731,632.0,1196.0,14,826
2011-09-08,21731,1816.0,0.0,14,826
2011-09-09,21731,1792.0,0.0,14,826
2011-09-10,21731,1792.0,0.0,14,826
2011-09-11,21731,1612.0,0.0,14,826
2011-09-12,21731,1612.0,0.0,14,826
2011-09-13,21731,1581.0,0.0,14,826
2011-09-14,21731,1581.0,0.0,14,826
2011-09-15,21731,1520.0,0.0,14,826
2011-09-16,21731,1444.0,0.0,14,826
2011-09-17,21731,1444.0,0.0,14,826
2011-09-18,21731,1442.0,0.0,14,826
2011-09-19,21731,1070.0,0.0,14,826
2011-09-20,21731,1061.0,0.0,14,826
2011-09-21,21731,1047.0,0.0,14,826
2011-09-22,21731,1004.0,0.0,14,826
2011-09-23,21731,930.0,0.0,14,826
2011-09-24,21731,930.0,0.0,14,826
2011-09-25,21731,887.0,0.0,14,826
2011-09-26,21731,819.0,1163.0,14,826
2011-09-27,21731,773.0,1163.0,14,826
2011-09-28,21731,720.0,1163.0,14,826
2011-09-29,21731,635.0,1163.0,14,826
2011-09-30,21731,619.0,1163.0,14,826
2011-10-01,21731,619.0,1163.0,14,826
2011-10-02,21731,614.0,1163.0,14,826
2011-10-03,21731,610.0,1163.0,14,826
2011-10-04,21731,593.0,1163.0,14,826
2011-10-05,21731,556.0,1163.0,14,826
2011-10-06,21731,529.0,1163.0,14,826
2011-10-07,21731,504.0,1163.0,14,826
2011-10-08,21731,504.0,1163.0,14,826
2011-10-09,21731,492.0,1163.0,14,826
2011-10-10,21731,1602.0,0.0,14,826
2011-10-11,21731,1578.0,0.0,14,826
2011-10-12,21731,1517.0,0.0,14,826
2011-10-13,21731,1482.0,0.0,14,826
2011-10-14,21731,1482.0,0.0,14,826
2011-10-15,21731,1482.0,0.0,14,826
2011-10-16,21731,1472.0,0.0,14,826
2011-10-17,21731,1419.0,0.0,14,826
2011-10-18,21731,1390.0,0.0,14,826
2011-10-19,21731,1348.0,0.0,14,826
2011-10-20,21731,1060.0,0.0,14,826
2011-10-21,21731,1048.0,0.0,14,826
2011-10-22,21731,1048.0,0.0,14,826
2011-10-23,21731,1046.0,0.0,14,826
2011-10-24,21731,1040.0,0.0,14,826
2011-10-25,21731,1004.0,0.0,14,826
2011-10-26,21731,996.0,0.0,14,826
2011-10-27,21731,960.0,0.0,14,826
2011-10-28,21731,936.0,0.0,14,826
2011-10-29,21731,936.0,0.0,14,826
2011-10-30,21731,900.0,0.0,14,826
2011-10-31,21731,829.0,0.0,14,826
2011-11-01,21731,823.0,1159.0,14,826
2011-11-02,21731,807.0,1159.0,14,826
2011-11-03,21731,783.0,1159.0,14,826
2011-11-04,21731,718.0,1159.0,14,826
2011-11-05,21731,718.0,1159.0,14,826
2011-11-06,21731,678.0,1159.0,14,826
2011-11-07,21731,671.0,1159.0,14,826
2011-11-08,21731,573.0,1159.0,14,826
2011-11-09,21731,557.0,1159.0,14,826
2011-11-10,21731,556.0,1159.0,14,826
2011-11-11,21731,288.0,1159.0,14,826
2011-11-12,21731,288.0,1159.0,14,826
2011-11-13,21731,253.0,1159.0,14,826
2011-11-14,21731,146.0,1159.0,14,826
2011-11-15,21731,1138.0,0.0,14,826
2011-11-16,21731,1060.0,0.0,14,826
2011-11-17,21731,795.0,1187.0,14,826
2011-11-18,21731,621.0,1187.0,14,826
2011-11-19,21731,621.0,1187.0,14,826
2011-11-20,21731,579.0,1187.0,14,826
2011-11-21,21731,565.0,1187.0,14,826
2011-11-22,21731,520.0,1187.0,14,826
2011-11-23,21731,431.0,1187.0,14,826
2011-11-24,21731,391.0,1187.0,14,826
2011-11-25,21731,310.0,1187.0,14,826
2011-11-26,21731,310.0,1187.0,14,826
2011-11-27,21731,294.0,1187.0,14,826
2011-11-28,21731,225.0,1187.0,14,826
2011-11-29,21731,156.0,1187.0,14,826
2011-11-30,21731,110.0,1187.0,14,826
2011-12-01,21731,1246.0,0.0,14,826
2011-12-02,21731,1141.0,0.0,14,826
2011-12-03,21731,1141.0,0.0,14,826
2011-12-04,21731,1123.0,0.0,14,826
2011-12-05,21731,1083.0,0.0,14,826
2011-12-06,21731,1047.0,0.0,14,826
2011-12-07,21731,902.0,0.0,14,826
2011-12-08,21731,853.0,0.0,14,826
2011-12-09,21731,814.0,1168.0,14,826
2011-08-11,21733,1273.0,0.0,14,826
2011-08-12,21733,1273.0,0.0,14,826
2011-08-13,21733,1273.0,0.0,14,826
2011-08-14,21733,1273.0,0.0,14,826
2011-08-15,21733,1249.0,0.0,14,826
2011-08-16,21733,1249.0,0.0,14,826
2011-08-17,21733,1246.0,0.0,14,826
2011-08-18,21733,1240.0,0.0,14,826
2011-08-19,21733,1234.0,0.0,14,826
2011-08-20,21733,1234.0,0.0,14,826
2011-08-21,21733,1232.0,0.0,14,826
2011-08-22,21733,1232.0,0.0,14,826
2011-08-23,21733,1230.0,0.0,14,826
2011-08-24,21733,1190.0,0.0,14,826
2011-08-25,21733,1178.0,0.0,14,826
2011-08-26,21733,1174.0,0.0,14,826
2011-08-27,21733,1174.0,0.0,14,826
2011-08-28,21733,1172.0,0.0,14,826
2011-08-29,21733,1172.0,0.0,14,826
2011-08-30,21733,1169.0,0.0,14,826
2011-08-31,21733,1168.0,0.0,14,826
2011-09-01,21733,1138.0,0.0,14,826
2011-09-02,21733,1130.0,0.0,14,826
2011-09-03,21733,1130.0,0.0,14,826
2011-09-04,21733,1130.0,0.0,14,826
2011-09-05,21733,1126.0,0.0,14,826
2011-09-06,21733,1124.0,0.0,14,826
2011-09-07,21733,1124.0,0.0,14,826
2011-09-08,21733,1120.0,0.0,14,826
2011-09-09,21733,1118.0,0.0,14,826
2011-09-10,21733,1118.0,0.0,14,826
2011-09-11,21733,1094.0,0.0,14,826
2011-09-12,21733,1073.0,0.0,14,826
2011-09-13,21733,1060.0,0.0,14,826
2011-09-14,21733,1042.0,0.0,14,826
2011-09-15,21733,1029.0,0.0,14,826
2011-09-16,21733,986.0,0.0,14,826
2011-09-17,21733,986.0,0.0,14,826
2011-09-18,21733,971.0,0.0,14,826
2011-09-19,21733,957.0,0.0,14,826
2011-09-20,21733,611.0,766.0,14,826
2011-09-21,21733,609.0,766.0,14,826
2011-09-22,21733,599.0,766.0,14,826
2011-09-23,21733,592.0,766.0,14,826
2011-09-24,21733,592.0,766.0,14,826
2011-09-25,21733,592.0,766.0,14,826
2011-09-26,21733,588.0,766.0,14,826
2011-09-27,21733,587.0,766.0,14,826
2011-09-28,21733,565.0,766.0,14,826
2011-09-29,21733,553.0,766.0,14,826
2011-09-30,21733,545.0,766.0,14,826
2011-10-01,21733,545.0,766.0,14,826
2011-10-02,21733,544.0,766.0,14,826
2011-10-03,21733,528.0,766.0,14,826
2011-10-04,21733,1294.0,0.0,14,826
2011-10-05,21733,1256.0,0.0,14,826
2011-10-06,21733,1250.0,0.0,14,826
2011-10-07,21733,1232.0,0.0,14,826
2011-10-08,21733,1232.0,0.0,14,826
2011-10-09,21733,1218.0,0.0,14,826
2011-10-10,21733,1200.0,0.0,14,826
2011-10-11,21733,1164.0,0.0,14,826
2011-10-12,21733,1154.0,0.0,14,826
2011-10-13,21733,1144.0,0.0,14,826
2011-10-14,21733,1125.0,0.0,14,826
2011-10-15,21733,1125.0,0.0,14,826
2011-10-16,21733,1072.0,0.0,14,826
2011-10-17,21733,1002.0,0.0,14,826
2011-10-18,21733,1000.0,0.0,14,826
2011-10-19,21733,990.0,0.0,14,826
2011-10-20,21733,986.0,0.0,14,826
2011-10-21,21733,985.0,0.0,14,826
2011-10-22,21733,985.0,0.0,14,826
2011-10-23,21733,983.0,0.0,14,826
2011-10-24,21733,944.0,0.0,14,826
2011-10-25,21733,927.0,0.0,14,826
2011-10-26,21733,922.0,0.0,14,826
2011-10-27,21733,889.0,0.0,14,826
2011-10-28,21733,876.0,0.0,14,826
2011-10-29,21733,876.0,0.0,14,826
2011-10-30,21733,871.0,0.0,14,826
2011-10-31,21733,867.0,0.0,14,826
2011-11-01,21733,856.0,0.0,14,826
2011-11-02,21733,852.0,0.0,14,826
2011-11-03,21733,308.0,1069.0,14,826
2011-11-04,21733,231.0,1069.0,14,826
2011-11-05,21733,231.0,1069.0,14,826
2011-11-06,21733,211.0,1069.0,14,826
2011-11-07,21733,169.0,1069.0,14,826
2011-11-08,21733,150.0,1069.0,14,826
2011-11-09,21733,142.0,1069.0,14,826
2011-11-10,21733,131.0,1069.0,14,826
2011-11-11,21733,78.0,1069.0,14,826
2011-11-12,21733,78.0,1069.0,14,826
2011-11-13,21733,22.0,1069.0,14,826
2011-11-14,21733,14.0,1069.0,14,826
2011-11-15,21733,0.0,1069.0,14,826
2011-11-16,21733,0.0,1069.0,14,826
2011-11-17,21733,1045.0,0.0,14,826
2011-11-18,21733,964.0,0.0,14,826
2011-11-19,21733,964.0,0.0,14,826
2011-11-20,21733,951.0,0.0,14,826
2011-11-21,21733,909.0,0.0,14,826
2011-11-22,21733,833.0,0.0,14,826
2011-11-23,21733,776.0,601.0,14,826
2011-11-24,21733,710.0,601.0,14,826
2011-11-25,21733,645.0,601.0,14,826
2011-11-26,21733,645.0,601.0,14,826
2011-11-27,21733,633.0,601.0,14,826
2011-11-28,21733,568.0,601.0,14,826
2011-11-29,21733,549.0,601.0,14,826
2011-11-30,21733,414.0,601.0,14,826
2011-12-01,21733,399.0,601.0,14,826
2011-12-02,21733,348.0,601.0,14,826
2011-12-03,21733,348.0,601.0,14,826
2011-12-04,21733,344.0,601.0,14,826
2011-12-05,21733,263.0,601.0,14,826
2011-12-06,21733,247.0,601.0,14,826
2011-12-07,21733,762.0,0.0,14,826
2011-12-08,21733,748.0,629.0,14,826
2011-12-09,21733,748.0,629.0,14,826
2011-08-11,21754,192.0,0.0,4,137
2011-08-12,21754,189.0,0.0,4,137
2011-08-13,21754,189.0,0.0,4,137
2011-08-14,21754,188.0,0.0,4,137
2011-08-15,21754,168.0,0.0,4,137
2011-08-16,21754,161.0,0.0,4,137
2011-08-17,21754,139.0,0.0,4,137
2011-08-18,21754,126.0,297.0,4,137
2011-08-19,21754,123.0,297.0,4,137
2011-08-20,21754,123.0,297.0,4,137
2011-08-21,21754,119.0,297.0,4,137
2011-08-22,21754,410.0,0.0,4,137
2011-08-23,21754,383.0,0.0,4,137
2011-08-24,21754,382.0,0.0,4,137
2011-08-25,21754,377.0,0.0,4,137
2011-08-26,21754,377.0,0.0,4,137
2011-08-27,21754,377.0,0.0,4,137
2011-08-28,21754,372.0,0.0,4,137
2011-08-29,21754,372.0,0.0,4,137
2011-08-30,21754,372.0,0.0,4,137
2011-08-31,21754,372.0,0.0,4,137
2011-09-01,21754,362.0,0.0,4,137
2011-09-02,21754,359.0,0.0,4,137
2011-09-03,21754,359.0,0.0,4,137
2011-09-04,21754,355.0,0.0,4,137
2011-09-05,21754,355.0,0.0,4,137
2011-09-06,21754,334.0,0.0,4,137
2011-09-07,21754,334.0,0.0,4,137
2011-09-08,21754,325.0,0.0,4,137
2011-09-09,21754,295.0,0.0,4,137
2011-09-10,21754,295.0,0.0,4,137
2011-09-11,21754,281.0,0.0,4,137
2011-09-12,21754,281.0,0.0,4,137
2011-09-13,21754,256.0,0.0,4,137
2011-09-14,21754,252.0,0.0,4,137
2011-09-15,21754,250.0,0.0,4,137
2011-09-16,21754,243.0,0.0,4,137
2011-09-17,21754,243.0,0.0,4,137
2011-09-18,21754,236.0,0.0,4,137
2011-09-19,21754,215.0,0.0,4,137
2011-09-20,21754,209.0,0.0,4,137
2011-09-21,21754,205.0,0.0,4,137
2011-09-22,21754,202.0,0.0,4,137
2011-09-23,21754,202.0,0.0,4,137
2011-09-24,21754,202.0,0.0,4,137
2011-09-25,21754,201.0,0.0,4,137
2011-09-26,21754,196.0,0.0,4,137
2011-09-27,21754,193.0,0.0,4,137
2011-09-28,21754,186.0,0.0,4,137
2011-09-29,21754,177.0,0.0,4,137
2011-09-30,21754,175.0,0.0,4,137
2011-10-01,21754,175.0,0.0,4,137
2011-10-02,21754,170.0,0.0,4,137
2011-10-03,21754,155.0,0.0,4,137
2011-10-04,21754,148.0,0.0,4,137
2011-10-05,21754,145.0,0.0,4,137
2011-10-06,21754,136.0,287.0,4,137
2011-10-07,21754,130.0,287.0,4,137
2011-10-08,21754,130.0,287.0,4,137
2011-10-09,21754,129.0,287.0,4,137
2011-10-10,21754,411.0,0.0,4,137
2011-10-11,21754,407.0,0.0,4,137
2011-10-12,21754,407.0,0.0,4,137
2011-10-13,21754,400.0,0.0,4,137
2011-10-14,21754,400.0,0.0,4,137
2011-10-15,21754,400.0,0.0,4,137
2011-10-16,21754,398.0,0.0,4,137
2011-10-17,21754,388.0,0.0,4,137
2011-10-18,21754,385.0,0.0,4,137
2011-10-19,21754,377.0,0.0,4,137
2011-10-20,21754,373.0,0.0,4,137
2011-10-21,21754,370.0,0.0,4,137
2011-10-22,21754,370.0,0.0,4,137
2011-10-23,21754,364.0,0.0,4,137
2011-10-24,21754,364.0,0.0,4,137
2011-10-25,21754,361.0,0.0,4,137
2011-10-26,21754,357.0,0.0,4,137
2011-10-27,21754,348.0,0.0,4,137
2011-10-28,21754,345.0,0.0,4,137
2011-10-29,21754,345.0,0.0,4,137
2011-10-30,21754,316.0,0.0,4,137
2011-10-31,21754,308.0,0.0,4,137
2011-11-01,21754,298.0,0.0,4,137
2011-11-02,21754,294.0,0.0,4,137
2011-11-03,21754,282.0,0.0,4,137
2011-11-04,21754,264.0,0.0,4,137
2011-11-05,21754,264.0,0.0,4,137
2011-11-06,21754,252.0,0.0,4,137
2011-11-07,21754,246.0,0.0,4,137
2011-11-08,21754,237.0,0.0,4,137
2011-11-09,21754,233.0,0.0,4,137
2011-11-10,21754,231.0,0.0,4,137
2011-11-11,21754,230.0,0.0,4,137
2011-11-12,21754,230.0,0.0,4,137
2011-11-13,21754,224.0,0.0,4,137
2011-11-14,21754,224.0,0.0,4,137
2011-11-15,21754,215.0,0.0,4,137
2011-11-16,21754,202.0,0.0,4,137
2011-11-17,21754,170.0,0.0,4,137
2011-11-18,21754,167.0,0.0,4,137
2011-11-19,21754,167.0,0.0,4,137
2011-11-20,21754,154.0,0.0,4,137
2011-11-21,21754,148.0,0.0,4,137
2011-11-22,21754,140.0,0.0,4,137
2011-11-23,21754,126.0,297.0,4,137
2011-11-24,21754,119.0,297.0,4,137
2011-11-25,21754,101.0,297.0,4,137
2011-11-26,21754,101.0,297.0,4,137
2011-11-27,21754,393.0,0.0,4,137
2011-11-28,21754,390.0,0.0,4,137
2011-11-29,21754,375.0,0.0,4,137
2011-11-30,21754,371.0,0.0,4,137
2011-12-01,21754,353.0,0.0,4,137
2011-12-02,21754,343.0,0.0,4,137
2011-12-03,21754,343.0,0.0,4,137
2011-12-04,21754,341.0,0.0,4,137
2011-12-05,21754,339.0,0.0,4,137
2011-12-06,21754,326.0,0.0,4,137
2011-12-07,21754,319.0,0.0,4,137
2011-12-08,21754,315.0,0.0,4,137
2011-12-09,21754,313.0,0.0,4,137
2011-08-11,21755,230.0,0.0,4,135
2011-08-12,21755,228.0,0.0,4,135
2011-08-13,21755,228.0,0.0,4,135
2011-08-14,21755,228.0,0.0,4,135
2011-08-15,21755,222.0,0.0,4,135
2011-08-16,21755,216.0,0.0,4,135
2011-08-17,21755,192.0,0.0,4,135
2011-08-18,21755,181.0,0.0,4,135
2011-08-19,21755,178.0,0.0,4,135
2011-08-20,21755,178.0,0.0,4,135
2011-08-21,21755,176.0,0.0,4,135
2011-08-22,21755,172.0,0.0,4,135
2011-08-23,21755,164.0,0.0,4,135
2011-08-24,21755,163.0,0.0,4,135
2011-08-25,21755,157.0,0.0,4,135
2011-08-26,21755,157.0,0.0,4,135
2011-08-27,21755,157.0,0.0,4,135
2011-08-28,21755,154.0,0.0,4,135
2011-08-29,21755,154.0,0.0,4,135
2011-08-30,21755,147.0,0.0,4,135
2011-08-31,21755,141.0,0.0,4,135
2011-09-01,21755,114.0,177.0,4,135
2011-09-02,21755,106.0,177.0,4,135
2011-09-03,21755,106.0,177.0,4,135
2011-09-04,21755,100.0,177.0,4,135
2011-09-05,21755,277.0,0.0,4,135
2011-09-06,21755,256.0,0.0,4,135
2011-09-07,21755,255.0,0.0,4,135
2011-09-08,21755,251.0,0.0,4,135
2011-09-09,21755,239.0,0.0,4,135
2011-09-10,21755,239.0,0.0,4,135
2011-09-11,21755,229.0,0.0,4,135
2011-09-12,21755,229.0,0.0,4,135
2011-09-13,21755,227.0,0.0,4,135
2011-09-14,21755,225.0,0.0,4,135
2011-09-15,21755,213.0,0.0,4,135
2011-09-16,21755,210.0,0.0,4,135
2011-09-17,21755,210.0,0.0,4,135
2011-09-18,21755,206.0,0.0,4,135
2011-09-19,21755,196.0,0.0,4,135
2011-09-20,21755,189.0,0.0,4,135
2011-09-21,21755,186.0,0.0,4,135
2011-09-22,21755,183.0,0.0,4,135
2011-09-23,21755,177.0,0.0,4,135
2011-09-24,21755,177.0,0.0,4,135
2011-09-25,21755,176.0,0.0,4,135
2011-09-26,21755,176.0,0.0,4,135
2011-09-27,21755,171.0,0.0,4,135
2011-09-28,21755,152.0,0.0,4,135
2011-09-29,21755,148.0,0.0,4,135
2011-09-30,21755,147.0,0.0,4,135
2011-10-01,21755,147.0,0.0,4,135
2011-10-02,21755,141.0,0.0,4,135
2011-10-03,21755,129.0,162.0,4,135
2011-10-04,21755,123.0,162.0,4,135
2011-10-05,21755,119.0,162.0,4,135
2011-10-06,21755,112.0,162.0,4,135
2011-10-07,21755,268.0,0.0,4,135
2011-10-08,21755,268.0,0.0,4,135
2011-10-09,21755,267.0,0.0,4,135
2011-10-10,21755,264.0,0.0,4,135
2011-10-11,21755,263.0,0.0,4,135
2011-10-12,21755,260.0,0.0,4,135
2011-10-13,21755,260.0,0.0,4,135
2011-10-14,21755,260.0,0.0,4,135
2011-10-15,21755,260.0,0.0,4,135
2011-10-16,21755,254.0,0.0,4,135
2011-10-17,21755,226.0,0.0,4,135
2011-10-18,21755,223.0,0.0,4,135
2011-10-19,21755,219.0,0.0,4,135
2011-10-20,21755,216.0,0.0,4,135
2011-10-21,21755,213.0,0.0,4,135
2011-10-22,21755,213.0,0.0,4,135
2011-10-23,21755,210.0,0.0,4,135
2011-10-24,21755,210.0,0.0,4,135
2011-10-25,21755,209.0,0.0,4,135
2011-10-26,21755,208.0,0.0,4,135
2011-10-27,21755,207.0,0.0,4,135
2011-10-28,21755,206.0,0.0,4,135
2011-10-29,21755,206.0,0.0,4,135
2011-10-30,21755,205.0,0.0,4,135
2011-10-31,21755,197.0,0.0,4,135
2011-11-01,21755,191.0,0.0,4,135
2011-11-02,21755,189.0,0.0,4,135
2011-11-03,21755,161.0,0.0,4,135
2011-11-04,21755,134.0,157.0,4,135
2011-11-05,21755,134.0,157.0,4,135
2011-11-06,21755,112.0,157.0,4,135
2011-11-07,21755,109.0,157.0,4,135
2011-11-08,21755,262.0,0.0,4,135
2011-11-09,21755,261.0,0.0,4,135
2011-11-10,21755,261.0,0.0,4,135
2011-11-11,21755,259.0,0.0,4,135
2011-11-12,21755,259.0,0.0,4,135
2011-11-13,21755,255.0,0.0,4,135
2011-11-14,21755,253.0,0.0,4,135
2011-11-15,21755,250.0,0.0,4,135
2011-11-16,21755,230.0,0.0,4,135
2011-11-17,21755,227.0,0.0,4,135
2011-11-18,21755,227.0,0.0,4,135
2011-11-19,21755,227.0,0.0,4,135
2011-11-20,21755,222.0,0.0,4,135
2011-11-21,21755,216.0,0.0,4,135
2011-11-22,21755,210.0,0.0,4,135
2011-11-23,21755,193.0,0.0,4,135
2011-11-24,21755,193.0,0.0,4,135
2011-11-25,21755,192.0,0.0,4,135
2011-11-26,21755,192.0,0.0,4,135
2011-11-27,21755,191.0,0.0,4,135
2011-11-28,21755,189.0,0.0,4,135
2011-11-29,21755,178.0,0.0,4,135
2011-11-30,21755,174.0,0.0,4,135
2011-12-01,21755,165.0,0.0,4,135
2011-12-02,21755,162.0,0.0,4,135
2011-12-03,21755,162.0,0.0,4,135
2011-12-04,21755,157.0,0.0,4,135
2011-12-05,21755,152.0,0.0,4,135
2011-12-06,21755,151.0,0.0,4,135
2011-12-07,21755,151.0,0.0,4,135
2011-12-08,21755,141.0,0.0,4,135
2011-12-09,21755,140.0,0.0,4,135
2011-08-11,21790,204.0,696.0,9,323
2011-08-12,21790,192.0,696.0,9,323
2011-08-13,21790,192.0,696.0,9,323
2011-08-14,21790,156.0,696.0,9,323
2011-08-15,21790,96.0,696.0,9,323
2011-08-16,21790,93.0,696.0,9,323
2011-08-17,21790,67.0,696.0,9,323
2011-08-18,21790,0.0,696.0,9,323
2011-08-19,21790,0.0,696.0,9,323
2011-08-20,21790,696.0,0.0,9,323
2011-08-21,21790,694.0,0.0,9,323
2011-08-22,21790,645.0,0.0,9,323
2011-08-23,21790,633.0,0.0,9,323
2011-08-24,21790,603.0,0.0,9,323
2011-08-25,21790,591.0,0.0,9,323
2011-08-26,21790,579.0,0.0,9,323
2011-08-27,21790,579.0,0.0,9,323
2011-08-28,21790,555.0,0.0,9,323
2011-08-29,21790,555.0,0.0,9,323
2011-08-30,21790,544.0,0.0,9,323
2011-08-31,21790,543.0,0.0,9,323
2011-09-01,21790,289.0,611.0,9,323
2011-09-02,21790,259.0,611.0,9,323
2011-09-03,21790,259.0,611.0,9,323
2011-09-04,21790,244.0,611.0,9,323
2011-09-05,21790,10.0,611.0,9,323
2011-09-06,21790,0.0,611.0,9,323
2011-09-07,21790,0.0,611.0,9,323
2011-09-08,21790,0.0,611.0,9,323
2011-09-09,21790,0.0,611.0,9,323
2011-09-10,21790,611.0,0.0,9,323
2011-09-11,21790,467.0,0.0,9,323
2011-09-12,21790,434.0,0.0,9,323
2011-09-13,21790,384.0,0.0,9,323
2011-09-14,21790,382.0,0.0,9,323
2011-09-15,21790,317.0,583.0,9,323
2011-09-16,21790,253.0,583.0,9,323
2011-09-17,21790,253.0,583.0,9,323
2011-09-18,21790,245.0,583.0,9,323
2011-09-19,21790,231.0,583.0,9,323
2011-09-20,21790,0.0,583.0,9,323
2011-09-21,21790,0.0,583.0,9,323
2011-09-22,21790,0.0,583.0,9,323
2011-09-23,21790,0.0,583.0,9,323
2011-09-24,21790,583.0,0.0,9,323
2011-09-25,21790,539.0,0.0,9,323
2011-09-26,21790,359.0,0.0,9,323
2011-09-27,21790,321.0,579.0,9,323
2011-09-28,21790,319.0,579.0,9,323
2011-09-29,21790,235.0,579.0,9,323
2011-09-30,21790,203.0,579.0,9,323
2011-10-01,21790,203.0,579.0,9,323
2011-10-02,21790,196.0,579.0,9,323
2011-10-03,21790,145.0,579.0,9,323
2011-10-04,21790,0.0,579.0,9,323
2011-10-05,21790,0.0,579.0,9,323
2011-10-06,21790,539.0,0.0,9,323
2011-10-07,21790,394.0,0.0,9,323
2011-10-08,21790,394.0,0.0,9,323
2011-10-09,21790,388.0,0.0,9,323
2011-10-10,21790,375.0,0.0,9,323
2011-10-11,21790,289.0,611.0,9,323
2011-10-12,21790,218.0,611.0,9,323
2011-10-13,21790,168.0,611.0,9,323
2011-10-14,21790,143.0,611.0,9,323
2011-10-15,21790,143.0,611.0,9,323
2011-10-16,21790,87.0,611.0,9,323
2011-10-17,21790,41.0,611.0,9,323
2011-10-18,21790,0.0,611.0,9,323
2011-10-19,21790,0.0,611.0,9,323
2011-10-20,21790,586.0,0.0,9,323
2011-10-21,21790,555.0,0.0,9,323
2011-10-22,21790,555.0,0.0,9,323
2011-10-23,21790,543.0,0.0,9,323
2011-10-24,21790,478.0,0.0,9,323
2011-10-25,21790,437.0,0.0,9,323
2011-10-26,21790,435.0,0.0,9,323
2011-10-27,21790,278.0,622.0,9,323
2011-10-28,21790,171.0,622.0,9,323
2011-10-29,21790,171.0,622.0,9,323
2011-10-30,21790,162.0,622.0,9,323
2011-10-31,21790,132.0,622.0,9,323
2011-11-01,21790,103.0,622.0,9,323
2011-11-02,21790,0.0,622.0,9,323
2011-11-03,21790,0.0,622.0,9,323
2011-11-04,21790,0.0,622.0,9,323
2011-11-05,21790,622.0,0.0,9,323
2011-11-06,21790,524.0,0.0,9,323
2011-11-07,21790,244.0,656.0,9,323
2011-11-08,21790,204.0,656.0,9,323
2011-11-09,21790,45.0,656.0,9,323
2011-11-10,21790,0.0,656.0,9,323
2011-11-11,21790,0.0,656.0,9,323
2011-11-12,21790,0.0,656.0,9,323
2011-11-13,21790,0.0,656.0,9,323
2011-11-14,21790,0.0,656.0,9,323
2011-11-15,21790,0.0,656.0,9,323
2011-11-16,21790,544.0,0.0,9,323
2011-11-17,21790,531.0,0.0,9,323
2011-11-18,21790,512.0,0.0,9,323
2011-11-19,21790,512.0,0.0,9,323
2011-11-20,21790,335.0,0.0,9,323
2011-11-21,21790,283.0,617.0,9,323
2011-11-22,21790,181.0,617.0,9,323
2011-11-23,21790,68.0,617.0,9,323
2011-11-24,21790,0.0,617.0,9,323
2011-11-25,21790,0.0,617.0,9,323
2011-11-26,21790,0.0,617.0,9,323
2011-11-27,21790,0.0,617.0,9,323
2011-11-28,21790,0.0,617.0,9,323
2011-11-29,21790,0.0,617.0,9,323
2011-11-30,21790,572.0,0.0,9,323
2011-12-01,21790,223.0,677.0,9,323
2011-12-02,21790,214.0,677.0,9,323
2011-12-03,21790,214.0,677.0,9,323
2011-12-04,21790,148.0,677.0,9,323
2011-12-05,21790,61.0,677.0,9,323
2011-12-06,21790,27.0,677.0,9,323
2011-12-07,21790,0.0,677.0,9,323
2011-12-08,21790,0.0,677.0,9,323
2011-12-09,21790,0.0,677.0,9,323
2011-08-11,21791,31.0,354.0,3,180
2011-08-12,21791,19.0,354.0,3,180
2011-08-13,21791,373.0,0.0,3,180
2011-08-14,21791,373.0,0.0,3,180
2011-08-15,21791,349.0,0.0,3,180
2011-08-16,21791,346.0,0.0,3,180
2011-08-17,21791,308.0,0.0,3,180
2011-08-18,21791,282.0,0.0,3,180
2011-08-19,21791,246.0,0.0,3,180
2011-08-20,21791,246.0,0.0,3,180
2011-08-21,21791,246.0,0.0,3,180
2011-08-22,21791,222.0,0.0,3,180
2011-08-23,21791,222.0,0.0,3,180
2011-08-24,21791,197.0,0.0,3,180
2011-08-25,21791,197.0,0.0,3,180
2011-08-26,21791,185.0,0.0,3,180
2011-08-27,21791,185.0,0.0,3,180
2011-08-28,21791,161.0,338.0,3,180
2011-08-29,21791,161.0,338.0,3,180
2011-08-30,21791,154.0,338.0,3,180
2011-08-31,21791,492.0,0.0,3,180
2011-09-01,21791,264.0,0.0,3,180
2011-09-02,21791,262.0,0.0,3,180
2011-09-03,21791,262.0,0.0,3,180
2011-09-04,21791,261.0,0.0,3,180
2011-09-05,21791,233.0,0.0,3,180
2011-09-06,21791,209.0,0.0,3,180
2011-09-07,21791,173.0,326.0,3,180
2011-09-08,21791,137.0,326.0,3,180
2011-09-09,21791,125.0,326.0,3,180
2011-09-10,21791,451.0,0.0,3,180
2011-09-11,21791,439.0,0.0,3,180
2011-09-12,21791,439.0,0.0,3,180
2011-09-13,21791,426.0,0.0,3,180
2011-09-14,21791,413.0,0.0,3,180
2011-09-15,21791,386.0,0.0,3,180
2011-09-16,21791,386.0,0.0,3,180
2011-09-17,21791,386.0,0.0,3,180
2011-09-18,21791,386.0,0.0,3,180
2011-09-19,21791,384.0,0.0,3,180
2011-09-20,21791,365.0,0.0,3,180
2011-09-21,21791,322.0,0.0,3,180
2011-09-22,21791,269.0,0.0,3,180
2011-09-23,21791,226.0,0.0,3,180
2011-09-24,21791,226.0,0.0,3,180
2011-09-25,21791,196.0,0.0,3,180
2011-09-26,21791,172.0,327.0,3,180
2011-09-27,21791,170.0,327.0,3,180
2011-09-28,21791,167.0,327.0,3,180
2011-09-29,21791,470.0,0.0,3,180
2011-09-30,21791,448.0,0.0,3,180
2011-10-01,21791,448.0,0.0,3,180
2011-10-02,21791,444.0,0.0,3,180
2011-10-03,21791,418.0,0.0,3,180
2011-10-04,21791,417.0,0.0,3,180
2011-10-05,21791,333.0,0.0,3,180
2011-10-06,21791,284.0,0.0,3,180
2011-10-07,21791,223.0,0.0,3,180
2011-10-08,21791,223.0,0.0,3,180
2011-10-09,21791,220.0,0.0,3,180
2011-10-10,21791,204.0,0.0,3,180
2011-10-11,21791,192.0,0.0,3,180
2011-10-12,21791,167.0,332.0,3,180
2011-10-13,21791,131.0,332.0,3,180
2011-10-14,21791,95.0,332.0,3,180
2011-10-15,21791,427.0,0.0,3,180
2011-10-16,21791,425.0,0.0,3,180
2011-10-17,21791,311.0,0.0,3,180
2011-10-18,21791,282.0,0.0,3,180
2011-10-19,21791,270.0,0.0,3,180
2011-10-20,21791,260.0,0.0,3,180
2011-10-21,21791,224.0,0.0,3,180
2011-10-22,21791,224.0,0.0,3,180
2011-10-23,21791,214.0,0.0,3,180
2011-10-24,21791,187.0,0.0,3,180
2011-10-25,21791,163.0,336.0,3,180
2011-10-26,21791,161.0,336.0,3,180
2011-10-27,21791,136.0,336.0,3,180
2011-10-28,21791,472.0,0.0,3,180
2011-10-29,21791,472.0,0.0,3,180
2011-10-30,21791,469.0,0.0,3,180
2011-10-31,21791,436.0,0.0,3,180
2011-11-01,21791,418.0,0.0,3,180
2011-11-02,21791,381.0,0.0,3,180
2011-11-03,21791,378.0,0.0,3,180
2011-11-04,21791,339.0,0.0,3,180
2011-11-05,21791,339.0,0.0,3,180
2011-11-06,21791,308.0,0.0,3,180
2011-11-07,21791,69.0,430.0,3,180
2011-11-08,21791,59.0,430.0,3,180
2011-11-09,21791,17.0,430.0,3,180
2011-11-10,21791,349.0,0.0,3,180
2011-11-11,21791,282.0,0.0,3,180
2011-11-12,21791,282.0,0.0,3,180
2011-11-13,21791,244.0,0.0,3,180
2011-11-14,21791,0.0,499.0,3,180
2011-11-15,21791,0.0,499.0,3,180
2011-11-16,21791,0.0,499.0,3,180
2011-11-17,21791,472.0,0.0,3,180
2011-11-18,21791,452.0,0.0,3,180
2011-11-19,21791,452.0,0.0,3,180
2011-11-20,21791,324.0,0.0,3,180
2011-11-21,21791,285.0,0.0,3,180
2011-11-22,21791,227.0,0.0,3,180
2011-11-23,21791,158.0,341.0,3,180
2011-11-24,21791,105.0,341.0,3,180
2011-11-25,21791,87.0,341.0,3,180
2011-11-26,21791,428.0,0.0,3,180
2011-11-27,21791,420.0,0.0,3,180
2011-11-28,21791,392.0,0.0,3,180
2011-11-29,21791,368.0,0.0,3,180
2011-11-30,21791,364.0,0.0,3,180
2011-12-01,21791,248.0,0.0,3,180
2011-12-02,21791,237.0,0.0,3,180
2011-12-03,21791,237.0,0.0,3,180
2011-12-04,21791,223.0,0.0,3,180
2011-12-05,21791,174.0,325.0,3,180
2011-12-06,21791,138.0,325.0,3,180
2011-12-07,21791,38.0,325.0,3,180
2011-12-08,21791,297.0,0.0,3,180
2011-12-09,21791,296.0,0.0,3,180
2011-08-11,21843,81.0,301.0,12,209
2011-08-12,21843,382.0,0.0,12,209
2011-08-13,21843,382.0,0.0,12,209
2011-08-14,21843,382.0,0.0,12,209
2011-08-15,21843,375.0,0.0,12,209
2011-08-16,21843,375.0,0.0,12,209
2011-08-17,21843,365.0,0.0,12,209
2011-08-18,21843,341.0,0.0,12,209
2011-08-19,21843,339.0,0.0,12,209
2011-08-20,21843,339.0,0.0,12,209
2011-08-21,21843,339.0,0.0,12,209
2011-08-22,21843,339.0,0.0,12,209
2011-08-23,21843,334.0,0.0,12,209
2011-08-24,21843,330.0,0.0,12,209
2011-08-25,21843,328.0,0.0,12,209
2011-08-26,21843,322.0,0.0,12,209
2011-08-27,21843,322.0,0.0,12,209
2011-08-28,21843,321.0,0.0,12,209
2011-08-29,21843,321.0,0.0,12,209
2011-08-30,21843,321.0,0.0,12,209
2011-08-31,21843,319.0,0.0,12,209
2011-09-01,21843,317.0,0.0,12,209
2011-09-02,21843,309.0,0.0,12,209
2011-09-03,21843,309.0,0.0,12,209
2011-09-04,21843,304.0,0.0,12,209
2011-09-05,21843,303.0,0.0,12,209
2011-09-06,21843,302.0,0.0,12,209
2011-09-07,21843,302.0,0.0,12,209
2011-09-08,21843,301.0,0.0,12,209
2011-09-09,21843,300.0,0.0,12,209
2011-09-10,21843,300.0,0.0,12,209
2011-09-11,21843,299.0,0.0,12,209
2011-09-12,21843,273.0,0.0,12,209
2011-09-13,21843,273.0,0.0,12,209
2011-09-14,21843,273.0,0.0,12,209
2011-09-15,21843,273.0,0.0,12,209
2011-09-16,21843,270.0,0.0,12,209
2011-09-17,21843,270.0,0.0,12,209
2011-09-18,21843,270.0,0.0,12,209
2011-09-19,21843,268.0,0.0,12,209
2011-09-20,21843,266.0,0.0,12,209
2011-09-21,21843,242.0,0.0,12,209
2011-09-22,21843,242.0,0.0,12,209
2011-09-23,21843,234.0,0.0,12,209
2011-09-24,21843,234.0,0.0,12,209
2011-09-25,21843,233.0,0.0,12,209
2011-09-26,21843,233.0,0.0,12,209
2011-09-27,21843,233.0,0.0,12,209
2011-09-28,21843,229.0,0.0,12,209
2011-09-29,21843,228.0,0.0,12,209
2011-09-30,21843,223.0,0.0,12,209
2011-10-01,21843,223.0,0.0,12,209
2011-10-02,21843,223.0,0.0,12,209
2011-10-03,21843,223.0,0.0,12,209
2011-10-04,21843,223.0,0.0,12,209
2011-10-05,21843,198.0,257.0,12,209
2011-10-06,21843,197.0,257.0,12,209
2011-10-07,21843,191.0,257.0,12,209
2011-10-08,21843,191.0,257.0,12,209
2011-10-09,21843,191.0,257.0,12,209
2011-10-10,21843,178.0,257.0,12,209
2011-10-11,21843,175.0,257.0,12,209
2011-10-12,21843,170.0,257.0,12,209
2011-10-13,21843,159.0,257.0,12,209
2011-10-14,21843,159.0,257.0,12,209
2011-10-15,21843,159.0,257.0,12,209
2011-10-16,21843,158.0,257.0,12,209
2011-10-17,21843,413.0,0.0,12,209
2011-10-18,21843,410.0,0.0,12,209
2011-10-19,21843,407.0,0.0,12,209
2011-10-20,21843,406.0,0.0,12,209
2011-10-21,21843,398.0,0.0,12,209
2011-10-22,21843,398.0,0.0,12,209
2011-10-23,21843,398.0,0.0,12,209
2011-10-24,21843,394.0,0.0,12,209
2011-10-25,21843,394.0,0.0,12,209
2011-10-26,21843,394.0,0.0,12,209
2011-10-27,21843,394.0,0.0,12,209
2011-10-28,21843,394.0,0.0,12,209
2011-10-29,21843,394.0,0.0,12,209
2011-10-30,21843,389.0,0.0,12,209
2011-10-31,21843,384.0,0.0,12,209
2011-11-01,21843,383.0,0.0,12,209
2011-11-02,21843,382.0,0.0,12,209
2011-11-03,21843,353.0,0.0,12,209
2011-11-04,21843,349.0,0.0,12,209
2011-11-05,21843,349.0,0.0,12,209
2011-11-06,21843,342.0,0.0,12,209
2011-11-07,21843,342.0,0.0,12,209
2011-11-08,21843,342.0,0.0,12,209
2011-11-09,21843,328.0,0.0,12,209
2011-11-10,21843,296.0,0.0,12,209
2011-11-11,21843,294.0,0.0,12,209
2011-11-12,21843,294.0,0.0,12,209
2011-11-13,21843,289.0,0.0,12,209
2011-11-14,21843,289.0,0.0,12,209
2011-11-15,21843,157.0,298.0,12,209
2011-11-16,21843,157.0,298.0,12,209
2011-11-17,21843,153.0,298.0,12,209
2011-11-18,21843,153.0,298.0,12,209
2011-11-19,21843,153.0,298.0,12,209
2011-11-20,21843,151.0,298.0,12,209
2011-11-21,21843,146.0,298.0,12,209
2011-11-22,21843,142.0,298.0,12,209
2011-11-23,21843,129.0,298.0,12,209
2011-11-24,21843,52.0,298.0,12,209
2011-11-25,21843,50.0,298.0,12,209
2011-11-26,21843,50.0,298.0,12,209
2011-11-27,21843,340.0,0.0,12,209
2011-11-28,21843,339.0,0.0,12,209
2011-11-29,21843,334.0,0.0,12,209
2011-11-30,21843,323.0,0.0,12,209
2011-12-01,21843,310.0,0.0,12,209
2011-12-02,21843,303.0,0.0,12,209
2011-12-03,21843,303.0,0.0,12,209
2011-12-04,21843,298.0,0.0,12,209
2011-12-05,21843,265.0,0.0,12,209
2011-12-06,21843,260.0,0.0,12,209
2011-12-07,21843,246.0,0.0,12,209
2011-12-08,21843,240.0,0.0,12,209
2011-12-09,21843,235.0,0.0,12,209
2011-08-11,21915,0.0,22.0,10,10
2011-08-12,21915,0.0,22.0,10,10
2011-08-13,21915,0.0,22.0,10,10
2011-08-14,21915,0.0,22.0,10,10
2011-08-15,21915,0.0,22.0,10,10
2011-08-16,21915,0.0,22.0,10,10
2011-08-17,21915,0.0,22.0,10,10
2011-08-18,21915,0.0,0.0,10,10
2011-08-19,21915,0.0,22.0,10,10
2011-08-20,21915,0.0,22.0,10,10
2011-08-21,21915,0.0,22.0,10,10
2011-08-22,21915,0.0,22.0,10,10
2011-08-23,21915,0.0,22.0,10,10
2011-08-24,21915,0.0,22.0,10,10
2011-08-25,21915,0.0,22.0,10,10
2011-08-26,21915,0.0,22.0,10,10
2011-08-27,21915,0.0,22.0,10,10
2011-08-28,21915,0.0,22.0,10,10
2011-08-29,21915,22.0,0.0,10,10
2011-08-30,21915,21.0,0.0,10,10
2011-08-31,21915,9.0,13.0,10,10
2011-09-01,21915,0.0,13.0,10,10
2011-09-02,21915,0.0,13.0,10,10
2011-09-03,21915,0.0,13.0,10,10
2011-09-04,21915,0.0,13.0,10,10
2011-09-05,21915,0.0,13.0,10,10
2011-09-06,21915,0.0,13.0,10,10
2011-09-07,21915,0.0,13.0,10,10
2011-09-08,21915,0.0,13.0,10,10
2011-09-09,21915,0.0,13.0,10,10
2011-09-10,21915,13.0,0.0,10,10
2011-09-11,21915,0.0,22.0,10,10
2011-09-12,21915,0.0,22.0,10,10
2011-09-13,21915,0.0,22.0,10,10
2011-09-14,21915,0.0,22.0,10,10
2011-09-15,21915,0.0,22.0,10,10
2011-09-16,21915,0.0,22.0,10,10
2011-09-17,21915,0.0,22.0,10,10
2011-09-18,21915,0.0,22.0,10,10
2011-09-19,21915,0.0,22.0,10,10
2011-09-20,21915,0.0,22.0,10,10
2011-09-21,21915,0.0,0.0,10,10
2011-09-22,21915,0.0,22.0,10,10
2011-09-23,21915,0.0,22.0,10,10
2011-09-24,21915,0.0,22.0,10,10
2011-09-25,21915,0.0,22.0,10,10
2011-09-26,21915,0.0,22.0,10,10
2011-09-27,21915,0.0,22.0,10,10
2011-09-28,21915,0.0,22.0,10,10
2011-09-29,21915,0.0,22.0,10,10
2011-09-30,21915,0.0,22.0,10,10
2011-10-01,21915,0.0,22.0,10,10
2011-10-02,21915,8.0,0.0,10,10
2011-10-03,21915,0.0,22.0,10,10
2011-10-04,21915,0.0,22.0,10,10
2011-10-05,21915,0.0,22.0,10,10
2011-10-06,21915,0.0,22.0,10,10
2011-10-07,21915,0.0,22.0,10,10
2011-10-08,21915,0.0,22.0,10,10
2011-10-09,21915,0.0,22.0,10,10
2011-10-10,21915,0.0,22.0,10,10
2011-10-11,21915,0.0,22.0,10,10
2011-10-12,21915,0.0,22.0,10,10
2011-10-13,21915,0.0,0.0,10,10
2011-10-14,21915,0.0,22.0,10,10
2011-10-15,21915,0.0,22.0,10,10
2011-10-16,21915,0.0,22.0,10,10
2011-10-17,21915,0.0,22.0,10,10
2011-10-18,21915,0.0,22.0,10,10
2011-10-19,21915,0.0,22.0,10,10
2011-10-20,21915,0.0,22.0,10,10
2011-10-21,21915,0.0,22.0,10,10
2011-10-22,21915,0.0,22.0,10,10
2011-10-23,21915,0.0,22.0,10,10
2011-10-24,21915,0.0,0.0,10,10
2011-10-25,21915,0.0,22.0,10,10
2011-10-26,21915,0.0,22.0,10,10
2011-10-27,21915,0.0,22.0,10,10
2011-10-28,21915,0.0,22.0,10,10
2011-10-29,21915,0.0,22.0,10,10
2011-10-30,21915,0.0,22.0,10,10
2011-10-31,21915,0.0,22.0,10,10
2011-11-01,21915,0.0,22.0,10,10
2011-11-02,21915,0.0,22.0,10,10
2011-11-03,21915,0.0,22.0,10,10
2011-11-04,21915,0.0,0.0,10,10
2011-11-05,21915,0.0,22.0,10,10
2011-11-06,21915,0.0,22.0,10,10
2011-11-07,21915,0.0,22.0,10,10
2011-11-08,21915,0.0,22.0,10,10
2011-11-09,21915,0.0,22.0,10,10
2011-11-10,21915,0.0,22.0,10,10
2011-11-11,21915,0.0,22.0,10,10
2011-11-12,21915,0.0,22.0,10,10
2011-11-13,21915,0.0,22.0,10,10
2011-11-14,21915,0.0,22.0,10,10
2011-11-15,21915,0.0,0.0,10,10
2011-11-16,21915,0.0,22.0,10,10
2011-11-17,21915,0.0,22.0,10,10
2011-11-18,21915,0.0,22.0,10,10
2011-11-19,21915,0.0,22.0,10,10
2011-11-20,21915,0.0,22.0,10,10
2011-11-21,21915,0.0,22.0,10,10
2011-11-22,21915,0.0,22.0,10,10
2011-11-23,21915,0.0,22.0,10,10
2011-11-24,21915,0.0,22.0,10,10
2011-11-25,21915,0.0,22.0,10,10
2011-11-26,21915,22.0,0.0,10,10
2011-11-27,21915,22.0,0.0,10,10
2011-11-28,21915,22.0,0.0,10,10
2011-11-29,21915,22.0,0.0,10,10
2011-11-30,21915,22.0,0.0,10,10
2011-12-01,21915,22.0,0.0,10,10
2011-12-02,21915,0.0,22.0,10,10
2011-12-03,21915,0.0,22.0,10,10
2011-12-04,21915,0.0,22.0,10,10
2011-12-05,21915,0.0,22.0,10,10
2011-12-06,21915,0.0,22.0,10,10
2011-12-07,21915,0.0,22.0,10,10
2011-12-08,21915,0.0,22.0,10,10
2011-12-09,21915,0.0,22.0,10,10
2011-08-11,21928,188.0,809.0,12,590
2011-08-12,21928,188.0,809.0,12,590
2011-08-13,21928,997.0,0.0,12,590
2011-08-14,21928,979.0,0.0,12,590
2011-08-15,21928,944.0,0.0,12,590
2011-08-16,21928,924.0,0.0,12,590
2011-08-17,21928,784.0,0.0,12,590
2011-08-18,21928,761.0,0.0,12,590
2011-08-19,21928,691.0,0.0,12,590
2011-08-20,21928,691.0,0.0,12,590
2011-08-21,21928,691.0,0.0,12,590
2011-08-22,21928,631.0,0.0,12,590
2011-08-23,21928,611.0,0.0,12,590
2011-08-24,21928,384.0,1003.0,12,590
2011-08-25,21928,362.0,1003.0,12,590
2011-08-26,21928,352.0,1003.0,12,590
2011-08-27,21928,352.0,1003.0,12,590
2011-08-28,21928,346.0,1003.0,12,590
2011-08-29,21928,346.0,1003.0,12,590
2011-08-30,21928,335.0,1003.0,12,590
2011-08-31,21928,327.0,1003.0,12,590
2011-09-01,21928,191.0,1003.0,12,590
2011-09-02,21928,168.0,1003.0,12,590
2011-09-03,21928,168.0,1003.0,12,590
2011-09-04,21928,161.0,1003.0,12,590
2011-09-05,21928,1154.0,0.0,12,590
2011-09-06,21928,1138.0,0.0,12,590
2011-09-07,21928,1075.0,0.0,12,590
2011-09-08,21928,1044.0,0.0,12,590
2011-09-09,21928,1040.0,0.0,12,590
2011-09-10,21928,1040.0,0.0,12,590
2011-09-11,21928,1038.0,0.0,12,590
2011-09-12,21928,1028.0,0.0,12,590
2011-09-13,21928,1001.0,0.0,12,590
2011-09-14,21928,901.0,0.0,12,590
2011-09-15,21928,868.0,0.0,12,590
2011-09-16,21928,847.0,0.0,12,590
2011-09-17,21928,847.0,0.0,12,590
2011-09-18,21928,836.0,0.0,12,590
2011-09-19,21928,805.0,0.0,12,590
2011-09-20,21928,787.0,0.0,12,590
2011-09-21,21928,764.0,0.0,12,590
2011-09-22,21928,642.0,0.0,12,590
2011-09-23,21928,635.0,0.0,12,590
2011-09-24,21928,635.0,0.0,12,590
2011-09-25,21928,615.0,0.0,12,590
2011-09-26,21928,615.0,0.0,12,590
2011-09-27,21928,507.0,880.0,12,590
2011-09-28,21928,285.0,880.0,12,590
2011-09-29,21928,284.0,880.0,12,590
2011-09-30,21928,267.0,880.0,12,590
2011-10-01,21928,267.0,880.0,12,590
2011-10-02,21928,266.0,880.0,12,590
2011-10-03,21928,264.0,880.0,12,590
2011-10-04,21928,252.0,880.0,12,590
2011-10-05,21928,241.0,880.0,12,590
2011-10-06,21928,197.0,880.0,12,590
2011-10-07,21928,193.0,880.0,12,590
2011-10-08,21928,193.0,880.0,12,590
2011-10-09,21928,1061.0,0.0,12,590
2011-10-10,21928,1052.0,0.0,12,590
2011-10-11,21928,1042.0,0.0,12,590
2011-10-12,21928,1031.0,0.0,12,590
2011-10-13,21928,1014.0,0.0,12,590
2011-10-14,21928,982.0,0.0,12,590
2011-10-15,21928,982.0,0.0,12,590
2011-10-16,21928,982.0,0.0,12,590
2011-10-17,21928,843.0,0.0,12,590
2011-10-18,21928,843.0,0.0,12,590
2011-10-19,21928,836.0,0.0,12,590
2011-10-20,21928,813.0,0.0,12,590
2011-10-21,21928,810.0,0.0,12,590
2011-10-22,21928,810.0,0.0,12,590
2011-10-23,21928,809.0,0.0,12,590
2011-10-24,21928,753.0,0.0,12,590
2011-10-25,21928,723.0,0.0,12,590
2011-10-26,21928,713.0,0.0,12,590
2011-10-27,21928,713.0,0.0,12,590
2011-10-28,21928,709.0,0.0,12,590
2011-10-29,21928,709.0,0.0,12,590
2011-10-30,21928,685.0,0.0,12,590
2011-10-31,21928,666.0,0.0,12,590
2011-11-01,21928,664.0,0.0,12,590
2011-11-02,21928,652.0,0.0,12,590
2011-11-03,21928,641.0,0.0,12,590
2011-11-04,21928,539.0,848.0,12,590
2011-11-05,21928,539.0,848.0,12,590
2011-11-06,21928,478.0,848.0,12,590
2011-11-07,21928,470.0,848.0,12,590
2011-11-08,21928,432.0,848.0,12,590
2011-11-09,21928,390.0,848.0,12,590
2011-11-10,21928,387.0,848.0,12,590
2011-11-11,21928,281.0,848.0,12,590
2011-11-12,21928,281.0,848.0,12,590
2011-11-13,21928,265.0,848.0,12,590
2011-11-14,21928,263.0,848.0,12,590
2011-11-15,21928,260.0,848.0,12,590
2011-11-16,21928,1083.0,0.0,12,590
2011-11-17,21928,1033.0,0.0,12,590
2011-11-18,21928,1021.0,0.0,12,590
2011-11-19,21928,1021.0,0.0,12,590
2011-11-20,21928,1014.0,0.0,12,590
2011-11-21,21928,1014.0,0.0,12,590
2011-11-22,21928,1011.0,0.0,12,590
2011-11-23,21928,984.0,0.0,12,590
2011-11-24,21928,952.0,0.0,12,590
2011-11-25,21928,938.0,0.0,12,590
2011-11-26,21928,938.0,0.0,12,590
2011-11-27,21928,933.0,0.0,12,590
2011-11-28,21928,919.0,0.0,12,590
2011-11-29,21928,904.0,0.0,12,590
2011-11-30,21928,851.0,0.0,12,590
2011-12-01,21928,821.0,0.0,12,590
2011-12-02,21928,721.0,0.0,12,590
2011-12-03,21928,721.0,0.0,12,590
2011-12-04,21928,719.0,0.0,12,590
2011-12-05,21928,705.0,0.0,12,590
2011-12-06,21928,683.0,0.0,12,590
2011-12-07,21928,559.0,828.0,12,590
2011-12-08,21928,553.0,828.0,12,590
2011-12-09,21928,549.0,828.0,12,590
2011-08-11,21929,623.0,723.0,6,654
2011-08-12,21929,603.0,723.0,6,654
2011-08-13,21929,603.0,723.0,6,654
2011-08-14,21929,585.0,723.0,6,654
2011-08-15,21929,563.0,723.0,6,654
2011-08-16,21929,1231.0,0.0,6,654
2011-08-17,21929,1208.0,0.0,6,654
2011-08-18,21929,996.0,0.0,6,654
2011-08-19,21929,966.0,0.0,6,654
2011-08-20,21929,966.0,0.0,6,654
2011-08-21,21929,964.0,0.0,6,654
2011-08-22,21929,911.0,0.0,6,654
2011-08-23,21929,891.0,0.0,6,654
2011-08-24,21929,890.0,0.0,6,654
2011-08-25,21929,890.0,0.0,6,654
2011-08-26,21929,880.0,0.0,6,654
2011-08-27,21929,880.0,0.0,6,654
2011-08-28,21929,873.0,0.0,6,654
2011-08-29,21929,873.0,0.0,6,654
2011-08-30,21929,766.0,0.0,6,654
2011-08-31,21929,756.0,0.0,6,654
2011-09-01,21929,724.0,0.0,6,654
2011-09-02,21929,668.0,0.0,6,654
2011-09-03,21929,668.0,0.0,6,654
2011-09-04,21929,656.0,0.0,6,654
2011-09-05,21929,645.0,728.0,6,654
2011-09-06,21929,642.0,728.0,6,654
2011-09-07,21929,595.0,728.0,6,654
2011-09-08,21929,543.0,728.0,6,654
2011-09-09,21929,519.0,728.0,6,654
2011-09-10,21929,519.0,728.0,6,654
2011-09-11,21929,1240.0,0.0,6,654
2011-09-12,21929,1217.0,0.0,6,654
2011-09-13,21929,1192.0,0.0,6,654
2011-09-14,21929,1191.0,0.0,6,654
2011-09-15,21929,1167.0,0.0,6,654
2011-09-16,21929,1163.0,0.0,6,654
2011-09-17,21929,1163.0,0.0,6,654
2011-09-18,21929,1162.0,0.0,6,654
2011-09-19,21929,1141.0,0.0,6,654
2011-09-20,21929,1141.0,0.0,6,654
2011-09-21,21929,930.0,0.0,6,654
2011-09-22,21929,806.0,0.0,6,654
2011-09-23,21929,795.0,0.0,6,654
2011-09-24,21929,795.0,0.0,6,654
2011-09-25,21929,783.0,0.0,6,654
2011-09-26,21929,782.0,0.0,6,654
2011-09-27,21929,773.0,0.0,6,654
2011-09-28,21929,744.0,0.0,6,654
2011-09-29,21929,687.0,0.0,6,654
2011-09-30,21929,662.0,0.0,6,654
2011-10-01,21929,662.0,0.0,6,654
2011-10-02,21929,661.0,0.0,6,654
2011-10-03,21929,658.0,0.0,6,654
2011-10-04,21929,632.0,741.0,6,654
2011-10-05,21929,620.0,741.0,6,654
2011-10-06,21929,380.0,741.0,6,654
2011-10-07,21929,278.0,741.0,6,654
2011-10-08,21929,278.0,741.0,6,654
2011-10-09,21929,271.0,741.0,6,654
2011-10-10,21929,996.0,0.0,6,654
2011-10-11,21929,996.0,0.0,6,654
2011-10-12,21929,984.0,0.0,6,654
2011-10-13,21929,963.0,0.0,6,654
2011-10-14,21929,942.0,0.0,6,654
2011-10-15,21929,942.0,0.0,6,654
2011-10-16,21929,931.0,0.0,6,654
2011-10-17,21929,898.0,0.0,6,654
2011-10-18,21929,887.0,0.0,6,654
2011-10-19,21929,878.0,0.0,6,654
2011-10-20,21929,852.0,0.0,6,654
2011-10-21,21929,849.0,0.0,6,654
2011-10-22,21929,849.0,0.0,6,654
2011-10-23,21929,847.0,0.0,6,654
2011-10-24,21929,821.0,0.0,6,654
2011-10-25,21929,790.0,0.0,6,654
2011-10-26,21929,785.0,0.0,6,654
2011-10-27,21929,785.0,0.0,6,654
2011-10-28,21929,780.0,0.0,6,654
2011-10-29,21929,780.0,0.0,6,654
2011-10-30,21929,780.0,0.0,6,654
2011-10-31,21929,763.0,0.0,6,654
2011-11-01,21929,760.0,0.0,6,654
2011-11-02,21929,737.0,0.0,6,654
2011-11-03,21929,737.0,0.0,6,654
2011-11-04,21929,734.0,0.0,6,654
2011-11-05,21929,734.0,0.0,6,654
2011-11-06,21929,701.0,0.0,6,654
2011-11-07,21929,687.0,0.0,6,654
2011-11-08,21929,549.0,824.0,6,654
2011-11-09,21929,409.0,824.0,6,654
2011-11-10,21929,408.0,824.0,6,654
2011-11-11,21929,308.0,824.0,6,654
2011-11-12,21929,308.0,824.0,6,654
2011-11-13,21929,284.0,824.0,6,654
2011-11-14,21929,1105.0,0.0,6,654
2011-11-15,21929,1104.0,0.0,6,654
2011-11-16,21929,1071.0,0.0,6,654
2011-11-17,21929,1047.0,0.0,6,654
2011-11-18,21929,1025.0,0.0,6,654
2011-11-19,21929,1025.0,0.0,6,654
2011-11-20,21929,1008.0,0.0,6,654
2011-11-21,21929,1008.0,0.0,6,654
2011-11-22,21929,986.0,0.0,6,654
2011-11-23,21929,980.0,0.0,6,654
2011-11-24,21929,969.0,0.0,6,654
2011-11-25,21929,965.0,0.0,6,654
2011-11-26,21929,965.0,0.0,6,654
2011-11-27,21929,955.0,0.0,6,654
2011-11-28,21929,941.0,0.0,6,654
2011-11-29,21929,916.0,0.0,6,654
2011-11-30,21929,872.0,0.0,6,654
2011-12-01,21929,851.0,0.0,6,654
2011-12-02,21929,849.0,0.0,6,654
2011-12-03,21929,849.0,0.0,6,654
2011-12-04,21929,847.0,0.0,6,654
2011-12-05,21929,732.0,0.0,6,654
2011-12-06,21929,718.0,0.0,6,654
2011-12-07,21929,704.0,0.0,6,654
2011-12-08,21929,688.0,0.0,6,654
2011-12-09,21929,677.0,0.0,6,654
2011-08-11,21930,415.0,0.0,11,325
2011-08-12,21930,413.0,0.0,11,325
2011-08-13,21930,413.0,0.0,11,325
2011-08-14,21930,413.0,0.0,11,325
2011-08-15,21930,393.0,0.0,11,325
2011-08-16,21930,390.0,0.0,11,325
2011-08-17,21930,382.0,0.0,11,325
2011-08-18,21930,372.0,0.0,11,325
2011-08-19,21930,352.0,0.0,11,325
2011-08-20,21930,352.0,0.0,11,325
2011-08-21,21930,352.0,0.0,11,325
2011-08-22,21930,325.0,352.0,11,325
2011-08-23,21930,293.0,352.0,11,325
2011-08-24,21930,277.0,352.0,11,325
2011-08-25,21930,266.0,352.0,11,325
2011-08-26,21930,262.0,352.0,11,325
2011-08-27,21930,262.0,352.0,11,325
2011-08-28,21930,258.0,352.0,11,325
2011-08-29,21930,258.0,352.0,11,325
2011-08-30,21930,249.0,352.0,11,325
2011-08-31,21930,148.0,352.0,11,325
2011-09-01,21930,115.0,352.0,11,325
2011-09-02,21930,418.0,0.0,11,325
2011-09-03,21930,418.0,0.0,11,325
2011-09-04,21930,418.0,0.0,11,325
2011-09-05,21930,305.0,372.0,11,325
2011-09-06,21930,303.0,372.0,11,325
2011-09-07,21930,255.0,372.0,11,325
2011-09-08,21930,232.0,372.0,11,325
2011-09-09,21930,228.0,372.0,11,325
2011-09-10,21930,228.0,372.0,11,325
2011-09-11,21930,116.0,372.0,11,325
2011-09-12,21930,116.0,372.0,11,325
2011-09-13,21930,0.0,372.0,11,325
2011-09-14,21930,0.0,372.0,11,325
2011-09-15,21930,0.0,372.0,11,325
2011-09-16,21930,350.0,0.0,11,325
2011-09-17,21930,350.0,0.0,11,325
2011-09-18,21930,348.0,0.0,11,325
2011-09-19,21930,336.0,0.0,11,325
2011-09-20,21930,211.0,466.0,11,325
2011-09-21,21930,83.0,466.0,11,325
2011-09-22,21930,53.0,466.0,11,325
2011-09-23,21930,48.0,466.0,11,325
2011-09-24,21930,48.0,466.0,11,325
2011-09-25,21930,18.0,466.0,11,325
2011-09-26,21930,18.0,466.0,11,325
2011-09-27,21930,0.0,466.0,11,325
2011-09-28,21930,0.0,466.0,11,325
2011-09-29,21930,0.0,466.0,11,325
2011-09-30,21930,0.0,466.0,11,325
2011-10-01,21930,466.0,0.0,11,325
2011-10-02,21930,466.0,0.0,11,325
2011-10-03,21930,462.0,0.0,11,325
2011-10-04,21930,447.0,0.0,11,325
2011-10-05,21930,437.0,0.0,11,325
2011-10-06,21930,409.0,0.0,11,325
2011-10-07,21930,406.0,0.0,11,325
2011-10-08,21930,406.0,0.0,11,325
2011-10-09,21930,404.0,0.0,11,325
2011-10-10,21930,393.0,0.0,11,325
2011-10-11,21930,393.0,0.0,11,325
2011-10-12,21930,390.0,0.0,11,325
2011-10-13,21930,367.0,0.0,11,325
2011-10-14,21930,364.0,0.0,11,325
2011-10-15,21930,364.0,0.0,11,325
2011-10-16,21930,362.0,0.0,11,325
2011-10-17,21930,336.0,0.0,11,325
2011-10-18,21930,312.0,365.0,11,325
2011-10-19,21930,296.0,365.0,11,325
2011-10-20,21930,286.0,365.0,11,325
2011-10-21,21930,286.0,365.0,11,325
2011-10-22,21930,286.0,365.0,11,325
2011-10-23,21930,286.0,365.0,11,325
2011-10-24,21930,245.0,365.0,11,325
2011-10-25,21930,235.0,365.0,11,325
2011-10-26,21930,229.0,365.0,11,325
2011-10-27,21930,226.0,365.0,11,325
2011-10-28,21930,211.0,365.0,11,325
2011-10-29,21930,576.0,0.0,11,325
2011-10-30,21930,559.0,0.0,11,325
2011-10-31,21930,545.0,0.0,11,325
2011-11-01,21930,435.0,0.0,11,325
2011-11-02,21930,423.0,0.0,11,325
2011-11-03,21930,422.0,0.0,11,325
2011-11-04,21930,417.0,0.0,11,325
2011-11-05,21930,417.0,0.0,11,325
2011-11-06,21930,389.0,0.0,11,325
2011-11-07,21930,355.0,0.0,11,325
2011-11-08,21930,333.0,0.0,11,325
2011-11-09,21930,311.0,366.0,11,325
2011-11-10,21930,294.0,366.0,11,325
2011-11-11,21930,190.0,366.0,11,325
2011-11-12,21930,190.0,366.0,11,325
2011-11-13,21930,184.0,366.0,11,325
2011-11-14,21930,183.0,366.0,11,325
2011-11-15,21930,179.0,366.0,11,325
2011-11-16,21930,138.0,366.0,11,325
2011-11-17,21930,117.0,366.0,11,325
2011-11-18,21930,94.0,366.0,11,325
2011-11-19,21930,94.0,366.0,11,325
2011-11-20,21930,450.0,0.0,11,325
2011-11-21,21930,447.0,0.0,11,325
2011-11-22,21930,430.0,0.0,11,325
2011-11-23,21930,428.0,0.0,11,325
2011-11-24,21930,397.0,0.0,11,325
2011-11-25,21930,380.0,0.0,11,325
2011-11-26,21930,380.0,0.0,11,325
2011-11-27,21930,369.0,0.0,11,325
2011-11-28,21930,361.0,0.0,11,325
2011-11-29,21930,330.0,0.0,11,325
2011-11-30,21930,294.0,383.0,11,325
2011-12-01,21930,228.0,383.0,11,325
2011-12-02,21930,192.0,383.0,11,325
2011-12-03,21930,192.0,383.0,11,325
2011-12-04,21930,190.0,383.0,11,325
2011-12-05,21930,185.0,383.0,11,325
2011-12-06,21930,52.0,383.0,11,325
2011-12-07,21930,36.0,383.0,11,325
2011-12-08,21930,0.0,383.0,11,325
2011-12-09,21930,0.0,383.0,11,325
2011-08-11,21931,216.0,501.0,13,698
2011-08-12,21931,198.0,501.0,13,698
2011-08-13,21931,198.0,501.0,13,698
2011-08-14,21931,193.0,930.0,13,698
2011-08-15,21931,171.0,930.0,13,698
2011-08-16,21931,121.0,930.0,13,698
2011-08-17,21931,465.0,429.0,13,698
2011-08-18,21931,324.0,429.0,13,698
2011-08-19,21931,304.0,429.0,13,698
2011-08-20,21931,304.0,429.0,13,698
2011-08-21,21931,279.0,429.0,13,698
2011-08-22,21931,229.0,894.0,13,698
2011-08-23,21931,143.0,894.0,13,698
2011-08-24,21931,9.0,894.0,13,698
2011-08-25,21931,0.0,894.0,13,698
2011-08-26,21931,0.0,894.0,13,698
2011-08-27,21931,429.0,465.0,13,698
2011-08-28,21931,427.0,465.0,13,698
2011-08-29,21931,427.0,465.0,13,698
2011-08-30,21931,394.0,465.0,13,698
2011-08-31,21931,254.0,465.0,13,698
2011-09-01,21931,190.0,933.0,13,698
2011-09-02,21931,125.0,933.0,13,698
2011-09-03,21931,125.0,933.0,13,698
2011-09-04,21931,580.0,468.0,13,698
2011-09-05,21931,558.0,468.0,13,698
2011-09-06,21931,554.0,468.0,13,698
2011-09-07,21931,382.0,468.0,13,698
2011-09-08,21931,356.0,468.0,13,698
2011-09-09,21931,341.0,468.0,13,698
2011-09-10,21931,341.0,468.0,13,698
2011-09-11,21931,305.0,468.0,13,698
2011-09-12,21931,264.0,468.0,13,698
2011-09-13,21931,199.0,924.0,13,698
2011-09-14,21931,664.0,456.0,13,698
2011-09-15,21931,626.0,456.0,13,698
2011-09-16,21931,559.0,456.0,13,698
2011-09-17,21931,559.0,456.0,13,698
2011-09-18,21931,455.0,456.0,13,698
2011-09-19,21931,443.0,456.0,13,698
2011-09-20,21931,291.0,456.0,13,698
2011-09-21,21931,287.0,456.0,13,698
2011-09-22,21931,225.0,898.0,13,698
2011-09-23,21931,199.0,898.0,13,698
2011-09-24,21931,199.0,898.0,13,698
2011-09-25,21931,169.0,898.0,13,698
2011-09-26,21931,615.0,442.0,13,698
2011-09-27,21931,570.0,442.0,13,698
2011-09-28,21931,537.0,442.0,13,698
2011-09-29,21931,389.0,442.0,13,698
2011-09-30,21931,367.0,442.0,13,698
2011-10-01,21931,367.0,442.0,13,698
2011-10-02,21931,366.0,442.0,13,698
2011-10-03,21931,295.0,442.0,13,698
2011-10-04,21931,271.0,442.0,13,698
2011-10-05,21931,582.0,0.0,13,698
2011-10-06,21931,568.0,555.0,13,698
2011-10-07,21931,359.0,555.0,13,698
2011-10-08,21931,359.0,555.0,13,698
2011-10-09,21931,354.0,555.0,13,698
2011-10-10,21931,311.0,555.0,13,698
2011-10-11,21931,304.0,555.0,13,698
2011-10-12,21931,282.0,555.0,13,698
2011-10-13,21931,221.0,555.0,13,698
2011-10-14,21931,193.0,555.0,13,698
2011-10-15,21931,193.0,555.0,13,698
2011-10-16,21931,191.0,555.0,13,698
2011-10-17,21931,176.0,555.0,13,698
2011-10-18,21931,110.0,1013.0,13,698
2011-10-19,21931,635.0,458.0,13,698
2011-10-20,21931,615.0,458.0,13,698
2011-10-21,21931,607.0,458.0,13,698
2011-10-22,21931,607.0,458.0,13,698
2011-10-23,21931,606.0,458.0,13,698
2011-10-24,21931,457.0,458.0,13,698
2011-10-25,21931,436.0,458.0,13,698
2011-10-26,21931,420.0,458.0,13,698
2011-10-27,21931,400.0,458.0,13,698
2011-10-28,21931,369.0,458.0,13,698
2011-10-29,21931,369.0,458.0,13,698
2011-10-30,21931,335.0,458.0,13,698
2011-10-31,21931,745.0,0.0,13,698
2011-11-01,21931,633.0,490.0,13,698
2011-11-02,21931,620.0,490.0,13,698
2011-11-03,21931,604.0,490.0,13,698
2011-11-04,21931,591.0,490.0,13,698
2011-11-05,21931,591.0,490.0,13,698
2011-11-06,21931,548.0,490.0,13,698
2011-11-07,21931,495.0,490.0,13,698
2011-11-08,21931,339.0,490.0,13,698
2011-11-09,21931,213.0,490.0,13,698
2011-11-10,21931,186.0,937.0,13,698
2011-11-11,21931,167.0,937.0,13,698
2011-11-12,21931,167.0,937.0,13,698
2011-11-13,21931,141.0,937.0,13,698
2011-11-14,21931,611.0,447.0,13,698
2011-11-15,21931,570.0,447.0,13,698
2011-11-16,21931,535.0,447.0,13,698
2011-11-17,21931,499.0,447.0,13,698
2011-11-18,21931,458.0,447.0,13,698
2011-11-19,21931,458.0,447.0,13,698
2011-11-20,21931,442.0,447.0,13,698
2011-11-21,21931,432.0,447.0,13,698
2011-11-22,21931,418.0,447.0,13,698
2011-11-23,21931,848.0,0.0,13,698
2011-11-24,21931,723.0,0.0,13,698
2011-11-25,21931,688.0,435.0,13,698
2011-11-26,21931,688.0,435.0,13,698
2011-11-27,21931,677.0,435.0,13,698
2011-11-28,21931,631.0,435.0,13,698
2011-11-29,21931,612.0,435.0,13,698
2011-11-30,21931,605.0,435.0,13,698
2011-12-01,21931,452.0,435.0,13,698
2011-12-02,21931,421.0,435.0,13,698
2011-12-03,21931,421.0,435.0,13,698
2011-12-04,21931,419.0,435.0,13,698
2011-12-05,21931,375.0,435.0,13,698
2011-12-06,21931,328.0,435.0,13,698
2011-12-07,21931,283.0,435.0,13,698
2011-12-08,21931,695.0,0.0,13,698
2011-12-09,21931,678.0,445.0,13,698
2011-08-11,21936,209.0,0.0,8,114
2011-08-12,21936,209.0,0.0,8,114
2011-08-13,21936,209.0,0.0,8,114
2011-08-14,21936,209.0,0.0,8,114
2011-08-15,21936,207.0,0.0,8,114
2011-08-16,21936,207.0,0.0,8,114
2011-08-17,21936,183.0,0.0,8,114
2011-08-18,21936,153.0,0.0,8,114
2011-08-19,21936,153.0,0.0,8,114
2011-08-20,21936,153.0,0.0,8,114
2011-08-21,21936,143.0,0.0,8,114
2011-08-22,21936,138.0,0.0,8,114
2011-08-23,21936,113.0,228.0,8,114
2011-08-24,21936,110.0,228.0,8,114
2011-08-25,21936,103.0,228.0,8,114
2011-08-26,21936,103.0,228.0,8,114
2011-08-27,21936,103.0,228.0,8,114
2011-08-28,21936,103.0,228.0,8,114
2011-08-29,21936,103.0,228.0,8,114
2011-08-30,21936,98.0,228.0,8,114
2011-08-31,21936,324.0,0.0,8,114
2011-09-01,21936,324.0,0.0,8,114
2011-09-02,21936,319.0,0.0,8,114
2011-09-03,21936,319.0,0.0,8,114
2011-09-04,21936,319.0,0.0,8,114
2011-09-05,21936,298.0,0.0,8,114
2011-09-06,21936,293.0,0.0,8,114
2011-09-07,21936,228.0,0.0,8,114
2011-09-08,21936,225.0,0.0,8,114
2011-09-09,21936,225.0,0.0,8,114
2011-09-10,21936,225.0,0.0,8,114
2011-09-11,21936,225.0,0.0,8,114
2011-09-12,21936,218.0,0.0,8,114
2011-09-13,21936,208.0,0.0,8,114
2011-09-14,21936,207.0,0.0,8,114
2011-09-15,21936,201.0,0.0,8,114
2011-09-16,21936,201.0,0.0,8,114
2011-09-17,21936,201.0,0.0,8,114
2011-09-18,21936,201.0,0.0,8,114
2011-09-19,21936,201.0,0.0,8,114
2011-09-20,21936,201.0,0.0,8,114
2011-09-21,21936,201.0,0.0,8,114
2011-09-22,21936,201.0,0.0,8,114
2011-09-23,21936,201.0,0.0,8,114
2011-09-24,21936,201.0,0.0,8,114
2011-09-25,21936,201.0,0.0,8,114
2011-09-26,21936,196.0,0.0,8,114
2011-09-27,21936,196.0,0.0,8,114
2011-09-28,21936,191.0,0.0,8,114
2011-09-29,21936,191.0,0.0,8,114
2011-09-30,21936,189.0,0.0,8,114
2011-10-01,21936,189.0,0.0,8,114
2011-10-02,21936,189.0,0.0,8,114
2011-10-03,21936,189.0,0.0,8,114
2011-10-04,21936,187.0,0.0,8,114
2011-10-05,21936,187.0,0.0,8,114
2011-10-06,21936,182.0,0.0,8,114
2011-10-07,21936,182.0,0.0,8,114
2011-10-08,21936,182.0,0.0,8,114
2011-10-09,21936,182.0,0.0,8,114
2011-10-10,21936,182.0,0.0,8,114
2011-10-11,21936,177.0,0.0,8,114
2011-10-12,21936,172.0,0.0,8,114
2011-10-13,21936,166.0,0.0,8,114
2011-10-14,21936,166.0,0.0,8,114
2011-10-15,21936,166.0,0.0,8,114
2011-10-16,21936,166.0,0.0,8,114
2011-10-17,21936,161.0,0.0,8,114
2011-10-18,21936,157.0,0.0,8,114
2011-10-19,21936,156.0,0.0,8,114
2011-10-20,21936,156.0,0.0,8,114
2011-10-21,21936,156.0,0.0,8,114
2011-10-22,21936,156.0,0.0,8,114
2011-10-23,21936,154.0,0.0,8,114
2011-10-24,21936,154.0,0.0,8,114
2011-10-25,21936,154.0,0.0,8,114
2011-10-26,21936,153.0,0.0,8,114
2011-10-27,21936,152.0,0.0,8,114
2011-10-28,21936,101.0,240.0,8,114
2011-10-29,21936,101.0,240.0,8,114
2011-10-30,21936,100.0,240.0,8,114
2011-10-31,21936,96.0,240.0,8,114
2011-11-01,21936,96.0,240.0,8,114
2011-11-02,21936,96.0,240.0,8,114
2011-11-03,21936,96.0,240.0,8,114
2011-11-04,21936,96.0,240.0,8,114
2011-11-05,21936,336.0,0.0,8,114
2011-11-06,21936,334.0,0.0,8,114
2011-11-07,21936,329.0,0.0,8,114
2011-11-08,21936,319.0,0.0,8,114
2011-11-09,21936,319.0,0.0,8,114
2011-11-10,21936,319.0,0.0,8,114
2011-11-11,21936,317.0,0.0,8,114
2011-11-12,21936,317.0,0.0,8,114
2011-11-13,21936,317.0,0.0,8,114
2011-11-14,21936,316.0,0.0,8,114
2011-11-15,21936,314.0,0.0,8,114
2011-11-16,21936,308.0,0.0,8,114
2011-11-17,21936,308.0,0.0,8,114
2011-11-18,21936,308.0,0.0,8,114
2011-11-19,21936,308.0,0.0,8,114
2011-11-20,21936,308.0,0.0,8,114
2011-11-21,21936,307.0,0.0,8,114
2011-11-22,21936,302.0,0.0,8,114
2011-11-23,21936,299.0,0.0,8,114
2011-11-24,21936,298.0,0.0,8,114
2011-11-25,21936,298.0,0.0,8,114
2011-11-26,21936,298.0,0.0,8,114
2011-11-27,21936,298.0,0.0,8,114
2011-11-28,21936,298.0,0.0,8,114
2011-11-29,21936,296.0,0.0,8,114
2011-11-30,21936,291.0,0.0,8,114
2011-12-01,21936,291.0,0.0,8,114
2011-12-02,21936,286.0,0.0,8,114
2011-12-03,21936,286.0,0.0,8,114
2011-12-04,21936,281.0,0.0,8,114
2011-12-05,21936,276.0,0.0,8,114
2011-12-06,21936,266.0,0.0,8,114
2011-12-07,21936,256.0,0.0,8,114
2011-12-08,21936,254.0,0.0,8,114
2011-12-09,21936,253.0,0.0,8,114
2011-08-11,21955,334.0,0.0,5,165
2011-08-12,21955,333.0,0.0,5,165
2011-08-13,21955,333.0,0.0,5,165
2011-08-14,21955,331.0,0.0,5,165
2011-08-15,21955,331.0,0.0,5,165
2011-08-16,21955,331.0,0.0,5,165
2011-08-17,21955,311.0,0.0,5,165
2011-08-18,21955,311.0,0.0,5,165
2011-08-19,21955,311.0,0.0,5,165
2011-08-20,21955,311.0,0.0,5,165
2011-08-21,21955,311.0,0.0,5,165
2011-08-22,21955,310.0,0.0,5,165
2011-08-23,21955,306.0,0.0,5,165
2011-08-24,21955,301.0,0.0,5,165
2011-08-25,21955,300.0,0.0,5,165
2011-08-26,21955,300.0,0.0,5,165
2011-08-27,21955,300.0,0.0,5,165
2011-08-28,21955,300.0,0.0,5,165
2011-08-29,21955,300.0,0.0,5,165
2011-08-30,21955,299.0,0.0,5,165
2011-08-31,21955,298.0,0.0,5,165
2011-09-01,21955,289.0,0.0,5,165
2011-09-02,21955,289.0,0.0,5,165
2011-09-03,21955,289.0,0.0,5,165
2011-09-04,21955,289.0,0.0,5,165
2011-09-05,21955,289.0,0.0,5,165
2011-09-06,21955,289.0,0.0,5,165
2011-09-07,21955,288.0,0.0,5,165
2011-09-08,21955,288.0,0.0,5,165
2011-09-09,21955,288.0,0.0,5,165
2011-09-10,21955,288.0,0.0,5,165
2011-09-11,21955,288.0,0.0,5,165
2011-09-12,21955,288.0,0.0,5,165
2011-09-13,21955,288.0,0.0,5,165
2011-09-14,21955,287.0,0.0,5,165
2011-09-15,21955,186.0,0.0,5,165
2011-09-16,21955,185.0,0.0,5,165
2011-09-17,21955,185.0,0.0,5,165
2011-09-18,21955,185.0,0.0,5,165
2011-09-19,21955,185.0,0.0,5,165
2011-09-20,21955,184.0,0.0,5,165
2011-09-21,21955,184.0,0.0,5,165
2011-09-22,21955,184.0,0.0,5,165
2011-09-23,21955,184.0,0.0,5,165
2011-09-24,21955,184.0,0.0,5,165
2011-09-25,21955,184.0,0.0,5,165
2011-09-26,21955,184.0,0.0,5,165
2011-09-27,21955,184.0,0.0,5,165
2011-09-28,21955,181.0,0.0,5,165
2011-09-29,21955,181.0,0.0,5,165
2011-09-30,21955,181.0,0.0,5,165
2011-10-01,21955,181.0,0.0,5,165
2011-10-02,21955,180.0,0.0,5,165
2011-10-03,21955,180.0,0.0,5,165
2011-10-04,21955,180.0,0.0,5,165
2011-10-05,21955,170.0,0.0,5,165
2011-10-06,21955,167.0,0.0,5,165
2011-10-07,21955,167.0,0.0,5,165
2011-10-08,21955,167.0,0.0,5,165
2011-10-09,21955,167.0,0.0,5,165
2011-10-10,21955,166.0,0.0,5,165
2011-10-11,21955,166.0,0.0,5,165
2011-10-12,21955,166.0,0.0,5,165
2011-10-13,21955,165.0,233.0,5,165
2011-10-14,21955,165.0,233.0,5,165
2011-10-15,21955,165.0,233.0,5,165
2011-10-16,21955,157.0,233.0,5,165
2011-10-17,21955,157.0,233.0,5,165
2011-10-18,21955,390.0,0.0,5,165
2011-10-19,21955,390.0,0.0,5,165
2011-10-20,21955,389.0,0.0,5,165
2011-10-21,21955,389.0,0.0,5,165
2011-10-22,21955,389.0,0.0,5,165
2011-10-23,21955,387.0,0.0,5,165
2011-10-24,21955,387.0,0.0,5,165
2011-10-25,21955,387.0,0.0,5,165
2011-10-26,21955,385.0,0.0,5,165
2011-10-27,21955,385.0,0.0,5,165
2011-10-28,21955,385.0,0.0,5,165
2011-10-29,21955,385.0,0.0,5,165
2011-10-30,21955,385.0,0.0,5,165
2011-10-31,21955,384.0,0.0,5,165
2011-11-01,21955,384.0,0.0,5,165
2011-11-02,21955,384.0,0.0,5,165
2011-11-03,21955,380.0,0.0,5,165
2011-11-04,21955,380.0,0.0,5,165
2011-11-05,21955,380.0,0.0,5,165
2011-11-06,21955,380.0,0.0,5,165
2011-11-07,21955,379.0,0.0,5,165
2011-11-08,21955,378.0,0.0,5,165
2011-11-09,21955,377.0,0.0,5,165
2011-11-10,21955,377.0,0.0,5,165
2011-11-11,21955,376.0,0.0,5,165
2011-11-12,21955,376.0,0.0,5,165
2011-11-13,21955,376.0,0.0,5,165
2011-11-14,21955,376.0,0.0,5,165
2011-11-15,21955,376.0,0.0,5,165
2011-11-16,21955,375.0,0.0,5,165
2011-11-17,21955,375.0,0.0,5,165
2011-11-18,21955,374.0,0.0,5,165
2011-11-19,21955,374.0,0.0,5,165
2011-11-20,21955,374.0,0.0,5,165
2011-11-21,21955,373.0,0.0,5,165
2011-11-22,21955,373.0,0.0,5,165
2011-11-23,21955,358.0,0.0,5,165
2011-11-24,21955,358.0,0.0,5,165
2011-11-25,21955,358.0,0.0,5,165
2011-11-26,21955,358.0,0.0,5,165
2011-11-27,21955,357.0,0.0,5,165
2011-11-28,21955,357.0,0.0,5,165
2011-11-29,21955,357.0,0.0,5,165
2011-11-30,21955,357.0,0.0,5,165
2011-12-01,21955,357.0,0.0,5,165
2011-12-02,21955,357.0,0.0,5,165
2011-12-03,21955,357.0,0.0,5,165
2011-12-04,21955,355.0,0.0,5,165
2011-12-05,21955,354.0,0.0,5,165
2011-12-06,21955,354.0,0.0,5,165
2011-12-07,21955,344.0,0.0,5,165
2011-12-08,21955,344.0,0.0,5,165
2011-12-09,21955,343.0,0.0,5,165
2011-08-11,21977,1673.0,0.0,10,1295
2011-08-12,21977,1625.0,0.0,10,1295
2011-08-13,21977,1625.0,0.0,10,1295
2011-08-14,21977,1625.0,0.0,10,1295
2011-08-15,21977,1621.0,0.0,10,1295
2011-08-16,21977,1597.0,0.0,10,1295
2011-08-17,21977,1573.0,0.0,10,1295
2011-08-18,21977,781.0,2391.0,10,1295
2011-08-19,21977,757.0,2391.0,10,1295
2011-08-20,21977,757.0,2391.0,10,1295
2011-08-21,21977,747.0,2391.0,10,1295
2011-08-22,21977,723.0,2391.0,10,1295
2011-08-23,21977,25.0,2391.0,10,1295
2011-08-24,21977,0.0,2391.0,10,1295
2011-08-25,21977,0.0,2391.0,10,1295
2011-08-26,21977,0.0,2391.0,10,1295
2011-08-27,21977,0.0,2391.0,10,1295
2011-08-28,21977,2387.0,0.0,10,1295
2011-08-29,21977,2387.0,0.0,10,1295
2011-08-30,21977,2383.0,0.0,10,1295
2011-08-31,21977,2378.0,0.0,10,1295
2011-09-01,21977,2330.0,0.0,10,1295
2011-09-02,21977,2183.0,0.0,10,1295
2011-09-03,21977,2183.0,0.0,10,1295
2011-09-04,21977,2182.0,0.0,10,1295
2011-09-05,21977,2133.0,0.0,10,1295
2011-09-06,21977,2129.0,0.0,10,1295
2011-09-07,21977,2103.0,0.0,10,1295
2011-09-08,21977,2024.0,0.0,10,1295
2011-09-09,21977,1880.0,0.0,10,1295
2011-09-10,21977,1880.0,0.0,10,1295
2011-09-11,21977,1518.0,0.0,10,1295
2011-09-12,21977,1470.0,0.0,10,1295
2011-09-13,21977,770.0,2402.0,10,1295
2011-09-14,21977,742.0,2402.0,10,1295
2011-09-15,21977,731.0,2402.0,10,1295
2011-09-16,21977,731.0,2402.0,10,1295
2011-09-17,21977,731.0,2402.0,10,1295
2011-09-18,21977,728.0,2402.0,10,1295
2011-09-19,21977,680.0,2402.0,10,1295
2011-09-20,21977,579.0,2402.0,10,1295
2011-09-21,21977,455.0,2402.0,10,1295
2011-09-22,21977,383.0,2402.0,10,1295
2011-09-23,21977,2733.0,0.0,10,1295
2011-09-24,21977,2733.0,0.0,10,1295
2011-09-25,21977,2732.0,0.0,10,1295
2011-09-26,21977,2703.0,0.0,10,1295
2011-09-27,21977,2631.0,0.0,10,1295
2011-09-28,21977,2595.0,0.0,10,1295
2011-09-29,21977,2523.0,0.0,10,1295
2011-09-30,21977,2523.0,0.0,10,1295
2011-10-01,21977,2523.0,0.0,10,1295
2011-10-02,21977,2519.0,0.0,10,1295
2011-10-03,21977,2493.0,0.0,10,1295
2011-10-04,21977,2491.0,0.0,10,1295
2011-10-05,21977,1817.0,0.0,10,1295
2011-10-06,21977,1743.0,0.0,10,1295
2011-10-07,21977,1644.0,0.0,10,1295
2011-10-08,21977,1644.0,0.0,10,1295
2011-10-09,21977,1644.0,0.0,10,1295
2011-10-10,21977,1611.0,0.0,10,1295
2011-10-11,21977,1584.0,0.0,10,1295
2011-10-12,21977,1560.0,0.0,10,1295
2011-10-13,21977,1427.0,0.0,10,1295
2011-10-14,21977,1398.0,0.0,10,1295
2011-10-15,21977,1398.0,0.0,10,1295
2011-10-16,21977,1374.0,0.0,10,1295
2011-10-17,21977,1344.0,0.0,10,1295
2011-10-18,21977,1337.0,0.0,10,1295
2011-10-19,21977,1313.0,0.0,10,1295
2011-10-20,21977,1257.0,1915.0,10,1295
2011-10-21,21977,1257.0,1915.0,10,1295
2011-10-22,21977,1257.0,1915.0,10,1295
2011-10-23,21977,1256.0,1915.0,10,1295
2011-10-24,21977,1251.0,1915.0,10,1295
2011-10-25,21977,1223.0,1915.0,10,1295
2011-10-26,21977,1223.0,1915.0,10,1295
2011-10-27,21977,1212.0,1915.0,10,1295
2011-10-28,21977,1162.0,1915.0,10,1295
2011-10-29,21977,1162.0,1915.0,10,1295
2011-10-30,21977,3074.0,0.0,10,1295
2011-10-31,21977,3023.0,0.0,10,1295
2011-11-01,21977,2996.0,0.0,10,1295
2011-11-02,21977,2994.0,0.0,10,1295
2011-11-03,21977,2991.0,0.0,10,1295
2011-11-04,21977,2989.0,0.0,10,1295
2011-11-05,21977,2989.0,0.0,10,1295
2011-11-06,21977,2941.0,0.0,10,1295
2011-11-07,21977,2940.0,0.0,10,1295
2011-11-08,21977,2912.0,0.0,10,1295
2011-11-09,21977,2887.0,0.0,10,1295
2011-11-10,21977,2741.0,0.0,10,1295
2011-11-11,21977,2701.0,0.0,10,1295
2011-11-12,21977,2701.0,0.0,10,1295
2011-11-13,21977,2639.0,0.0,10,1295
2011-11-14,21977,2633.0,0.0,10,1295
2011-11-15,21977,2580.0,0.0,10,1295
2011-11-16,21977,2337.0,0.0,10,1295
2011-11-17,21977,2331.0,0.0,10,1295
2011-11-18,21977,2234.0,0.0,10,1295
2011-11-19,21977,2234.0,0.0,10,1295
2011-11-20,21977,2224.0,0.0,10,1295
2011-11-21,21977,2003.0,0.0,10,1295
2011-11-22,21977,1954.0,0.0,10,1295
2011-11-23,21977,1877.0,0.0,10,1295
2011-11-24,21977,1848.0,0.0,10,1295
2011-11-25,21977,1843.0,0.0,10,1295
2011-11-26,21977,1843.0,0.0,10,1295
2011-11-27,21977,1832.0,0.0,10,1295
2011-11-28,21977,1803.0,0.0,10,1295
2011-11-29,21977,1745.0,0.0,10,1295
2011-11-30,21977,1621.0,0.0,10,1295
2011-12-01,21977,1608.0,0.0,10,1295
2011-12-02,21977,1602.0,0.0,10,1295
2011-12-03,21977,1602.0,0.0,10,1295
2011-12-04,21977,1593.0,0.0,10,1295
2011-12-05,21977,1537.0,0.0,10,1295
2011-12-06,21977,1511.0,0.0,10,1295
2011-12-07,21977,1456.0,0.0,10,1295
2011-12-08,21977,1390.0,0.0,10,1295
2011-12-09,21977,1387.0,0.0,10,1295
2011-08-11,22077,0.0,22.0,7,11
2011-08-12,22077,0.0,22.0,7,11
2011-08-13,22077,0.0,22.0,7,11
2011-08-14,22077,10.0,11.0,7,11
2011-08-15,22077,16.0,0.0,7,11
2011-08-16,22077,16.0,0.0,7,11
2011-08-17,22077,7.0,15.0,7,11
2011-08-18,22077,0.0,15.0,7,11
2011-08-19,22077,0.0,15.0,7,11
2011-08-20,22077,0.0,15.0,7,11
2011-08-21,22077,0.0,15.0,7,11
2011-08-22,22077,0.0,15.0,7,11
2011-08-23,22077,0.0,15.0,7,11
2011-08-24,22077,0.0,0.0,7,11
2011-08-25,22077,0.0,22.0,7,11
2011-08-26,22077,0.0,22.0,7,11
2011-08-27,22077,0.0,22.0,7,11
2011-08-28,22077,0.0,22.0,7,11
2011-08-29,22077,0.0,22.0,7,11
2011-08-30,22077,0.0,22.0,7,11
2011-08-31,22077,0.0,22.0,7,11
2011-09-01,22077,0.0,0.0,7,11
2011-09-02,22077,0.0,22.0,7,11
2011-09-03,22077,0.0,22.0,7,11
2011-09-04,22077,0.0,22.0,7,11
2011-09-05,22077,0.0,22.0,7,11
2011-09-06,22077,0.0,22.0,7,11
2011-09-07,22077,0.0,22.0,7,11
2011-09-08,22077,0.0,22.0,7,11
2011-09-09,22077,10.0,0.0,7,11
2011-09-10,22077,10.0,12.0,7,11
2011-09-11,22077,0.0,12.0,7,11
2011-09-12,22077,0.0,12.0,7,11
2011-09-13,22077,0.0,12.0,7,11
2011-09-14,22077,0.0,12.0,7,11
2011-09-15,22077,0.0,12.0,7,11
2011-09-16,22077,0.0,12.0,7,11
2011-09-17,22077,12.0,0.0,7,11
2011-09-18,22077,5.0,17.0,7,11
2011-09-19,22077,0.0,17.0,7,11
2011-09-20,22077,0.0,17.0,7,11
2011-09-21,22077,0.0,17.0,7,11
2011-09-22,22077,0.0,17.0,7,11
2011-09-23,22077,0.0,17.0,7,11
2011-09-24,22077,0.0,17.0,7,11
2011-09-25,22077,0.0,0.0,7,11
2011-09-26,22077,0.0,22.0,7,11
2011-09-27,22077,0.0,22.0,7,11
2011-09-28,22077,0.0,22.0,7,11
2011-09-29,22077,0.0,22.0,7,11
2011-09-30,22077,0.0,22.0,7,11
2011-10-01,22077,0.0,22.0,7,11
2011-10-02,22077,0.0,22.0,7,11
2011-10-03,22077,18.0,0.0,7,11
2011-10-04,22077,0.0,22.0,7,11
2011-10-05,22077,0.0,22.0,7,11
2011-10-06,22077,0.0,22.0,7,11
2011-10-07,22077,0.0,22.0,7,11
2011-10-08,22077,0.0,22.0,7,11
2011-10-09,22077,0.0,22.0,7,11
2011-10-10,22077,0.0,22.0,7,11
2011-10-11,22077,0.0,0.0,7,11
2011-10-12,22077,0.0,22.0,7,11
2011-10-13,22077,0.0,22.0,7,11
2011-10-14,22077,0.0,22.0,7,11
2011-10-15,22077,0.0,22.0,7,11
2011-10-16,22077,0.0,22.0,7,11
2011-10-17,22077,0.0,22.0,7,11
2011-10-18,22077,0.0,22.0,7,11
2011-10-19,22077,0.0,0.0,7,11
2011-10-20,22077,0.0,22.0,7,11
2011-10-21,22077,0.0,22.0,7,11
2011-10-22,22077,0.0,22.0,7,11
2011-10-23,22077,0.0,22.0,7,11
2011-10-24,22077,0.0,22.0,7,11
2011-10-25,22077,0.0,22.0,7,11
2011-10-26,22077,0.0,22.0,7,11
2011-10-27,22077,0.0,0.0,7,11
2011-10-28,22077,0.0,22.0,7,11
2011-10-29,22077,0.0,22.0,7,11
2011-10-30,22077,0.0,22.0,7,11
2011-10-31,22077,0.0,22.0,7,11
2011-11-01,22077,0.0,22.0,7,11
2011-11-02,22077,0.0,22.0,7,11
2011-11-03,22077,0.0,22.0,7,11
2011-11-04,22077,1.0,0.0,7,11
2011-11-05,22077,1.0,21.0,7,11
2011-11-06,22077,0.0,21.0,7,11
2011-11-07,22077,0.0,21.0,7,11
2011-11-08,22077,0.0,21.0,7,11
2011-11-09,22077,0.0,21.0,7,11
2011-11-10,22077,0.0,21.0,7,11
2011-11-11,22077,0.0,21.0,7,11
2011-11-12,22077,21.0,0.0,7,11
2011-11-13,22077,0.0,22.0,7,11
2011-11-14,22077,0.0,22.0,7,11
2011-11-15,22077,0.0,22.0,7,11
2011-11-16,22077,0.0,22.0,7,11
2011-11-17,22077,0.0,22.0,7,11
2011-11-18,22077,0.0,22.0,7,11
2011-11-19,22077,0.0,22.0,7,11
2011-11-20,22077,0.0,0.0,7,11
2011-11-21,22077,0.0,22.0,7,11
2011-11-22,22077,0.0,22.0,7,11
2011-11-23,22077,0.0,22.0,7,11
2011-11-24,22077,0.0,22.0,7,11
2011-11-25,22077,0.0,22.0,7,11
2011-11-26,22077,0.0,22.0,7,11
2011-11-27,22077,0.0,22.0,7,11
2011-11-28,22077,0.0,0.0,7,11
2011-11-29,22077,0.0,22.0,7,11
2011-11-30,22077,0.0,22.0,7,11
2011-12-01,22077,0.0,22.0,7,11
2011-12-02,22077,0.0,22.0,7,11
2011-12-03,22077,0.0,22.0,7,11
2011-12-04,22077,0.0,22.0,7,11
2011-12-05,22077,0.0,22.0,7,11
2011-12-06,22077,0.0,0.0,7,11
2011-12-07,22077,0.0,22.0,7,11
2011-12-08,22077,0.0,22.0,7,11
2011-12-09,22077,0.0,22.0,7,11
2011-08-11,22083,935.0,0.0,3,297
2011-08-12,22083,932.0,0.0,3,297
2011-08-13,22083,932.0,0.0,3,297
2011-08-14,22083,928.0,0.0,3,297
2011-08-15,22083,928.0,0.0,3,297
2011-08-16,22083,898.0,0.0,3,297
2011-08-17,22083,873.0,0.0,3,297
2011-08-18,22083,837.0,0.0,3,297
2011-08-19,22083,831.0,0.0,3,297
2011-08-20,22083,831.0,0.0,3,297
2011-08-21,22083,827.0,0.0,3,297
2011-08-22,22083,812.0,0.0,3,297
2011-08-23,22083,806.0,0.0,3,297
2011-08-24,22083,780.0,0.0,3,297
2011-08-25,22083,768.0,0.0,3,297
2011-08-26,22083,768.0,0.0,3,297
2011-08-27,22083,768.0,0.0,3,297
2011-08-28,22083,762.0,0.0,3,297
2011-08-29,22083,762.0,0.0,3,297
2011-08-30,22083,756.0,0.0,3,297
2011-08-31,22083,755.0,0.0,3,297
2011-09-01,22083,691.0,0.0,3,297
2011-09-02,22083,682.0,0.0,3,297
2011-09-03,22083,682.0,0.0,3,297
2011-09-04,22083,676.0,0.0,3,297
2011-09-05,22083,636.0,0.0,3,297
2011-09-06,22083,596.0,0.0,3,297
2011-09-07,22083,591.0,0.0,3,297
2011-09-08,22083,591.0,0.0,3,297
2011-09-09,22083,585.0,0.0,3,297
2011-09-10,22083,585.0,0.0,3,297
2011-09-11,22083,579.0,0.0,3,297
2011-09-12,22083,579.0,0.0,3,297
2011-09-13,22083,572.0,0.0,3,297
2011-09-14,22083,572.0,0.0,3,297
2011-09-15,22083,566.0,0.0,3,297
2011-09-16,22083,524.0,0.0,3,297
2011-09-17,22083,524.0,0.0,3,297
2011-09-18,22083,524.0,0.0,3,297
2011-09-19,22083,472.0,0.0,3,297
2011-09-20,22083,464.0,0.0,3,297
2011-09-21,22083,461.0,0.0,3,297
2011-09-22,22083,421.0,0.0,3,297
2011-09-23,22083,415.0,0.0,3,297
2011-09-24,22083,415.0,0.0,3,297
2011-09-25,22083,391.0,0.0,3,297
2011-09-26,22083,371.0,0.0,3,297
2011-09-27,22083,364.0,0.0,3,297
2011-09-28,22083,364.0,0.0,3,297
2011-09-29,22083,352.0,0.0,3,297
2011-09-30,22083,326.0,0.0,3,297
2011-10-01,22083,326.0,0.0,3,297
2011-10-02,22083,326.0,0.0,3,297
2011-10-03,22083,314.0,0.0,3,297
2011-10-04,22083,296.0,756.0,3,297
2011-10-05,22083,282.0,756.0,3,297
2011-10-06,22083,273.0,756.0,3,297
2011-10-07,22083,1019.0,0.0,3,297
2011-10-08,22083,1019.0,0.0,3,297
2011-10-09,22083,1016.0,0.0,3,297
2011-10-10,22083,999.0,0.0,3,297
2011-10-11,22083,981.0,0.0,3,297
2011-10-12,22083,941.0,0.0,3,297
2011-10-13,22083,935.0,0.0,3,297
2011-10-14,22083,934.0,0.0,3,297
2011-10-15,22083,934.0,0.0,3,297
2011-10-16,22083,934.0,0.0,3,297
2011-10-17,22083,934.0,0.0,3,297
2011-10-18,22083,928.0,0.0,3,297
2011-10-19,22083,918.0,0.0,3,297
2011-10-20,22083,865.0,0.0,3,297
2011-10-21,22083,859.0,0.0,3,297
2011-10-22,22083,859.0,0.0,3,297
2011-10-23,22083,859.0,0.0,3,297
2011-10-24,22083,857.0,0.0,3,297
2011-10-25,22083,849.0,0.0,3,297
2011-10-26,22083,845.0,0.0,3,297
2011-10-27,22083,787.0,0.0,3,297
2011-10-28,22083,784.0,0.0,3,297
2011-10-29,22083,784.0,0.0,3,297
2011-10-30,22083,784.0,0.0,3,297
2011-10-31,22083,778.0,0.0,3,297
2011-11-01,22083,752.0,0.0,3,297
2011-11-02,22083,694.0,0.0,3,297
2011-11-03,22083,694.0,0.0,3,297
2011-11-04,22083,664.0,0.0,3,297
2011-11-05,22083,664.0,0.0,3,297
2011-11-06,22083,652.0,0.0,3,297
2011-11-07,22083,635.0,0.0,3,297
2011-11-08,22083,623.0,0.0,3,297
2011-11-09,22083,587.0,0.0,3,297
2011-11-10,22083,569.0,0.0,3,297
2011-11-11,22083,551.0,0.0,3,297
2011-11-12,22083,551.0,0.0,3,297
2011-11-13,22083,550.0,0.0,3,297
2011-11-14,22083,501.0,0.0,3,297
2011-11-15,22083,495.0,0.0,3,297
2011-11-16,22083,427.0,0.0,3,297
2011-11-17,22083,343.0,0.0,3,297
2011-11-18,22083,331.0,0.0,3,297
2011-11-19,22083,331.0,0.0,3,297
2011-11-20,22083,327.0,0.0,3,297
2011-11-21,22083,314.0,0.0,3,297
2011-11-22,22083,273.0,779.0,3,297
2011-11-23,22083,240.0,779.0,3,297
2011-11-24,22083,185.0,779.0,3,297
2011-11-25,22083,956.0,0.0,3,297
2011-11-26,22083,956.0,0.0,3,297
2011-11-27,22083,953.0,0.0,3,297
2011-11-28,22083,941.0,0.0,3,297
2011-11-29,22083,929.0,0.0,3,297
2011-11-30,22083,904.0,0.0,3,297
2011-12-01,22083,874.0,0.0,3,297
2011-12-02,22083,852.0,0.0,3,297
2011-12-03,22083,852.0,0.0,3,297
2011-12-04,22083,852.0,0.0,3,297
2011-12-05,22083,815.0,0.0,3,297
2011-12-06,22083,802.0,0.0,3,297
2011-12-07,22083,775.0,0.0,3,297
2011-12-08,22083,732.0,0.0,3,297
2011-12-09,22083,723.0,0.0,3,297
2011-08-11,22084,431.0,0.0,9,309
2011-08-12,22084,431.0,0.0,9,309
2011-08-13,22084,431.0,0.0,9,309
2011-08-14,22084,431.0,0.0,9,309
2011-08-15,22084,431.0,0.0,9,309
2011-08-16,22084,431.0,0.0,9,309
2011-08-17,22084,431.0,0.0,9,309
2011-08-18,22084,430.0,0.0,9,309
2011-08-19,22084,430.0,0.0,9,309
2011-08-20,22084,430.0,0.0,9,309
2011-08-21,22084,430.0,0.0,9,309
2011-08-22,22084,430.0,0.0,9,309
2011-08-23,22084,430.0,0.0,9,309
2011-08-24,22084,429.0,0.0,9,309
2011-08-25,22084,428.0,0.0,9,309
2011-08-26,22084,428.0,0.0,9,309
2011-08-27,22084,428.0,0.0,9,309
2011-08-28,22084,428.0,0.0,9,309
2011-08-29,22084,428.0,0.0,9,309
2011-08-30,22084,428.0,0.0,9,309
2011-08-31,22084,428.0,0.0,9,309
2011-09-01,22084,428.0,0.0,9,309
2011-09-02,22084,428.0,0.0,9,309
2011-09-03,22084,428.0,0.0,9,309
2011-09-04,22084,428.0,0.0,9,309
2011-09-05,22084,428.0,0.0,9,309
2011-09-06,22084,428.0,0.0,9,309
2011-09-07,22084,428.0,0.0,9,309
2011-09-08,22084,428.0,0.0,9,309
2011-09-09,22084,428.0,0.0,9,309
2011-09-10,22084,428.0,0.0,9,309
2011-09-11,22084,427.0,0.0,9,309
2011-09-12,22084,427.0,0.0,9,309
2011-09-13,22084,427.0,0.0,9,309
2011-09-14,22084,427.0,0.0,9,309
2011-09-15,22084,427.0,0.0,9,309
2011-09-16,22084,427.0,0.0,9,309
2011-09-17,22084,427.0,0.0,9,309
2011-09-18,22084,425.0,0.0,9,309
2011-09-19,22084,425.0,0.0,9,309
2011-09-20,22084,425.0,0.0,9,309
2011-09-21,22084,425.0,0.0,9,309
2011-09-22,22084,425.0,0.0,9,309
2011-09-23,22084,425.0,0.0,9,309
2011-09-24,22084,425.0,0.0,9,309
2011-09-25,22084,425.0,0.0,9,309
2011-09-26,22084,417.0,0.0,9,309
2011-09-27,22084,417.0,0.0,9,309
2011-09-28,22084,417.0,0.0,9,309
2011-09-29,22084,417.0,0.0,9,309
2011-09-30,22084,417.0,0.0,9,309
2011-10-01,22084,417.0,0.0,9,309
2011-10-02,22084,417.0,0.0,9,309
2011-10-03,22084,417.0,0.0,9,309
2011-10-04,22084,417.0,0.0,9,309
2011-10-05,22084,417.0,0.0,9,309
2011-10-06,22084,417.0,0.0,9,309
2011-10-07,22084,417.0,0.0,9,309
2011-10-08,22084,417.0,0.0,9,309
2011-10-09,22084,417.0,0.0,9,309
2011-10-10,22084,417.0,0.0,9,309
2011-10-11,22084,417.0,0.0,9,309
2011-10-12,22084,417.0,0.0,9,309
2011-10-13,22084,417.0,0.0,9,309
2011-10-14,22084,417.0,0.0,9,309
2011-10-15,22084,417.0,0.0,9,309
2011-10-16,22084,417.0,0.0,9,309
2011-10-17,22084,417.0,0.0,9,309
2011-10-18,22084,417.0,0.0,9,309
2011-10-19,22084,417.0,0.0,9,309
2011-10-20,22084,417.0,0.0,9,309
2011-10-21,22084,417.0,0.0,9,309
2011-10-22,22084,417.0,0.0,9,309
2011-10-23,22084,417.0,0.0,9,309
2011-10-24,22084,417.0,0.0,9,309
2011-10-25,22084,417.0,0.0,9,309
2011-10-26,22084,417.0,0.0,9,309
2011-10-27,22084,417.0,0.0,9,309
2011-10-28,22084,417.0,0.0,9,309
2011-10-29,22084,417.0,0.0,9,309
2011-10-30,22084,417.0,0.0,9,309
2011-10-31,22084,417.0,0.0,9,309
2011-11-01,22084,417.0,0.0,9,309
2011-11-02,22084,417.0,0.0,9,309
2011-11-03,22084,417.0,0.0,9,309
2011-11-04,22084,417.0,0.0,9,309
2011-11-05,22084,417.0,0.0,9,309
2011-11-06,22084,417.0,0.0,9,309
2011-11-07,22084,417.0,0.0,9,309
2011-11-08,22084,417.0,0.0,9,309
2011-11-09,22084,417.0,0.0,9,309
2011-11-10,22084,417.0,0.0,9,309
2011-11-11,22084,417.0,0.0,9,309
2011-11-12,22084,417.0,0.0,9,309
2011-11-13,22084,417.0,0.0,9,309
2011-11-14,22084,417.0,0.0,9,309
2011-11-15,22084,417.0,0.0,9,309
2011-11-16,22084,417.0,0.0,9,309
2011-11-17,22084,417.0,0.0,9,309
2011-11-18,22084,417.0,0.0,9,309
2011-11-19,22084,417.0,0.0,9,309
2011-11-20,22084,417.0,0.0,9,309
2011-11-21,22084,417.0,0.0,9,309
2011-11-22,22084,417.0,0.0,9,309
2011-11-23,22084,417.0,0.0,9,309
2011-11-24,22084,417.0,0.0,9,309
2011-11-25,22084,417.0,0.0,9,309
2011-11-26,22084,417.0,0.0,9,309
2011-11-27,22084,417.0,0.0,9,309
2011-11-28,22084,417.0,0.0,9,309
2011-11-29,22084,417.0,0.0,9,309
2011-11-30,22084,417.0,0.0,9,309
2011-12-01,22084,417.0,0.0,9,309
2011-12-02,22084,417.0,0.0,9,309
2011-12-03,22084,417.0,0.0,9,309
2011-12-04,22084,417.0,0.0,9,309
2011-12-05,22084,412.0,0.0,9,309
2011-12-06,22084,412.0,0.0,9,309
2011-12-07,22084,412.0,0.0,9,309
2011-12-08,22084,406.0,0.0,9,309
2011-12-09,22084,406.0,0.0,9,309
2011-08-11,22086,961.0,0.0,4,639
2011-08-12,22086,961.0,0.0,4,639
2011-08-13,22086,961.0,0.0,4,639
2011-08-14,22086,952.0,0.0,4,639
2011-08-15,22086,952.0,0.0,4,639
2011-08-16,22086,952.0,0.0,4,639
2011-08-17,22086,934.0,0.0,4,639
2011-08-18,22086,934.0,0.0,4,639
2011-08-19,22086,928.0,0.0,4,639
2011-08-20,22086,928.0,0.0,4,639
2011-08-21,22086,918.0,0.0,4,639
2011-08-22,22086,912.0,0.0,4,639
2011-08-23,22086,911.0,0.0,4,639
2011-08-24,22086,903.0,0.0,4,639
2011-08-25,22086,902.0,0.0,4,639
2011-08-26,22086,890.0,0.0,4,639
2011-08-27,22086,890.0,0.0,4,639
2011-08-28,22086,890.0,0.0,4,639
2011-08-29,22086,890.0,0.0,4,639
2011-08-30,22086,807.0,0.0,4,639
2011-08-31,22086,767.0,0.0,4,639
2011-09-01,22086,727.0,0.0,4,639
2011-09-02,22086,723.0,0.0,4,639
2011-09-03,22086,723.0,0.0,4,639
2011-09-04,22086,699.0,0.0,4,639
2011-09-05,22086,489.0,714.0,4,639
2011-09-06,22086,465.0,714.0,4,639
2011-09-07,22086,450.0,714.0,4,639
2011-09-08,22086,440.0,714.0,4,639
2011-09-09,22086,1129.0,0.0,4,639
2011-09-10,22086,1129.0,0.0,4,639
2011-09-11,22086,918.0,0.0,4,639
2011-09-12,22086,802.0,0.0,4,639
2011-09-13,22086,632.0,571.0,4,639
2011-09-14,22086,582.0,571.0,4,639
2011-09-15,22086,426.0,571.0,4,639
2011-09-16,22086,327.0,571.0,4,639
2011-09-17,22086,898.0,0.0,4,639
2011-09-18,22086,890.0,0.0,4,639
2011-09-19,22086,820.0,0.0,4,639
2011-09-20,22086,757.0,0.0,4,639
2011-09-21,22086,728.0,0.0,4,639
2011-09-22,22086,553.0,650.0,4,639
2011-09-23,22086,431.0,650.0,4,639
2011-09-24,22086,431.0,650.0,4,639
2011-09-25,22086,288.0,650.0,4,639
2011-09-26,22086,900.0,0.0,4,639
2011-09-27,22086,795.0,0.0,4,639
2011-09-28,22086,773.0,0.0,4,639
2011-09-29,22086,677.0,0.0,4,639
2011-09-30,22086,599.0,604.0,4,639
2011-10-01,22086,599.0,604.0,4,639
2011-10-02,22086,579.0,604.0,4,639
2011-10-03,22086,509.0,604.0,4,639
2011-10-04,22086,370.0,0.0,4,639
2011-10-05,22086,325.0,878.0,4,639
2011-10-06,22086,305.0,878.0,4,639
2011-10-07,22086,272.0,878.0,4,639
2011-10-08,22086,272.0,878.0,4,639
2011-10-09,22086,1124.0,0.0,4,639
2011-10-10,22086,749.0,0.0,4,639
2011-10-11,22086,649.0,0.0,4,639
2011-10-12,22086,565.0,638.0,4,639
2011-10-13,22086,510.0,638.0,4,639
2011-10-14,22086,458.0,638.0,4,639
2011-10-15,22086,458.0,638.0,4,639
2011-10-16,22086,1026.0,0.0,4,639
2011-10-17,22086,703.0,0.0,4,639
2011-10-18,22086,632.0,571.0,4,639
2011-10-19,22086,495.0,571.0,4,639
2011-10-20,22086,379.0,571.0,4,639
2011-10-21,22086,283.0,571.0,4,639
2011-10-22,22086,854.0,0.0,4,639
2011-10-23,22086,841.0,0.0,4,639
2011-10-24,22086,570.0,633.0,4,639
2011-10-25,22086,440.0,633.0,4,639
2011-10-26,22086,392.0,633.0,4,639
2011-10-27,22086,321.0,633.0,4,639
2011-10-28,22086,924.0,0.0,4,639
2011-10-29,22086,924.0,0.0,4,639
2011-10-30,22086,830.0,0.0,4,639
2011-10-31,22086,737.0,0.0,4,639
2011-11-01,22086,655.0,0.0,4,639
2011-11-02,22086,401.0,802.0,4,639
2011-11-03,22086,0.0,802.0,4,639
2011-11-04,22086,0.0,802.0,4,639
2011-11-05,22086,0.0,802.0,4,639
2011-11-06,22086,709.0,0.0,4,639
2011-11-07,22086,170.0,1033.0,4,639
2011-11-08,22086,30.0,1033.0,4,639
2011-11-09,22086,0.0,1033.0,4,639
2011-11-10,22086,0.0,1033.0,4,639
2011-11-11,22086,872.0,0.0,4,639
2011-11-12,22086,872.0,0.0,4,639
2011-11-13,22086,719.0,0.0,4,639
2011-11-14,22086,0.0,1203.0,4,639
2011-11-15,22086,0.0,1203.0,4,639
2011-11-16,22086,0.0,1203.0,4,639
2011-11-17,22086,0.0,1203.0,4,639
2011-11-18,22086,924.0,0.0,4,639
2011-11-19,22086,924.0,0.0,4,639
2011-11-20,22086,671.0,0.0,4,639
2011-11-21,22086,400.0,803.0,4,639
2011-11-22,22086,0.0,803.0,4,639
2011-11-23,22086,0.0,803.0,4,639
2011-11-24,22086,0.0,803.0,4,639
2011-11-25,22086,507.0,0.0,4,639
2011-11-26,22086,507.0,696.0,4,639
2011-11-27,22086,407.0,696.0,4,639
2011-11-28,22086,79.0,696.0,4,639
2011-11-29,22086,0.0,696.0,4,639
2011-11-30,22086,413.0,0.0,4,639
2011-12-01,22086,109.0,1094.0,4,639
2011-12-02,22086,0.0,1094.0,4,639
2011-12-03,22086,0.0,1094.0,4,639
2011-12-04,22086,0.0,1094.0,4,639
2011-12-05,22086,601.0,0.0,4,639
2011-12-06,22086,403.0,800.0,4,639
2011-12-07,22086,97.0,800.0,4,639
2011-12-08,22086,0.0,800.0,4,639
2011-12-09,22086,0.0,800.0,4,639
2011-08-11,22087,185.0,0.0,3,78
2011-08-12,22087,185.0,0.0,3,78
2011-08-13,22087,185.0,0.0,3,78
2011-08-14,22087,185.0,0.0,3,78
2011-08-15,22087,185.0,0.0,3,78
2011-08-16,22087,185.0,0.0,3,78
2011-08-17,22087,185.0,0.0,3,78
2011-08-18,22087,185.0,0.0,3,78
2011-08-19,22087,185.0,0.0,3,78
2011-08-20,22087,185.0,0.0,3,78
2011-08-21,22087,185.0,0.0,3,78
2011-08-22,22087,185.0,0.0,3,78
2011-08-23,22087,185.0,0.0,3,78
2011-08-24,22087,185.0,0.0,3,78
2011-08-25,22087,185.0,0.0,3,78
2011-08-26,22087,185.0,0.0,3,78
2011-08-27,22087,185.0,0.0,3,78
2011-08-28,22087,185.0,0.0,3,78
2011-08-29,22087,185.0,0.0,3,78
2011-08-30,22087,185.0,0.0,3,78
2011-08-31,22087,185.0,0.0,3,78
2011-09-01,22087,185.0,0.0,3,78
2011-09-02,22087,185.0,0.0,3,78
2011-09-03,22087,185.0,0.0,3,78
2011-09-04,22087,185.0,0.0,3,78
2011-09-05,22087,185.0,0.0,3,78
2011-09-06,22087,185.0,0.0,3,78
2011-09-07,22087,185.0,0.0,3,78
2011-09-08,22087,185.0,0.0,3,78
2011-09-09,22087,185.0,0.0,3,78
2011-09-10,22087,185.0,0.0,3,78
2011-09-11,22087,185.0,0.0,3,78
2011-09-12,22087,185.0,0.0,3,78
2011-09-13,22087,185.0,0.0,3,78
2011-09-14,22087,185.0,0.0,3,78
2011-09-15,22087,185.0,0.0,3,78
2011-09-16,22087,185.0,0.0,3,78
2011-09-17,22087,185.0,0.0,3,78
2011-09-18,22087,185.0,0.0,3,78
2011-09-19,22087,185.0,0.0,3,78
2011-09-20,22087,185.0,0.0,3,78
2011-09-21,22087,185.0,0.0,3,78
2011-09-22,22087,185.0,0.0,3,78
2011-09-23,22087,185.0,0.0,3,78
2011-09-24,22087,185.0,0.0,3,78
2011-09-25,22087,185.0,0.0,3,78
2011-09-26,22087,185.0,0.0,3,78
2011-09-27,22087,185.0,0.0,3,78
2011-09-28,22087,185.0,0.0,3,78
2011-09-29,22087,185.0,0.0,3,78
2011-09-30,22087,185.0,0.0,3,78
2011-10-01,22087,185.0,0.0,3,78
2011-10-02,22087,185.0,0.0,3,78
2011-10-03,22087,185.0,0.0,3,78
2011-10-04,22087,185.0,0.0,3,78
2011-10-05,22087,185.0,0.0,3,78
2011-10-06,22087,185.0,0.0,3,78
2011-10-07,22087,185.0,0.0,3,78
2011-10-08,22087,185.0,0.0,3,78
2011-10-09,22087,185.0,0.0,3,78
2011-10-10,22087,185.0,0.0,3,78
2011-10-11,22087,185.0,0.0,3,78
2011-10-12,22087,185.0,0.0,3,78
2011-10-13,22087,185.0,0.0,3,78
2011-10-14,22087,185.0,0.0,3,78
2011-10-15,22087,185.0,0.0,3,78
2011-10-16,22087,185.0,0.0,3,78
2011-10-17,22087,185.0,0.0,3,78
2011-10-18,22087,185.0,0.0,3,78
2011-10-19,22087,185.0,0.0,3,78
2011-10-20,22087,185.0,0.0,3,78
2011-10-21,22087,185.0,0.0,3,78
2011-10-22,22087,185.0,0.0,3,78
2011-10-23,22087,185.0,0.0,3,78
2011-10-24,22087,185.0,0.0,3,78
2011-10-25,22087,185.0,0.0,3,78
2011-10-26,22087,185.0,0.0,3,78
2011-10-27,22087,185.0,0.0,3,78
2011-10-28,22087,185.0,0.0,3,78
2011-10-29,22087,185.0,0.0,3,78
2011-10-30,22087,185.0,0.0,3,78
2011-10-31,22087,185.0,0.0,3,78
2011-11-01,22087,185.0,0.0,3,78
2011-11-02,22087,185.0,0.0,3,78
2011-11-03,22087,185.0,0.0,3,78
2011-11-04,22087,185.0,0.0,3,78
2011-11-05,22087,185.0,0.0,3,78
2011-11-06,22087,185.0,0.0,3,78
2011-11-07,22087,185.0,0.0,3,78
2011-11-08,22087,185.0,0.0,3,78
2011-11-09,22087,185.0,0.0,3,78
2011-11-10,22087,182.0,0.0,3,78
2011-11-11,22087,178.0,0.0,3,78
2011-11-12,22087,178.0,0.0,3,78
2011-11-13,22087,175.0,0.0,3,78
2011-11-14,22087,159.0,0.0,3,78
2011-11-15,22087,135.0,0.0,3,78
2011-11-16,22087,35.0,224.0,3,78
2011-11-17,22087,0.0,224.0,3,78
2011-11-18,22087,0.0,224.0,3,78
2011-11-19,22087,224.0,0.0,3,78
2011-11-20,22087,178.0,0.0,3,78
2011-11-21,22087,0.0,259.0,3,78
2011-11-22,22087,0.0,259.0,3,78
2011-11-23,22087,0.0,259.0,3,78
2011-11-24,22087,258.0,0.0,3,78
2011-11-25,22087,258.0,0.0,3,78
2011-11-26,22087,258.0,0.0,3,78
2011-11-27,22087,258.0,0.0,3,78
2011-11-28,22087,258.0,0.0,3,78
2011-11-29,22087,258.0,0.0,3,78
2011-11-30,22087,258.0,0.0,3,78
2011-12-01,22087,258.0,0.0,3,78
2011-12-02,22087,258.0,0.0,3,78
2011-12-03,22087,258.0,0.0,3,78
2011-12-04,22087,258.0,0.0,3,78
2011-12-05,22087,258.0,0.0,3,78
2011-12-06,22087,258.0,0.0,3,78
2011-12-07,22087,258.0,0.0,3,78
2011-12-08,22087,228.0,0.0,3,78
2011-12-09,22087,212.0,0.0,3,78
2011-08-11,22090,221.0,561.0,11,291
2011-08-12,22090,176.0,561.0,11,291
2011-08-13,22090,176.0,561.0,11,291
2011-08-14,22090,176.0,561.0,11,291
2011-08-15,22090,154.0,561.0,11,291
2011-08-16,22090,142.0,561.0,11,291
2011-08-17,22090,117.0,561.0,11,291
2011-08-18,22090,105.0,561.0,11,291
2011-08-19,22090,99.0,561.0,11,291
2011-08-20,22090,99.0,561.0,11,291
2011-08-21,22090,55.0,561.0,11,291
2011-08-22,22090,566.0,0.0,11,291
2011-08-23,22090,552.0,0.0,11,291
2011-08-24,22090,422.0,0.0,11,291
2011-08-25,22090,415.0,0.0,11,291
2011-08-26,22090,409.0,0.0,11,291
2011-08-27,22090,409.0,0.0,11,291
2011-08-28,22090,407.0,0.0,11,291
2011-08-29,22090,407.0,0.0,11,291
2011-08-30,22090,385.0,0.0,11,291
2011-08-31,22090,374.0,0.0,11,291
2011-09-01,22090,327.0,0.0,11,291
2011-09-02,22090,322.0,0.0,11,291
2011-09-03,22090,322.0,0.0,11,291
2011-09-04,22090,322.0,0.0,11,291
2011-09-05,22090,310.0,0.0,11,291
2011-09-06,22090,298.0,0.0,11,291
2011-09-07,22090,285.0,497.0,11,291
2011-09-08,22090,274.0,497.0,11,291
2011-09-09,22090,274.0,497.0,11,291
2011-09-10,22090,274.0,497.0,11,291
2011-09-11,22090,274.0,497.0,11,291
2011-09-12,22090,272.0,497.0,11,291
2011-09-13,22090,232.0,497.0,11,291
2011-09-14,22090,219.0,497.0,11,291
2011-09-15,22090,173.0,497.0,11,291
2011-09-16,22090,172.0,497.0,11,291
2011-09-17,22090,172.0,497.0,11,291
2011-09-18,22090,669.0,0.0,11,291
2011-09-19,22090,629.0,0.0,11,291
2011-09-20,22090,626.0,0.0,11,291
2011-09-21,22090,621.0,0.0,11,291
2011-09-22,22090,600.0,0.0,11,291
2011-09-23,22090,584.0,0.0,11,291
2011-09-24,22090,584.0,0.0,11,291
2011-09-25,22090,578.0,0.0,11,291
2011-09-26,22090,578.0,0.0,11,291
2011-09-27,22090,570.0,0.0,11,291
2011-09-28,22090,546.0,0.0,11,291
2011-09-29,22090,527.0,0.0,11,291
2011-09-30,22090,502.0,0.0,11,291
2011-10-01,22090,502.0,0.0,11,291
2011-10-02,22090,500.0,0.0,11,291
2011-10-03,22090,500.0,0.0,11,291
2011-10-04,22090,490.0,0.0,11,291
2011-10-05,22090,449.0,0.0,11,291
2011-10-06,22090,429.0,0.0,11,291
2011-10-07,22090,415.0,0.0,11,291
2011-10-08,22090,415.0,0.0,11,291
2011-10-09,22090,415.0,0.0,11,291
2011-10-10,22090,403.0,0.0,11,291
2011-10-11,22090,373.0,0.0,11,291
2011-10-12,22090,356.0,0.0,11,291
2011-10-13,22090,354.0,0.0,11,291
2011-10-14,22090,354.0,0.0,11,291
2011-10-15,22090,354.0,0.0,11,291
2011-10-16,22090,354.0,0.0,11,291
2011-10-17,22090,348.0,0.0,11,291
2011-10-18,22090,346.0,0.0,11,291
2011-10-19,22090,335.0,0.0,11,291
2011-10-20,22090,326.0,0.0,11,291
2011-10-21,22090,326.0,0.0,11,291
2011-10-22,22090,326.0,0.0,11,291
2011-10-23,22090,322.0,0.0,11,291
2011-10-24,22090,312.0,0.0,11,291
2011-10-25,22090,312.0,0.0,11,291
2011-10-26,22090,301.0,0.0,11,291
2011-10-27,22090,289.0,493.0,11,291
2011-10-28,22090,283.0,493.0,11,291
2011-10-29,22090,283.0,493.0,11,291
2011-10-30,22090,283.0,493.0,11,291
2011-10-31,22090,275.0,493.0,11,291
2011-11-01,22090,275.0,493.0,11,291
2011-11-02,22090,257.0,493.0,11,291
2011-11-03,22090,245.0,493.0,11,291
2011-11-04,22090,205.0,493.0,11,291
2011-11-05,22090,205.0,493.0,11,291
2011-11-06,22090,204.0,493.0,11,291
2011-11-07,22090,696.0,0.0,11,291
2011-11-08,22090,656.0,0.0,11,291
2011-11-09,22090,650.0,0.0,11,291
2011-11-10,22090,610.0,0.0,11,291
2011-11-11,22090,601.0,0.0,11,291
2011-11-12,22090,601.0,0.0,11,291
2011-11-13,22090,601.0,0.0,11,291
2011-11-14,22090,599.0,0.0,11,291
2011-11-15,22090,587.0,0.0,11,291
2011-11-16,22090,580.0,0.0,11,291
2011-11-17,22090,530.0,0.0,11,291
2011-11-18,22090,530.0,0.0,11,291
2011-11-19,22090,530.0,0.0,11,291
2011-11-20,22090,518.0,0.0,11,291
2011-11-21,22090,482.0,0.0,11,291
2011-11-22,22090,464.0,0.0,11,291
2011-11-23,22090,460.0,0.0,11,291
2011-11-24,22090,454.0,0.0,11,291
2011-11-25,22090,450.0,0.0,11,291
2011-11-26,22090,450.0,0.0,11,291
2011-11-27,22090,450.0,0.0,11,291
2011-11-28,22090,444.0,0.0,11,291
2011-11-29,22090,442.0,0.0,11,291
2011-11-30,22090,441.0,0.0,11,291
2011-12-01,22090,405.0,0.0,11,291
2011-12-02,22090,398.0,0.0,11,291
2011-12-03,22090,398.0,0.0,11,291
2011-12-04,22090,391.0,0.0,11,291
2011-12-05,22090,383.0,0.0,11,291
2011-12-06,22090,370.0,0.0,11,291
2011-12-07,22090,344.0,0.0,11,291
2011-12-08,22090,331.0,0.0,11,291
2011-12-09,22090,331.0,0.0,11,291
2011-08-11,22111,860.0,0.0,13,576
2011-08-12,22111,856.0,0.0,13,576
2011-08-13,22111,856.0,0.0,13,576
2011-08-14,22111,856.0,0.0,13,576
2011-08-15,22111,851.0,0.0,13,576
2011-08-16,22111,839.0,0.0,13,576
2011-08-17,22111,839.0,0.0,13,576
2011-08-18,22111,825.0,0.0,13,576
2011-08-19,22111,825.0,0.0,13,576
2011-08-20,22111,825.0,0.0,13,576
2011-08-21,22111,822.0,0.0,13,576
2011-08-22,22111,810.0,0.0,13,576
2011-08-23,22111,800.0,0.0,13,576
2011-08-24,22111,788.0,0.0,13,576
2011-08-25,22111,785.0,0.0,13,576
2011-08-26,22111,752.0,0.0,13,576
2011-08-27,22111,752.0,0.0,13,576
2011-08-28,22111,752.0,0.0,13,576
2011-08-29,22111,752.0,0.0,13,576
2011-08-30,22111,739.0,0.0,13,576
2011-08-31,22111,733.0,0.0,13,576
2011-09-01,22111,724.0,0.0,13,576
2011-09-02,22111,715.0,0.0,13,576
2011-09-03,22111,715.0,0.0,13,576
2011-09-04,22111,709.0,0.0,13,576
2011-09-05,22111,634.0,0.0,13,576
2011-09-06,22111,632.0,0.0,13,576
2011-09-07,22111,627.0,0.0,13,576
2011-09-08,22111,619.0,0.0,13,576
2011-09-09,22111,604.0,0.0,13,576
2011-09-10,22111,604.0,0.0,13,576
2011-09-11,22111,593.0,0.0,13,576
2011-09-12,22111,592.0,0.0,13,576
2011-09-13,22111,574.0,622.0,13,576
2011-09-14,22111,539.0,622.0,13,576
2011-09-15,22111,496.0,622.0,13,576
2011-09-16,22111,492.0,622.0,13,576
2011-09-17,22111,492.0,622.0,13,576
2011-09-18,22111,486.0,622.0,13,576
2011-09-19,22111,456.0,622.0,13,576
2011-09-20,22111,0.0,622.0,13,576
2011-09-21,22111,0.0,622.0,13,576
2011-09-22,22111,0.0,622.0,13,576
2011-09-23,22111,0.0,622.0,13,576
2011-09-24,22111,0.0,622.0,13,576
2011-09-25,22111,0.0,622.0,13,576
2011-09-26,22111,607.0,0.0,13,576
2011-09-27,22111,587.0,0.0,13,576
2011-09-28,22111,577.0,0.0,13,576
2011-09-29,22111,548.0,648.0,13,576
2011-09-30,22111,512.0,648.0,13,576
2011-10-01,22111,512.0,648.0,13,576
2011-10-02,22111,500.0,648.0,13,576
2011-10-03,22111,476.0,648.0,13,576
2011-10-04,22111,451.0,648.0,13,576
2011-10-05,22111,445.0,648.0,13,576
2011-10-06,22111,444.0,648.0,13,576
2011-10-07,22111,440.0,648.0,13,576
2011-10-08,22111,440.0,648.0,13,576
2011-10-09,22111,432.0,648.0,13,576
2011-10-10,22111,410.0,648.0,13,576
2011-10-11,22111,402.0,648.0,13,576
2011-10-12,22111,1041.0,0.0,13,576
2011-10-13,22111,1033.0,0.0,13,576
2011-10-14,22111,1026.0,0.0,13,576
2011-10-15,22111,1026.0,0.0,13,576
2011-10-16,22111,987.0,0.0,13,576
2011-10-17,22111,976.0,0.0,13,576
2011-10-18,22111,957.0,0.0,13,576
2011-10-19,22111,912.0,0.0,13,576
2011-10-20,22111,882.0,0.0,13,576
2011-10-21,22111,881.0,0.0,13,576
2011-10-22,22111,881.0,0.0,13,576
2011-10-23,22111,867.0,0.0,13,576
2011-10-24,22111,863.0,0.0,13,576
2011-10-25,22111,854.0,0.0,13,576
2011-10-26,22111,827.0,0.0,13,576
2011-10-27,22111,815.0,0.0,13,576
2011-10-28,22111,778.0,0.0,13,576
2011-10-29,22111,778.0,0.0,13,576
2011-10-30,22111,763.0,0.0,13,576
2011-10-31,22111,746.0,0.0,13,576
2011-11-01,22111,716.0,0.0,13,576
2011-11-02,22111,710.0,0.0,13,576
2011-11-03,22111,694.0,0.0,13,576
2011-11-04,22111,647.0,0.0,13,576
2011-11-05,22111,647.0,0.0,13,576
2011-11-06,22111,628.0,0.0,13,576
2011-11-07,22111,576.0,620.0,13,576
2011-11-08,22111,540.0,620.0,13,576
2011-11-09,22111,498.0,620.0,13,576
2011-11-10,22111,419.0,620.0,13,576
2011-11-11,22111,367.0,620.0,13,576
2011-11-12,22111,367.0,620.0,13,576
2011-11-13,22111,359.0,620.0,13,576
2011-11-14,22111,312.0,620.0,13,576
2011-11-15,22111,276.0,620.0,13,576
2011-11-16,22111,151.0,620.0,13,576
2011-11-17,22111,105.0,620.0,13,576
2011-11-18,22111,81.0,620.0,13,576
2011-11-19,22111,81.0,620.0,13,576
2011-11-20,22111,684.0,0.0,13,576
2011-11-21,22111,674.0,0.0,13,576
2011-11-22,22111,644.0,0.0,13,576
2011-11-23,22111,561.0,635.0,13,576
2011-11-24,22111,551.0,635.0,13,576
2011-11-25,22111,544.0,635.0,13,576
2011-11-26,22111,544.0,635.0,13,576
2011-11-27,22111,524.0,635.0,13,576
2011-11-28,22111,461.0,635.0,13,576
2011-11-29,22111,408.0,635.0,13,576
2011-11-30,22111,384.0,635.0,13,576
2011-12-01,22111,335.0,635.0,13,576
2011-12-02,22111,285.0,635.0,13,576
2011-12-03,22111,285.0,635.0,13,576
2011-12-04,22111,278.0,635.0,13,576
2011-12-05,22111,249.0,635.0,13,576
2011-12-06,22111,737.0,0.0,13,576
2011-12-07,22111,670.0,0.0,13,576
2011-12-08,22111,628.0,0.0,13,576
2011-12-09,22111,616.0,0.0,13,576
2011-08-11,22112,486.0,0.0,5,307
2011-08-12,22112,451.0,0.0,5,307
2011-08-13,22112,451.0,0.0,5,307
2011-08-14,22112,451.0,0.0,5,307
2011-08-15,22112,448.0,0.0,5,307
2011-08-16,22112,448.0,0.0,5,307
2011-08-17,22112,448.0,0.0,5,307
2011-08-18,22112,437.0,0.0,5,307
2011-08-19,22112,437.0,0.0,5,307
2011-08-20,22112,437.0,0.0,5,307
2011-08-21,22112,437.0,0.0,5,307
2011-08-22,22112,410.0,0.0,5,307
2011-08-23,22112,410.0,0.0,5,307
2011-08-24,22112,394.0,0.0,5,307
2011-08-25,22112,319.0,0.0,5,307
2011-08-26,22112,313.0,0.0,5,307
2011-08-27,22112,313.0,0.0,5,307
2011-08-28,22112,306.0,308.0,5,307
2011-08-29,22112,306.0,308.0,5,307
2011-08-30,22112,301.0,308.0,5,307
2011-08-31,22112,301.0,308.0,5,307
2011-09-01,22112,274.0,308.0,5,307
2011-09-02,22112,554.0,0.0,5,307
2011-09-03,22112,554.0,0.0,5,307
2011-09-04,22112,554.0,0.0,5,307
2011-09-05,22112,476.0,0.0,5,307
2011-09-06,22112,457.0,0.0,5,307
2011-09-07,22112,454.0,0.0,5,307
2011-09-08,22112,438.0,0.0,5,307
2011-09-09,22112,419.0,0.0,5,307
2011-09-10,22112,419.0,0.0,5,307
2011-09-11,22112,386.0,0.0,5,307
2011-09-12,22112,332.0,0.0,5,307
2011-09-13,22112,310.0,0.0,5,307
2011-09-14,22112,301.0,313.0,5,307
2011-09-15,22112,252.0,313.0,5,307
2011-09-16,22112,223.0,313.0,5,307
2011-09-17,22112,223.0,313.0,5,307
2011-09-18,22112,220.0,313.0,5,307
2011-09-19,22112,518.0,0.0,5,307
2011-09-20,22112,475.0,0.0,5,307
2011-09-21,22112,462.0,0.0,5,307
2011-09-22,22112,422.0,0.0,5,307
2011-09-23,22112,380.0,0.0,5,307
2011-09-24,22112,380.0,0.0,5,307
2011-09-25,22112,337.0,0.0,5,307
2011-09-26,22112,333.0,0.0,5,307
2011-09-27,22112,310.0,0.0,5,307
2011-09-28,22112,306.0,308.0,5,307
2011-09-29,22112,301.0,308.0,5,307
2011-09-30,22112,177.0,308.0,5,307
2011-10-01,22112,177.0,308.0,5,307
2011-10-02,22112,167.0,308.0,5,307
2011-10-03,22112,466.0,0.0,5,307
2011-10-04,22112,444.0,0.0,5,307
2011-10-05,22112,429.0,0.0,5,307
2011-10-06,22112,397.0,0.0,5,307
2011-10-07,22112,386.0,0.0,5,307
2011-10-08,22112,386.0,0.0,5,307
2011-10-09,22112,385.0,0.0,5,307
2011-10-10,22112,376.0,0.0,5,307
2011-10-11,22112,344.0,0.0,5,307
2011-10-12,22112,322.0,0.0,5,307
2011-10-13,22112,289.0,325.0,5,307
2011-10-14,22112,261.0,325.0,5,307
2011-10-15,22112,261.0,325.0,5,307
2011-10-16,22112,259.0,325.0,5,307
2011-10-17,22112,247.0,325.0,5,307
2011-10-18,22112,509.0,0.0,5,307
2011-10-19,22112,468.0,0.0,5,307
2011-10-20,22112,349.0,0.0,5,307
2011-10-21,22112,278.0,336.0,5,307
2011-10-22,22112,278.0,336.0,5,307
2011-10-23,22112,272.0,336.0,5,307
2011-10-24,22112,268.0,336.0,5,307
2011-10-25,22112,226.0,336.0,5,307
2011-10-26,22112,526.0,0.0,5,307
2011-10-27,22112,500.0,0.0,5,307
2011-10-28,22112,408.0,0.0,5,307
2011-10-29,22112,408.0,0.0,5,307
2011-10-30,22112,373.0,0.0,5,307
2011-10-31,22112,325.0,0.0,5,307
2011-11-01,22112,282.0,332.0,5,307
2011-11-02,22112,245.0,332.0,5,307
2011-11-03,22112,217.0,332.0,5,307
2011-11-04,22112,217.0,332.0,5,307
2011-11-05,22112,217.0,332.0,5,307
2011-11-06,22112,514.0,0.0,5,307
2011-11-07,22112,406.0,0.0,5,307
2011-11-08,22112,324.0,0.0,5,307
2011-11-09,22112,283.0,331.0,5,307
2011-11-10,22112,156.0,331.0,5,307
2011-11-11,22112,88.0,331.0,5,307
2011-11-12,22112,88.0,331.0,5,307
2011-11-13,22112,55.0,331.0,5,307
2011-11-14,22112,291.0,0.0,5,307
2011-11-15,22112,214.0,400.0,5,307
2011-11-16,22112,117.0,400.0,5,307
2011-11-17,22112,0.0,400.0,5,307
2011-11-18,22112,0.0,400.0,5,307
2011-11-19,22112,0.0,400.0,5,307
2011-11-20,22112,372.0,0.0,5,307
2011-11-21,22112,362.0,0.0,5,307
2011-11-22,22112,357.0,0.0,5,307
2011-11-23,22112,334.0,0.0,5,307
2011-11-24,22112,294.0,320.0,5,307
2011-11-25,22112,250.0,320.0,5,307
2011-11-26,22112,250.0,320.0,5,307
2011-11-27,22112,222.0,320.0,5,307
2011-11-28,22112,153.0,320.0,5,307
2011-11-29,22112,415.0,0.0,5,307
2011-11-30,22112,334.0,0.0,5,307
2011-12-01,22112,265.0,349.0,5,307
2011-12-02,22112,119.0,349.0,5,307
2011-12-03,22112,119.0,349.0,5,307
2011-12-04,22112,93.0,349.0,5,307
2011-12-05,22112,15.0,349.0,5,307
2011-12-06,22112,266.0,0.0,5,307
2011-12-07,22112,206.0,408.0,5,307
2011-12-08,22112,149.0,408.0,5,307
2011-12-09,22112,108.0,408.0,5,307
2011-08-11,22113,278.0,0.0,12,158
2011-08-12,22113,270.0,0.0,12,158
2011-08-13,22113,270.0,0.0,12,158
2011-08-14,22113,270.0,0.0,12,158
2011-08-15,22113,266.0,0.0,12,158
2011-08-16,22113,254.0,0.0,12,158
2011-08-17,22113,252.0,0.0,12,158
2011-08-18,22113,252.0,0.0,12,158
2011-08-19,22113,252.0,0.0,12,158
2011-08-20,22113,252.0,0.0,12,158
2011-08-21,22113,249.0,0.0,12,158
2011-08-22,22113,245.0,0.0,12,158
2011-08-23,22113,238.0,0.0,12,158
2011-08-24,22113,217.0,0.0,12,158
2011-08-25,22113,217.0,0.0,12,158
2011-08-26,22113,209.0,0.0,12,158
2011-08-27,22113,209.0,0.0,12,158
2011-08-28,22113,209.0,0.0,12,158
2011-08-29,22113,209.0,0.0,12,158
2011-08-30,22113,207.0,0.0,12,158
2011-08-31,22113,148.0,197.0,12,158
2011-09-01,22113,144.0,197.0,12,158
2011-09-02,22113,142.0,197.0,12,158
2011-09-03,22113,142.0,197.0,12,158
2011-09-04,22113,140.0,197.0,12,158
2011-09-05,22113,136.0,197.0,12,158
2011-09-06,22113,132.0,197.0,12,158
2011-09-07,22113,122.0,197.0,12,158
2011-09-08,22113,116.0,197.0,12,158
2011-09-09,22113,107.0,197.0,12,158
2011-09-10,22113,107.0,197.0,12,158
2011-09-11,22113,104.0,197.0,12,158
2011-09-12,22113,274.0,0.0,12,158
2011-09-13,22113,195.0,0.0,12,158
2011-09-14,22113,180.0,0.0,12,158
2011-09-15,22113,118.0,227.0,12,158
2011-09-16,22113,102.0,227.0,12,158
2011-09-17,22113,102.0,227.0,12,158
2011-09-18,22113,100.0,227.0,12,158
2011-09-19,22113,100.0,227.0,12,158
2011-09-20,22113,73.0,227.0,12,158
2011-09-21,22113,70.0,227.0,12,158
2011-09-22,22113,36.0,227.0,12,158
2011-09-23,22113,31.0,227.0,12,158
2011-09-24,22113,31.0,227.0,12,158
2011-09-25,22113,0.0,227.0,12,158
2011-09-26,22113,0.0,227.0,12,158
2011-09-27,22113,216.0,0.0,12,158
2011-09-28,22113,204.0,0.0,12,158
2011-09-29,22113,185.0,0.0,12,158
2011-09-30,22113,163.0,0.0,12,158
2011-10-01,22113,163.0,0.0,12,158
2011-10-02,22113,157.0,188.0,12,158
2011-10-03,22113,0.0,188.0,12,158
2011-10-04,22113,0.0,188.0,12,158
2011-10-05,22113,0.0,188.0,12,158
2011-10-06,22113,0.0,188.0,12,158
2011-10-07,22113,0.0,188.0,12,158
2011-10-08,22113,0.0,188.0,12,158
2011-10-09,22113,0.0,188.0,12,158
2011-10-10,22113,0.0,188.0,12,158
2011-10-11,22113,0.0,188.0,12,158
2011-10-12,22113,0.0,188.0,12,158
2011-10-13,22113,0.0,188.0,12,158
2011-10-14,22113,188.0,0.0,12,158
2011-10-15,22113,188.0,0.0,12,158
2011-10-16,22113,168.0,0.0,12,158
2011-10-17,22113,165.0,0.0,12,158
2011-10-18,22113,143.0,202.0,12,158
2011-10-19,22113,102.0,202.0,12,158
2011-10-20,22113,93.0,202.0,12,158
2011-10-21,22113,91.0,202.0,12,158
2011-10-22,22113,91.0,202.0,12,158
2011-10-23,22113,79.0,202.0,12,158
2011-10-24,22113,63.0,202.0,12,158
2011-10-25,22113,45.0,202.0,12,158
2011-10-26,22113,41.0,202.0,12,158
2011-10-27,22113,41.0,202.0,12,158
2011-10-28,22113,17.0,202.0,12,158
2011-10-29,22113,17.0,202.0,12,158
2011-10-30,22113,196.0,0.0,12,158
2011-10-31,22113,192.0,0.0,12,158
2011-11-01,22113,141.0,204.0,12,158
2011-11-02,22113,119.0,204.0,12,158
2011-11-03,22113,116.0,204.0,12,158
2011-11-04,22113,63.0,204.0,12,158
2011-11-05,22113,63.0,204.0,12,158
2011-11-06,22113,55.0,204.0,12,158
2011-11-07,22113,34.0,204.0,12,158
2011-11-08,22113,7.0,204.0,12,158
2011-11-09,22113,0.0,204.0,12,158
2011-11-10,22113,0.0,204.0,12,158
2011-11-11,22113,0.0,204.0,12,158
2011-11-12,22113,0.0,204.0,12,158
2011-11-13,22113,192.0,0.0,12,158
2011-11-14,22113,161.0,0.0,12,158
2011-11-15,22113,133.0,212.0,12,158
2011-11-16,22113,112.0,212.0,12,158
2011-11-17,22113,103.0,212.0,12,158
2011-11-18,22113,36.0,212.0,12,158
2011-11-19,22113,36.0,212.0,12,158
2011-11-20,22113,0.0,212.0,12,158
2011-11-21,22113,0.0,212.0,12,158
2011-11-22,22113,0.0,212.0,12,158
2011-11-23,22113,0.0,212.0,12,158
2011-11-24,22113,0.0,212.0,12,158
2011-11-25,22113,0.0,212.0,12,158
2011-11-26,22113,0.0,212.0,12,158
2011-11-27,22113,204.0,0.0,12,158
2011-11-28,22113,195.0,0.0,12,158
2011-11-29,22113,164.0,0.0,12,158
2011-11-30,22113,136.0,209.0,12,158
2011-12-01,22113,132.0,209.0,12,158
2011-12-02,22113,115.0,209.0,12,158
2011-12-03,22113,115.0,209.0,12,158
2011-12-04,22113,94.0,209.0,12,158
2011-12-05,22113,71.0,209.0,12,158
2011-12-06,22113,67.0,209.0,12,158
2011-12-07,22113,43.0,209.0,12,158
2011-12-08,22113,13.0,209.0,12,158
2011-12-09,22113,9.0,209.0,12,158
2011-08-11,22114,1021.0,0.0,10,495
2011-08-12,22114,1021.0,0.0,10,495
2011-08-13,22114,1021.0,0.0,10,495
2011-08-14,22114,1021.0,0.0,10,495
2011-08-15,22114,1021.0,0.0,10,495
2011-08-16,22114,1021.0,0.0,10,495
2011-08-17,22114,1021.0,0.0,10,495
2011-08-18,22114,1021.0,0.0,10,495
2011-08-19,22114,1021.0,0.0,10,495
2011-08-20,22114,1021.0,0.0,10,495
2011-08-21,22114,1018.0,0.0,10,495
2011-08-22,22114,991.0,0.0,10,495
2011-08-23,22114,991.0,0.0,10,495
2011-08-24,22114,987.0,0.0,10,495
2011-08-25,22114,955.0,0.0,10,495
2011-08-26,22114,951.0,0.0,10,495
2011-08-27,22114,951.0,0.0,10,495
2011-08-28,22114,947.0,0.0,10,495
2011-08-29,22114,947.0,0.0,10,495
2011-08-30,22114,940.0,0.0,10,495
2011-08-31,22114,939.0,0.0,10,495
2011-09-01,22114,935.0,0.0,10,495
2011-09-02,22114,909.0,0.0,10,495
2011-09-03,22114,909.0,0.0,10,495
2011-09-04,22114,901.0,0.0,10,495
2011-09-05,22114,817.0,0.0,10,495
2011-09-06,22114,791.0,0.0,10,495
2011-09-07,22114,787.0,0.0,10,495
2011-09-08,22114,768.0,0.0,10,495
2011-09-09,22114,746.0,0.0,10,495
2011-09-10,22114,746.0,0.0,10,495
2011-09-11,22114,738.0,0.0,10,495
2011-09-12,22114,723.0,0.0,10,495
2011-09-13,22114,682.0,0.0,10,495
2011-09-14,22114,626.0,0.0,10,495
2011-09-15,22114,558.0,0.0,10,495
2011-09-16,22114,490.0,547.0,10,495
2011-09-17,22114,490.0,547.0,10,495
2011-09-18,22114,486.0,547.0,10,495
2011-09-19,22114,450.0,547.0,10,495
2011-09-20,22114,51.0,547.0,10,495
2011-09-21,22114,27.0,547.0,10,495
2011-09-22,22114,9.0,547.0,10,495
2011-09-23,22114,0.0,547.0,10,495
2011-09-24,22114,0.0,547.0,10,495
2011-09-25,22114,0.0,547.0,10,495
2011-09-26,22114,547.0,0.0,10,495
2011-09-27,22114,492.0,545.0,10,495
2011-09-28,22114,480.0,545.0,10,495
2011-09-29,22114,449.0,545.0,10,495
2011-09-30,22114,418.0,545.0,10,495
2011-10-01,22114,418.0,545.0,10,495
2011-10-02,22114,399.0,545.0,10,495
2011-10-03,22114,338.0,545.0,10,495
2011-10-04,22114,285.0,545.0,10,495
2011-10-05,22114,245.0,545.0,10,495
2011-10-06,22114,231.0,545.0,10,495
2011-10-07,22114,752.0,0.0,10,495
2011-10-08,22114,752.0,0.0,10,495
2011-10-09,22114,744.0,0.0,10,495
2011-10-10,22114,728.0,0.0,10,495
2011-10-11,22114,638.0,0.0,10,495
2011-10-12,22114,626.0,0.0,10,495
2011-10-13,22114,621.0,0.0,10,495
2011-10-14,22114,583.0,0.0,10,495
2011-10-15,22114,583.0,0.0,10,495
2011-10-16,22114,552.0,0.0,10,495
2011-10-17,22114,527.0,0.0,10,495
2011-10-18,22114,439.0,598.0,10,495
2011-10-19,22114,419.0,598.0,10,495
2011-10-20,22114,395.0,598.0,10,495
2011-10-21,22114,348.0,598.0,10,495
2011-10-22,22114,348.0,598.0,10,495
2011-10-23,22114,338.0,598.0,10,495
2011-10-24,22114,331.0,598.0,10,495
2011-10-25,22114,276.0,598.0,10,495
2011-10-26,22114,247.0,598.0,10,495
2011-10-27,22114,225.0,598.0,10,495
2011-10-28,22114,748.0,0.0,10,495
2011-10-29,22114,748.0,0.0,10,495
2011-10-30,22114,726.0,0.0,10,495
2011-10-31,22114,656.0,0.0,10,495
2011-11-01,22114,650.0,0.0,10,495
2011-11-02,22114,634.0,0.0,10,495
2011-11-03,22114,619.0,0.0,10,495
2011-11-04,22114,556.0,0.0,10,495
2011-11-05,22114,556.0,0.0,10,495
2011-11-06,22114,521.0,0.0,10,495
2011-11-07,22114,416.0,621.0,10,495
2011-11-08,22114,345.0,621.0,10,495
2011-11-09,22114,294.0,621.0,10,495
2011-11-10,22114,198.0,621.0,10,495
2011-11-11,22114,87.0,621.0,10,495
2011-11-12,22114,87.0,621.0,10,495
2011-11-13,22114,79.0,621.0,10,495
2011-11-14,22114,0.0,621.0,10,495
2011-11-15,22114,0.0,621.0,10,495
2011-11-16,22114,0.0,621.0,10,495
2011-11-17,22114,562.0,0.0,10,495
2011-11-18,22114,431.0,606.0,10,495
2011-11-19,22114,431.0,606.0,10,495
2011-11-20,22114,399.0,606.0,10,495
2011-11-21,22114,385.0,606.0,10,495
2011-11-22,22114,329.0,606.0,10,495
2011-11-23,22114,296.0,606.0,10,495
2011-11-24,22114,264.0,606.0,10,495
2011-11-25,22114,172.0,606.0,10,495
2011-11-26,22114,172.0,606.0,10,495
2011-11-27,22114,114.0,606.0,10,495
2011-11-28,22114,672.0,0.0,10,495
2011-11-29,22114,512.0,0.0,10,495
2011-11-30,22114,405.0,632.0,10,495
2011-12-01,22114,346.0,632.0,10,495
2011-12-02,22114,289.0,632.0,10,495
2011-12-03,22114,289.0,632.0,10,495
2011-12-04,22114,282.0,632.0,10,495
2011-12-05,22114,114.0,632.0,10,495
2011-12-06,22114,76.0,632.0,10,495
2011-12-07,22114,0.0,632.0,10,495
2011-12-08,22114,0.0,632.0,10,495
2011-12-09,22114,0.0,632.0,10,495
2011-08-11,22138,428.0,0.0,12,321
2011-08-12,22138,421.0,0.0,12,321
2011-08-13,22138,421.0,0.0,12,321
2011-08-14,22138,421.0,0.0,12,321
2011-08-15,22138,415.0,0.0,12,321
2011-08-16,22138,405.0,0.0,12,321
2011-08-17,22138,400.0,0.0,12,321
2011-08-18,22138,316.0,219.0,12,321
2011-08-19,22138,313.0,219.0,12,321
2011-08-20,22138,313.0,219.0,12,321
2011-08-21,22138,306.0,219.0,12,321
2011-08-22,22138,303.0,219.0,12,321
2011-08-23,22138,293.0,219.0,12,321
2011-08-24,22138,287.0,219.0,12,321
2011-08-25,22138,270.0,219.0,12,321
2011-08-26,22138,267.0,219.0,12,321
2011-08-27,22138,267.0,219.0,12,321
2011-08-28,22138,264.0,219.0,12,321
2011-08-29,22138,264.0,219.0,12,321
2011-08-30,22138,482.0,0.0,12,321
2011-08-31,22138,472.0,0.0,12,321
2011-09-01,22138,472.0,0.0,12,321
2011-09-02,22138,466.0,0.0,12,321
2011-09-03,22138,466.0,0.0,12,321
2011-09-04,22138,466.0,0.0,12,321
2011-09-05,22138,465.0,0.0,12,321
2011-09-06,22138,450.0,0.0,12,321
2011-09-07,22138,444.0,0.0,12,321
2011-09-08,22138,413.0,0.0,12,321
2011-09-09,22138,403.0,0.0,12,321
2011-09-10,22138,403.0,0.0,12,321
2011-09-11,22138,397.0,0.0,12,321
2011-09-12,22138,395.0,0.0,12,321
2011-09-13,22138,312.0,223.0,12,321
2011-09-14,22138,299.0,223.0,12,321
2011-09-15,22138,287.0,223.0,12,321
2011-09-16,22138,287.0,223.0,12,321
2011-09-17,22138,287.0,223.0,12,321
2011-09-18,22138,273.0,223.0,12,321
2011-09-19,22138,273.0,223.0,12,321
2011-09-20,22138,0.0,535.0,12,321
2011-09-21,22138,0.0,535.0,12,321
2011-09-22,22138,0.0,535.0,12,321
2011-09-23,22138,0.0,535.0,12,321
2011-09-24,22138,0.0,535.0,12,321
2011-09-25,22138,218.0,312.0,12,321
2011-09-26,22138,160.0,312.0,12,321
2011-09-27,22138,157.0,312.0,12,321
2011-09-28,22138,144.0,312.0,12,321
2011-09-29,22138,131.0,312.0,12,321
2011-09-30,22138,107.0,312.0,12,321
2011-10-01,22138,107.0,312.0,12,321
2011-10-02,22138,411.0,0.0,12,321
2011-10-03,22138,399.0,0.0,12,321
2011-10-04,22138,387.0,0.0,12,321
2011-10-05,22138,359.0,0.0,12,321
2011-10-06,22138,317.0,218.0,12,321
2011-10-07,22138,304.0,218.0,12,321
2011-10-08,22138,304.0,218.0,12,321
2011-10-09,22138,302.0,218.0,12,321
2011-10-10,22138,288.0,218.0,12,321
2011-10-11,22138,270.0,218.0,12,321
2011-10-12,22138,251.0,218.0,12,321
2011-10-13,22138,226.0,218.0,12,321
2011-10-14,22138,214.0,218.0,12,321
2011-10-15,22138,214.0,218.0,12,321
2011-10-16,22138,214.0,218.0,12,321
2011-10-17,22138,196.0,218.0,12,321
2011-10-18,22138,350.0,0.0,12,321
2011-10-19,22138,339.0,0.0,12,321
2011-10-20,22138,309.0,226.0,12,321
2011-10-21,22138,286.0,226.0,12,321
2011-10-22,22138,286.0,226.0,12,321
2011-10-23,22138,276.0,226.0,12,321
2011-10-24,22138,229.0,226.0,12,321
2011-10-25,22138,213.0,226.0,12,321
2011-10-26,22138,194.0,226.0,12,321
2011-10-27,22138,184.0,226.0,12,321
2011-10-28,22138,94.0,441.0,12,321
2011-10-29,22138,94.0,441.0,12,321
2011-10-30,22138,73.0,441.0,12,321
2011-10-31,22138,25.0,441.0,12,321
2011-11-01,22138,222.0,215.0,12,321
2011-11-02,22138,199.0,215.0,12,321
2011-11-03,22138,106.0,429.0,12,321
2011-11-04,22138,99.0,429.0,12,321
2011-11-05,22138,99.0,429.0,12,321
2011-11-06,22138,81.0,429.0,12,321
2011-11-07,22138,38.0,429.0,12,321
2011-11-08,22138,0.0,429.0,12,321
2011-11-09,22138,167.0,214.0,12,321
2011-11-10,22138,67.0,468.0,12,321
2011-11-11,22138,34.0,468.0,12,321
2011-11-12,22138,34.0,468.0,12,321
2011-11-13,22138,6.0,468.0,12,321
2011-11-14,22138,0.0,468.0,12,321
2011-11-15,22138,191.0,254.0,12,321
2011-11-16,22138,174.0,254.0,12,321
2011-11-17,22138,83.0,254.0,12,321
2011-11-18,22138,42.0,493.0,12,321
2011-11-19,22138,42.0,493.0,12,321
2011-11-20,22138,0.0,493.0,12,321
2011-11-21,22138,0.0,493.0,12,321
2011-11-22,22138,175.0,239.0,12,321
2011-11-23,22138,127.0,239.0,12,321
2011-11-24,22138,95.0,239.0,12,321
2011-11-25,22138,88.0,239.0,12,321
2011-11-26,22138,88.0,239.0,12,321
2011-11-27,22138,83.0,239.0,12,321
2011-11-28,22138,60.0,475.0,12,321
2011-11-29,22138,17.0,475.0,12,321
2011-11-30,22138,213.0,236.0,12,321
2011-12-01,22138,173.0,236.0,12,321
2011-12-02,22138,151.0,236.0,12,321
2011-12-03,22138,151.0,236.0,12,321
2011-12-04,22138,135.0,236.0,12,321
2011-12-05,22138,121.0,236.0,12,321
2011-12-06,22138,47.0,488.0,12,321
2011-12-07,22138,29.0,488.0,12,321
2011-12-08,22138,0.0,488.0,12,321
2011-12-09,22138,0.0,488.0,12,321
2011-08-11,22139,247.0,0.0,12,218
2011-08-12,22139,242.0,0.0,12,218
2011-08-13,22139,242.0,0.0,12,218
2011-08-14,22139,237.0,0.0,12,218
2011-08-15,22139,237.0,0.0,12,218
2011-08-16,22139,220.0,0.0,12,218
2011-08-17,22139,202.0,205.0,12,218
2011-08-18,22139,155.0,205.0,12,218
2011-08-19,22139,149.0,205.0,12,218
2011-08-20,22139,149.0,205.0,12,218
2011-08-21,22139,140.0,205.0,12,218
2011-08-22,22139,122.0,205.0,12,218
2011-08-23,22139,66.0,205.0,12,218
2011-08-24,22139,61.0,205.0,12,218
2011-08-25,22139,52.0,205.0,12,218
2011-08-26,22139,52.0,205.0,12,218
2011-08-27,22139,52.0,205.0,12,218
2011-08-28,22139,46.0,205.0,12,218
2011-08-29,22139,251.0,0.0,12,218
2011-08-30,22139,239.0,0.0,12,218
2011-08-31,22139,238.0,0.0,12,218
2011-09-01,22139,226.0,0.0,12,218
2011-09-02,22139,219.0,0.0,12,218
2011-09-03,22139,219.0,0.0,12,218
2011-09-04,22139,213.0,194.0,12,218
2011-09-05,22139,212.0,194.0,12,218
2011-09-06,22139,209.0,194.0,12,218
2011-09-07,22139,179.0,194.0,12,218
2011-09-08,22139,163.0,194.0,12,218
2011-09-09,22139,149.0,194.0,12,218
2011-09-10,22139,149.0,194.0,12,218
2011-09-11,22139,145.0,194.0,12,218
2011-09-12,22139,144.0,194.0,12,218
2011-09-13,22139,132.0,194.0,12,218
2011-09-14,22139,129.0,194.0,12,218
2011-09-15,22139,127.0,194.0,12,218
2011-09-16,22139,310.0,0.0,12,218
2011-09-17,22139,310.0,0.0,12,218
2011-09-18,22139,309.0,0.0,12,218
2011-09-19,22139,306.0,0.0,12,218
2011-09-20,22139,296.0,0.0,12,218
2011-09-21,22139,268.0,0.0,12,218
2011-09-22,22139,205.0,202.0,12,218
2011-09-23,22139,188.0,202.0,12,218
2011-09-24,22139,188.0,202.0,12,218
2011-09-25,22139,152.0,202.0,12,218
2011-09-26,22139,136.0,202.0,12,218
2011-09-27,22139,120.0,202.0,12,218
2011-09-28,22139,103.0,202.0,12,218
2011-09-29,22139,78.0,202.0,12,218
2011-09-30,22139,72.0,202.0,12,218
2011-10-01,22139,72.0,202.0,12,218
2011-10-02,22139,70.0,202.0,12,218
2011-10-03,22139,59.0,202.0,12,218
2011-10-04,22139,241.0,0.0,12,218
2011-10-05,22139,213.0,194.0,12,218
2011-10-06,22139,186.0,194.0,12,218
2011-10-07,22139,173.0,194.0,12,218
2011-10-08,22139,173.0,194.0,12,218
2011-10-09,22139,170.0,194.0,12,218
2011-10-10,22139,125.0,194.0,12,218
2011-10-11,22139,98.0,194.0,12,218
2011-10-12,22139,75.0,194.0,12,218
2011-10-13,22139,47.0,194.0,12,218
2011-10-14,22139,38.0,194.0,12,218
2011-10-15,22139,38.0,194.0,12,218
2011-10-16,22139,35.0,194.0,12,218
2011-10-17,22139,171.0,0.0,12,218
2011-10-18,22139,145.0,262.0,12,218
2011-10-19,22139,74.0,262.0,12,218
2011-10-20,22139,47.0,262.0,12,218
2011-10-21,22139,24.0,262.0,12,218
2011-10-22,22139,24.0,262.0,12,218
2011-10-23,22139,23.0,262.0,12,218
2011-10-24,22139,0.0,262.0,12,218
2011-10-25,22139,0.0,262.0,12,218
2011-10-26,22139,0.0,262.0,12,218
2011-10-27,22139,0.0,262.0,12,218
2011-10-28,22139,0.0,262.0,12,218
2011-10-29,22139,0.0,262.0,12,218
2011-10-30,22139,250.0,0.0,12,218
2011-10-31,22139,215.0,192.0,12,218
2011-11-01,22139,200.0,192.0,12,218
2011-11-02,22139,194.0,192.0,12,218
2011-11-03,22139,182.0,192.0,12,218
2011-11-04,22139,170.0,192.0,12,218
2011-11-05,22139,170.0,192.0,12,218
2011-11-06,22139,150.0,192.0,12,218
2011-11-07,22139,112.0,192.0,12,218
2011-11-08,22139,78.0,192.0,12,218
2011-11-09,22139,43.0,192.0,12,218
2011-11-10,22139,32.0,192.0,12,218
2011-11-11,22139,0.0,407.0,12,218
2011-11-12,22139,192.0,215.0,12,218
2011-11-13,22139,175.0,215.0,12,218
2011-11-14,22139,98.0,215.0,12,218
2011-11-15,22139,89.0,215.0,12,218
2011-11-16,22139,64.0,215.0,12,218
2011-11-17,22139,1.0,406.0,12,218
2011-11-18,22139,0.0,406.0,12,218
2011-11-19,22139,0.0,406.0,12,218
2011-11-20,22139,0.0,406.0,12,218
2011-11-21,22139,0.0,406.0,12,218
2011-11-22,22139,0.0,406.0,12,218
2011-11-23,22139,180.0,191.0,12,218
2011-11-24,22139,154.0,191.0,12,218
2011-11-25,22139,119.0,191.0,12,218
2011-11-26,22139,119.0,191.0,12,218
2011-11-27,22139,93.0,191.0,12,218
2011-11-28,22139,69.0,191.0,12,218
2011-11-29,22139,196.0,0.0,12,218
2011-11-30,22139,176.0,231.0,12,218
2011-12-01,22139,158.0,231.0,12,218
2011-12-02,22139,145.0,231.0,12,218
2011-12-03,22139,145.0,231.0,12,218
2011-12-04,22139,122.0,231.0,12,218
2011-12-05,22139,89.0,231.0,12,218
2011-12-06,22139,52.0,231.0,12,218
2011-12-07,22139,35.0,231.0,12,218
2011-12-08,22139,0.0,231.0,12,218
2011-12-09,22139,0.0,231.0,12,218
2011-08-11,22149,162.0,398.0,9,331
2011-08-12,22149,554.0,0.0,9,331
2011-08-13,22149,554.0,0.0,9,331
2011-08-14,22149,550.0,0.0,9,331
2011-08-15,22149,550.0,0.0,9,331
2011-08-16,22149,550.0,0.0,9,331
2011-08-17,22149,136.0,584.0,9,331
2011-08-18,22149,136.0,584.0,9,331
2011-08-19,22149,112.0,584.0,9,331
2011-08-20,22149,112.0,584.0,9,331
2011-08-21,22149,112.0,584.0,9,331
2011-08-22,22149,100.0,584.0,9,331
2011-08-23,22149,88.0,584.0,9,331
2011-08-24,22149,39.0,584.0,9,331
2011-08-25,22149,39.0,584.0,9,331
2011-08-26,22149,593.0,0.0,9,331
2011-08-27,22149,593.0,0.0,9,331
2011-08-28,22149,593.0,0.0,9,331
2011-08-29,22149,593.0,0.0,9,331
2011-08-30,22149,590.0,0.0,9,331
2011-08-31,22149,590.0,0.0,9,331
2011-09-01,22149,590.0,0.0,9,331
2011-09-02,22149,590.0,0.0,9,331
2011-09-03,22149,590.0,0.0,9,331
2011-09-04,22149,584.0,0.0,9,331
2011-09-05,22149,572.0,0.0,9,331
2011-09-06,22149,572.0,0.0,9,331
2011-09-07,22149,570.0,0.0,9,331
2011-09-08,22149,570.0,0.0,9,331
2011-09-09,22149,567.0,0.0,9,331
2011-09-10,22149,567.0,0.0,9,331
2011-09-11,22149,545.0,0.0,9,331
2011-09-12,22149,533.0,0.0,9,331
2011-09-13,22149,500.0,0.0,9,331
2011-09-14,22149,460.0,0.0,9,331
2011-09-15,22149,453.0,0.0,9,331
2011-09-16,22149,439.0,0.0,9,331
2011-09-17,22149,439.0,0.0,9,331
2011-09-18,22149,439.0,0.0,9,331
2011-09-19,22149,392.0,0.0,9,331
2011-09-20,22149,385.0,0.0,9,331
2011-09-21,22149,298.0,422.0,9,331
2011-09-22,22149,267.0,422.0,9,331
2011-09-23,22149,180.0,422.0,9,331
2011-09-24,22149,180.0,422.0,9,331
2011-09-25,22149,131.0,422.0,9,331
2011-09-26,22149,127.0,422.0,9,331
2011-09-27,22149,72.0,422.0,9,331
2011-09-28,22149,64.0,422.0,9,331
2011-09-29,22149,48.0,422.0,9,331
2011-09-30,22149,442.0,0.0,9,331
2011-10-01,22149,442.0,0.0,9,331
2011-10-02,22149,440.0,0.0,9,331
2011-10-03,22149,385.0,0.0,9,331
2011-10-04,22149,353.0,0.0,9,331
2011-10-05,22149,323.0,397.0,9,331
2011-10-06,22149,6.0,397.0,9,331
2011-10-07,22149,0.0,397.0,9,331
2011-10-08,22149,0.0,397.0,9,331
2011-10-09,22149,0.0,397.0,9,331
2011-10-10,22149,0.0,397.0,9,331
2011-10-11,22149,0.0,397.0,9,331
2011-10-12,22149,0.0,397.0,9,331
2011-10-13,22149,0.0,397.0,9,331
2011-10-14,22149,397.0,0.0,9,331
2011-10-15,22149,397.0,0.0,9,331
2011-10-16,22149,397.0,0.0,9,331
2011-10-17,22149,392.0,0.0,9,331
2011-10-18,22149,392.0,0.0,9,331
2011-10-19,22149,391.0,0.0,9,331
2011-10-20,22149,391.0,0.0,9,331
2011-10-21,22149,391.0,0.0,9,331
2011-10-22,22149,391.0,0.0,9,331
2011-10-23,22149,391.0,0.0,9,331
2011-10-24,22149,391.0,0.0,9,331
2011-10-25,22149,391.0,0.0,9,331
2011-10-26,22149,391.0,0.0,9,331
2011-10-27,22149,391.0,0.0,9,331
2011-10-28,22149,391.0,0.0,9,331
2011-10-29,22149,391.0,0.0,9,331
2011-10-30,22149,391.0,0.0,9,331
2011-10-31,22149,391.0,0.0,9,331
2011-11-01,22149,391.0,0.0,9,331
2011-11-02,22149,391.0,0.0,9,331
2011-11-03,22149,391.0,0.0,9,331
2011-11-04,22149,391.0,0.0,9,331
2011-11-05,22149,391.0,0.0,9,331
2011-11-06,22149,391.0,0.0,9,331
2011-11-07,22149,391.0,0.0,9,331
2011-11-08,22149,391.0,0.0,9,331
2011-11-09,22149,389.0,0.0,9,331
2011-11-10,22149,351.0,0.0,9,331
2011-11-11,22149,351.0,0.0,9,331
2011-11-12,22149,351.0,0.0,9,331
2011-11-13,22149,351.0,0.0,9,331
2011-11-14,22149,351.0,0.0,9,331
2011-11-15,22149,351.0,0.0,9,331
2011-11-16,22149,351.0,0.0,9,331
2011-11-17,22149,351.0,0.0,9,331
2011-11-18,22149,351.0,0.0,9,331
2011-11-19,22149,351.0,0.0,9,331
2011-11-20,22149,351.0,0.0,9,331
2011-11-21,22149,351.0,0.0,9,331
2011-11-22,22149,351.0,0.0,9,331
2011-11-23,22149,351.0,0.0,9,331
2011-11-24,22149,351.0,0.0,9,331
2011-11-25,22149,351.0,0.0,9,331
2011-11-26,22149,351.0,0.0,9,331
2011-11-27,22149,351.0,0.0,9,331
2011-11-28,22149,351.0,0.0,9,331
2011-11-29,22149,351.0,0.0,9,331
2011-11-30,22149,351.0,0.0,9,331
2011-12-01,22149,351.0,0.0,9,331
2011-12-02,22149,351.0,0.0,9,331
2011-12-03,22149,351.0,0.0,9,331
2011-12-04,22149,351.0,0.0,9,331
2011-12-05,22149,351.0,0.0,9,331
2011-12-06,22149,351.0,0.0,9,331
2011-12-07,22149,351.0,0.0,9,331
2011-12-08,22149,351.0,0.0,9,331
2011-12-09,22149,351.0,0.0,9,331
2011-08-11,22158,0.0,24.0,13,11
2011-08-12,22158,0.0,24.0,13,11
2011-08-13,22158,0.0,24.0,13,11
2011-08-14,22158,0.0,24.0,13,11
2011-08-15,22158,0.0,24.0,13,11
2011-08-16,22158,0.0,24.0,13,11
2011-08-17,22158,0.0,24.0,13,11
2011-08-18,22158,0.0,24.0,13,11
2011-08-19,22158,0.0,24.0,13,11
2011-08-20,22158,0.0,24.0,13,11
2011-08-21,22158,0.0,24.0,13,11
2011-08-22,22158,0.0,24.0,13,11
2011-08-23,22158,0.0,24.0,13,11
2011-08-24,22158,24.0,0.0,13,11
2011-08-25,22158,24.0,0.0,13,11
2011-08-26,22158,24.0,0.0,13,11
2011-08-27,22158,24.0,0.0,13,11
2011-08-28,22158,21.0,0.0,13,11
2011-08-29,22158,21.0,0.0,13,11
2011-08-30,22158,2.0,22.0,13,11
2011-08-31,22158,0.0,22.0,13,11
2011-09-01,22158,0.0,22.0,13,11
2011-09-02,22158,0.0,22.0,13,11
2011-09-03,22158,0.0,22.0,13,11
2011-09-04,22158,0.0,22.0,13,11
2011-09-05,22158,0.0,22.0,13,11
2011-09-06,22158,0.0,22.0,13,11
2011-09-07,22158,0.0,22.0,13,11
2011-09-08,22158,0.0,22.0,13,11
2011-09-09,22158,0.0,22.0,13,11
2011-09-10,22158,0.0,22.0,13,11
2011-09-11,22158,0.0,22.0,13,11
2011-09-12,22158,0.0,0.0,13,11
2011-09-13,22158,0.0,24.0,13,11
2011-09-14,22158,0.0,24.0,13,11
2011-09-15,22158,0.0,24.0,13,11
2011-09-16,22158,0.0,24.0,13,11
2011-09-17,22158,0.0,24.0,13,11
2011-09-18,22158,0.0,24.0,13,11
2011-09-19,22158,0.0,24.0,13,11
2011-09-20,22158,0.0,24.0,13,11
2011-09-21,22158,0.0,24.0,13,11
2011-09-22,22158,0.0,24.0,13,11
2011-09-23,22158,0.0,24.0,13,11
2011-09-24,22158,0.0,24.0,13,11
2011-09-25,22158,0.0,24.0,13,11
2011-09-26,22158,24.0,0.0,13,11
2011-09-27,22158,22.0,0.0,13,11
2011-09-28,22158,6.0,18.0,13,11
2011-09-29,22158,4.0,18.0,13,11
2011-09-30,22158,0.0,18.0,13,11
2011-10-01,22158,0.0,18.0,13,11
2011-10-02,22158,0.0,18.0,13,11
2011-10-03,22158,0.0,18.0,13,11
2011-10-04,22158,0.0,18.0,13,11
2011-10-05,22158,0.0,18.0,13,11
2011-10-06,22158,0.0,18.0,13,11
2011-10-07,22158,0.0,18.0,13,11
2011-10-08,22158,0.0,18.0,13,11
2011-10-09,22158,0.0,18.0,13,11
2011-10-10,22158,0.0,18.0,13,11
2011-10-11,22158,2.0,0.0,13,11
2011-10-12,22158,2.0,22.0,13,11
2011-10-13,22158,0.0,22.0,13,11
2011-10-14,22158,0.0,22.0,13,11
2011-10-15,22158,0.0,22.0,13,11
2011-10-16,22158,0.0,22.0,13,11
2011-10-17,22158,0.0,22.0,13,11
2011-10-18,22158,0.0,22.0,13,11
2011-10-19,22158,0.0,22.0,13,11
2011-10-20,22158,0.0,22.0,13,11
2011-10-21,22158,0.0,22.0,13,11
2011-10-22,22158,0.0,22.0,13,11
2011-10-23,22158,0.0,22.0,13,11
2011-10-24,22158,0.0,22.0,13,11
2011-10-25,22158,22.0,0.0,13,11
2011-10-26,22158,8.0,16.0,13,11
2011-10-27,22158,0.0,16.0,13,11
2011-10-28,22158,0.0,16.0,13,11
2011-10-29,22158,0.0,16.0,13,11
2011-10-30,22158,0.0,16.0,13,11
2011-10-31,22158,0.0,16.0,13,11
2011-11-01,22158,0.0,16.0,13,11
2011-11-02,22158,0.0,16.0,13,11
2011-11-03,22158,0.0,16.0,13,11
2011-11-04,22158,0.0,16.0,13,11
2011-11-05,22158,0.0,16.0,13,11
2011-11-06,22158,0.0,16.0,13,11
2011-11-07,22158,0.0,16.0,13,11
2011-11-08,22158,8.0,0.0,13,11
2011-11-09,22158,0.0,24.0,13,11
2011-11-10,22158,0.0,24.0,13,11
2011-11-11,22158,0.0,24.0,13,11
2011-11-12,22158,0.0,24.0,13,11
2011-11-13,22158,0.0,24.0,13,11
2011-11-14,22158,0.0,24.0,13,11
2011-11-15,22158,0.0,24.0,13,11
2011-11-16,22158,0.0,24.0,13,11
2011-11-17,22158,0.0,24.0,13,11
2011-11-18,22158,0.0,24.0,13,11
2011-11-19,22158,0.0,24.0,13,11
2011-11-20,22158,0.0,24.0,13,11
2011-11-21,22158,0.0,24.0,13,11
2011-11-22,22158,0.0,0.0,13,11
2011-11-23,22158,0.0,24.0,13,11
2011-11-24,22158,0.0,24.0,13,11
2011-11-25,22158,0.0,24.0,13,11
2011-11-26,22158,0.0,24.0,13,11
2011-11-27,22158,0.0,24.0,13,11
2011-11-28,22158,0.0,24.0,13,11
2011-11-29,22158,0.0,24.0,13,11
2011-11-30,22158,0.0,24.0,13,11
2011-12-01,22158,0.0,24.0,13,11
2011-12-02,22158,0.0,24.0,13,11
2011-12-03,22158,0.0,24.0,13,11
2011-12-04,22158,0.0,24.0,13,11
2011-12-05,22158,0.0,24.0,13,11
2011-12-06,22158,23.0,0.0,13,11
2011-12-07,22158,7.0,17.0,13,11
2011-12-08,22158,4.0,17.0,13,11
2011-12-09,22158,4.0,17.0,13,11
2011-08-11,22171,0.0,41.0,7,18
2011-08-12,22171,41.0,0.0,7,18
2011-08-13,22171,41.0,0.0,7,18
2011-08-14,22171,40.0,0.0,7,18
2011-08-15,22171,40.0,0.0,7,18
2011-08-16,22171,36.0,0.0,7,18
2011-08-17,22171,20.0,0.0,7,18
2011-08-18,22171,17.0,24.0,7,18
2011-08-19,22171,17.0,24.0,7,18
2011-08-20,22171,17.0,24.0,7,18
2011-08-21,22171,14.0,24.0,7,18
2011-08-22,22171,14.0,24.0,7,18
2011-08-23,22171,5.0,24.0,7,18
2011-08-24,22171,5.0,24.0,7,18
2011-08-25,22171,27.0,0.0,7,18
2011-08-26,22171,27.0,0.0,7,18
2011-08-27,22171,27.0,0.0,7,18
2011-08-28,22171,26.0,0.0,7,18
2011-08-29,22171,26.0,0.0,7,18
2011-08-30,22171,26.0,0.0,7,18
2011-08-31,22171,25.0,0.0,7,18
2011-09-01,22171,25.0,0.0,7,18
2011-09-02,22171,25.0,0.0,7,18
2011-09-03,22171,25.0,0.0,7,18
2011-09-04,22171,25.0,0.0,7,18
2011-09-05,22171,24.0,0.0,7,18
2011-09-06,22171,9.0,32.0,7,18
2011-09-07,22171,4.0,32.0,7,18
2011-09-08,22171,3.0,32.0,7,18
2011-09-09,22171,3.0,32.0,7,18
2011-09-10,22171,3.0,32.0,7,18
2011-09-11,22171,3.0,32.0,7,18
2011-09-12,22171,3.0,32.0,7,18
2011-09-13,22171,35.0,0.0,7,18
2011-09-14,22171,35.0,0.0,7,18
2011-09-15,22171,35.0,0.0,7,18
2011-09-16,22171,35.0,0.0,7,18
2011-09-17,22171,35.0,0.0,7,18
2011-09-18,22171,34.0,0.0,7,18
2011-09-19,22171,34.0,0.0,7,18
2011-09-20,22171,34.0,0.0,7,18
2011-09-21,22171,32.0,0.0,7,18
2011-09-22,22171,30.0,0.0,7,18
2011-09-23,22171,30.0,0.0,7,18
2011-09-24,22171,30.0,0.0,7,18
2011-09-25,22171,30.0,0.0,7,18
2011-09-26,22171,30.0,0.0,7,18
2011-09-27,22171,30.0,0.0,7,18
2011-09-28,22171,28.0,0.0,7,18
2011-09-29,22171,28.0,0.0,7,18
2011-09-30,22171,28.0,0.0,7,18
2011-10-01,22171,28.0,0.0,7,18
2011-10-02,22171,28.0,0.0,7,18
2011-10-03,22171,28.0,0.0,7,18
2011-10-04,22171,28.0,0.0,7,18
2011-10-05,22171,28.0,0.0,7,18
2011-10-06,22171,28.0,0.0,7,18
2011-10-07,22171,28.0,0.0,7,18
2011-10-08,22171,28.0,0.0,7,18
2011-10-09,22171,27.0,0.0,7,18
2011-10-10,22171,27.0,0.0,7,18
2011-10-11,22171,27.0,0.0,7,18
2011-10-12,22171,27.0,0.0,7,18
2011-10-13,22171,26.0,0.0,7,18
2011-10-14,22171,26.0,0.0,7,18
2011-10-15,22171,26.0,0.0,7,18
2011-10-16,22171,25.0,0.0,7,18
2011-10-17,22171,25.0,0.0,7,18
2011-10-18,22171,25.0,0.0,7,18
2011-10-19,22171,25.0,0.0,7,18
2011-10-20,22171,25.0,0.0,7,18
2011-10-21,22171,25.0,0.0,7,18
2011-10-22,22171,25.0,0.0,7,18
2011-10-23,22171,25.0,0.0,7,18
2011-10-24,22171,24.0,0.0,7,18
2011-10-25,22171,24.0,0.0,7,18
2011-10-26,22171,22.0,0.0,7,18
2011-10-27,22171,22.0,0.0,7,18
2011-10-28,22171,22.0,0.0,7,18
2011-10-29,22171,22.0,0.0,7,18
2011-10-30,22171,21.0,0.0,7,18
2011-10-31,22171,18.0,23.0,7,18
2011-11-01,22171,16.0,23.0,7,18
2011-11-02,22171,15.0,23.0,7,18
2011-11-03,22171,12.0,23.0,7,18
2011-11-04,22171,7.0,23.0,7,18
2011-11-05,22171,7.0,23.0,7,18
2011-11-06,22171,3.0,23.0,7,18
2011-11-07,22171,26.0,0.0,7,18
2011-11-08,22171,24.0,0.0,7,18
2011-11-09,22171,12.0,29.0,7,18
2011-11-10,22171,12.0,29.0,7,18
2011-11-11,22171,0.0,29.0,7,18
2011-11-12,22171,0.0,29.0,7,18
2011-11-13,22171,0.0,29.0,7,18
2011-11-14,22171,0.0,29.0,7,18
2011-11-15,22171,0.0,29.0,7,18
2011-11-16,22171,29.0,0.0,7,18
2011-11-17,22171,29.0,0.0,7,18
2011-11-18,22171,26.0,0.0,7,18
2011-11-19,22171,26.0,0.0,7,18
2011-11-20,22171,18.0,23.0,7,18
2011-11-21,22171,10.0,23.0,7,18
2011-11-22,22171,8.0,23.0,7,18
2011-11-23,22171,0.0,23.0,7,18
2011-11-24,22171,0.0,23.0,7,18
2011-11-25,22171,0.0,23.0,7,18
2011-11-26,22171,0.0,23.0,7,18
2011-11-27,22171,23.0,0.0,7,18
2011-11-28,22171,21.0,0.0,7,18
2011-11-29,22171,17.0,24.0,7,18
2011-11-30,22171,15.0,24.0,7,18
2011-12-01,22171,9.0,24.0,7,18
2011-12-02,22171,5.0,24.0,7,18
2011-12-03,22171,5.0,24.0,7,18
2011-12-04,22171,1.0,24.0,7,18
2011-12-05,22171,0.0,24.0,7,18
2011-12-06,22171,20.0,0.0,7,18
2011-12-07,22171,16.0,25.0,7,18
2011-12-08,22171,10.0,25.0,7,18
2011-12-09,22171,6.0,25.0,7,18
2011-08-11,22178,309.0,0.0,5,224
2011-08-12,22178,194.0,292.0,5,224
2011-08-13,22178,194.0,292.0,5,224
2011-08-14,22178,194.0,292.0,5,224
2011-08-15,22178,182.0,292.0,5,224
2011-08-16,22178,158.0,292.0,5,224
2011-08-17,22178,282.0,0.0,5,224
2011-08-18,22178,240.0,0.0,5,224
2011-08-19,22178,204.0,282.0,5,224
2011-08-20,22178,204.0,282.0,5,224
2011-08-21,22178,174.0,282.0,5,224
2011-08-22,22178,30.0,282.0,5,224
2011-08-23,22178,0.0,282.0,5,224
2011-08-24,22178,248.0,0.0,5,224
2011-08-25,22178,104.0,382.0,5,224
2011-08-26,22178,68.0,382.0,5,224
2011-08-27,22178,68.0,382.0,5,224
2011-08-28,22178,20.0,382.0,5,224
2011-08-29,22178,20.0,382.0,5,224
2011-08-30,22178,368.0,0.0,5,224
2011-08-31,22178,166.0,320.0,5,224
2011-09-01,22178,70.0,320.0,5,224
2011-09-02,22178,0.0,320.0,5,224
2011-09-03,22178,0.0,320.0,5,224
2011-09-04,22178,0.0,320.0,5,224
2011-09-05,22178,309.0,0.0,5,224
2011-09-06,22178,201.0,285.0,5,224
2011-09-07,22178,116.0,285.0,5,224
2011-09-08,22178,110.0,285.0,5,224
2011-09-09,22178,104.0,285.0,5,224
2011-09-10,22178,104.0,285.0,5,224
2011-09-11,22178,375.0,0.0,5,224
2011-09-12,22178,276.0,0.0,5,224
2011-09-13,22178,222.0,264.0,5,224
2011-09-14,22178,204.0,264.0,5,224
2011-09-15,22178,169.0,264.0,5,224
2011-09-16,22178,145.0,264.0,5,224
2011-09-17,22178,145.0,264.0,5,224
2011-09-18,22178,397.0,0.0,5,224
2011-09-19,22178,299.0,0.0,5,224
2011-09-20,22178,253.0,0.0,5,224
2011-09-21,22178,165.0,321.0,5,224
2011-09-22,22178,99.0,321.0,5,224
2011-09-23,22178,99.0,321.0,5,224
2011-09-24,22178,99.0,321.0,5,224
2011-09-25,22178,0.0,321.0,5,224
2011-09-26,22178,316.0,0.0,5,224
2011-09-27,22178,310.0,0.0,5,224
2011-09-28,22178,280.0,0.0,5,224
2011-09-29,22178,256.0,0.0,5,224
2011-09-30,22178,231.0,0.0,5,224
2011-10-01,22178,231.0,0.0,5,224
2011-10-02,22178,231.0,0.0,5,224
2011-10-03,22178,0.0,486.0,5,224
2011-10-04,22178,0.0,486.0,5,224
2011-10-05,22178,0.0,486.0,5,224
2011-10-06,22178,0.0,486.0,5,224
2011-10-07,22178,0.0,486.0,5,224
2011-10-08,22178,486.0,0.0,5,224
2011-10-09,22178,470.0,0.0,5,224
2011-10-10,22178,432.0,0.0,5,224
2011-10-11,22178,360.0,0.0,5,224
2011-10-12,22178,359.0,0.0,5,224
2011-10-13,22178,353.0,0.0,5,224
2011-10-14,22178,167.0,319.0,5,224
2011-10-15,22178,167.0,319.0,5,224
2011-10-16,22178,167.0,319.0,5,224
2011-10-17,22178,138.0,319.0,5,224
2011-10-18,22178,118.0,319.0,5,224
2011-10-19,22178,335.0,0.0,5,224
2011-10-20,22178,293.0,0.0,5,224
2011-10-21,22178,275.0,0.0,5,224
2011-10-22,22178,275.0,0.0,5,224
2011-10-23,22178,275.0,0.0,5,224
2011-10-24,22178,247.0,0.0,5,224
2011-10-25,22178,205.0,281.0,5,224
2011-10-26,22178,0.0,281.0,5,224
2011-10-27,22178,0.0,281.0,5,224
2011-10-28,22178,0.0,281.0,5,224
2011-10-29,22178,0.0,281.0,5,224
2011-10-30,22178,168.0,0.0,5,224
2011-10-31,22178,91.0,395.0,5,224
2011-11-01,22178,64.0,395.0,5,224
2011-11-02,22178,0.0,395.0,5,224
2011-11-03,22178,0.0,395.0,5,224
2011-11-04,22178,0.0,395.0,5,224
2011-11-05,22178,395.0,0.0,5,224
2011-11-06,22178,372.0,0.0,5,224
2011-11-07,22178,364.0,0.0,5,224
2011-11-08,22178,314.0,0.0,5,224
2011-11-09,22178,310.0,0.0,5,224
2011-11-10,22178,130.0,356.0,5,224
2011-11-11,22178,96.0,356.0,5,224
2011-11-12,22178,96.0,356.0,5,224
2011-11-13,22178,90.0,356.0,5,224
2011-11-14,22178,41.0,356.0,5,224
2011-11-15,22178,358.0,0.0,5,224
2011-11-16,22178,261.0,0.0,5,224
2011-11-17,22178,47.0,439.0,5,224
2011-11-18,22178,45.0,439.0,5,224
2011-11-19,22178,45.0,439.0,5,224
2011-11-20,22178,0.0,439.0,5,224
2011-11-21,22178,0.0,439.0,5,224
2011-11-22,22178,407.0,0.0,5,224
2011-11-23,22178,396.0,0.0,5,224
2011-11-24,22178,321.0,0.0,5,224
2011-11-25,22178,309.0,0.0,5,224
2011-11-26,22178,309.0,0.0,5,224
2011-11-27,22178,279.0,0.0,5,224
2011-11-28,22178,32.0,454.0,5,224
2011-11-29,22178,0.0,454.0,5,224
2011-11-30,22178,0.0,454.0,5,224
2011-12-01,22178,0.0,454.0,5,224
2011-12-02,22178,0.0,454.0,5,224
2011-12-03,22178,454.0,0.0,5,224
2011-12-04,22178,304.0,0.0,5,224
2011-12-05,22178,0.0,486.0,5,224
2011-12-06,22178,0.0,486.0,5,224
2011-12-07,22178,0.0,486.0,5,224
2011-12-08,22178,0.0,486.0,5,224
2011-12-09,22178,0.0,486.0,5,224
2011-08-11,22188,108.0,0.0,4,61
2011-08-12,22188,108.0,0.0,4,61
2011-08-13,22188,108.0,0.0,4,61
2011-08-14,22188,106.0,0.0,4,61
2011-08-15,22188,106.0,0.0,4,61
2011-08-16,22188,100.0,0.0,4,61
2011-08-17,22188,96.0,0.0,4,61
2011-08-18,22188,95.0,0.0,4,61
2011-08-19,22188,95.0,0.0,4,61
2011-08-20,22188,95.0,0.0,4,61
2011-08-21,22188,94.0,0.0,4,61
2011-08-22,22188,90.0,0.0,4,61
2011-08-23,22188,90.0,0.0,4,61
2011-08-24,22188,90.0,0.0,4,61
2011-08-25,22188,90.0,0.0,4,61
2011-08-26,22188,90.0,0.0,4,61
2011-08-27,22188,90.0,0.0,4,61
2011-08-28,22188,82.0,0.0,4,61
2011-08-29,22188,82.0,0.0,4,61
2011-08-30,22188,82.0,0.0,4,61
2011-08-31,22188,81.0,0.0,4,61
2011-09-01,22188,81.0,0.0,4,61
2011-09-02,22188,0.0,160.0,4,61
2011-09-03,22188,0.0,160.0,4,61
2011-09-04,22188,0.0,160.0,4,61
2011-09-05,22188,0.0,160.0,4,61
2011-09-06,22188,160.0,0.0,4,61
2011-09-07,22188,160.0,0.0,4,61
2011-09-08,22188,160.0,0.0,4,61
2011-09-09,22188,160.0,0.0,4,61
2011-09-10,22188,160.0,0.0,4,61
2011-09-11,22188,160.0,0.0,4,61
2011-09-12,22188,160.0,0.0,4,61
2011-09-13,22188,156.0,0.0,4,61
2011-09-14,22188,156.0,0.0,4,61
2011-09-15,22188,147.0,0.0,4,61
2011-09-16,22188,143.0,0.0,4,61
2011-09-17,22188,143.0,0.0,4,61
2011-09-18,22188,140.0,0.0,4,61
2011-09-19,22188,140.0,0.0,4,61
2011-09-20,22188,140.0,0.0,4,61
2011-09-21,22188,140.0,0.0,4,61
2011-09-22,22188,136.0,0.0,4,61
2011-09-23,22188,136.0,0.0,4,61
2011-09-24,22188,136.0,0.0,4,61
2011-09-25,22188,133.0,0.0,4,61
2011-09-26,22188,133.0,0.0,4,61
2011-09-27,22188,133.0,0.0,4,61
2011-09-28,22188,132.0,0.0,4,61
2011-09-29,22188,128.0,0.0,4,61
2011-09-30,22188,128.0,0.0,4,61
2011-10-01,22188,128.0,0.0,4,61
2011-10-02,22188,128.0,0.0,4,61
2011-10-03,22188,128.0,0.0,4,61
2011-10-04,22188,128.0,0.0,4,61
2011-10-05,22188,120.0,0.0,4,61
2011-10-06,22188,112.0,0.0,4,61
2011-10-07,22188,108.0,0.0,4,61
2011-10-08,22188,108.0,0.0,4,61
2011-10-09,22188,108.0,0.0,4,61
2011-10-10,22188,108.0,0.0,4,61
2011-10-11,22188,107.0,0.0,4,61
2011-10-12,22188,107.0,0.0,4,61
2011-10-13,22188,106.0,0.0,4,61
2011-10-14,22188,106.0,0.0,4,61
2011-10-15,22188,106.0,0.0,4,61
2011-10-16,22188,106.0,0.0,4,61
2011-10-17,22188,106.0,0.0,4,61
2011-10-18,22188,106.0,0.0,4,61
2011-10-19,22188,106.0,0.0,4,61
2011-10-20,22188,106.0,0.0,4,61
2011-10-21,22188,0.0,160.0,4,61
2011-10-22,22188,0.0,160.0,4,61
2011-10-23,22188,0.0,160.0,4,61
2011-10-24,22188,0.0,160.0,4,61
2011-10-25,22188,160.0,0.0,4,61
2011-10-26,22188,160.0,0.0,4,61
2011-10-27,22188,160.0,0.0,4,61
2011-10-28,22188,160.0,0.0,4,61
2011-10-29,22188,160.0,0.0,4,61
2011-10-30,22188,153.0,0.0,4,61
2011-10-31,22188,149.0,0.0,4,61
2011-11-01,22188,144.0,0.0,4,61
2011-11-02,22188,141.0,0.0,4,61
2011-11-03,22188,141.0,0.0,4,61
2011-11-04,22188,0.0,160.0,4,61
2011-11-05,22188,0.0,160.0,4,61
2011-11-06,22188,0.0,160.0,4,61
2011-11-07,22188,0.0,160.0,4,61
2011-11-08,22188,160.0,0.0,4,61
2011-11-09,22188,160.0,0.0,4,61
2011-11-10,22188,144.0,0.0,4,61
2011-11-11,22188,136.0,0.0,4,61
2011-11-12,22188,136.0,0.0,4,61
2011-11-13,22188,130.0,0.0,4,61
2011-11-14,22188,129.0,0.0,4,61
2011-11-15,22188,129.0,0.0,4,61
2011-11-16,22188,129.0,0.0,4,61
2011-11-17,22188,125.0,0.0,4,61
2011-11-18,22188,124.0,0.0,4,61
2011-11-19,22188,124.0,0.0,4,61
2011-11-20,22188,124.0,0.0,4,61
2011-11-21,22188,124.0,0.0,4,61
2011-11-22,22188,124.0,0.0,4,61
2011-11-23,22188,124.0,0.0,4,61
2011-11-24,22188,123.0,0.0,4,61
2011-11-25,22188,123.0,0.0,4,61
2011-11-26,22188,123.0,0.0,4,61
2011-11-27,22188,123.0,0.0,4,61
2011-11-28,22188,123.0,0.0,4,61
2011-11-29,22188,122.0,0.0,4,61
2011-11-30,22188,122.0,0.0,4,61
2011-12-01,22188,118.0,0.0,4,61
2011-12-02,22188,112.0,0.0,4,61
2011-12-03,22188,112.0,0.0,4,61
2011-12-04,22188,112.0,0.0,4,61
2011-12-05,22188,109.0,0.0,4,61
2011-12-06,22188,107.0,0.0,4,61
2011-12-07,22188,107.0,0.0,4,61
2011-12-08,22188,0.0,160.0,4,61
2011-12-09,22188,0.0,160.0,4,61
2011-08-11,22189,601.0,0.0,4,256
2011-08-12,22189,601.0,0.0,4,256
2011-08-13,22189,601.0,0.0,4,256
2011-08-14,22189,561.0,0.0,4,256
2011-08-15,22189,561.0,0.0,4,256
2011-08-16,22189,557.0,0.0,4,256
2011-08-17,22189,553.0,0.0,4,256
2011-08-18,22189,542.0,0.0,4,256
2011-08-19,22189,538.0,0.0,4,256
2011-08-20,22189,538.0,0.0,4,256
2011-08-21,22189,530.0,0.0,4,256
2011-08-22,22189,522.0,0.0,4,256
2011-08-23,22189,522.0,0.0,4,256
2011-08-24,22189,516.0,0.0,4,256
2011-08-25,22189,497.0,0.0,4,256
2011-08-26,22189,493.0,0.0,4,256
2011-08-27,22189,493.0,0.0,4,256
2011-08-28,22189,483.0,0.0,4,256
2011-08-29,22189,483.0,0.0,4,256
2011-08-30,22189,478.0,0.0,4,256
2011-08-31,22189,478.0,0.0,4,256
2011-09-01,22189,478.0,0.0,4,256
2011-09-02,22189,142.0,567.0,4,256
2011-09-03,22189,142.0,567.0,4,256
2011-09-04,22189,102.0,567.0,4,256
2011-09-05,22189,90.0,567.0,4,256
2011-09-06,22189,656.0,0.0,4,256
2011-09-07,22189,656.0,0.0,4,256
2011-09-08,22189,648.0,0.0,4,256
2011-09-09,22189,648.0,0.0,4,256
2011-09-10,22189,648.0,0.0,4,256
2011-09-11,22189,641.0,0.0,4,256
2011-09-12,22189,630.0,0.0,4,256
2011-09-13,22189,621.0,0.0,4,256
2011-09-14,22189,613.0,0.0,4,256
2011-09-15,22189,601.0,0.0,4,256
2011-09-16,22189,595.0,0.0,4,256
2011-09-17,22189,595.0,0.0,4,256
2011-09-18,22189,594.0,0.0,4,256
2011-09-19,22189,591.0,0.0,4,256
2011-09-20,22189,590.0,0.0,4,256
2011-09-21,22189,589.0,0.0,4,256
2011-09-22,22189,577.0,0.0,4,256
2011-09-23,22189,572.0,0.0,4,256
2011-09-24,22189,572.0,0.0,4,256
2011-09-25,22189,547.0,0.0,4,256
2011-09-26,22189,547.0,0.0,4,256
2011-09-27,22189,547.0,0.0,4,256
2011-09-28,22189,544.0,0.0,4,256
2011-09-29,22189,532.0,0.0,4,256
2011-09-30,22189,520.0,0.0,4,256
2011-10-01,22189,520.0,0.0,4,256
2011-10-02,22189,513.0,0.0,4,256
2011-10-03,22189,249.0,460.0,4,256
2011-10-04,22189,232.0,460.0,4,256
2011-10-05,22189,226.0,460.0,4,256
2011-10-06,22189,217.0,460.0,4,256
2011-10-07,22189,671.0,0.0,4,256
2011-10-08,22189,671.0,0.0,4,256
2011-10-09,22189,669.0,0.0,4,256
2011-10-10,22189,669.0,0.0,4,256
2011-10-11,22189,661.0,0.0,4,256
2011-10-12,22189,659.0,0.0,4,256
2011-10-13,22189,653.0,0.0,4,256
2011-10-14,22189,649.0,0.0,4,256
2011-10-15,22189,649.0,0.0,4,256
2011-10-16,22189,645.0,0.0,4,256
2011-10-17,22189,640.0,0.0,4,256
2011-10-18,22189,632.0,0.0,4,256
2011-10-19,22189,629.0,0.0,4,256
2011-10-20,22189,621.0,0.0,4,256
2011-10-21,22189,494.0,0.0,4,256
2011-10-22,22189,494.0,0.0,4,256
2011-10-23,22189,494.0,0.0,4,256
2011-10-24,22189,493.0,0.0,4,256
2011-10-25,22189,488.0,0.0,4,256
2011-10-26,22189,475.0,0.0,4,256
2011-10-27,22189,460.0,0.0,4,256
2011-10-28,22189,448.0,0.0,4,256
2011-10-29,22189,448.0,0.0,4,256
2011-10-30,22189,437.0,0.0,4,256
2011-10-31,22189,392.0,0.0,4,256
2011-11-01,22189,379.0,0.0,4,256
2011-11-02,22189,376.0,0.0,4,256
2011-11-03,22189,364.0,0.0,4,256
2011-11-04,22189,140.0,569.0,4,256
2011-11-05,22189,140.0,569.0,4,256
2011-11-06,22189,91.0,569.0,4,256
2011-11-07,22189,49.0,569.0,4,256
2011-11-08,22189,610.0,0.0,4,256
2011-11-09,22189,606.0,0.0,4,256
2011-11-10,22189,600.0,0.0,4,256
2011-11-11,22189,588.0,0.0,4,256
2011-11-12,22189,588.0,0.0,4,256
2011-11-13,22189,587.0,0.0,4,256
2011-11-14,22189,573.0,0.0,4,256
2011-11-15,22189,572.0,0.0,4,256
2011-11-16,22189,572.0,0.0,4,256
2011-11-17,22189,564.0,0.0,4,256
2011-11-18,22189,553.0,0.0,4,256
2011-11-19,22189,553.0,0.0,4,256
2011-11-20,22189,545.0,0.0,4,256
2011-11-21,22189,541.0,0.0,4,256
2011-11-22,22189,536.0,0.0,4,256
2011-11-23,22189,532.0,0.0,4,256
2011-11-24,22189,526.0,0.0,4,256
2011-11-25,22189,521.0,0.0,4,256
2011-11-26,22189,521.0,0.0,4,256
2011-11-27,22189,512.0,0.0,4,256
2011-11-28,22189,510.0,0.0,4,256
2011-11-29,22189,504.0,0.0,4,256
2011-11-30,22189,503.0,0.0,4,256
2011-12-01,22189,476.0,0.0,4,256
2011-12-02,22189,470.0,0.0,4,256
2011-12-03,22189,470.0,0.0,4,256
2011-12-04,22189,458.0,0.0,4,256
2011-12-05,22189,452.0,0.0,4,256
2011-12-06,22189,451.0,0.0,4,256
2011-12-07,22189,439.0,0.0,4,256
2011-12-08,22189,98.0,611.0,4,256
2011-12-09,22189,98.0,611.0,4,256
2011-08-11,22197,50.0,1294.0,5,546
2011-08-12,22197,0.0,1294.0,5,546
2011-08-13,22197,0.0,1294.0,5,546
2011-08-14,22197,0.0,1294.0,5,546
2011-08-15,22197,0.0,1294.0,5,546
2011-08-16,22197,1261.0,0.0,5,546
2011-08-17,22197,1068.0,0.0,5,546
2011-08-18,22197,1030.0,0.0,5,546
2011-08-19,22197,932.0,0.0,5,546
2011-08-20,22197,932.0,0.0,5,546
2011-08-21,22197,877.0,0.0,5,546
2011-08-22,22197,841.0,0.0,5,546
2011-08-23,22197,792.0,0.0,5,546
2011-08-24,22197,716.0,0.0,5,546
2011-08-25,22197,682.0,0.0,5,546
2011-08-26,22197,69.0,1275.0,5,546
2011-08-27,22197,69.0,1275.0,5,546
2011-08-28,22197,51.0,1275.0,5,546
2011-08-29,22197,51.0,1275.0,5,546
2011-08-30,22197,11.0,1275.0,5,546
2011-08-31,22197,1162.0,0.0,5,546
2011-09-01,22197,1061.0,0.0,5,546
2011-09-02,22197,396.0,948.0,5,546
2011-09-03,22197,396.0,948.0,5,546
2011-09-04,22197,372.0,948.0,5,546
2011-09-05,22197,267.0,948.0,5,546
2011-09-06,22197,240.0,948.0,5,546
2011-09-07,22197,1109.0,0.0,5,546
2011-09-08,22197,1042.0,0.0,5,546
2011-09-09,22197,906.0,0.0,5,546
2011-09-10,22197,906.0,0.0,5,546
2011-09-11,22197,804.0,0.0,5,546
2011-09-12,22197,609.0,0.0,5,546
2011-09-13,22197,559.0,0.0,5,546
2011-09-14,22197,461.0,883.0,5,546
2011-09-15,22197,426.0,883.0,5,546
2011-09-16,22197,292.0,883.0,5,546
2011-09-17,22197,292.0,883.0,5,546
2011-09-18,22197,252.0,883.0,5,546
2011-09-19,22197,913.0,0.0,5,546
2011-09-20,22197,732.0,0.0,5,546
2011-09-21,22197,598.0,0.0,5,546
2011-09-22,22197,573.0,0.0,5,546
2011-09-23,22197,474.0,870.0,5,546
2011-09-24,22197,474.0,870.0,5,546
2011-09-25,22197,462.0,870.0,5,546
2011-09-26,22197,448.0,870.0,5,546
2011-09-27,22197,363.0,870.0,5,546
2011-09-28,22197,1090.0,0.0,5,546
2011-09-29,22197,794.0,0.0,5,546
2011-09-30,22197,0.0,1344.0,5,546
2011-10-01,22197,0.0,1344.0,5,546
2011-10-02,22197,0.0,1344.0,5,546
2011-10-03,22197,0.0,1344.0,5,546
2011-10-04,22197,0.0,1344.0,5,546
2011-10-05,22197,1294.0,0.0,5,546
2011-10-06,22197,909.0,0.0,5,546
2011-10-07,22197,862.0,0.0,5,546
2011-10-08,22197,862.0,0.0,5,546
2011-10-09,22197,736.0,0.0,5,546
2011-10-10,22197,577.0,0.0,5,546
2011-10-11,22197,453.0,891.0,5,546
2011-10-12,22197,246.0,891.0,5,546
2011-10-13,22197,113.0,891.0,5,546
2011-10-14,22197,0.0,891.0,5,546
2011-10-15,22197,0.0,891.0,5,546
2011-10-16,22197,885.0,0.0,5,546
2011-10-17,22197,351.0,993.0,5,546
2011-10-18,22197,57.0,993.0,5,546
2011-10-19,22197,0.0,993.0,5,546
2011-10-20,22197,0.0,993.0,5,546
2011-10-21,22197,0.0,993.0,5,546
2011-10-22,22197,993.0,0.0,5,546
2011-10-23,22197,981.0,0.0,5,546
2011-10-24,22197,781.0,0.0,5,546
2011-10-25,22197,530.0,814.0,5,546
2011-10-26,22197,487.0,814.0,5,546
2011-10-27,22197,440.0,814.0,5,546
2011-10-28,22197,0.0,814.0,5,546
2011-10-29,22197,0.0,814.0,5,546
2011-10-30,22197,681.0,0.0,5,546
2011-10-31,22197,471.0,873.0,5,546
2011-11-01,22197,186.0,873.0,5,546
2011-11-02,22197,15.0,873.0,5,546
2011-11-03,22197,0.0,873.0,5,546
2011-11-04,22197,0.0,873.0,5,546
2011-11-05,22197,873.0,0.0,5,546
2011-11-06,22197,583.0,0.0,5,546
2011-11-07,22197,0.0,1344.0,5,546
2011-11-08,22197,0.0,1344.0,5,546
2011-11-09,22197,0.0,1344.0,5,546
2011-11-10,22197,0.0,1344.0,5,546
2011-11-11,22197,0.0,1344.0,5,546
2011-11-12,22197,1344.0,0.0,5,546
2011-11-13,22197,1230.0,0.0,5,546
2011-11-14,22197,0.0,1344.0,5,546
2011-11-15,22197,0.0,1344.0,5,546
2011-11-16,22197,0.0,1344.0,5,546
2011-11-17,22197,0.0,1344.0,5,546
2011-11-18,22197,0.0,1344.0,5,546
2011-11-19,22197,1344.0,0.0,5,546
2011-11-20,22197,1126.0,0.0,5,546
2011-11-21,22197,777.0,0.0,5,546
2011-11-22,22197,0.0,1344.0,5,546
2011-11-23,22197,0.0,1344.0,5,546
2011-11-24,22197,0.0,1344.0,5,546
2011-11-25,22197,0.0,1344.0,5,546
2011-11-26,22197,0.0,1344.0,5,546
2011-11-27,22197,1297.0,0.0,5,546
2011-11-28,22197,1053.0,0.0,5,546
2011-11-29,22197,257.0,1087.0,5,546
2011-11-30,22197,0.0,1087.0,5,546
2011-12-01,22197,0.0,1087.0,5,546
2011-12-02,22197,0.0,1087.0,5,546
2011-12-03,22197,0.0,1087.0,5,546
2011-12-04,22197,974.0,0.0,5,546
2011-12-05,22197,565.0,0.0,5,546
2011-12-06,22197,228.0,1116.0,5,546
2011-12-07,22197,0.0,1116.0,5,546
2011-12-08,22197,0.0,1116.0,5,546
2011-12-09,22197,0.0,1116.0,5,546
2011-08-11,22294,497.0,753.0,9,506
2011-08-12,22294,497.0,753.0,9,506
2011-08-13,22294,497.0,753.0,9,506
2011-08-14,22294,497.0,753.0,9,506
2011-08-15,22294,497.0,753.0,9,506
2011-08-16,22294,497.0,753.0,9,506
2011-08-17,22294,469.0,753.0,9,506
2011-08-18,22294,421.0,753.0,9,506
2011-08-19,22294,397.0,753.0,9,506
2011-08-20,22294,1150.0,0.0,9,506
2011-08-21,22294,1150.0,0.0,9,506
2011-08-22,22294,1150.0,0.0,9,506
2011-08-23,22294,1148.0,0.0,9,506
2011-08-24,22294,1148.0,0.0,9,506
2011-08-25,22294,1124.0,0.0,9,506
2011-08-26,22294,1124.0,0.0,9,506
2011-08-27,22294,1124.0,0.0,9,506
2011-08-28,22294,1119.0,0.0,9,506
2011-08-29,22294,1119.0,0.0,9,506
2011-08-30,22294,1119.0,0.0,9,506
2011-08-31,22294,1119.0,0.0,9,506
2011-09-01,22294,1023.0,0.0,9,506
2011-09-02,22294,974.0,0.0,9,506
2011-09-03,22294,974.0,0.0,9,506
2011-09-04,22294,974.0,0.0,9,506
2011-09-05,22294,974.0,0.0,9,506
2011-09-06,22294,950.0,0.0,9,506
2011-09-07,22294,926.0,0.0,9,506
2011-09-08,22294,921.0,0.0,9,506
2011-09-09,22294,921.0,0.0,9,506
2011-09-10,22294,921.0,0.0,9,506
2011-09-11,22294,915.0,0.0,9,506
2011-09-12,22294,891.0,0.0,9,506
2011-09-13,22294,867.0,0.0,9,506
2011-09-14,22294,843.0,0.0,9,506
2011-09-15,22294,831.0,0.0,9,506
2011-09-16,22294,824.0,0.0,9,506
2011-09-17,22294,824.0,0.0,9,506
2011-09-18,22294,824.0,0.0,9,506
2011-09-19,22294,536.0,0.0,9,506
2011-09-20,22294,464.0,786.0,9,506
2011-09-21,22294,464.0,786.0,9,506
2011-09-22,22294,461.0,786.0,9,506
2011-09-23,22294,461.0,786.0,9,506
2011-09-24,22294,461.0,786.0,9,506
2011-09-25,22294,437.0,786.0,9,506
2011-09-26,22294,437.0,786.0,9,506
2011-09-27,22294,437.0,786.0,9,506
2011-09-28,22294,389.0,786.0,9,506
2011-09-29,22294,1031.0,0.0,9,506
2011-09-30,22294,1031.0,0.0,9,506
2011-10-01,22294,1031.0,0.0,9,506
2011-10-02,22294,1016.0,0.0,9,506
2011-10-03,22294,938.0,0.0,9,506
2011-10-04,22294,888.0,0.0,9,506
2011-10-05,22294,886.0,0.0,9,506
2011-10-06,22294,870.0,0.0,9,506
2011-10-07,22294,870.0,0.0,9,506
2011-10-08,22294,870.0,0.0,9,506
2011-10-09,22294,750.0,0.0,9,506
2011-10-10,22294,750.0,0.0,9,506
2011-10-11,22294,745.0,0.0,9,506
2011-10-12,22294,745.0,0.0,9,506
2011-10-13,22294,744.0,0.0,9,506
2011-10-14,22294,744.0,0.0,9,506
2011-10-15,22294,744.0,0.0,9,506
2011-10-16,22294,720.0,0.0,9,506
2011-10-17,22294,711.0,0.0,9,506
2011-10-18,22294,687.0,0.0,9,506
2011-10-19,22294,663.0,0.0,9,506
2011-10-20,22294,663.0,0.0,9,506
2011-10-21,22294,663.0,0.0,9,506
2011-10-22,22294,663.0,0.0,9,506
2011-10-23,22294,661.0,0.0,9,506
2011-10-24,22294,661.0,0.0,9,506
2011-10-25,22294,661.0,0.0,9,506
2011-10-26,22294,634.0,0.0,9,506
2011-10-27,22294,634.0,0.0,9,506
2011-10-28,22294,634.0,0.0,9,506
2011-10-29,22294,634.0,0.0,9,506
2011-10-30,22294,634.0,0.0,9,506
2011-10-31,22294,609.0,0.0,9,506
2011-11-01,22294,603.0,0.0,9,506
2011-11-02,22294,575.0,0.0,9,506
2011-11-03,22294,551.0,0.0,9,506
2011-11-04,22294,551.0,0.0,9,506
2011-11-05,22294,551.0,0.0,9,506
2011-11-06,22294,547.0,0.0,9,506
2011-11-07,22294,523.0,0.0,9,506
2011-11-08,22294,522.0,0.0,9,506
2011-11-09,22294,522.0,0.0,9,506
2011-11-10,22294,522.0,0.0,9,506
2011-11-11,22294,468.0,782.0,9,506
2011-11-12,22294,468.0,782.0,9,506
2011-11-13,22294,458.0,782.0,9,506
2011-11-14,22294,434.0,782.0,9,506
2011-11-15,22294,408.0,782.0,9,506
2011-11-16,22294,376.0,782.0,9,506
2011-11-17,22294,352.0,782.0,9,506
2011-11-18,22294,352.0,782.0,9,506
2011-11-19,22294,352.0,782.0,9,506
2011-11-20,22294,1103.0,0.0,9,506
2011-11-21,22294,1102.0,0.0,9,506
2011-11-22,22294,1020.0,0.0,9,506
2011-11-23,22294,1020.0,0.0,9,506
2011-11-24,22294,996.0,0.0,9,506
2011-11-25,22294,992.0,0.0,9,506
2011-11-26,22294,992.0,0.0,9,506
2011-11-27,22294,988.0,0.0,9,506
2011-11-28,22294,988.0,0.0,9,506
2011-11-29,22294,987.0,0.0,9,506
2011-11-30,22294,963.0,0.0,9,506
2011-12-01,22294,889.0,0.0,9,506
2011-12-02,22294,889.0,0.0,9,506
2011-12-03,22294,889.0,0.0,9,506
2011-12-04,22294,889.0,0.0,9,506
2011-12-05,22294,886.0,0.0,9,506
2011-12-06,22294,862.0,0.0,9,506
2011-12-07,22294,862.0,0.0,9,506
2011-12-08,22294,858.0,0.0,9,506
2011-12-09,22294,858.0,0.0,9,506
2011-08-11,22326,245.0,614.0,6,368
2011-08-12,22326,237.0,614.0,6,368
2011-08-13,22326,237.0,614.0,6,368
2011-08-14,22326,237.0,614.0,6,368
2011-08-15,22326,216.0,614.0,6,368
2011-08-16,22326,214.0,614.0,6,368
2011-08-17,22326,820.0,0.0,6,368
2011-08-18,22326,658.0,0.0,6,368
2011-08-19,22326,640.0,0.0,6,368
2011-08-20,22326,640.0,0.0,6,368
2011-08-21,22326,634.0,0.0,6,368
2011-08-22,22326,610.0,0.0,6,368
2011-08-23,22326,544.0,0.0,6,368
2011-08-24,22326,500.0,0.0,6,368
2011-08-25,22326,466.0,0.0,6,368
2011-08-26,22326,412.0,0.0,6,368
2011-08-27,22326,412.0,0.0,6,368
2011-08-28,22326,410.0,0.0,6,368
2011-08-29,22326,410.0,0.0,6,368
2011-08-30,22326,395.0,0.0,6,368
2011-08-31,22326,390.0,0.0,6,368
2011-09-01,22326,375.0,0.0,6,368
2011-09-02,22326,300.0,559.0,6,368
2011-09-03,22326,300.0,559.0,6,368
2011-09-04,22326,273.0,559.0,6,368
2011-09-05,22326,272.0,559.0,6,368
2011-09-06,22326,250.0,559.0,6,368
2011-09-07,22326,214.0,559.0,6,368
2011-09-08,22326,767.0,0.0,6,368
2011-09-09,22326,730.0,0.0,6,368
2011-09-10,22326,730.0,0.0,6,368
2011-09-11,22326,721.0,0.0,6,368
2011-09-12,22326,721.0,0.0,6,368
2011-09-13,22326,717.0,0.0,6,368
2011-09-14,22326,717.0,0.0,6,368
2011-09-15,22326,715.0,0.0,6,368
2011-09-16,22326,706.0,0.0,6,368
2011-09-17,22326,706.0,0.0,6,368
2011-09-18,22326,706.0,0.0,6,368
2011-09-19,22326,562.0,0.0,6,368
2011-09-20,22326,561.0,0.0,6,368
2011-09-21,22326,514.0,0.0,6,368
2011-09-22,22326,452.0,0.0,6,368
2011-09-23,22326,444.0,0.0,6,368
2011-09-24,22326,444.0,0.0,6,368
2011-09-25,22326,438.0,0.0,6,368
2011-09-26,22326,438.0,0.0,6,368
2011-09-27,22326,419.0,0.0,6,368
2011-09-28,22326,407.0,0.0,6,368
2011-09-29,22326,367.0,492.0,6,368
2011-09-30,22326,353.0,492.0,6,368
2011-10-01,22326,353.0,492.0,6,368
2011-10-02,22326,351.0,492.0,6,368
2011-10-03,22326,344.0,492.0,6,368
2011-10-04,22326,323.0,492.0,6,368
2011-10-05,22326,783.0,0.0,6,368
2011-10-06,22326,770.0,0.0,6,368
2011-10-07,22326,753.0,0.0,6,368
2011-10-08,22326,753.0,0.0,6,368
2011-10-09,22326,753.0,0.0,6,368
2011-10-10,22326,713.0,0.0,6,368
2011-10-11,22326,674.0,0.0,6,368
2011-10-12,22326,600.0,0.0,6,368
2011-10-13,22326,528.0,0.0,6,368
2011-10-14,22326,522.0,0.0,6,368
2011-10-15,22326,522.0,0.0,6,368
2011-10-16,22326,521.0,0.0,6,368
2011-10-17,22326,508.0,0.0,6,368
2011-10-18,22326,471.0,0.0,6,368
2011-10-19,22326,442.0,0.0,6,368
2011-10-20,22326,235.0,624.0,6,368
2011-10-21,22326,133.0,624.0,6,368
2011-10-22,22326,133.0,624.0,6,368
2011-10-23,22326,129.0,624.0,6,368
2011-10-24,22326,103.0,624.0,6,368
2011-10-25,22326,97.0,624.0,6,368
2011-10-26,22326,713.0,0.0,6,368
2011-10-27,22326,706.0,0.0,6,368
2011-10-28,22326,598.0,0.0,6,368
2011-10-29,22326,598.0,0.0,6,368
2011-10-30,22326,586.0,0.0,6,368
2011-10-31,22326,571.0,0.0,6,368
2011-11-01,22326,553.0,0.0,6,368
2011-11-02,22326,454.0,0.0,6,368
2011-11-03,22326,443.0,0.0,6,368
2011-11-04,22326,429.0,0.0,6,368
2011-11-05,22326,429.0,0.0,6,368
2011-11-06,22326,429.0,0.0,6,368
2011-11-07,22326,423.0,0.0,6,368
2011-11-08,22326,401.0,0.0,6,368
2011-11-09,22326,362.0,497.0,6,368
2011-11-10,22326,332.0,497.0,6,368
2011-11-11,22326,307.0,497.0,6,368
2011-11-12,22326,307.0,497.0,6,368
2011-11-13,22326,305.0,497.0,6,368
2011-11-14,22326,292.0,497.0,6,368
2011-11-15,22326,684.0,0.0,6,368
2011-11-16,22326,639.0,0.0,6,368
2011-11-17,22326,544.0,0.0,6,368
2011-11-18,22326,494.0,0.0,6,368
2011-11-19,22326,494.0,0.0,6,368
2011-11-20,22326,484.0,0.0,6,368
2011-11-21,22326,477.0,0.0,6,368
2011-11-22,22326,437.0,0.0,6,368
2011-11-23,22326,293.0,566.0,6,368
2011-11-24,22326,253.0,566.0,6,368
2011-11-25,22326,228.0,566.0,6,368
2011-11-26,22326,228.0,566.0,6,368
2011-11-27,22326,226.0,566.0,6,368
2011-11-28,22326,219.0,566.0,6,368
2011-11-29,22326,755.0,0.0,6,368
2011-11-30,22326,687.0,0.0,6,368
2011-12-01,22326,671.0,0.0,6,368
2011-12-02,22326,649.0,0.0,6,368
2011-12-03,22326,649.0,0.0,6,368
2011-12-04,22326,649.0,0.0,6,368
2011-12-05,22326,619.0,0.0,6,368
2011-12-06,22326,590.0,0.0,6,368
2011-12-07,22326,474.0,0.0,6,368
2011-12-08,22326,437.0,0.0,6,368
2011-12-09,22326,416.0,0.0,6,368
2011-08-11,22328,376.0,0.0,5,272
2011-08-12,22328,362.0,0.0,5,272
2011-08-13,22328,362.0,0.0,5,272
2011-08-14,22328,360.0,0.0,5,272
2011-08-15,22328,360.0,0.0,5,272
2011-08-16,22328,352.0,0.0,5,272
2011-08-17,22328,344.0,0.0,5,272
2011-08-18,22328,320.0,0.0,5,272
2011-08-19,22328,314.0,0.0,5,272
2011-08-20,22328,314.0,0.0,5,272
2011-08-21,22328,308.0,0.0,5,272
2011-08-22,22328,272.0,289.0,5,272
2011-08-23,22328,272.0,289.0,5,272
2011-08-24,22328,259.0,289.0,5,272
2011-08-25,22328,246.0,289.0,5,272
2011-08-26,22328,198.0,289.0,5,272
2011-08-27,22328,487.0,0.0,5,272
2011-08-28,22328,485.0,0.0,5,272
2011-08-29,22328,485.0,0.0,5,272
2011-08-30,22328,471.0,0.0,5,272
2011-08-31,22328,471.0,0.0,5,272
2011-09-01,22328,457.0,0.0,5,272
2011-09-02,22328,389.0,0.0,5,272
2011-09-03,22328,389.0,0.0,5,272
2011-09-04,22328,386.0,0.0,5,272
2011-09-05,22328,385.0,0.0,5,272
2011-09-06,22328,371.0,0.0,5,272
2011-09-07,22328,351.0,0.0,5,272
2011-09-08,22328,351.0,0.0,5,272
2011-09-09,22328,344.0,0.0,5,272
2011-09-10,22328,344.0,0.0,5,272
2011-09-11,22328,344.0,0.0,5,272
2011-09-12,22328,332.0,0.0,5,272
2011-09-13,22328,324.0,0.0,5,272
2011-09-14,22328,324.0,0.0,5,272
2011-09-15,22328,320.0,0.0,5,272
2011-09-16,22328,312.0,0.0,5,272
2011-09-17,22328,312.0,0.0,5,272
2011-09-18,22328,312.0,0.0,5,272
2011-09-19,22328,239.0,322.0,5,272
2011-09-20,22328,236.0,322.0,5,272
2011-09-21,22328,221.0,322.0,5,272
2011-09-22,22328,207.0,322.0,5,272
2011-09-23,22328,188.0,322.0,5,272
2011-09-24,22328,510.0,0.0,5,272
2011-09-25,22328,509.0,0.0,5,272
2011-09-26,22328,508.0,0.0,5,272
2011-09-27,22328,399.0,0.0,5,272
2011-09-28,22328,393.0,0.0,5,272
2011-09-29,22328,364.0,0.0,5,272
2011-09-30,22328,354.0,0.0,5,272
2011-10-01,22328,354.0,0.0,5,272
2011-10-02,22328,352.0,0.0,5,272
2011-10-03,22328,348.0,0.0,5,272
2011-10-04,22328,346.0,0.0,5,272
2011-10-05,22328,334.0,0.0,5,272
2011-10-06,22328,325.0,0.0,5,272
2011-10-07,22328,323.0,0.0,5,272
2011-10-08,22328,323.0,0.0,5,272
2011-10-09,22328,322.0,0.0,5,272
2011-10-10,22328,296.0,0.0,5,272
2011-10-11,22328,264.0,297.0,5,272
2011-10-12,22328,244.0,297.0,5,272
2011-10-13,22328,228.0,297.0,5,272
2011-10-14,22328,216.0,297.0,5,272
2011-10-15,22328,216.0,297.0,5,272
2011-10-16,22328,507.0,0.0,5,272
2011-10-17,22328,492.0,0.0,5,272
2011-10-18,22328,483.0,0.0,5,272
2011-10-19,22328,475.0,0.0,5,272
2011-10-20,22328,379.0,0.0,5,272
2011-10-21,22328,379.0,0.0,5,272
2011-10-22,22328,379.0,0.0,5,272
2011-10-23,22328,375.0,0.0,5,272
2011-10-24,22328,363.0,0.0,5,272
2011-10-25,22328,357.0,0.0,5,272
2011-10-26,22328,349.0,0.0,5,272
2011-10-27,22328,347.0,0.0,5,272
2011-10-28,22328,293.0,0.0,5,272
2011-10-29,22328,293.0,0.0,5,272
2011-10-30,22328,281.0,0.0,5,272
2011-10-31,22328,266.0,295.0,5,272
2011-11-01,22328,259.0,295.0,5,272
2011-11-02,22328,203.0,295.0,5,272
2011-11-03,22328,203.0,295.0,5,272
2011-11-04,22328,187.0,295.0,5,272
2011-11-05,22328,482.0,0.0,5,272
2011-11-06,22328,482.0,0.0,5,272
2011-11-07,22328,480.0,0.0,5,272
2011-11-08,22328,460.0,0.0,5,272
2011-11-09,22328,436.0,0.0,5,272
2011-11-10,22328,417.0,0.0,5,272
2011-11-11,22328,415.0,0.0,5,272
2011-11-12,22328,415.0,0.0,5,272
2011-11-13,22328,408.0,0.0,5,272
2011-11-14,22328,407.0,0.0,5,272
2011-11-15,22328,398.0,0.0,5,272
2011-11-16,22328,391.0,0.0,5,272
2011-11-17,22328,371.0,0.0,5,272
2011-11-18,22328,368.0,0.0,5,272
2011-11-19,22328,368.0,0.0,5,272
2011-11-20,22328,339.0,0.0,5,272
2011-11-21,22328,333.0,0.0,5,272
2011-11-22,22328,310.0,0.0,5,272
2011-11-23,22328,111.0,450.0,5,272
2011-11-24,22328,98.0,450.0,5,272
2011-11-25,22328,95.0,450.0,5,272
2011-11-26,22328,95.0,450.0,5,272
2011-11-27,22328,95.0,450.0,5,272
2011-11-28,22328,533.0,0.0,5,272
2011-11-29,22328,475.0,0.0,5,272
2011-11-30,22328,465.0,0.0,5,272
2011-12-01,22328,458.0,0.0,5,272
2011-12-02,22328,449.0,0.0,5,272
2011-12-03,22328,449.0,0.0,5,272
2011-12-04,22328,449.0,0.0,5,272
2011-12-05,22328,440.0,0.0,5,272
2011-12-06,22328,404.0,0.0,5,272
2011-12-07,22328,395.0,0.0,5,272
2011-12-08,22328,377.0,0.0,5,272
2011-12-09,22328,361.0,0.0,5,272
2011-08-11,22355,412.0,693.0,6,423
2011-08-12,22355,292.0,693.0,6,423
2011-08-13,22355,292.0,693.0,6,423
2011-08-14,22355,268.0,693.0,6,423
2011-08-15,22355,248.0,693.0,6,423
2011-08-16,22355,159.0,693.0,6,423
2011-08-17,22355,830.0,0.0,6,423
2011-08-18,22355,790.0,0.0,6,423
2011-08-19,22355,778.0,0.0,6,423
2011-08-20,22355,778.0,0.0,6,423
2011-08-21,22355,778.0,0.0,6,423
2011-08-22,22355,725.0,0.0,6,423
2011-08-23,22355,708.0,0.0,6,423
2011-08-24,22355,451.0,0.0,6,423
2011-08-25,22355,436.0,0.0,6,423
2011-08-26,22355,353.0,752.0,6,423
2011-08-27,22355,353.0,752.0,6,423
2011-08-28,22355,346.0,752.0,6,423
2011-08-29,22355,346.0,752.0,6,423
2011-08-30,22355,276.0,752.0,6,423
2011-08-31,22355,266.0,752.0,6,423
2011-09-01,22355,1015.0,0.0,6,423
2011-09-02,22355,842.0,0.0,6,423
2011-09-03,22355,842.0,0.0,6,423
2011-09-04,22355,837.0,0.0,6,423
2011-09-05,22355,807.0,0.0,6,423
2011-09-06,22355,736.0,0.0,6,423
2011-09-07,22355,728.0,0.0,6,423
2011-09-08,22355,692.0,0.0,6,423
2011-09-09,22355,615.0,0.0,6,423
2011-09-10,22355,615.0,0.0,6,423
2011-09-11,22355,613.0,0.0,6,423
2011-09-12,22355,595.0,0.0,6,423
2011-09-13,22355,499.0,0.0,6,423
2011-09-14,22355,386.0,719.0,6,423
2011-09-15,22355,355.0,719.0,6,423
2011-09-16,22355,236.0,719.0,6,423
2011-09-17,22355,236.0,719.0,6,423
2011-09-18,22355,206.0,719.0,6,423
2011-09-19,22355,180.0,719.0,6,423
2011-09-20,22355,840.0,0.0,6,423
2011-09-21,22355,832.0,0.0,6,423
2011-09-22,22355,796.0,0.0,6,423
2011-09-23,22355,728.0,0.0,6,423
2011-09-24,22355,728.0,0.0,6,423
2011-09-25,22355,718.0,0.0,6,423
2011-09-26,22355,717.0,0.0,6,423
2011-09-27,22355,633.0,0.0,6,423
2011-09-28,22355,586.0,0.0,6,423
2011-09-29,22355,560.0,0.0,6,423
2011-09-30,22355,559.0,0.0,6,423
2011-10-01,22355,559.0,0.0,6,423
2011-10-02,22355,552.0,0.0,6,423
2011-10-03,22355,551.0,0.0,6,423
2011-10-04,22355,423.0,682.0,6,423
2011-10-05,22355,323.0,682.0,6,423
2011-10-06,22355,302.0,682.0,6,423
2011-10-07,22355,188.0,682.0,6,423
2011-10-08,22355,188.0,682.0,6,423
2011-10-09,22355,188.0,682.0,6,423
2011-10-10,22355,858.0,0.0,6,423
2011-10-11,22355,767.0,0.0,6,423
2011-10-12,22355,739.0,0.0,6,423
2011-10-13,22355,721.0,0.0,6,423
2011-10-14,22355,600.0,0.0,6,423
2011-10-15,22355,600.0,0.0,6,423
2011-10-16,22355,590.0,0.0,6,423
2011-10-17,22355,586.0,0.0,6,423
2011-10-18,22355,457.0,0.0,6,423
2011-10-19,22355,432.0,0.0,6,423
2011-10-20,22355,402.0,703.0,6,423
2011-10-21,22355,318.0,703.0,6,423
2011-10-22,22355,318.0,703.0,6,423
2011-10-23,22355,294.0,703.0,6,423
2011-10-24,22355,147.0,703.0,6,423
2011-10-25,22355,35.0,703.0,6,423
2011-10-26,22355,706.0,0.0,6,423
2011-10-27,22355,685.0,0.0,6,423
2011-10-28,22355,613.0,0.0,6,423
2011-10-29,22355,613.0,0.0,6,423
2011-10-30,22355,562.0,0.0,6,423
2011-10-31,22355,487.0,0.0,6,423
2011-11-01,22355,473.0,0.0,6,423
2011-11-02,22355,471.0,0.0,6,423
2011-11-03,22355,437.0,0.0,6,423
2011-11-04,22355,296.0,809.0,6,423
2011-11-05,22355,296.0,809.0,6,423
2011-11-06,22355,288.0,809.0,6,423
2011-11-07,22355,288.0,809.0,6,423
2011-11-08,22355,161.0,809.0,6,423
2011-11-09,22355,141.0,809.0,6,423
2011-11-10,22355,828.0,0.0,6,423
2011-11-11,22355,656.0,0.0,6,423
2011-11-12,22355,656.0,0.0,6,423
2011-11-13,22355,627.0,0.0,6,423
2011-11-14,22355,600.0,0.0,6,423
2011-11-15,22355,480.0,0.0,6,423
2011-11-16,22355,469.0,0.0,6,423
2011-11-17,22355,467.0,0.0,6,423
2011-11-18,22355,208.0,897.0,6,423
2011-11-19,22355,208.0,897.0,6,423
2011-11-20,22355,187.0,897.0,6,423
2011-11-21,22355,174.0,897.0,6,423
2011-11-22,22355,0.0,897.0,6,423
2011-11-23,22355,0.0,897.0,6,423
2011-11-24,22355,881.0,0.0,6,423
2011-11-25,22355,620.0,0.0,6,423
2011-11-26,22355,620.0,0.0,6,423
2011-11-27,22355,546.0,0.0,6,423
2011-11-28,22355,501.0,0.0,6,423
2011-11-29,22355,355.0,750.0,6,423
2011-11-30,22355,238.0,750.0,6,423
2011-12-01,22355,205.0,750.0,6,423
2011-12-02,22355,12.0,750.0,6,423
2011-12-03,22355,12.0,750.0,6,423
2011-12-04,22355,0.0,750.0,6,423
2011-12-05,22355,728.0,0.0,6,423
2011-12-06,22355,489.0,0.0,6,423
2011-12-07,22355,359.0,746.0,6,423
2011-12-08,22355,136.0,746.0,6,423
2011-12-09,22355,23.0,746.0,6,423
2011-08-11,22356,754.0,0.0,11,646
2011-08-12,22356,643.0,701.0,11,646
2011-08-13,22356,643.0,701.0,11,646
2011-08-14,22356,640.0,701.0,11,646
2011-08-15,22356,640.0,701.0,11,646
2011-08-16,22356,612.0,701.0,11,646
2011-08-17,22356,612.0,701.0,11,646
2011-08-18,22356,562.0,701.0,11,646
2011-08-19,22356,522.0,701.0,11,646
2011-08-20,22356,522.0,701.0,11,646
2011-08-21,22356,522.0,701.0,11,646
2011-08-22,22356,502.0,701.0,11,646
2011-08-23,22356,1177.0,0.0,11,646
2011-08-24,22356,1024.0,0.0,11,646
2011-08-25,22356,999.0,0.0,11,646
2011-08-26,22356,961.0,0.0,11,646
2011-08-27,22356,961.0,0.0,11,646
2011-08-28,22356,961.0,0.0,11,646
2011-08-29,22356,961.0,0.0,11,646
2011-08-30,22356,934.0,0.0,11,646
2011-08-31,22356,934.0,0.0,11,646
2011-09-01,22356,934.0,0.0,11,646
2011-09-02,22356,891.0,0.0,11,646
2011-09-03,22356,891.0,0.0,11,646
2011-09-04,22356,878.0,0.0,11,646
2011-09-05,22356,826.0,0.0,11,646
2011-09-06,22356,806.0,0.0,11,646
2011-09-07,22356,791.0,0.0,11,646
2011-09-08,22356,776.0,0.0,11,646
2011-09-09,22356,726.0,0.0,11,646
2011-09-10,22356,726.0,0.0,11,646
2011-09-11,22356,725.0,0.0,11,646
2011-09-12,22356,724.0,0.0,11,646
2011-09-13,22356,691.0,0.0,11,646
2011-09-14,22356,588.0,756.0,11,646
2011-09-15,22356,559.0,756.0,11,646
2011-09-16,22356,530.0,756.0,11,646
2011-09-17,22356,530.0,756.0,11,646
2011-09-18,22356,526.0,756.0,11,646
2011-09-19,22356,501.0,756.0,11,646
2011-09-20,22356,438.0,756.0,11,646
2011-09-21,22356,410.0,756.0,11,646
2011-09-22,22356,392.0,756.0,11,646
2011-09-23,22356,351.0,756.0,11,646
2011-09-24,22356,351.0,756.0,11,646
2011-09-25,22356,1087.0,0.0,11,646
2011-09-26,22356,1082.0,0.0,11,646
2011-09-27,22356,1041.0,0.0,11,646
2011-09-28,22356,982.0,0.0,11,646
2011-09-29,22356,982.0,0.0,11,646
2011-09-30,22356,981.0,0.0,11,646
2011-10-01,22356,981.0,0.0,11,646
2011-10-02,22356,954.0,0.0,11,646
2011-10-03,22356,930.0,0.0,11,646
2011-10-04,22356,873.0,0.0,11,646
2011-10-05,22356,872.0,0.0,11,646
2011-10-06,22356,849.0,0.0,11,646
2011-10-07,22356,822.0,0.0,11,646
2011-10-08,22356,822.0,0.0,11,646
2011-10-09,22356,822.0,0.0,11,646
2011-10-10,22356,813.0,0.0,11,646
2011-10-11,22356,763.0,0.0,11,646
2011-10-12,22356,757.0,0.0,11,646
2011-10-13,22356,743.0,0.0,11,646
2011-10-14,22356,695.0,0.0,11,646
2011-10-15,22356,695.0,0.0,11,646
2011-10-16,22356,685.0,0.0,11,646
2011-10-17,22356,661.0,0.0,11,646
2011-10-18,22356,620.0,724.0,11,646
2011-10-19,22356,610.0,724.0,11,646
2011-10-20,22356,607.0,724.0,11,646
2011-10-21,22356,575.0,724.0,11,646
2011-10-22,22356,575.0,724.0,11,646
2011-10-23,22356,571.0,724.0,11,646
2011-10-24,22356,464.0,724.0,11,646
2011-10-25,22356,432.0,724.0,11,646
2011-10-26,22356,409.0,724.0,11,646
2011-10-27,22356,409.0,724.0,11,646
2011-10-28,22356,382.0,724.0,11,646
2011-10-29,22356,1106.0,0.0,11,646
2011-10-30,22356,1092.0,0.0,11,646
2011-10-31,22356,1036.0,0.0,11,646
2011-11-01,22356,966.0,0.0,11,646
2011-11-02,22356,924.0,0.0,11,646
2011-11-03,22356,922.0,0.0,11,646
2011-11-04,22356,886.0,0.0,11,646
2011-11-05,22356,886.0,0.0,11,646
2011-11-06,22356,864.0,0.0,11,646
2011-11-07,22356,864.0,0.0,11,646
2011-11-08,22356,783.0,0.0,11,646
2011-11-09,22356,782.0,0.0,11,646
2011-11-10,22356,571.0,773.0,11,646
2011-11-11,22356,520.0,773.0,11,646
2011-11-12,22356,520.0,773.0,11,646
2011-11-13,22356,500.0,773.0,11,646
2011-11-14,22356,467.0,773.0,11,646
2011-11-15,22356,415.0,773.0,11,646
2011-11-16,22356,392.0,773.0,11,646
2011-11-17,22356,367.0,773.0,11,646
2011-11-18,22356,314.0,773.0,11,646
2011-11-19,22356,314.0,773.0,11,646
2011-11-20,22356,283.0,773.0,11,646
2011-11-21,22356,1053.0,0.0,11,646
2011-11-22,22356,913.0,0.0,11,646
2011-11-23,22356,691.0,0.0,11,646
2011-11-24,22356,667.0,0.0,11,646
2011-11-25,22356,616.0,728.0,11,646
2011-11-26,22356,616.0,728.0,11,646
2011-11-27,22356,566.0,728.0,11,646
2011-11-28,22356,515.0,728.0,11,646
2011-11-29,22356,469.0,728.0,11,646
2011-11-30,22356,437.0,728.0,11,646
2011-12-01,22356,435.0,728.0,11,646
2011-12-02,22356,395.0,728.0,11,646
2011-12-03,22356,395.0,728.0,11,646
2011-12-04,22356,357.0,728.0,11,646
2011-12-05,22356,333.0,728.0,11,646
2011-12-06,22356,1010.0,0.0,11,646
2011-12-07,22356,990.0,0.0,11,646
2011-12-08,22356,936.0,0.0,11,646
2011-12-09,22356,899.0,0.0,11,646
2011-08-11,22379,827.0,0.0,8,671
2011-08-12,22379,819.0,0.0,8,671
2011-08-13,22379,819.0,0.0,8,671
2011-08-14,22379,819.0,0.0,8,671
2011-08-15,22379,809.0,0.0,8,671
2011-08-16,22379,809.0,0.0,8,671
2011-08-17,22379,784.0,0.0,8,671
2011-08-18,22379,728.0,0.0,8,671
2011-08-19,22379,718.0,0.0,8,671
2011-08-20,22379,718.0,0.0,8,671
2011-08-21,22379,708.0,0.0,8,671
2011-08-22,22379,698.0,0.0,8,671
2011-08-23,22379,676.0,0.0,8,671
2011-08-24,22379,662.0,647.0,8,671
2011-08-25,22379,646.0,647.0,8,671
2011-08-26,22379,632.0,647.0,8,671
2011-08-27,22379,632.0,647.0,8,671
2011-08-28,22379,631.0,647.0,8,671
2011-08-29,22379,631.0,647.0,8,671
2011-08-30,22379,622.0,647.0,8,671
2011-08-31,22379,608.0,647.0,8,671
2011-09-01,22379,1248.0,0.0,8,671
2011-09-02,22379,1239.0,0.0,8,671
2011-09-03,22379,1239.0,0.0,8,671
2011-09-04,22379,1236.0,0.0,8,671
2011-09-05,22379,1218.0,0.0,8,671
2011-09-06,22379,1208.0,0.0,8,671
2011-09-07,22379,1189.0,0.0,8,671
2011-09-08,22379,1152.0,0.0,8,671
2011-09-09,22379,1147.0,0.0,8,671
2011-09-10,22379,1147.0,0.0,8,671
2011-09-11,22379,1147.0,0.0,8,671
2011-09-12,22379,1092.0,0.0,8,671
2011-09-13,22379,1041.0,0.0,8,671
2011-09-14,22379,1040.0,0.0,8,671
2011-09-15,22379,1030.0,0.0,8,671
2011-09-16,22379,1017.0,0.0,8,671
2011-09-17,22379,1017.0,0.0,8,671
2011-09-18,22379,1017.0,0.0,8,671
2011-09-19,22379,1002.0,0.0,8,671
2011-09-20,22379,978.0,0.0,8,671
2011-09-21,22379,963.0,0.0,8,671
2011-09-22,22379,958.0,0.0,8,671
2011-09-23,22379,756.0,0.0,8,671
2011-09-24,22379,756.0,0.0,8,671
2011-09-25,22379,756.0,0.0,8,671
2011-09-26,22379,734.0,0.0,8,671
2011-09-27,22379,714.0,0.0,8,671
2011-09-28,22379,703.0,0.0,8,671
2011-09-29,22379,662.0,647.0,8,671
2011-09-30,22379,607.0,647.0,8,671
2011-10-01,22379,607.0,647.0,8,671
2011-10-02,22379,604.0,647.0,8,671
2011-10-03,22379,598.0,647.0,8,671
2011-10-04,22379,590.0,647.0,8,671
2011-10-05,22379,590.0,647.0,8,671
2011-10-06,22379,0.0,1309.0,8,671
2011-10-07,22379,642.0,662.0,8,671
2011-10-08,22379,642.0,662.0,8,671
2011-10-09,22379,642.0,662.0,8,671
2011-10-10,22379,635.0,662.0,8,671
2011-10-11,22379,625.0,662.0,8,671
2011-10-12,22379,616.0,662.0,8,671
2011-10-13,22379,560.0,662.0,8,671
2011-10-14,22379,1212.0,0.0,8,671
2011-10-15,22379,1212.0,0.0,8,671
2011-10-16,22379,1207.0,0.0,8,671
2011-10-17,22379,1200.0,0.0,8,671
2011-10-18,22379,1147.0,0.0,8,671
2011-10-19,22379,1143.0,0.0,8,671
2011-10-20,22379,1138.0,0.0,8,671
2011-10-21,22379,1127.0,0.0,8,671
2011-10-22,22379,1127.0,0.0,8,671
2011-10-23,22379,1127.0,0.0,8,671
2011-10-24,22379,1107.0,0.0,8,671
2011-10-25,22379,1101.0,0.0,8,671
2011-10-26,22379,1098.0,0.0,8,671
2011-10-27,22379,1098.0,0.0,8,671
2011-10-28,22379,1098.0,0.0,8,671
2011-10-29,22379,1098.0,0.0,8,671
2011-10-30,22379,1088.0,0.0,8,671
2011-10-31,22379,1074.0,0.0,8,671
2011-11-01,22379,1042.0,0.0,8,671
2011-11-02,22379,1039.0,0.0,8,671
2011-11-03,22379,1025.0,0.0,8,671
2011-11-04,22379,1015.0,0.0,8,671
2011-11-05,22379,1015.0,0.0,8,671
2011-11-06,22379,1000.0,0.0,8,671
2011-11-07,22379,993.0,0.0,8,671
2011-11-08,22379,981.0,0.0,8,671
2011-11-09,22379,953.0,0.0,8,671
2011-11-10,22379,951.0,0.0,8,671
2011-11-11,22379,936.0,0.0,8,671
2011-11-12,22379,936.0,0.0,8,671
2011-11-13,22379,930.0,0.0,8,671
2011-11-14,22379,898.0,0.0,8,671
2011-11-15,22379,883.0,0.0,8,671
2011-11-16,22379,874.0,0.0,8,671
2011-11-17,22379,862.0,0.0,8,671
2011-11-18,22379,856.0,0.0,8,671
2011-11-19,22379,856.0,0.0,8,671
2011-11-20,22379,840.0,0.0,8,671
2011-11-21,22379,824.0,0.0,8,671
2011-11-22,22379,803.0,0.0,8,671
2011-11-23,22379,779.0,0.0,8,671
2011-11-24,22379,771.0,0.0,8,671
2011-11-25,22379,751.0,0.0,8,671
2011-11-26,22379,751.0,0.0,8,671
2011-11-27,22379,739.0,0.0,8,671
2011-11-28,22379,730.0,0.0,8,671
2011-11-29,22379,699.0,0.0,8,671
2011-11-30,22379,694.0,0.0,8,671
2011-12-01,22379,666.0,643.0,8,671
2011-12-02,22379,605.0,643.0,8,671
2011-12-03,22379,605.0,643.0,8,671
2011-12-04,22379,600.0,643.0,8,671
2011-12-05,22379,568.0,643.0,8,671
2011-12-06,22379,568.0,643.0,8,671
2011-12-07,22379,567.0,643.0,8,671
2011-12-08,22379,557.0,643.0,8,671
2011-12-09,22379,1195.0,0.0,8,671
2011-08-11,22382,211.0,1248.0,8,672
2011-08-12,22382,1447.0,0.0,8,672
2011-08-13,22382,1447.0,0.0,8,672
2011-08-14,22382,1447.0,0.0,8,672
2011-08-15,22382,1396.0,0.0,8,672
2011-08-16,22382,1315.0,0.0,8,672
2011-08-17,22382,1285.0,0.0,8,672
2011-08-18,22382,1175.0,0.0,8,672
2011-08-19,22382,1155.0,0.0,8,672
2011-08-20,22382,1155.0,0.0,8,672
2011-08-21,22382,1143.0,0.0,8,672
2011-08-22,22382,1099.0,0.0,8,672
2011-08-23,22382,1021.0,0.0,8,672
2011-08-24,22382,990.0,0.0,8,672
2011-08-25,22382,904.0,0.0,8,672
2011-08-26,22382,873.0,0.0,8,672
2011-08-27,22382,873.0,0.0,8,672
2011-08-28,22382,860.0,0.0,8,672
2011-08-29,22382,860.0,0.0,8,672
2011-08-30,22382,852.0,0.0,8,672
2011-08-31,22382,839.0,0.0,8,672
2011-09-01,22382,808.0,0.0,8,672
2011-09-02,22382,757.0,0.0,8,672
2011-09-03,22382,757.0,0.0,8,672
2011-09-04,22382,721.0,0.0,8,672
2011-09-05,22382,701.0,0.0,8,672
2011-09-06,22382,676.0,0.0,8,672
2011-09-07,22382,625.0,1130.0,8,672
2011-09-08,22382,593.0,1130.0,8,672
2011-09-09,22382,571.0,1130.0,8,672
2011-09-10,22382,571.0,1130.0,8,672
2011-09-11,22382,560.0,1130.0,8,672
2011-09-12,22382,530.0,1130.0,8,672
2011-09-13,22382,489.0,1130.0,8,672
2011-09-14,22382,448.0,1130.0,8,672
2011-09-15,22382,1504.0,0.0,8,672
2011-09-16,22382,1440.0,0.0,8,672
2011-09-17,22382,1440.0,0.0,8,672
2011-09-18,22382,1438.0,0.0,8,672
2011-09-19,22382,1308.0,0.0,8,672
2011-09-20,22382,1281.0,0.0,8,672
2011-09-21,22382,1281.0,0.0,8,672
2011-09-22,22382,1224.0,0.0,8,672
2011-09-23,22382,1209.0,0.0,8,672
2011-09-24,22382,1209.0,0.0,8,672
2011-09-25,22382,1178.0,0.0,8,672
2011-09-26,22382,1168.0,0.0,8,672
2011-09-27,22382,1136.0,0.0,8,672
2011-09-28,22382,1099.0,0.0,8,672
2011-09-29,22382,1076.0,0.0,8,672
2011-09-30,22382,1041.0,0.0,8,672
2011-10-01,22382,1041.0,0.0,8,672
2011-10-02,22382,1030.0,0.0,8,672
2011-10-03,22382,986.0,0.0,8,672
2011-10-04,22382,919.0,0.0,8,672
2011-10-05,22382,873.0,0.0,8,672
2011-10-06,22382,793.0,0.0,8,672
2011-10-07,22382,764.0,0.0,8,672
2011-10-08,22382,764.0,0.0,8,672
2011-10-09,22382,758.0,0.0,8,672
2011-10-10,22382,758.0,0.0,8,672
2011-10-11,22382,712.0,0.0,8,672
2011-10-12,22382,701.0,0.0,8,672
2011-10-13,22382,700.0,0.0,8,672
2011-10-14,22382,667.0,1088.0,8,672
2011-10-15,22382,667.0,1088.0,8,672
2011-10-16,22382,664.0,1088.0,8,672
2011-10-17,22382,657.0,1088.0,8,672
2011-10-18,22382,615.0,1088.0,8,672
2011-10-19,22382,565.0,1088.0,8,672
2011-10-20,22382,542.0,1088.0,8,672
2011-10-21,22382,508.0,1088.0,8,672
2011-10-22,22382,1596.0,0.0,8,672
2011-10-23,22382,1590.0,0.0,8,672
2011-10-24,22382,1590.0,0.0,8,672
2011-10-25,22382,1557.0,0.0,8,672
2011-10-26,22382,1551.0,0.0,8,672
2011-10-27,22382,1520.0,0.0,8,672
2011-10-28,22382,1413.0,0.0,8,672
2011-10-29,22382,1413.0,0.0,8,672
2011-10-30,22382,1381.0,0.0,8,672
2011-10-31,22382,1355.0,0.0,8,672
2011-11-01,22382,1350.0,0.0,8,672
2011-11-02,22382,1244.0,0.0,8,672
2011-11-03,22382,1244.0,0.0,8,672
2011-11-04,22382,1193.0,0.0,8,672
2011-11-05,22382,1193.0,0.0,8,672
2011-11-06,22382,1139.0,0.0,8,672
2011-11-07,22382,1139.0,0.0,8,672
2011-11-08,22382,1060.0,0.0,8,672
2011-11-09,22382,830.0,0.0,8,672
2011-11-10,22382,800.0,0.0,8,672
2011-11-11,22382,795.0,0.0,8,672
2011-11-12,22382,795.0,0.0,8,672
2011-11-13,22382,779.0,0.0,8,672
2011-11-14,22382,747.0,0.0,8,672
2011-11-15,22382,600.0,1155.0,8,672
2011-11-16,22382,481.0,1155.0,8,672
2011-11-17,22382,449.0,1155.0,8,672
2011-11-18,22382,409.0,1155.0,8,672
2011-11-19,22382,409.0,1155.0,8,672
2011-11-20,22382,369.0,1155.0,8,672
2011-11-21,22382,334.0,1155.0,8,672
2011-11-22,22382,268.0,1155.0,8,672
2011-11-23,22382,1185.0,0.0,8,672
2011-11-24,22382,1133.0,0.0,8,672
2011-11-25,22382,1107.0,0.0,8,672
2011-11-26,22382,1107.0,0.0,8,672
2011-11-27,22382,1097.0,0.0,8,672
2011-11-28,22382,1052.0,0.0,8,672
2011-11-29,22382,1038.0,0.0,8,672
2011-11-30,22382,1015.0,0.0,8,672
2011-12-01,22382,997.0,0.0,8,672
2011-12-02,22382,995.0,0.0,8,672
2011-12-03,22382,995.0,0.0,8,672
2011-12-04,22382,972.0,0.0,8,672
2011-12-05,22382,954.0,0.0,8,672
2011-12-06,22382,932.0,0.0,8,672
2011-12-07,22382,917.0,0.0,8,672
2011-12-08,22382,872.0,0.0,8,672
2011-12-09,22382,872.0,0.0,8,672
2011-08-11,22383,839.0,915.0,13,839
2011-08-12,22383,769.0,915.0,13,839
2011-08-13,22383,769.0,915.0,13,839
2011-08-14,22383,763.0,915.0,13,839
2011-08-15,22383,722.0,915.0,13,839
2011-08-16,22383,610.0,915.0,13,839
2011-08-17,22383,463.0,915.0,13,839
2011-08-18,22383,452.0,915.0,13,839
2011-08-19,22383,412.0,915.0,13,839
2011-08-20,22383,412.0,915.0,13,839
2011-08-21,22383,375.0,915.0,13,839
2011-08-22,22383,307.0,915.0,13,839
2011-08-23,22383,211.0,915.0,13,839
2011-08-24,22383,1099.0,0.0,13,839
2011-08-25,22383,1029.0,0.0,13,839
2011-08-26,22383,982.0,0.0,13,839
2011-08-27,22383,982.0,0.0,13,839
2011-08-28,22383,960.0,0.0,13,839
2011-08-29,22383,960.0,0.0,13,839
2011-08-30,22383,939.0,0.0,13,839
2011-08-31,22383,796.0,958.0,13,839
2011-09-01,22383,731.0,958.0,13,839
2011-09-02,22383,714.0,958.0,13,839
2011-09-03,22383,714.0,958.0,13,839
2011-09-04,22383,690.0,958.0,13,839
2011-09-05,22383,619.0,958.0,13,839
2011-09-06,22383,599.0,958.0,13,839
2011-09-07,22383,548.0,958.0,13,839
2011-09-08,22383,534.0,958.0,13,839
2011-09-09,22383,493.0,958.0,13,839
2011-09-10,22383,493.0,958.0,13,839
2011-09-11,22383,480.0,958.0,13,839
2011-09-12,22383,448.0,958.0,13,839
2011-09-13,22383,1347.0,0.0,13,839
2011-09-14,22383,1287.0,0.0,13,839
2011-09-15,22383,1235.0,0.0,13,839
2011-09-16,22383,1183.0,0.0,13,839
2011-09-17,22383,1183.0,0.0,13,839
2011-09-18,22383,1168.0,0.0,13,839
2011-09-19,22383,1018.0,0.0,13,839
2011-09-20,22383,1000.0,0.0,13,839
2011-09-21,22383,987.0,0.0,13,839
2011-09-22,22383,931.0,0.0,13,839
2011-09-23,22383,912.0,0.0,13,839
2011-09-24,22383,912.0,0.0,13,839
2011-09-25,22383,903.0,0.0,13,839
2011-09-26,22383,903.0,0.0,13,839
2011-09-27,22383,864.0,0.0,13,839
2011-09-28,22383,825.0,929.0,13,839
2011-09-29,22383,784.0,929.0,13,839
2011-09-30,22383,761.0,929.0,13,839
2011-10-01,22383,761.0,929.0,13,839
2011-10-02,22383,751.0,929.0,13,839
2011-10-03,22383,738.0,929.0,13,839
2011-10-04,22383,704.0,929.0,13,839
2011-10-05,22383,664.0,929.0,13,839
2011-10-06,22383,621.0,929.0,13,839
2011-10-07,22383,598.0,929.0,13,839
2011-10-08,22383,598.0,929.0,13,839
2011-10-09,22383,593.0,929.0,13,839
2011-10-10,22383,573.0,929.0,13,839
2011-10-11,22383,1455.0,0.0,13,839
2011-10-12,22383,1432.0,0.0,13,839
2011-10-13,22383,1389.0,0.0,13,839
2011-10-14,22383,1350.0,0.0,13,839
2011-10-15,22383,1350.0,0.0,13,839
2011-10-16,22383,1350.0,0.0,13,839
2011-10-17,22383,1328.0,0.0,13,839
2011-10-18,22383,1299.0,0.0,13,839
2011-10-19,22383,1299.0,0.0,13,839
2011-10-20,22383,1289.0,0.0,13,839
2011-10-21,22383,1256.0,0.0,13,839
2011-10-22,22383,1256.0,0.0,13,839
2011-10-23,22383,1251.0,0.0,13,839
2011-10-24,22383,1247.0,0.0,13,839
2011-10-25,22383,1218.0,0.0,13,839
2011-10-26,22383,1188.0,0.0,13,839
2011-10-27,22383,1147.0,0.0,13,839
2011-10-28,22383,1104.0,0.0,13,839
2011-10-29,22383,1104.0,0.0,13,839
2011-10-30,22383,1041.0,0.0,13,839
2011-10-31,22383,1010.0,0.0,13,839
2011-11-01,22383,1004.0,0.0,13,839
2011-11-02,22383,983.0,0.0,13,839
2011-11-03,22383,983.0,0.0,13,839
2011-11-04,22383,942.0,0.0,13,839
2011-11-05,22383,942.0,0.0,13,839
2011-11-06,22383,814.0,940.0,13,839
2011-11-07,22383,814.0,940.0,13,839
2011-11-08,22383,758.0,940.0,13,839
2011-11-09,22383,706.0,940.0,13,839
2011-11-10,22383,656.0,940.0,13,839
2011-11-11,22383,626.0,940.0,13,839
2011-11-12,22383,626.0,940.0,13,839
2011-11-13,22383,608.0,940.0,13,839
2011-11-14,22383,571.0,940.0,13,839
2011-11-15,22383,562.0,940.0,13,839
2011-11-16,22383,527.0,940.0,13,839
2011-11-17,22383,502.0,940.0,13,839
2011-11-18,22383,462.0,940.0,13,839
2011-11-19,22383,1402.0,0.0,13,839
2011-11-20,22383,1392.0,0.0,13,839
2011-11-21,22383,1378.0,0.0,13,839
2011-11-22,22383,1349.0,0.0,13,839
2011-11-23,22383,1197.0,0.0,13,839
2011-11-24,22383,1174.0,0.0,13,839
2011-11-25,22383,1141.0,0.0,13,839
2011-11-26,22383,1141.0,0.0,13,839
2011-11-27,22383,1104.0,0.0,13,839
2011-11-28,22383,1048.0,0.0,13,839
2011-11-29,22383,1029.0,0.0,13,839
2011-11-30,22383,1017.0,0.0,13,839
2011-12-01,22383,1012.0,0.0,13,839
2011-12-02,22383,976.0,0.0,13,839
2011-12-03,22383,976.0,0.0,13,839
2011-12-04,22383,968.0,0.0,13,839
2011-12-05,22383,945.0,0.0,13,839
2011-12-06,22383,908.0,0.0,13,839
2011-12-07,22383,891.0,0.0,13,839
2011-12-08,22383,858.0,0.0,13,839
2011-12-09,22383,856.0,0.0,13,839
2011-08-11,22384,706.0,0.0,5,529
2011-08-12,22384,673.0,0.0,5,529
2011-08-13,22384,673.0,0.0,5,529
2011-08-14,22384,673.0,0.0,5,529
2011-08-15,22384,643.0,0.0,5,529
2011-08-16,22384,561.0,0.0,5,529
2011-08-17,22384,464.0,712.0,5,529
2011-08-18,22384,434.0,712.0,5,529
2011-08-19,22384,404.0,712.0,5,529
2011-08-20,22384,404.0,712.0,5,529
2011-08-21,22384,381.0,712.0,5,529
2011-08-22,22384,1011.0,0.0,5,529
2011-08-23,22384,920.0,0.0,5,529
2011-08-24,22384,910.0,0.0,5,529
2011-08-25,22384,870.0,0.0,5,529
2011-08-26,22384,838.0,0.0,5,529
2011-08-27,22384,838.0,0.0,5,529
2011-08-28,22384,810.0,0.0,5,529
2011-08-29,22384,810.0,0.0,5,529
2011-08-30,22384,798.0,0.0,5,529
2011-08-31,22384,768.0,0.0,5,529
2011-09-01,22384,741.0,0.0,5,529
2011-09-02,22384,705.0,0.0,5,529
2011-09-03,22384,705.0,0.0,5,529
2011-09-04,22384,690.0,0.0,5,529
2011-09-05,22384,674.0,0.0,5,529
2011-09-06,22384,612.0,0.0,5,529
2011-09-07,22384,536.0,0.0,5,529
2011-09-08,22384,526.0,650.0,5,529
2011-09-09,22384,505.0,650.0,5,529
2011-09-10,22384,505.0,650.0,5,529
2011-09-11,22384,481.0,650.0,5,529
2011-09-12,22384,481.0,650.0,5,529
2011-09-13,22384,1084.0,0.0,5,529
2011-09-14,22384,1043.0,0.0,5,529
2011-09-15,22384,1000.0,0.0,5,529
2011-09-16,22384,997.0,0.0,5,529
2011-09-17,22384,997.0,0.0,5,529
2011-09-18,22384,995.0,0.0,5,529
2011-09-19,22384,945.0,0.0,5,529
2011-09-20,22384,881.0,0.0,5,529
2011-09-21,22384,866.0,0.0,5,529
2011-09-22,22384,832.0,0.0,5,529
2011-09-23,22384,811.0,0.0,5,529
2011-09-24,22384,811.0,0.0,5,529
2011-09-25,22384,761.0,0.0,5,529
2011-09-26,22384,759.0,0.0,5,529
2011-09-27,22384,738.0,0.0,5,529
2011-09-28,22384,718.0,0.0,5,529
2011-09-29,22384,673.0,0.0,5,529
2011-09-30,22384,657.0,0.0,5,529
2011-10-01,22384,657.0,0.0,5,529
2011-10-02,22384,647.0,0.0,5,529
2011-10-03,22384,622.0,0.0,5,529
2011-10-04,22384,612.0,0.0,5,529
2011-10-05,22384,592.0,0.0,5,529
2011-10-06,22384,590.0,0.0,5,529
2011-10-07,22384,590.0,0.0,5,529
2011-10-08,22384,590.0,0.0,5,529
2011-10-09,22384,590.0,0.0,5,529
2011-10-10,22384,579.0,0.0,5,529
2011-10-11,22384,567.0,0.0,5,529
2011-10-12,22384,556.0,0.0,5,529
2011-10-13,22384,545.0,0.0,5,529
2011-10-14,22384,525.0,651.0,5,529
2011-10-15,22384,525.0,651.0,5,529
2011-10-16,22384,523.0,651.0,5,529
2011-10-17,22384,521.0,651.0,5,529
2011-10-18,22384,477.0,651.0,5,529
2011-10-19,22384,1116.0,0.0,5,529
2011-10-20,22384,1101.0,0.0,5,529
2011-10-21,22384,1094.0,0.0,5,529
2011-10-22,22384,1094.0,0.0,5,529
2011-10-23,22384,1081.0,0.0,5,529
2011-10-24,22384,1079.0,0.0,5,529
2011-10-25,22384,1040.0,0.0,5,529
2011-10-26,22384,1016.0,0.0,5,529
2011-10-27,22384,1004.0,0.0,5,529
2011-10-28,22384,982.0,0.0,5,529
2011-10-29,22384,982.0,0.0,5,529
2011-10-30,22384,954.0,0.0,5,529
2011-10-31,22384,944.0,0.0,5,529
2011-11-01,22384,944.0,0.0,5,529
2011-11-02,22384,833.0,0.0,5,529
2011-11-03,22384,832.0,0.0,5,529
2011-11-04,22384,796.0,0.0,5,529
2011-11-05,22384,796.0,0.0,5,529
2011-11-06,22384,676.0,0.0,5,529
2011-11-07,22384,646.0,0.0,5,529
2011-11-08,22384,605.0,0.0,5,529
2011-11-09,22384,584.0,0.0,5,529
2011-11-10,22384,567.0,0.0,5,529
2011-11-11,22384,556.0,0.0,5,529
2011-11-12,22384,556.0,0.0,5,529
2011-11-13,22384,541.0,0.0,5,529
2011-11-14,22384,509.0,667.0,5,529
2011-11-15,22384,399.0,667.0,5,529
2011-11-16,22384,387.0,667.0,5,529
2011-11-17,22384,368.0,667.0,5,529
2011-11-18,22384,328.0,667.0,5,529
2011-11-19,22384,995.0,0.0,5,529
2011-11-20,22384,952.0,0.0,5,529
2011-11-21,22384,913.0,0.0,5,529
2011-11-22,22384,906.0,0.0,5,529
2011-11-23,22384,881.0,0.0,5,529
2011-11-24,22384,860.0,0.0,5,529
2011-11-25,22384,827.0,0.0,5,529
2011-11-26,22384,827.0,0.0,5,529
2011-11-27,22384,815.0,0.0,5,529
2011-11-28,22384,785.0,0.0,5,529
2011-11-29,22384,763.0,0.0,5,529
2011-11-30,22384,703.0,0.0,5,529
2011-12-01,22384,689.0,0.0,5,529
2011-12-02,22384,667.0,0.0,5,529
2011-12-03,22384,667.0,0.0,5,529
2011-12-04,22384,666.0,0.0,5,529
2011-12-05,22384,636.0,0.0,5,529
2011-12-06,22384,621.0,0.0,5,529
2011-12-07,22384,581.0,0.0,5,529
2011-12-08,22384,573.0,0.0,5,529
2011-12-09,22384,572.0,0.0,5,529
2011-08-11,22385,398.0,670.0,9,580
2011-08-12,22385,398.0,670.0,9,580
2011-08-13,22385,398.0,670.0,9,580
2011-08-14,22385,397.0,670.0,9,580
2011-08-15,22385,385.0,670.0,9,580
2011-08-16,22385,339.0,670.0,9,580
2011-08-17,22385,994.0,0.0,9,580
2011-08-18,22385,974.0,0.0,9,580
2011-08-19,22385,964.0,0.0,9,580
2011-08-20,22385,964.0,0.0,9,580
2011-08-21,22385,953.0,0.0,9,580
2011-08-22,22385,922.0,0.0,9,580
2011-08-23,22385,889.0,0.0,9,580
2011-08-24,22385,675.0,0.0,9,580
2011-08-25,22385,650.0,0.0,9,580
2011-08-26,22385,643.0,0.0,9,580
2011-08-27,22385,643.0,0.0,9,580
2011-08-28,22385,643.0,0.0,9,580
2011-08-29,22385,643.0,0.0,9,580
2011-08-30,22385,339.0,903.0,9,580
2011-08-31,22385,316.0,903.0,9,580
2011-09-01,22385,279.0,903.0,9,580
2011-09-02,22385,257.0,903.0,9,580
2011-09-03,22385,257.0,903.0,9,580
2011-09-04,22385,257.0,903.0,9,580
2011-09-05,22385,247.0,903.0,9,580
2011-09-06,22385,225.0,903.0,9,580
2011-09-07,22385,182.0,903.0,9,580
2011-09-08,22385,1063.0,0.0,9,580
2011-09-09,22385,1050.0,0.0,9,580
2011-09-10,22385,1050.0,0.0,9,580
2011-09-11,22385,1040.0,0.0,9,580
2011-09-12,22385,1009.0,0.0,9,580
2011-09-13,22385,683.0,0.0,9,580
2011-09-14,22385,683.0,0.0,9,580
2011-09-15,22385,635.0,0.0,9,580
2011-09-16,22385,580.0,662.0,9,580
2011-09-17,22385,580.0,662.0,9,580
2011-09-18,22385,480.0,662.0,9,580
2011-09-19,22385,380.0,662.0,9,580
2011-09-20,22385,360.0,662.0,9,580
2011-09-21,22385,357.0,662.0,9,580
2011-09-22,22385,308.0,662.0,9,580
2011-09-23,22385,300.0,662.0,9,580
2011-09-24,22385,300.0,662.0,9,580
2011-09-25,22385,962.0,0.0,9,580
2011-09-26,22385,962.0,0.0,9,580
2011-09-27,22385,949.0,0.0,9,580
2011-09-28,22385,909.0,0.0,9,580
2011-09-29,22385,908.0,0.0,9,580
2011-09-30,22385,887.0,0.0,9,580
2011-10-01,22385,887.0,0.0,9,580
2011-10-02,22385,887.0,0.0,9,580
2011-10-03,22385,844.0,0.0,9,580
2011-10-04,22385,836.0,0.0,9,580
2011-10-05,22385,825.0,0.0,9,580
2011-10-06,22385,785.0,0.0,9,580
2011-10-07,22385,784.0,0.0,9,580
2011-10-08,22385,784.0,0.0,9,580
2011-10-09,22385,774.0,0.0,9,580
2011-10-10,22385,762.0,0.0,9,580
2011-10-11,22385,760.0,0.0,9,580
2011-10-12,22385,717.0,0.0,9,580
2011-10-13,22385,694.0,0.0,9,580
2011-10-14,22385,674.0,0.0,9,580
2011-10-15,22385,674.0,0.0,9,580
2011-10-16,22385,672.0,0.0,9,580
2011-10-17,22385,560.0,682.0,9,580
2011-10-18,22385,514.0,682.0,9,580
2011-10-19,22385,509.0,682.0,9,580
2011-10-20,22385,498.0,682.0,9,580
2011-10-21,22385,486.0,682.0,9,580
2011-10-22,22385,486.0,682.0,9,580
2011-10-23,22385,486.0,682.0,9,580
2011-10-24,22385,472.0,682.0,9,580
2011-10-25,22385,472.0,682.0,9,580
2011-10-26,22385,1129.0,0.0,9,580
2011-10-27,22385,1119.0,0.0,9,580
2011-10-28,22385,1119.0,0.0,9,580
2011-10-29,22385,1119.0,0.0,9,580
2011-10-30,22385,1117.0,0.0,9,580
2011-10-31,22385,1099.0,0.0,9,580
2011-11-01,22385,1087.0,0.0,9,580
2011-11-02,22385,970.0,0.0,9,580
2011-11-03,22385,962.0,0.0,9,580
2011-11-04,22385,962.0,0.0,9,580
2011-11-05,22385,962.0,0.0,9,580
2011-11-06,22385,938.0,0.0,9,580
2011-11-07,22385,916.0,0.0,9,580
2011-11-08,22385,890.0,0.0,9,580
2011-11-09,22385,760.0,0.0,9,580
2011-11-10,22385,747.0,0.0,9,580
2011-11-11,22385,742.0,0.0,9,580
2011-11-12,22385,742.0,0.0,9,580
2011-11-13,22385,738.0,0.0,9,580
2011-11-14,22385,716.0,0.0,9,580
2011-11-15,22385,686.0,0.0,9,580
2011-11-16,22385,653.0,0.0,9,580
2011-11-17,22385,608.0,0.0,9,580
2011-11-18,22385,595.0,0.0,9,580
2011-11-19,22385,595.0,0.0,9,580
2011-11-20,22385,591.0,0.0,9,580
2011-11-21,22385,591.0,0.0,9,580
2011-11-22,22385,559.0,683.0,9,580
2011-11-23,22385,527.0,683.0,9,580
2011-11-24,22385,490.0,683.0,9,580
2011-11-25,22385,490.0,683.0,9,580
2011-11-26,22385,490.0,683.0,9,580
2011-11-27,22385,478.0,683.0,9,580
2011-11-28,22385,455.0,683.0,9,580
2011-11-29,22385,452.0,683.0,9,580
2011-11-30,22385,426.0,683.0,9,580
2011-12-01,22385,1061.0,0.0,9,580
2011-12-02,22385,839.0,0.0,9,580
2011-12-03,22385,839.0,0.0,9,580
2011-12-04,22385,828.0,0.0,9,580
2011-12-05,22385,826.0,0.0,9,580
2011-12-06,22385,811.0,0.0,9,580
2011-12-07,22385,791.0,0.0,9,580
2011-12-08,22385,758.0,0.0,9,580
2011-12-09,22385,758.0,0.0,9,580
2011-08-11,22386,126.0,964.0,3,514
2011-08-12,22386,114.0,964.0,3,514
2011-08-13,22386,1078.0,0.0,3,514
2011-08-14,22386,1039.0,0.0,3,514
2011-08-15,22386,1017.0,0.0,3,514
2011-08-16,22386,992.0,0.0,3,514
2011-08-17,22386,857.0,0.0,3,514
2011-08-18,22386,686.0,0.0,3,514
2011-08-19,22386,656.0,0.0,3,514
2011-08-20,22386,656.0,0.0,3,514
2011-08-21,22386,453.0,883.0,3,514
2011-08-22,22386,367.0,883.0,3,514
2011-08-23,22386,307.0,883.0,3,514
2011-08-24,22386,761.0,0.0,3,514
2011-08-25,22386,753.0,0.0,3,514
2011-08-26,22386,733.0,0.0,3,514
2011-08-27,22386,733.0,0.0,3,514
2011-08-28,22386,717.0,0.0,3,514
2011-08-29,22386,717.0,0.0,3,514
2011-08-30,22386,702.0,0.0,3,514
2011-08-31,22386,574.0,0.0,3,514
2011-09-01,22386,540.0,0.0,3,514
2011-09-02,22386,492.0,844.0,3,514
2011-09-03,22386,492.0,844.0,3,514
2011-09-04,22386,469.0,844.0,3,514
2011-09-05,22386,1170.0,0.0,3,514
2011-09-06,22386,1059.0,0.0,3,514
2011-09-07,22386,874.0,0.0,3,514
2011-09-08,22386,800.0,0.0,3,514
2011-09-09,22386,773.0,0.0,3,514
2011-09-10,22386,773.0,0.0,3,514
2011-09-11,22386,656.0,0.0,3,514
2011-09-12,22386,654.0,0.0,3,514
2011-09-13,22386,317.0,1019.0,3,514
2011-09-14,22386,287.0,1019.0,3,514
2011-09-15,22386,237.0,1019.0,3,514
2011-09-16,22386,1206.0,0.0,3,514
2011-09-17,22386,1206.0,0.0,3,514
2011-09-18,22386,1197.0,0.0,3,514
2011-09-19,22386,1061.0,0.0,3,514
2011-09-20,22386,826.0,0.0,3,514
2011-09-21,22386,797.0,0.0,3,514
2011-09-22,22386,640.0,0.0,3,514
2011-09-23,22386,418.0,918.0,3,514
2011-09-24,22386,418.0,918.0,3,514
2011-09-25,22386,388.0,918.0,3,514
2011-09-26,22386,1266.0,0.0,3,514
2011-09-27,22386,1157.0,0.0,3,514
2011-09-28,22386,924.0,0.0,3,514
2011-09-29,22386,672.0,0.0,3,514
2011-09-30,22386,644.0,0.0,3,514
2011-10-01,22386,644.0,0.0,3,514
2011-10-02,22386,641.0,0.0,3,514
2011-10-03,22386,639.0,0.0,3,514
2011-10-04,22386,575.0,0.0,3,514
2011-10-05,22386,363.0,973.0,3,514
2011-10-06,22386,0.0,973.0,3,514
2011-10-07,22386,0.0,973.0,3,514
2011-10-08,22386,973.0,0.0,3,514
2011-10-09,22386,953.0,0.0,3,514
2011-10-10,22386,830.0,0.0,3,514
2011-10-11,22386,798.0,0.0,3,514
2011-10-12,22386,777.0,0.0,3,514
2011-10-13,22386,741.0,0.0,3,514
2011-10-14,22386,716.0,0.0,3,514
2011-10-15,22386,716.0,0.0,3,514
2011-10-16,22386,716.0,0.0,3,514
2011-10-17,22386,453.0,883.0,3,514
2011-10-18,22386,406.0,883.0,3,514
2011-10-19,22386,386.0,883.0,3,514
2011-10-20,22386,1265.0,0.0,3,514
2011-10-21,22386,1265.0,0.0,3,514
2011-10-22,22386,1265.0,0.0,3,514
2011-10-23,22386,1265.0,0.0,3,514
2011-10-24,22386,1130.0,0.0,3,514
2011-10-25,22386,1089.0,0.0,3,514
2011-10-26,22386,1040.0,0.0,3,514
2011-10-27,22386,1040.0,0.0,3,514
2011-10-28,22386,629.0,0.0,3,514
2011-10-29,22386,629.0,0.0,3,514
2011-10-30,22386,626.0,0.0,3,514
2011-10-31,22386,586.0,0.0,3,514
2011-11-01,22386,544.0,0.0,3,514
2011-11-02,22386,433.0,903.0,3,514
2011-11-03,22386,413.0,903.0,3,514
2011-11-04,22386,401.0,903.0,3,514
2011-11-05,22386,1304.0,0.0,3,514
2011-11-06,22386,1222.0,0.0,3,514
2011-11-07,22386,1187.0,0.0,3,514
2011-11-08,22386,1116.0,0.0,3,514
2011-11-09,22386,962.0,0.0,3,514
2011-11-10,22386,944.0,0.0,3,514
2011-11-11,22386,830.0,0.0,3,514
2011-11-12,22386,830.0,0.0,3,514
2011-11-13,22386,806.0,0.0,3,514
2011-11-14,22386,485.0,851.0,3,514
2011-11-15,22386,465.0,851.0,3,514
2011-11-16,22386,389.0,851.0,3,514
2011-11-17,22386,1209.0,0.0,3,514
2011-11-18,22386,1178.0,0.0,3,514
2011-11-19,22386,1178.0,0.0,3,514
2011-11-20,22386,1138.0,0.0,3,514
2011-11-21,22386,1113.0,0.0,3,514
2011-11-22,22386,1111.0,0.0,3,514
2011-11-23,22386,1082.0,0.0,3,514
2011-11-24,22386,1049.0,0.0,3,514
2011-11-25,22386,907.0,0.0,3,514
2011-11-26,22386,907.0,0.0,3,514
2011-11-27,22386,885.0,0.0,3,514
2011-11-28,22386,874.0,0.0,3,514
2011-11-29,22386,841.0,0.0,3,514
2011-11-30,22386,806.0,0.0,3,514
2011-12-01,22386,795.0,0.0,3,514
2011-12-02,22386,454.0,882.0,3,514
2011-12-03,22386,454.0,882.0,3,514
2011-12-04,22386,449.0,882.0,3,514
2011-12-05,22386,1303.0,0.0,3,514
2011-12-06,22386,1280.0,0.0,3,514
2011-12-07,22386,1247.0,0.0,3,514
2011-12-08,22386,1240.0,0.0,3,514
2011-12-09,22386,1229.0,0.0,3,514
2011-08-11,22411,209.0,986.0,11,713
2011-08-12,22411,199.0,986.0,11,713
2011-08-13,22411,199.0,986.0,11,713
2011-08-14,22411,195.0,986.0,11,713
2011-08-15,22411,1135.0,0.0,11,713
2011-08-16,22411,1085.0,0.0,11,713
2011-08-17,22411,930.0,0.0,11,713
2011-08-18,22411,850.0,0.0,11,713
2011-08-19,22411,830.0,0.0,11,713
2011-08-20,22411,830.0,0.0,11,713
2011-08-21,22411,818.0,0.0,11,713
2011-08-22,22411,756.0,0.0,11,713
2011-08-23,22411,726.0,0.0,11,713
2011-08-24,22411,576.0,894.0,11,713
2011-08-25,22411,536.0,894.0,11,713
2011-08-26,22411,506.0,894.0,11,713
2011-08-27,22411,506.0,894.0,11,713
2011-08-28,22411,506.0,894.0,11,713
2011-08-29,22411,506.0,894.0,11,713
2011-08-30,22411,487.0,894.0,11,713
2011-08-31,22411,459.0,894.0,11,713
2011-09-01,22411,386.0,894.0,11,713
2011-09-02,22411,364.0,894.0,11,713
2011-09-03,22411,364.0,894.0,11,713
2011-09-04,22411,1246.0,0.0,11,713
2011-09-05,22411,1221.0,0.0,11,713
2011-09-06,22411,1193.0,0.0,11,713
2011-09-07,22411,1026.0,0.0,11,713
2011-09-08,22411,1010.0,0.0,11,713
2011-09-09,22411,977.0,0.0,11,713
2011-09-10,22411,977.0,0.0,11,713
2011-09-11,22411,962.0,0.0,11,713
2011-09-12,22411,921.0,0.0,11,713
2011-09-13,22411,766.0,0.0,11,713
2011-09-14,22411,744.0,0.0,11,713
2011-09-15,22411,709.0,761.0,11,713
2011-09-16,22411,639.0,761.0,11,713
2011-09-17,22411,639.0,761.0,11,713
2011-09-18,22411,627.0,761.0,11,713
2011-09-19,22411,507.0,761.0,11,713
2011-09-20,22411,339.0,761.0,11,713
2011-09-21,22411,210.0,761.0,11,713
2011-09-22,22411,170.0,761.0,11,713
2011-09-23,22411,115.0,761.0,11,713
2011-09-24,22411,115.0,761.0,11,713
2011-09-25,22411,85.0,761.0,11,713
2011-09-26,22411,726.0,0.0,11,713
2011-09-27,22411,669.0,801.0,11,713
2011-09-28,22411,422.0,801.0,11,713
2011-09-29,22411,412.0,801.0,11,713
2011-09-30,22411,361.0,801.0,11,713
2011-10-01,22411,361.0,801.0,11,713
2011-10-02,22411,357.0,801.0,11,713
2011-10-03,22411,357.0,801.0,11,713
2011-10-04,22411,341.0,801.0,11,713
2011-10-05,22411,336.0,801.0,11,713
2011-10-06,22411,296.0,801.0,11,713
2011-10-07,22411,295.0,801.0,11,713
2011-10-08,22411,1096.0,0.0,11,713
2011-10-09,22411,1079.0,0.0,11,713
2011-10-10,22411,1041.0,0.0,11,713
2011-10-11,22411,1030.0,0.0,11,713
2011-10-12,22411,918.0,0.0,11,713
2011-10-13,22411,854.0,0.0,11,713
2011-10-14,22411,832.0,0.0,11,713
2011-10-15,22411,832.0,0.0,11,713
2011-10-16,22411,830.0,0.0,11,713
2011-10-17,22411,787.0,0.0,11,713
2011-10-18,22411,784.0,0.0,11,713
2011-10-19,22411,758.0,0.0,11,713
2011-10-20,22411,741.0,0.0,11,713
2011-10-21,22411,741.0,0.0,11,713
2011-10-22,22411,741.0,0.0,11,713
2011-10-23,22411,740.0,0.0,11,713
2011-10-24,22411,698.0,772.0,11,713
2011-10-25,22411,658.0,772.0,11,713
2011-10-26,22411,647.0,772.0,11,713
2011-10-27,22411,616.0,772.0,11,713
2011-10-28,22411,615.0,772.0,11,713
2011-10-29,22411,615.0,772.0,11,713
2011-10-30,22411,584.0,772.0,11,713
2011-10-31,22411,552.0,772.0,11,713
2011-11-01,22411,551.0,772.0,11,713
2011-11-02,22411,541.0,772.0,11,713
2011-11-03,22411,529.0,772.0,11,713
2011-11-04,22411,1297.0,0.0,11,713
2011-11-05,22411,1297.0,0.0,11,713
2011-11-06,22411,1266.0,0.0,11,713
2011-11-07,22411,1210.0,0.0,11,713
2011-11-08,22411,1145.0,0.0,11,713
2011-11-09,22411,905.0,0.0,11,713
2011-11-10,22411,880.0,0.0,11,713
2011-11-11,22411,766.0,0.0,11,713
2011-11-12,22411,766.0,0.0,11,713
2011-11-13,22411,739.0,0.0,11,713
2011-11-14,22411,718.0,0.0,11,713
2011-11-15,22411,678.0,792.0,11,713
2011-11-16,22411,522.0,792.0,11,713
2011-11-17,22411,519.0,792.0,11,713
2011-11-18,22411,497.0,792.0,11,713
2011-11-19,22411,497.0,792.0,11,713
2011-11-20,22411,461.0,792.0,11,713
2011-11-21,22411,440.0,792.0,11,713
2011-11-22,22411,427.0,792.0,11,713
2011-11-23,22411,399.0,792.0,11,713
2011-11-24,22411,241.0,792.0,11,713
2011-11-25,22411,120.0,792.0,11,713
2011-11-26,22411,912.0,0.0,11,713
2011-11-27,22411,898.0,0.0,11,713
2011-11-28,22411,861.0,0.0,11,713
2011-11-29,22411,802.0,0.0,11,713
2011-11-30,22411,744.0,0.0,11,713
2011-12-01,22411,582.0,888.0,11,713
2011-12-02,22411,559.0,888.0,11,713
2011-12-03,22411,559.0,888.0,11,713
2011-12-04,22411,558.0,888.0,11,713
2011-12-05,22411,516.0,888.0,11,713
2011-12-06,22411,395.0,888.0,11,713
2011-12-07,22411,330.0,888.0,11,713
2011-12-08,22411,270.0,888.0,11,713
2011-12-09,22411,247.0,888.0,11,713
2011-08-11,22423,438.0,756.0,10,680
2011-08-12,22423,420.0,756.0,10,680
2011-08-13,22423,420.0,756.0,10,680
2011-08-14,22423,1176.0,0.0,10,680
2011-08-15,22423,1141.0,0.0,10,680
2011-08-16,22423,1128.0,0.0,10,680
2011-08-17,22423,1092.0,0.0,10,680
2011-08-18,22423,984.0,0.0,10,680
2011-08-19,22423,977.0,0.0,10,680
2011-08-20,22423,977.0,0.0,10,680
2011-08-21,22423,967.0,0.0,10,680
2011-08-22,22423,967.0,0.0,10,680
2011-08-23,22423,943.0,0.0,10,680
2011-08-24,22423,906.0,0.0,10,680
2011-08-25,22423,874.0,0.0,10,680
2011-08-26,22423,846.0,0.0,10,680
2011-08-27,22423,846.0,0.0,10,680
2011-08-28,22423,846.0,0.0,10,680
2011-08-29,22423,846.0,0.0,10,680
2011-08-30,22423,834.0,0.0,10,680
2011-08-31,22423,816.0,0.0,10,680
2011-09-01,22423,750.0,0.0,10,680
2011-09-02,22423,714.0,0.0,10,680
2011-09-03,22423,714.0,0.0,10,680
2011-09-04,22423,708.0,0.0,10,680
2011-09-05,22423,691.0,0.0,10,680
2011-09-06,22423,667.0,726.0,10,680
2011-09-07,22423,655.0,726.0,10,680
2011-09-08,22423,631.0,726.0,10,680
2011-09-09,22423,627.0,726.0,10,680
2011-09-10,22423,627.0,726.0,10,680
2011-09-11,22423,563.0,726.0,10,680
2011-09-12,22423,508.0,726.0,10,680
2011-09-13,22423,450.0,726.0,10,680
2011-09-14,22423,429.0,726.0,10,680
2011-09-15,22423,365.0,726.0,10,680
2011-09-16,22423,1078.0,0.0,10,680
2011-09-17,22423,1078.0,0.0,10,680
2011-09-18,22423,1072.0,0.0,10,680
2011-09-19,22423,1058.0,0.0,10,680
2011-09-20,22423,1040.0,0.0,10,680
2011-09-21,22423,1021.0,0.0,10,680
2011-09-22,22423,974.0,0.0,10,680
2011-09-23,22423,958.0,0.0,10,680
2011-09-24,22423,958.0,0.0,10,680
2011-09-25,22423,936.0,0.0,10,680
2011-09-26,22423,921.0,0.0,10,680
2011-09-27,22423,874.0,0.0,10,680
2011-09-28,22423,860.0,0.0,10,680
2011-09-29,22423,800.0,0.0,10,680
2011-09-30,22423,794.0,0.0,10,680
2011-10-01,22423,794.0,0.0,10,680
2011-10-02,22423,790.0,0.0,10,680
2011-10-03,22423,765.0,0.0,10,680
2011-10-04,22423,719.0,0.0,10,680
2011-10-05,22423,491.0,902.0,10,680
2011-10-06,22423,416.0,902.0,10,680
2011-10-07,22423,403.0,902.0,10,680
2011-10-08,22423,403.0,902.0,10,680
2011-10-09,22423,383.0,902.0,10,680
2011-10-10,22423,370.0,902.0,10,680
2011-10-11,22423,344.0,902.0,10,680
2011-10-12,22423,306.0,902.0,10,680
2011-10-13,22423,250.0,902.0,10,680
2011-10-14,22423,201.0,902.0,10,680
2011-10-15,22423,1103.0,0.0,10,680
2011-10-16,22423,1081.0,0.0,10,680
2011-10-17,22423,1063.0,0.0,10,680
2011-10-18,22423,1035.0,0.0,10,680
2011-10-19,22423,989.0,0.0,10,680
2011-10-20,22423,880.0,0.0,10,680
2011-10-21,22423,851.0,0.0,10,680
2011-10-22,22423,851.0,0.0,10,680
2011-10-23,22423,846.0,0.0,10,680
2011-10-24,22423,841.0,0.0,10,680
2011-10-25,22423,828.0,0.0,10,680
2011-10-26,22423,810.0,0.0,10,680
2011-10-27,22423,794.0,0.0,10,680
2011-10-28,22423,742.0,0.0,10,680
2011-10-29,22423,742.0,0.0,10,680
2011-10-30,22423,723.0,0.0,10,680
2011-10-31,22423,671.0,722.0,10,680
2011-11-01,22423,653.0,722.0,10,680
2011-11-02,22423,648.0,722.0,10,680
2011-11-03,22423,607.0,722.0,10,680
2011-11-04,22423,520.0,722.0,10,680
2011-11-05,22423,520.0,722.0,10,680
2011-11-06,22423,495.0,722.0,10,680
2011-11-07,22423,460.0,722.0,10,680
2011-11-08,22423,451.0,722.0,10,680
2011-11-09,22423,435.0,722.0,10,680
2011-11-10,22423,1116.0,0.0,10,680
2011-11-11,22423,1084.0,0.0,10,680
2011-11-12,22423,1084.0,0.0,10,680
2011-11-13,22423,1055.0,0.0,10,680
2011-11-14,22423,1048.0,0.0,10,680
2011-11-15,22423,1003.0,0.0,10,680
2011-11-16,22423,989.0,0.0,10,680
2011-11-17,22423,940.0,0.0,10,680
2011-11-18,22423,832.0,0.0,10,680
2011-11-19,22423,832.0,0.0,10,680
2011-11-20,22423,824.0,0.0,10,680
2011-11-21,22423,774.0,0.0,10,680
2011-11-22,22423,746.0,0.0,10,680
2011-11-23,22423,699.0,0.0,10,680
2011-11-24,22423,629.0,764.0,10,680
2011-11-25,22423,606.0,764.0,10,680
2011-11-26,22423,606.0,764.0,10,680
2011-11-27,22423,577.0,764.0,10,680
2011-11-28,22423,553.0,764.0,10,680
2011-11-29,22423,460.0,764.0,10,680
2011-11-30,22423,427.0,764.0,10,680
2011-12-01,22423,394.0,764.0,10,680
2011-12-02,22423,374.0,764.0,10,680
2011-12-03,22423,374.0,764.0,10,680
2011-12-04,22423,1119.0,0.0,10,680
2011-12-05,22423,1083.0,0.0,10,680
2011-12-06,22423,923.0,0.0,10,680
2011-12-07,22423,793.0,0.0,10,680
2011-12-08,22423,769.0,0.0,10,680
2011-12-09,22423,751.0,0.0,10,680
2011-08-11,22424,142.0,0.0,13,128
2011-08-12,22424,141.0,0.0,13,128
2011-08-13,22424,141.0,0.0,13,128
2011-08-14,22424,141.0,0.0,13,128
2011-08-15,22424,140.0,0.0,13,128
2011-08-16,22424,138.0,0.0,13,128
2011-08-17,22424,131.0,0.0,13,128
2011-08-18,22424,129.0,0.0,13,128
2011-08-19,22424,129.0,0.0,13,128
2011-08-20,22424,129.0,0.0,13,128
2011-08-21,22424,127.0,77.0,13,128
2011-08-22,22424,127.0,77.0,13,128
2011-08-23,22424,127.0,77.0,13,128
2011-08-24,22424,124.0,77.0,13,128
2011-08-25,22424,118.0,77.0,13,128
2011-08-26,22424,117.0,77.0,13,128
2011-08-27,22424,117.0,77.0,13,128
2011-08-28,22424,117.0,77.0,13,128
2011-08-29,22424,117.0,77.0,13,128
2011-08-30,22424,115.0,77.0,13,128
2011-08-31,22424,115.0,77.0,13,128
2011-09-01,22424,111.0,77.0,13,128
2011-09-02,22424,107.0,77.0,13,128
2011-09-03,22424,184.0,0.0,13,128
2011-09-04,22424,183.0,0.0,13,128
2011-09-05,22424,183.0,0.0,13,128
2011-09-06,22424,177.0,0.0,13,128
2011-09-07,22424,174.0,0.0,13,128
2011-09-08,22424,173.0,0.0,13,128
2011-09-09,22424,164.0,0.0,13,128
2011-09-10,22424,164.0,0.0,13,128
2011-09-11,22424,163.0,0.0,13,128
2011-09-12,22424,158.0,0.0,13,128
2011-09-13,22424,157.0,0.0,13,128
2011-09-14,22424,156.0,0.0,13,128
2011-09-15,22424,154.0,0.0,13,128
2011-09-16,22424,153.0,0.0,13,128
2011-09-17,22424,153.0,0.0,13,128
2011-09-18,22424,151.0,0.0,13,128
2011-09-19,22424,151.0,0.0,13,128
2011-09-20,22424,148.0,0.0,13,128
2011-09-21,22424,146.0,0.0,13,128
2011-09-22,22424,102.0,102.0,13,128
2011-09-23,22424,100.0,102.0,13,128
2011-09-24,22424,100.0,102.0,13,128
2011-09-25,22424,100.0,102.0,13,128
2011-09-26,22424,99.0,102.0,13,128
2011-09-27,22424,97.0,102.0,13,128
2011-09-28,22424,96.0,102.0,13,128
2011-09-29,22424,95.0,102.0,13,128
2011-09-30,22424,95.0,102.0,13,128
2011-10-01,22424,95.0,102.0,13,128
2011-10-02,22424,94.0,102.0,13,128
2011-10-03,22424,92.0,102.0,13,128
2011-10-04,22424,87.0,102.0,13,128
2011-10-05,22424,187.0,0.0,13,128
2011-10-06,22424,186.0,0.0,13,128
2011-10-07,22424,184.0,0.0,13,128
2011-10-08,22424,184.0,0.0,13,128
2011-10-09,22424,183.0,0.0,13,128
2011-10-10,22424,172.0,0.0,13,128
2011-10-11,22424,172.0,0.0,13,128
2011-10-12,22424,172.0,0.0,13,128
2011-10-13,22424,163.0,0.0,13,128
2011-10-14,22424,163.0,0.0,13,128
2011-10-15,22424,163.0,0.0,13,128
2011-10-16,22424,162.0,0.0,13,128
2011-10-17,22424,153.0,0.0,13,128
2011-10-18,22424,150.0,0.0,13,128
2011-10-19,22424,136.0,0.0,13,128
2011-10-20,22424,134.0,0.0,13,128
2011-10-21,22424,134.0,0.0,13,128
2011-10-22,22424,134.0,0.0,13,128
2011-10-23,22424,132.0,0.0,13,128
2011-10-24,22424,131.0,0.0,13,128
2011-10-25,22424,129.0,0.0,13,128
2011-10-26,22424,128.0,76.0,13,128
2011-10-27,22424,126.0,76.0,13,128
2011-10-28,22424,123.0,76.0,13,128
2011-10-29,22424,123.0,76.0,13,128
2011-10-30,22424,123.0,76.0,13,128
2011-10-31,22424,118.0,76.0,13,128
2011-11-01,22424,116.0,76.0,13,128
2011-11-02,22424,116.0,76.0,13,128
2011-11-03,22424,112.0,76.0,13,128
2011-11-04,22424,112.0,76.0,13,128
2011-11-05,22424,112.0,76.0,13,128
2011-11-06,22424,111.0,76.0,13,128
2011-11-07,22424,110.0,76.0,13,128
2011-11-08,22424,186.0,0.0,13,128
2011-11-09,22424,182.0,0.0,13,128
2011-11-10,22424,181.0,0.0,13,128
2011-11-11,22424,181.0,0.0,13,128
2011-11-12,22424,181.0,0.0,13,128
2011-11-13,22424,167.0,0.0,13,128
2011-11-14,22424,164.0,0.0,13,128
2011-11-15,22424,164.0,0.0,13,128
2011-11-16,22424,149.0,0.0,13,128
2011-11-17,22424,149.0,0.0,13,128
2011-11-18,22424,147.0,0.0,13,128
2011-11-19,22424,147.0,0.0,13,128
2011-11-20,22424,146.0,0.0,13,128
2011-11-21,22424,144.0,0.0,13,128
2011-11-22,22424,142.0,0.0,13,128
2011-11-23,22424,140.0,0.0,13,128
2011-11-24,22424,139.0,0.0,13,128
2011-11-25,22424,135.0,0.0,13,128
2011-11-26,22424,135.0,0.0,13,128
2011-11-27,22424,135.0,0.0,13,128
2011-11-28,22424,130.0,0.0,13,128
2011-11-29,22424,124.0,80.0,13,128
2011-11-30,22424,123.0,80.0,13,128
2011-12-01,22424,123.0,80.0,13,128
2011-12-02,22424,119.0,80.0,13,128
2011-12-03,22424,119.0,80.0,13,128
2011-12-04,22424,116.0,80.0,13,128
2011-12-05,22424,114.0,80.0,13,128
2011-12-06,22424,112.0,80.0,13,128
2011-12-07,22424,109.0,80.0,13,128
2011-12-08,22424,105.0,80.0,13,128
2011-12-09,22424,104.0,80.0,13,128
2011-08-11,22456,147.0,180.0,14,188
2011-08-12,22456,324.0,0.0,14,188
2011-08-13,22456,324.0,0.0,14,188
2011-08-14,22456,306.0,0.0,14,188
2011-08-15,22456,297.0,0.0,14,188
2011-08-16,22456,285.0,0.0,14,188
2011-08-17,22456,278.0,0.0,14,188
2011-08-18,22456,276.0,0.0,14,188
2011-08-19,22456,276.0,0.0,14,188
2011-08-20,22456,276.0,0.0,14,188
2011-08-21,22456,276.0,0.0,14,188
2011-08-22,22456,256.0,0.0,14,188
2011-08-23,22456,256.0,0.0,14,188
2011-08-24,22456,253.0,0.0,14,188
2011-08-25,22456,250.0,0.0,14,188
2011-08-26,22456,249.0,0.0,14,188
2011-08-27,22456,249.0,0.0,14,188
2011-08-28,22456,249.0,0.0,14,188
2011-08-29,22456,249.0,0.0,14,188
2011-08-30,22456,246.0,0.0,14,188
2011-08-31,22456,240.0,0.0,14,188
2011-09-01,22456,226.0,0.0,14,188
2011-09-02,22456,212.0,0.0,14,188
2011-09-03,22456,212.0,0.0,14,188
2011-09-04,22456,212.0,0.0,14,188
2011-09-05,22456,208.0,0.0,14,188
2011-09-06,22456,190.0,0.0,14,188
2011-09-07,22456,183.0,185.0,14,188
2011-09-08,22456,177.0,185.0,14,188
2011-09-09,22456,177.0,185.0,14,188
2011-09-10,22456,177.0,185.0,14,188
2011-09-11,22456,168.0,185.0,14,188
2011-09-12,22456,146.0,185.0,14,188
2011-09-13,22456,141.0,185.0,14,188
2011-09-14,22456,126.0,185.0,14,188
2011-09-15,22456,126.0,185.0,14,188
2011-09-16,22456,119.0,185.0,14,188
2011-09-17,22456,119.0,185.0,14,188
2011-09-18,22456,119.0,185.0,14,188
2011-09-19,22456,119.0,185.0,14,188
2011-09-20,22456,113.0,185.0,14,188
2011-09-21,22456,293.0,0.0,14,188
2011-09-22,22456,291.0,0.0,14,188
2011-09-23,22456,288.0,0.0,14,188
2011-09-24,22456,288.0,0.0,14,188
2011-09-25,22456,288.0,0.0,14,188
2011-09-26,22456,285.0,0.0,14,188
2011-09-27,22456,278.0,0.0,14,188
2011-09-28,22456,270.0,0.0,14,188
2011-09-29,22456,270.0,0.0,14,188
2011-09-30,22456,268.0,0.0,14,188
2011-10-01,22456,268.0,0.0,14,188
2011-10-02,22456,265.0,0.0,14,188
2011-10-03,22456,265.0,0.0,14,188
2011-10-04,22456,248.0,0.0,14,188
2011-10-05,22456,248.0,0.0,14,188
2011-10-06,22456,242.0,0.0,14,188
2011-10-07,22456,230.0,0.0,14,188
2011-10-08,22456,230.0,0.0,14,188
2011-10-09,22456,230.0,0.0,14,188
2011-10-10,22456,224.0,0.0,14,188
2011-10-11,22456,218.0,0.0,14,188
2011-10-12,22456,200.0,0.0,14,188
2011-10-13,22456,196.0,0.0,14,188
2011-10-14,22456,189.0,0.0,14,188
2011-10-15,22456,189.0,0.0,14,188
2011-10-16,22456,188.0,180.0,14,188
2011-10-17,22456,184.0,180.0,14,188
2011-10-18,22456,181.0,180.0,14,188
2011-10-19,22456,154.0,180.0,14,188
2011-10-20,22456,154.0,180.0,14,188
2011-10-21,22456,150.0,180.0,14,188
2011-10-22,22456,150.0,180.0,14,188
2011-10-23,22456,150.0,180.0,14,188
2011-10-24,22456,147.0,180.0,14,188
2011-10-25,22456,146.0,180.0,14,188
2011-10-26,22456,144.0,180.0,14,188
2011-10-27,22456,144.0,180.0,14,188
2011-10-28,22456,144.0,180.0,14,188
2011-10-29,22456,144.0,180.0,14,188
2011-10-30,22456,282.0,0.0,14,188
2011-10-31,22456,247.0,0.0,14,188
2011-11-01,22456,243.0,0.0,14,188
2011-11-02,22456,243.0,0.0,14,188
2011-11-03,22456,238.0,0.0,14,188
2011-11-04,22456,236.0,0.0,14,188
2011-11-05,22456,236.0,0.0,14,188
2011-11-06,22456,235.0,0.0,14,188
2011-11-07,22456,231.0,0.0,14,188
2011-11-08,22456,228.0,0.0,14,188
2011-11-09,22456,228.0,0.0,14,188
2011-11-10,22456,216.0,0.0,14,188
2011-11-11,22456,210.0,0.0,14,188
2011-11-12,22456,210.0,0.0,14,188
2011-11-13,22456,206.0,0.0,14,188
2011-11-14,22456,202.0,0.0,14,188
2011-11-15,22456,202.0,0.0,14,188
2011-11-16,22456,194.0,0.0,14,188
2011-11-17,22456,191.0,0.0,14,188
2011-11-18,22456,184.0,184.0,14,188
2011-11-19,22456,184.0,184.0,14,188
2011-11-20,22456,182.0,184.0,14,188
2011-11-21,22456,182.0,184.0,14,188
2011-11-22,22456,181.0,184.0,14,188
2011-11-23,22456,167.0,184.0,14,188
2011-11-24,22456,150.0,184.0,14,188
2011-11-25,22456,126.0,184.0,14,188
2011-11-26,22456,126.0,184.0,14,188
2011-11-27,22456,123.0,184.0,14,188
2011-11-28,22456,118.0,184.0,14,188
2011-11-29,22456,114.0,184.0,14,188
2011-11-30,22456,108.0,184.0,14,188
2011-12-01,22456,107.0,184.0,14,188
2011-12-02,22456,289.0,0.0,14,188
2011-12-03,22456,289.0,0.0,14,188
2011-12-04,22456,289.0,0.0,14,188
2011-12-05,22456,278.0,0.0,14,188
2011-12-06,22456,271.0,0.0,14,188
2011-12-07,22456,271.0,0.0,14,188
2011-12-08,22456,269.0,0.0,14,188
2011-12-09,22456,265.0,0.0,14,188
2011-08-11,22457,175.0,417.0,4,238
2011-08-12,22457,173.0,417.0,4,238
2011-08-13,22457,590.0,0.0,4,238
2011-08-14,22457,576.0,0.0,4,238
2011-08-15,22457,546.0,0.0,4,238
2011-08-16,22457,528.0,0.0,4,238
2011-08-17,22457,504.0,0.0,4,238
2011-08-18,22457,467.0,0.0,4,238
2011-08-19,22457,455.0,0.0,4,238
2011-08-20,22457,455.0,0.0,4,238
2011-08-21,22457,449.0,0.0,4,238
2011-08-22,22457,419.0,0.0,4,238
2011-08-23,22457,401.0,0.0,4,238
2011-08-24,22457,401.0,0.0,4,238
2011-08-25,22457,339.0,0.0,4,238
2011-08-26,22457,315.0,0.0,4,238
2011-08-27,22457,315.0,0.0,4,238
2011-08-28,22457,315.0,0.0,4,238
2011-08-29,22457,315.0,0.0,4,238
2011-08-30,22457,288.0,0.0,4,238
2011-08-31,22457,282.0,0.0,4,238
2011-09-01,22457,214.0,420.0,4,238
2011-09-02,22457,167.0,420.0,4,238
2011-09-03,22457,167.0,420.0,4,238
2011-09-04,22457,167.0,420.0,4,238
2011-09-05,22457,568.0,0.0,4,238
2011-09-06,22457,544.0,0.0,4,238
2011-09-07,22457,522.0,0.0,4,238
2011-09-08,22457,454.0,0.0,4,238
2011-09-09,22457,451.0,0.0,4,238
2011-09-10,22457,451.0,0.0,4,238
2011-09-11,22457,419.0,0.0,4,238
2011-09-12,22457,413.0,0.0,4,238
2011-09-13,22457,375.0,0.0,4,238
2011-09-14,22457,363.0,0.0,4,238
2011-09-15,22457,355.0,0.0,4,238
2011-09-16,22457,330.0,0.0,4,238
2011-09-17,22457,330.0,0.0,4,238
2011-09-18,22457,325.0,0.0,4,238
2011-09-19,22457,319.0,0.0,4,238
2011-09-20,22457,227.0,407.0,4,238
2011-09-21,22457,210.0,407.0,4,238
2011-09-22,22457,191.0,407.0,4,238
2011-09-23,22457,184.0,407.0,4,238
2011-09-24,22457,591.0,0.0,4,238
2011-09-25,22457,566.0,0.0,4,238
2011-09-26,22457,543.0,0.0,4,238
2011-09-27,22457,522.0,0.0,4,238
2011-09-28,22457,476.0,0.0,4,238
2011-09-29,22457,437.0,0.0,4,238
2011-09-30,22457,433.0,0.0,4,238
2011-10-01,22457,433.0,0.0,4,238
2011-10-02,22457,431.0,0.0,4,238
2011-10-03,22457,412.0,0.0,4,238
2011-10-04,22457,357.0,0.0,4,238
2011-10-05,22457,319.0,0.0,4,238
2011-10-06,22457,267.0,0.0,4,238
2011-10-07,22457,223.0,411.0,4,238
2011-10-08,22457,223.0,411.0,4,238
2011-10-09,22457,223.0,411.0,4,238
2011-10-10,22457,205.0,411.0,4,238
2011-10-11,22457,602.0,0.0,4,238
2011-10-12,22457,544.0,0.0,4,238
2011-10-13,22457,504.0,0.0,4,238
2011-10-14,22457,487.0,0.0,4,238
2011-10-15,22457,487.0,0.0,4,238
2011-10-16,22457,463.0,0.0,4,238
2011-10-17,22457,422.0,0.0,4,238
2011-10-18,22457,396.0,0.0,4,238
2011-10-19,22457,317.0,0.0,4,238
2011-10-20,22457,299.0,0.0,4,238
2011-10-21,22457,279.0,0.0,4,238
2011-10-22,22457,279.0,0.0,4,238
2011-10-23,22457,271.0,0.0,4,238
2011-10-24,22457,255.0,0.0,4,238
2011-10-25,22457,255.0,0.0,4,238
2011-10-26,22457,237.0,397.0,4,238
2011-10-27,22457,215.0,397.0,4,238
2011-10-28,22457,149.0,397.0,4,238
2011-10-29,22457,149.0,397.0,4,238
2011-10-30,22457,535.0,0.0,4,238
2011-10-31,22457,506.0,0.0,4,238
2011-11-01,22457,494.0,0.0,4,238
2011-11-02,22457,486.0,0.0,4,238
2011-11-03,22457,457.0,0.0,4,238
2011-11-04,22457,435.0,0.0,4,238
2011-11-05,22457,435.0,0.0,4,238
2011-11-06,22457,396.0,0.0,4,238
2011-11-07,22457,376.0,0.0,4,238
2011-11-08,22457,327.0,0.0,4,238
2011-11-09,22457,297.0,0.0,4,238
2011-11-10,22457,216.0,418.0,4,238
2011-11-11,22457,172.0,418.0,4,238
2011-11-12,22457,172.0,418.0,4,238
2011-11-13,22457,145.0,418.0,4,238
2011-11-14,22457,539.0,0.0,4,238
2011-11-15,22457,500.0,0.0,4,238
2011-11-16,22457,469.0,0.0,4,238
2011-11-17,22457,447.0,0.0,4,238
2011-11-18,22457,408.0,0.0,4,238
2011-11-19,22457,408.0,0.0,4,238
2011-11-20,22457,403.0,0.0,4,238
2011-11-21,22457,397.0,0.0,4,238
2011-11-22,22457,382.0,0.0,4,238
2011-11-23,22457,359.0,0.0,4,238
2011-11-24,22457,306.0,0.0,4,238
2011-11-25,22457,223.0,411.0,4,238
2011-11-26,22457,223.0,411.0,4,238
2011-11-27,22457,209.0,411.0,4,238
2011-11-28,22457,190.0,411.0,4,238
2011-11-29,22457,562.0,0.0,4,238
2011-11-30,22457,533.0,0.0,4,238
2011-12-01,22457,437.0,0.0,4,238
2011-12-02,22457,423.0,0.0,4,238
2011-12-03,22457,423.0,0.0,4,238
2011-12-04,22457,387.0,0.0,4,238
2011-12-05,22457,328.0,0.0,4,238
2011-12-06,22457,315.0,0.0,4,238
2011-12-07,22457,0.0,634.0,4,238
2011-12-08,22457,0.0,634.0,4,238
2011-12-09,22457,0.0,634.0,4,238
2011-08-11,22467,441.0,0.0,9,280
2011-08-12,22467,429.0,0.0,9,280
2011-08-13,22467,429.0,0.0,9,280
2011-08-14,22467,423.0,0.0,9,280
2011-08-15,22467,423.0,0.0,9,280
2011-08-16,22467,415.0,0.0,9,280
2011-08-17,22467,414.0,0.0,9,280
2011-08-18,22467,402.0,0.0,9,280
2011-08-19,22467,372.0,0.0,9,280
2011-08-20,22467,372.0,0.0,9,280
2011-08-21,22467,372.0,0.0,9,280
2011-08-22,22467,367.0,0.0,9,280
2011-08-23,22467,328.0,0.0,9,280
2011-08-24,22467,314.0,0.0,9,280
2011-08-25,22467,313.0,0.0,9,280
2011-08-26,22467,313.0,0.0,9,280
2011-08-27,22467,313.0,0.0,9,280
2011-08-28,22467,309.0,0.0,9,280
2011-08-29,22467,309.0,0.0,9,280
2011-08-30,22467,309.0,0.0,9,280
2011-08-31,22467,303.0,0.0,9,280
2011-09-01,22467,225.0,494.0,9,280
2011-09-02,22467,213.0,494.0,9,280
2011-09-03,22467,213.0,494.0,9,280
2011-09-04,22467,213.0,494.0,9,280
2011-09-05,22467,201.0,494.0,9,280
2011-09-06,22467,189.0,494.0,9,280
2011-09-07,22467,183.0,494.0,9,280
2011-09-08,22467,120.0,494.0,9,280
2011-09-09,22467,115.0,494.0,9,280
2011-09-10,22467,609.0,0.0,9,280
2011-09-11,22467,577.0,0.0,9,280
2011-09-12,22467,561.0,0.0,9,280
2011-09-13,22467,541.0,0.0,9,280
2011-09-14,22467,528.0,0.0,9,280
2011-09-15,22467,528.0,0.0,9,280
2011-09-16,22467,486.0,0.0,9,280
2011-09-17,22467,486.0,0.0,9,280
2011-09-18,22467,481.0,0.0,9,280
2011-09-19,22467,367.0,0.0,9,280
2011-09-20,22467,353.0,0.0,9,280
2011-09-21,22467,278.0,441.0,9,280
2011-09-22,22467,278.0,441.0,9,280
2011-09-23,22467,202.0,441.0,9,280
2011-09-24,22467,202.0,441.0,9,280
2011-09-25,22467,202.0,441.0,9,280
2011-09-26,22467,201.0,441.0,9,280
2011-09-27,22467,85.0,441.0,9,280
2011-09-28,22467,24.0,441.0,9,280
2011-09-29,22467,0.0,441.0,9,280
2011-09-30,22467,435.0,0.0,9,280
2011-10-01,22467,435.0,0.0,9,280
2011-10-02,22467,430.0,0.0,9,280
2011-10-03,22467,424.0,0.0,9,280
2011-10-04,22467,422.0,0.0,9,280
2011-10-05,22467,385.0,0.0,9,280
2011-10-06,22467,336.0,0.0,9,280
2011-10-07,22467,278.0,441.0,9,280
2011-10-08,22467,278.0,441.0,9,280
2011-10-09,22467,278.0,441.0,9,280
2011-10-10,22467,269.0,441.0,9,280
2011-10-11,22467,263.0,441.0,9,280
2011-10-12,22467,219.0,441.0,9,280
2011-10-13,22467,192.0,441.0,9,280
2011-10-14,22467,183.0,441.0,9,280
2011-10-15,22467,183.0,441.0,9,280
2011-10-16,22467,622.0,0.0,9,280
2011-10-17,22467,617.0,0.0,9,280
2011-10-18,22467,596.0,0.0,9,280
2011-10-19,22467,546.0,0.0,9,280
2011-10-20,22467,522.0,0.0,9,280
2011-10-21,22467,522.0,0.0,9,280
2011-10-22,22467,522.0,0.0,9,280
2011-10-23,22467,517.0,0.0,9,280
2011-10-24,22467,514.0,0.0,9,280
2011-10-25,22467,514.0,0.0,9,280
2011-10-26,22467,513.0,0.0,9,280
2011-10-27,22467,170.0,549.0,9,280
2011-10-28,22467,146.0,549.0,9,280
2011-10-29,22467,146.0,549.0,9,280
2011-10-30,22467,122.0,549.0,9,280
2011-10-31,22467,63.0,549.0,9,280
2011-11-01,22467,27.0,549.0,9,280
2011-11-02,22467,0.0,549.0,9,280
2011-11-03,22467,0.0,549.0,9,280
2011-11-04,22467,0.0,549.0,9,280
2011-11-05,22467,549.0,0.0,9,280
2011-11-06,22467,541.0,0.0,9,280
2011-11-07,22467,488.0,0.0,9,280
2011-11-08,22467,474.0,0.0,9,280
2011-11-09,22467,462.0,0.0,9,280
2011-11-10,22467,401.0,0.0,9,280
2011-11-11,22467,392.0,0.0,9,280
2011-11-12,22467,392.0,0.0,9,280
2011-11-13,22467,388.0,0.0,9,280
2011-11-14,22467,369.0,0.0,9,280
2011-11-15,22467,354.0,0.0,9,280
2011-11-16,22467,346.0,0.0,9,280
2011-11-17,22467,303.0,0.0,9,280
2011-11-18,22467,228.0,491.0,9,280
2011-11-19,22467,228.0,491.0,9,280
2011-11-20,22467,215.0,491.0,9,280
2011-11-21,22467,208.0,491.0,9,280
2011-11-22,22467,114.0,491.0,9,280
2011-11-23,22467,105.0,491.0,9,280
2011-11-24,22467,58.0,491.0,9,280
2011-11-25,22467,2.0,491.0,9,280
2011-11-26,22467,2.0,491.0,9,280
2011-11-27,22467,482.0,0.0,9,280
2011-11-28,22467,470.0,0.0,9,280
2011-11-29,22467,350.0,0.0,9,280
2011-11-30,22467,348.0,0.0,9,280
2011-12-01,22467,307.0,0.0,9,280
2011-12-02,22467,256.0,463.0,9,280
2011-12-03,22467,256.0,463.0,9,280
2011-12-04,22467,236.0,463.0,9,280
2011-12-05,22467,204.0,463.0,9,280
2011-12-06,22467,160.0,463.0,9,280
2011-12-07,22467,73.0,463.0,9,280
2011-12-08,22467,73.0,463.0,9,280
2011-12-09,22467,66.0,463.0,9,280
2011-08-11,22469,843.0,646.0,14,1004
2011-08-12,22469,830.0,646.0,14,1004
2011-08-13,22469,830.0,646.0,14,1004
2011-08-14,22469,830.0,646.0,14,1004
2011-08-15,22469,818.0,646.0,14,1004
2011-08-16,22469,806.0,646.0,14,1004
2011-08-17,22469,794.0,646.0,14,1004
2011-08-18,22469,768.0,646.0,14,1004
2011-08-19,22469,1402.0,0.0,14,1004
2011-08-20,22469,1402.0,0.0,14,1004
2011-08-21,22469,1398.0,0.0,14,1004
2011-08-22,22469,1362.0,0.0,14,1004
2011-08-23,22469,1350.0,0.0,14,1004
2011-08-24,22469,1305.0,0.0,14,1004
2011-08-25,22469,1293.0,0.0,14,1004
2011-08-26,22469,1281.0,0.0,14,1004
2011-08-27,22469,1281.0,0.0,14,1004
2011-08-28,22469,1281.0,0.0,14,1004
2011-08-29,22469,1281.0,0.0,14,1004
2011-08-30,22469,1225.0,0.0,14,1004
2011-08-31,22469,1224.0,0.0,14,1004
2011-09-01,22469,1168.0,0.0,14,1004
2011-09-02,22469,1153.0,0.0,14,1004
2011-09-03,22469,1153.0,0.0,14,1004
2011-09-04,22469,1151.0,0.0,14,1004
2011-09-05,22469,1124.0,0.0,14,1004
2011-09-06,22469,1088.0,0.0,14,1004
2011-09-07,22469,1057.0,0.0,14,1004
2011-09-08,22469,1040.0,0.0,14,1004
2011-09-09,22469,972.0,650.0,14,1004
2011-09-10,22469,972.0,650.0,14,1004
2011-09-11,22469,914.0,650.0,14,1004
2011-09-12,22469,842.0,650.0,14,1004
2011-09-13,22469,701.0,650.0,14,1004
2011-09-14,22469,649.0,650.0,14,1004
2011-09-15,22469,572.0,650.0,14,1004
2011-09-16,22469,558.0,650.0,14,1004
2011-09-17,22469,558.0,650.0,14,1004
2011-09-18,22469,555.0,650.0,14,1004
2011-09-19,22469,550.0,650.0,14,1004
2011-09-20,22469,0.0,1622.0,14,1004
2011-09-21,22469,0.0,1622.0,14,1004
2011-09-22,22469,0.0,1622.0,14,1004
2011-09-23,22469,632.0,972.0,14,1004
2011-09-24,22469,632.0,972.0,14,1004
2011-09-25,22469,593.0,972.0,14,1004
2011-09-26,22469,580.0,972.0,14,1004
2011-09-27,22469,556.0,972.0,14,1004
2011-09-28,22469,476.0,972.0,14,1004
2011-09-29,22469,423.0,972.0,14,1004
2011-09-30,22469,394.0,972.0,14,1004
2011-10-01,22469,394.0,972.0,14,1004
2011-10-02,22469,367.0,972.0,14,1004
2011-10-03,22469,214.0,972.0,14,1004
2011-10-04,22469,1169.0,0.0,14,1004
2011-10-05,22469,1118.0,0.0,14,1004
2011-10-06,22469,1103.0,0.0,14,1004
2011-10-07,22469,1091.0,0.0,14,1004
2011-10-08,22469,1091.0,0.0,14,1004
2011-10-09,22469,1085.0,0.0,14,1004
2011-10-10,22469,1085.0,0.0,14,1004
2011-10-11,22469,1061.0,0.0,14,1004
2011-10-12,22469,1055.0,0.0,14,1004
2011-10-13,22469,1054.0,0.0,14,1004
2011-10-14,22469,1028.0,0.0,14,1004
2011-10-15,22469,1028.0,0.0,14,1004
2011-10-16,22469,998.0,624.0,14,1004
2011-10-17,22469,952.0,624.0,14,1004
2011-10-18,22469,924.0,624.0,14,1004
2011-10-19,22469,907.0,624.0,14,1004
2011-10-20,22469,842.0,624.0,14,1004
2011-10-21,22469,680.0,624.0,14,1004
2011-10-22,22469,680.0,624.0,14,1004
2011-10-23,22469,663.0,624.0,14,1004
2011-10-24,22469,591.0,624.0,14,1004
2011-10-25,22469,574.0,624.0,14,1004
2011-10-26,22469,513.0,624.0,14,1004
2011-10-27,22469,454.0,624.0,14,1004
2011-10-28,22469,426.0,624.0,14,1004
2011-10-29,22469,426.0,624.0,14,1004
2011-10-30,22469,904.0,0.0,14,1004
2011-10-31,22469,868.0,754.0,14,1004
2011-11-01,22469,806.0,754.0,14,1004
2011-11-02,22469,791.0,754.0,14,1004
2011-11-03,22469,95.0,1527.0,14,1004
2011-11-04,22469,0.0,1527.0,14,1004
2011-11-05,22469,0.0,1527.0,14,1004
2011-11-06,22469,0.0,1527.0,14,1004
2011-11-07,22469,0.0,1527.0,14,1004
2011-11-08,22469,0.0,1527.0,14,1004
2011-11-09,22469,0.0,1527.0,14,1004
2011-11-10,22469,0.0,1527.0,14,1004
2011-11-11,22469,0.0,1527.0,14,1004
2011-11-12,22469,0.0,1527.0,14,1004
2011-11-13,22469,0.0,1527.0,14,1004
2011-11-14,22469,635.0,773.0,14,1004
2011-11-15,22469,618.0,773.0,14,1004
2011-11-16,22469,570.0,773.0,14,1004
2011-11-17,22469,1309.0,0.0,14,1004
2011-11-18,22469,1220.0,0.0,14,1004
2011-11-19,22469,1220.0,0.0,14,1004
2011-11-20,22469,1166.0,0.0,14,1004
2011-11-21,22469,1166.0,0.0,14,1004
2011-11-22,22469,1118.0,0.0,14,1004
2011-11-23,22469,1037.0,0.0,14,1004
2011-11-24,22469,1018.0,0.0,14,1004
2011-11-25,22469,1012.0,0.0,14,1004
2011-11-26,22469,1012.0,0.0,14,1004
2011-11-27,22469,1004.0,618.0,14,1004
2011-11-28,22469,349.0,1273.0,14,1004
2011-11-29,22469,309.0,1273.0,14,1004
2011-11-30,22469,264.0,1273.0,14,1004
2011-12-01,22469,230.0,1273.0,14,1004
2011-12-02,22469,204.0,1273.0,14,1004
2011-12-03,22469,204.0,1273.0,14,1004
2011-12-04,22469,195.0,1273.0,14,1004
2011-12-05,22469,143.0,1273.0,14,1004
2011-12-06,22469,131.0,1273.0,14,1004
2011-12-07,22469,127.0,1273.0,14,1004
2011-12-08,22469,115.0,1273.0,14,1004
2011-12-09,22469,102.0,1273.0,14,1004
2011-08-11,22470,812.0,0.0,14,601
2011-08-12,22470,792.0,0.0,14,601
2011-08-13,22470,792.0,0.0,14,601
2011-08-14,22470,780.0,0.0,14,601
2011-08-15,22470,774.0,0.0,14,601
2011-08-16,22470,770.0,0.0,14,601
2011-08-17,22470,747.0,0.0,14,601
2011-08-18,22470,747.0,0.0,14,601
2011-08-19,22470,747.0,0.0,14,601
2011-08-20,22470,747.0,0.0,14,601
2011-08-21,22470,743.0,0.0,14,601
2011-08-22,22470,719.0,0.0,14,601
2011-08-23,22470,696.0,0.0,14,601
2011-08-24,22470,695.0,0.0,14,601
2011-08-25,22470,686.0,0.0,14,601
2011-08-26,22470,686.0,0.0,14,601
2011-08-27,22470,686.0,0.0,14,601
2011-08-28,22470,675.0,0.0,14,601
2011-08-29,22470,675.0,0.0,14,601
2011-08-30,22470,656.0,0.0,14,601
2011-08-31,22470,650.0,0.0,14,601
2011-09-01,22470,618.0,0.0,14,601
2011-09-02,22470,615.0,0.0,14,601
2011-09-03,22470,615.0,0.0,14,601
2011-09-04,22470,613.0,0.0,14,601
2011-09-05,22470,600.0,344.0,14,601
2011-09-06,22470,600.0,344.0,14,601
2011-09-07,22470,588.0,344.0,14,601
2011-09-08,22470,579.0,344.0,14,601
2011-09-09,22470,562.0,344.0,14,601
2011-09-10,22470,562.0,344.0,14,601
2011-09-11,22470,549.0,344.0,14,601
2011-09-12,22470,526.0,344.0,14,601
2011-09-13,22470,514.0,344.0,14,601
2011-09-14,22470,514.0,344.0,14,601
2011-09-15,22470,488.0,344.0,14,601
2011-09-16,22470,470.0,344.0,14,601
2011-09-17,22470,470.0,344.0,14,601
2011-09-18,22470,382.0,344.0,14,601
2011-09-19,22470,712.0,0.0,14,601
2011-09-20,22470,40.0,904.0,14,601
2011-09-21,22470,28.0,904.0,14,601
2011-09-22,22470,6.0,904.0,14,601
2011-09-23,22470,0.0,904.0,14,601
2011-09-24,22470,0.0,904.0,14,601
2011-09-25,22470,0.0,904.0,14,601
2011-09-26,22470,0.0,904.0,14,601
2011-09-27,22470,0.0,904.0,14,601
2011-09-28,22470,0.0,904.0,14,601
2011-09-29,22470,0.0,904.0,14,601
2011-09-30,22470,0.0,904.0,14,601
2011-10-01,22470,0.0,904.0,14,601
2011-10-02,22470,0.0,904.0,14,601
2011-10-03,22470,0.0,904.0,14,601
2011-10-04,22470,875.0,0.0,14,601
2011-10-05,22470,852.0,0.0,14,601
2011-10-06,22470,823.0,0.0,14,601
2011-10-07,22470,803.0,0.0,14,601
2011-10-08,22470,803.0,0.0,14,601
2011-10-09,22470,803.0,0.0,14,601
2011-10-10,22470,786.0,0.0,14,601
2011-10-11,22470,773.0,0.0,14,601
2011-10-12,22470,766.0,0.0,14,601
2011-10-13,22470,751.0,0.0,14,601
2011-10-14,22470,733.0,0.0,14,601
2011-10-15,22470,733.0,0.0,14,601
2011-10-16,22470,710.0,0.0,14,601
2011-10-17,22470,672.0,0.0,14,601
2011-10-18,22470,661.0,0.0,14,601
2011-10-19,22470,645.0,0.0,14,601
2011-10-20,22470,643.0,0.0,14,601
2011-10-21,22470,643.0,0.0,14,601
2011-10-22,22470,643.0,0.0,14,601
2011-10-23,22470,630.0,0.0,14,601
2011-10-24,22470,588.0,356.0,14,601
2011-10-25,22470,586.0,356.0,14,601
2011-10-26,22470,580.0,356.0,14,601
2011-10-27,22470,565.0,356.0,14,601
2011-10-28,22470,529.0,356.0,14,601
2011-10-29,22470,529.0,356.0,14,601
2011-10-30,22470,468.0,356.0,14,601
2011-10-31,22470,438.0,356.0,14,601
2011-11-01,22470,417.0,356.0,14,601
2011-11-02,22470,399.0,356.0,14,601
2011-11-03,22470,144.0,800.0,14,601
2011-11-04,22470,9.0,800.0,14,601
2011-11-05,22470,9.0,800.0,14,601
2011-11-06,22470,0.0,800.0,14,601
2011-11-07,22470,297.0,444.0,14,601
2011-11-08,22470,273.0,444.0,14,601
2011-11-09,22470,267.0,444.0,14,601
2011-11-10,22470,216.0,444.0,14,601
2011-11-11,22470,207.0,444.0,14,601
2011-11-12,22470,207.0,444.0,14,601
2011-11-13,22470,186.0,444.0,14,601
2011-11-14,22470,180.0,444.0,14,601
2011-11-15,22470,153.0,791.0,14,601
2011-11-16,22470,129.0,791.0,14,601
2011-11-17,22470,565.0,347.0,14,601
2011-11-18,22470,546.0,347.0,14,601
2011-11-19,22470,546.0,347.0,14,601
2011-11-20,22470,529.0,347.0,14,601
2011-11-21,22470,507.0,347.0,14,601
2011-11-22,22470,404.0,347.0,14,601
2011-11-23,22470,385.0,347.0,14,601
2011-11-24,22470,384.0,347.0,14,601
2011-11-25,22470,377.0,347.0,14,601
2011-11-26,22470,377.0,347.0,14,601
2011-11-27,22470,374.0,347.0,14,601
2011-11-28,22470,0.0,944.0,14,601
2011-11-29,22470,321.0,597.0,14,601
2011-11-30,22470,307.0,597.0,14,601
2011-12-01,22470,284.0,597.0,14,601
2011-12-02,22470,265.0,597.0,14,601
2011-12-03,22470,265.0,597.0,14,601
2011-12-04,22470,265.0,597.0,14,601
2011-12-05,22470,240.0,597.0,14,601
2011-12-06,22470,225.0,597.0,14,601
2011-12-07,22470,209.0,597.0,14,601
2011-12-08,22470,203.0,597.0,14,601
2011-12-09,22470,203.0,597.0,14,601
2011-08-11,22492,2152.0,0.0,12,1614
2011-08-12,22492,2116.0,0.0,12,1614
2011-08-13,22492,2116.0,0.0,12,1614
2011-08-14,22492,2080.0,0.0,12,1614
2011-08-15,22492,2044.0,0.0,12,1614
2011-08-16,22492,1936.0,0.0,12,1614
2011-08-17,22492,1936.0,0.0,12,1614
2011-08-18,22492,1324.0,2057.0,12,1614
2011-08-19,22492,1324.0,2057.0,12,1614
2011-08-20,22492,1324.0,2057.0,12,1614
2011-08-21,22492,1288.0,2057.0,12,1614
2011-08-22,22492,1252.0,2057.0,12,1614
2011-08-23,22492,1216.0,2057.0,12,1614
2011-08-24,22492,1108.0,2057.0,12,1614
2011-08-25,22492,1072.0,2057.0,12,1614
2011-08-26,22492,1036.0,2057.0,12,1614
2011-08-27,22492,1036.0,2057.0,12,1614
2011-08-28,22492,964.0,2057.0,12,1614
2011-08-29,22492,964.0,2057.0,12,1614
2011-08-30,22492,3019.0,0.0,12,1614
2011-08-31,22492,3019.0,0.0,12,1614
2011-09-01,22492,1795.0,0.0,12,1614
2011-09-02,22492,1793.0,0.0,12,1614
2011-09-03,22492,1793.0,0.0,12,1614
2011-09-04,22492,1685.0,0.0,12,1614
2011-09-05,22492,1649.0,0.0,12,1614
2011-09-06,22492,1649.0,0.0,12,1614
2011-09-07,22492,1611.0,1770.0,12,1614
2011-09-08,22492,1565.0,1770.0,12,1614
2011-09-09,22492,1529.0,1770.0,12,1614
2011-09-10,22492,1529.0,1770.0,12,1614
2011-09-11,22492,1493.0,1770.0,12,1614
2011-09-12,22492,1313.0,1770.0,12,1614
2011-09-13,22492,664.0,1770.0,12,1614
2011-09-14,22492,628.0,1770.0,12,1614
2011-09-15,22492,592.0,1770.0,12,1614
2011-09-16,22492,556.0,1770.0,12,1614
2011-09-17,22492,556.0,1770.0,12,1614
2011-09-18,22492,556.0,1770.0,12,1614
2011-09-19,22492,2290.0,0.0,12,1614
2011-09-20,22492,2254.0,0.0,12,1614
2011-09-21,22492,2143.0,0.0,12,1614
2011-09-22,22492,2030.0,0.0,12,1614
2011-09-23,22492,2028.0,0.0,12,1614
2011-09-24,22492,2028.0,0.0,12,1614
2011-09-25,22492,1992.0,0.0,12,1614
2011-09-26,22492,1885.0,0.0,12,1614
2011-09-27,22492,1848.0,0.0,12,1614
2011-09-28,22492,1812.0,0.0,12,1614
2011-09-29,22492,1704.0,0.0,12,1614
2011-09-30,22492,1452.0,1929.0,12,1614
2011-10-01,22492,1452.0,1929.0,12,1614
2011-10-02,22492,1452.0,1929.0,12,1614
2011-10-03,22492,1448.0,1929.0,12,1614
2011-10-04,22492,872.0,1929.0,12,1614
2011-10-05,22492,872.0,1929.0,12,1614
2011-10-06,22492,692.0,1929.0,12,1614
2011-10-07,22492,692.0,1929.0,12,1614
2011-10-08,22492,692.0,1929.0,12,1614
2011-10-09,22492,692.0,1929.0,12,1614
2011-10-10,22492,620.0,1929.0,12,1614
2011-10-11,22492,579.0,1929.0,12,1614
2011-10-12,22492,2508.0,0.0,12,1614
2011-10-13,22492,2472.0,0.0,12,1614
2011-10-14,22492,2400.0,0.0,12,1614
2011-10-15,22492,2400.0,0.0,12,1614
2011-10-16,22492,2400.0,0.0,12,1614
2011-10-17,22492,1822.0,0.0,12,1614
2011-10-18,22492,1750.0,0.0,12,1614
2011-10-19,22492,1678.0,0.0,12,1614
2011-10-20,22492,1066.0,2315.0,12,1614
2011-10-21,22492,1066.0,2315.0,12,1614
2011-10-22,22492,1066.0,2315.0,12,1614
2011-10-23,22492,1066.0,2315.0,12,1614
2011-10-24,22492,994.0,2315.0,12,1614
2011-10-25,22492,670.0,2315.0,12,1614
2011-10-26,22492,670.0,2315.0,12,1614
2011-10-27,22492,562.0,2315.0,12,1614
2011-10-28,22492,310.0,2315.0,12,1614
2011-10-29,22492,310.0,2315.0,12,1614
2011-10-30,22492,274.0,2315.0,12,1614
2011-10-31,22492,202.0,2315.0,12,1614
2011-11-01,22492,2481.0,0.0,12,1614
2011-11-02,22492,2441.0,0.0,12,1614
2011-11-03,22492,2441.0,0.0,12,1614
2011-11-04,22492,2399.0,0.0,12,1614
2011-11-05,22492,2399.0,0.0,12,1614
2011-11-06,22492,2363.0,0.0,12,1614
2011-11-07,22492,2156.0,0.0,12,1614
2011-11-08,22492,1987.0,0.0,12,1614
2011-11-09,22492,1913.0,0.0,12,1614
2011-11-10,22492,725.0,2656.0,12,1614
2011-11-11,22492,651.0,2656.0,12,1614
2011-11-12,22492,651.0,2656.0,12,1614
2011-11-13,22492,651.0,2656.0,12,1614
2011-11-14,22492,230.0,2656.0,12,1614
2011-11-15,22492,228.0,2656.0,12,1614
2011-11-16,22492,192.0,2656.0,12,1614
2011-11-17,22492,84.0,2656.0,12,1614
2011-11-18,22492,8.0,2656.0,12,1614
2011-11-19,22492,8.0,2656.0,12,1614
2011-11-20,22492,0.0,2656.0,12,1614
2011-11-21,22492,0.0,2656.0,12,1614
2011-11-22,22492,2618.0,0.0,12,1614
2011-11-23,22492,2476.0,0.0,12,1614
2011-11-24,22492,2404.0,0.0,12,1614
2011-11-25,22492,2367.0,0.0,12,1614
2011-11-26,22492,2367.0,0.0,12,1614
2011-11-27,22492,2367.0,0.0,12,1614
2011-11-28,22492,2330.0,0.0,12,1614
2011-11-29,22492,2253.0,0.0,12,1614
2011-11-30,22492,2138.0,0.0,12,1614
2011-12-01,22492,2102.0,0.0,12,1614
2011-12-02,22492,2066.0,0.0,12,1614
2011-12-03,22492,2066.0,0.0,12,1614
2011-12-04,22492,2066.0,0.0,12,1614
2011-12-05,22492,2062.0,0.0,12,1614
2011-12-06,22492,2026.0,0.0,12,1614
2011-12-07,22492,1918.0,0.0,12,1614
2011-12-08,22492,1846.0,0.0,12,1614
2011-12-09,22492,1846.0,0.0,12,1614
2011-08-11,22499,249.0,0.0,8,165
2011-08-12,22499,249.0,0.0,8,165
2011-08-13,22499,249.0,0.0,8,165
2011-08-14,22499,249.0,0.0,8,165
2011-08-15,22499,237.0,0.0,8,165
2011-08-16,22499,231.0,0.0,8,165
2011-08-17,22499,231.0,0.0,8,165
2011-08-18,22499,231.0,0.0,8,165
2011-08-19,22499,231.0,0.0,8,165
2011-08-20,22499,231.0,0.0,8,165
2011-08-21,22499,231.0,0.0,8,165
2011-08-22,22499,230.0,0.0,8,165
2011-08-23,22499,227.0,0.0,8,165
2011-08-24,22499,226.0,0.0,8,165
2011-08-25,22499,226.0,0.0,8,165
2011-08-26,22499,226.0,0.0,8,165
2011-08-27,22499,226.0,0.0,8,165
2011-08-28,22499,225.0,0.0,8,165
2011-08-29,22499,225.0,0.0,8,165
2011-08-30,22499,225.0,0.0,8,165
2011-08-31,22499,225.0,0.0,8,165
2011-09-01,22499,225.0,0.0,8,165
2011-09-02,22499,224.0,0.0,8,165
2011-09-03,22499,224.0,0.0,8,165
2011-09-04,22499,224.0,0.0,8,165
2011-09-05,22499,224.0,0.0,8,165
2011-09-06,22499,224.0,0.0,8,165
2011-09-07,22499,224.0,0.0,8,165
2011-09-08,22499,222.0,0.0,8,165
2011-09-09,22499,222.0,0.0,8,165
2011-09-10,22499,222.0,0.0,8,165
2011-09-11,22499,217.0,0.0,8,165
2011-09-12,22499,216.0,0.0,8,165
2011-09-13,22499,214.0,0.0,8,165
2011-09-14,22499,214.0,0.0,8,165
2011-09-15,22499,214.0,0.0,8,165
2011-09-16,22499,214.0,0.0,8,165
2011-09-17,22499,214.0,0.0,8,165
2011-09-18,22499,213.0,0.0,8,165
2011-09-19,22499,207.0,0.0,8,165
2011-09-20,22499,207.0,0.0,8,165
2011-09-21,22499,207.0,0.0,8,165
2011-09-22,22499,207.0,0.0,8,165
2011-09-23,22499,207.0,0.0,8,165
2011-09-24,22499,207.0,0.0,8,165
2011-09-25,22499,203.0,0.0,8,165
2011-09-26,22499,203.0,0.0,8,165
2011-09-27,22499,198.0,0.0,8,165
2011-09-28,22499,197.0,0.0,8,165
2011-09-29,22499,197.0,0.0,8,165
2011-09-30,22499,197.0,0.0,8,165
2011-10-01,22499,197.0,0.0,8,165
2011-10-02,22499,197.0,0.0,8,165
2011-10-03,22499,197.0,0.0,8,165
2011-10-04,22499,197.0,0.0,8,165
2011-10-05,22499,196.0,0.0,8,165
2011-10-06,22499,196.0,0.0,8,165
2011-10-07,22499,196.0,0.0,8,165
2011-10-08,22499,196.0,0.0,8,165
2011-10-09,22499,196.0,0.0,8,165
2011-10-10,22499,196.0,0.0,8,165
2011-10-11,22499,193.0,0.0,8,165
2011-10-12,22499,193.0,0.0,8,165
2011-10-13,22499,192.0,0.0,8,165
2011-10-14,22499,192.0,0.0,8,165
2011-10-15,22499,192.0,0.0,8,165
2011-10-16,22499,192.0,0.0,8,165
2011-10-17,22499,188.0,0.0,8,165
2011-10-18,22499,183.0,0.0,8,165
2011-10-19,22499,181.0,0.0,8,165
2011-10-20,22499,181.0,0.0,8,165
2011-10-21,22499,181.0,0.0,8,165
2011-10-22,22499,181.0,0.0,8,165
2011-10-23,22499,181.0,0.0,8,165
2011-10-24,22499,181.0,0.0,8,165
2011-10-25,22499,181.0,0.0,8,165
2011-10-26,22499,180.0,0.0,8,165
2011-10-27,22499,180.0,0.0,8,165
2011-10-28,22499,180.0,0.0,8,165
2011-10-29,22499,180.0,0.0,8,165
2011-10-30,22499,180.0,0.0,8,165
2011-10-31,22499,176.0,0.0,8,165
2011-11-01,22499,176.0,0.0,8,165
2011-11-02,22499,174.0,0.0,8,165
2011-11-03,22499,174.0,0.0,8,165
2011-11-04,22499,174.0,0.0,8,165
2011-11-05,22499,174.0,0.0,8,165
2011-11-06,22499,174.0,0.0,8,165
2011-11-07,22499,174.0,0.0,8,165
2011-11-08,22499,170.0,0.0,8,165
2011-11-09,22499,167.0,0.0,8,165
2011-11-10,22499,167.0,0.0,8,165
2011-11-11,22499,167.0,0.0,8,165
2011-11-12,22499,167.0,0.0,8,165
2011-11-13,22499,166.0,0.0,8,165
2011-11-14,22499,164.0,240.0,8,165
2011-11-15,22499,161.0,240.0,8,165
2011-11-16,22499,156.0,240.0,8,165
2011-11-17,22499,156.0,240.0,8,165
2011-11-18,22499,156.0,240.0,8,165
2011-11-19,22499,156.0,240.0,8,165
2011-11-20,22499,153.0,240.0,8,165
2011-11-21,22499,150.0,240.0,8,165
2011-11-22,22499,388.0,0.0,8,165
2011-11-23,22499,384.0,0.0,8,165
2011-11-24,22499,382.0,0.0,8,165
2011-11-25,22499,380.0,0.0,8,165
2011-11-26,22499,380.0,0.0,8,165
2011-11-27,22499,379.0,0.0,8,165
2011-11-28,22499,379.0,0.0,8,165
2011-11-29,22499,376.0,0.0,8,165
2011-11-30,22499,370.0,0.0,8,165
2011-12-01,22499,370.0,0.0,8,165
2011-12-02,22499,370.0,0.0,8,165
2011-12-03,22499,370.0,0.0,8,165
2011-12-04,22499,358.0,0.0,8,165
2011-12-05,22499,353.0,0.0,8,165
2011-12-06,22499,350.0,0.0,8,165
2011-12-07,22499,347.0,0.0,8,165
2011-12-08,22499,347.0,0.0,8,165
2011-12-09,22499,347.0,0.0,8,165
2011-08-11,22501,337.0,0.0,12,194
2011-08-12,22501,336.0,0.0,12,194
2011-08-13,22501,336.0,0.0,12,194
2011-08-14,22501,336.0,0.0,12,194
2011-08-15,22501,336.0,0.0,12,194
2011-08-16,22501,336.0,0.0,12,194
2011-08-17,22501,331.0,0.0,12,194
2011-08-18,22501,331.0,0.0,12,194
2011-08-19,22501,331.0,0.0,12,194
2011-08-20,22501,331.0,0.0,12,194
2011-08-21,22501,331.0,0.0,12,194
2011-08-22,22501,331.0,0.0,12,194
2011-08-23,22501,331.0,0.0,12,194
2011-08-24,22501,331.0,0.0,12,194
2011-08-25,22501,331.0,0.0,12,194
2011-08-26,22501,331.0,0.0,12,194
2011-08-27,22501,331.0,0.0,12,194
2011-08-28,22501,331.0,0.0,12,194
2011-08-29,22501,331.0,0.0,12,194
2011-08-30,22501,329.0,0.0,12,194
2011-08-31,22501,329.0,0.0,12,194
2011-09-01,22501,329.0,0.0,12,194
2011-09-02,22501,327.0,0.0,12,194
2011-09-03,22501,327.0,0.0,12,194
2011-09-04,22501,327.0,0.0,12,194
2011-09-05,22501,327.0,0.0,12,194
2011-09-06,22501,327.0,0.0,12,194
2011-09-07,22501,326.0,0.0,12,194
2011-09-08,22501,326.0,0.0,12,194
2011-09-09,22501,326.0,0.0,12,194
2011-09-10,22501,326.0,0.0,12,194
2011-09-11,22501,326.0,0.0,12,194
2011-09-12,22501,326.0,0.0,12,194
2011-09-13,22501,325.0,0.0,12,194
2011-09-14,22501,325.0,0.0,12,194
2011-09-15,22501,325.0,0.0,12,194
2011-09-16,22501,324.0,0.0,12,194
2011-09-17,22501,324.0,0.0,12,194
2011-09-18,22501,324.0,0.0,12,194
2011-09-19,22501,324.0,0.0,12,194
2011-09-20,22501,322.0,0.0,12,194
2011-09-21,22501,322.0,0.0,12,194
2011-09-22,22501,322.0,0.0,12,194
2011-09-23,22501,322.0,0.0,12,194
2011-09-24,22501,322.0,0.0,12,194
2011-09-25,22501,322.0,0.0,12,194
2011-09-26,22501,322.0,0.0,12,194
2011-09-27,22501,322.0,0.0,12,194
2011-09-28,22501,321.0,0.0,12,194
2011-09-29,22501,321.0,0.0,12,194
2011-09-30,22501,321.0,0.0,12,194
2011-10-01,22501,321.0,0.0,12,194
2011-10-02,22501,321.0,0.0,12,194
2011-10-03,22501,321.0,0.0,12,194
2011-10-04,22501,320.0,0.0,12,194
2011-10-05,22501,320.0,0.0,12,194
2011-10-06,22501,320.0,0.0,12,194
2011-10-07,22501,320.0,0.0,12,194
2011-10-08,22501,320.0,0.0,12,194
2011-10-09,22501,291.0,0.0,12,194
2011-10-10,22501,289.0,0.0,12,194
2011-10-11,22501,289.0,0.0,12,194
2011-10-12,22501,289.0,0.0,12,194
2011-10-13,22501,288.0,0.0,12,194
2011-10-14,22501,288.0,0.0,12,194
2011-10-15,22501,288.0,0.0,12,194
2011-10-16,22501,288.0,0.0,12,194
2011-10-17,22501,278.0,0.0,12,194
2011-10-18,22501,278.0,0.0,12,194
2011-10-19,22501,278.0,0.0,12,194
2011-10-20,22501,278.0,0.0,12,194
2011-10-21,22501,278.0,0.0,12,194
2011-10-22,22501,278.0,0.0,12,194
2011-10-23,22501,278.0,0.0,12,194
2011-10-24,22501,278.0,0.0,12,194
2011-10-25,22501,278.0,0.0,12,194
2011-10-26,22501,276.0,0.0,12,194
2011-10-27,22501,276.0,0.0,12,194
2011-10-28,22501,276.0,0.0,12,194
2011-10-29,22501,276.0,0.0,12,194
2011-10-30,22501,276.0,0.0,12,194
2011-10-31,22501,276.0,0.0,12,194
2011-11-01,22501,273.0,0.0,12,194
2011-11-02,22501,273.0,0.0,12,194
2011-11-03,22501,272.0,0.0,12,194
2011-11-04,22501,272.0,0.0,12,194
2011-11-05,22501,272.0,0.0,12,194
2011-11-06,22501,260.0,0.0,12,194
2011-11-07,22501,260.0,0.0,12,194
2011-11-08,22501,260.0,0.0,12,194
2011-11-09,22501,260.0,0.0,12,194
2011-11-10,22501,260.0,0.0,12,194
2011-11-11,22501,260.0,0.0,12,194
2011-11-12,22501,260.0,0.0,12,194
2011-11-13,22501,260.0,0.0,12,194
2011-11-14,22501,260.0,0.0,12,194
2011-11-15,22501,260.0,0.0,12,194
2011-11-16,22501,260.0,0.0,12,194
2011-11-17,22501,260.0,0.0,12,194
2011-11-18,22501,260.0,0.0,12,194
2011-11-19,22501,260.0,0.0,12,194
2011-11-20,22501,260.0,0.0,12,194
2011-11-21,22501,260.0,0.0,12,194
2011-11-22,22501,260.0,0.0,12,194
2011-11-23,22501,260.0,0.0,12,194
2011-11-24,22501,260.0,0.0,12,194
2011-11-25,22501,260.0,0.0,12,194
2011-11-26,22501,260.0,0.0,12,194
2011-11-27,22501,260.0,0.0,12,194
2011-11-28,22501,260.0,0.0,12,194
2011-11-29,22501,260.0,0.0,12,194
2011-11-30,22501,260.0,0.0,12,194
2011-12-01,22501,260.0,0.0,12,194
2011-12-02,22501,260.0,0.0,12,194
2011-12-03,22501,260.0,0.0,12,194
2011-12-04,22501,260.0,0.0,12,194
2011-12-05,22501,260.0,0.0,12,194
2011-12-06,22501,260.0,0.0,12,194
2011-12-07,22501,260.0,0.0,12,194
2011-12-08,22501,260.0,0.0,12,194
2011-12-09,22501,260.0,0.0,12,194
2011-08-11,22502,229.0,0.0,4,122
2011-08-12,22502,229.0,0.0,4,122
2011-08-13,22502,229.0,0.0,4,122
2011-08-14,22502,229.0,0.0,4,122
2011-08-15,22502,229.0,0.0,4,122
2011-08-16,22502,229.0,0.0,4,122
2011-08-17,22502,225.0,0.0,4,122
2011-08-18,22502,223.0,0.0,4,122
2011-08-19,22502,223.0,0.0,4,122
2011-08-20,22502,223.0,0.0,4,122
2011-08-21,22502,222.0,0.0,4,122
2011-08-22,22502,221.0,0.0,4,122
2011-08-23,22502,221.0,0.0,4,122
2011-08-24,22502,220.0,0.0,4,122
2011-08-25,22502,220.0,0.0,4,122
2011-08-26,22502,220.0,0.0,4,122
2011-08-27,22502,220.0,0.0,4,122
2011-08-28,22502,220.0,0.0,4,122
2011-08-29,22502,220.0,0.0,4,122
2011-08-30,22502,220.0,0.0,4,122
2011-08-31,22502,219.0,0.0,4,122
2011-09-01,22502,217.0,0.0,4,122
2011-09-02,22502,217.0,0.0,4,122
2011-09-03,22502,217.0,0.0,4,122
2011-09-04,22502,215.0,0.0,4,122
2011-09-05,22502,215.0,0.0,4,122
2011-09-06,22502,215.0,0.0,4,122
2011-09-07,22502,215.0,0.0,4,122
2011-09-08,22502,215.0,0.0,4,122
2011-09-09,22502,215.0,0.0,4,122
2011-09-10,22502,215.0,0.0,4,122
2011-09-11,22502,215.0,0.0,4,122
2011-09-12,22502,215.0,0.0,4,122
2011-09-13,22502,213.0,0.0,4,122
2011-09-14,22502,213.0,0.0,4,122
2011-09-15,22502,213.0,0.0,4,122
2011-09-16,22502,213.0,0.0,4,122
2011-09-17,22502,213.0,0.0,4,122
2011-09-18,22502,213.0,0.0,4,122
2011-09-19,22502,213.0,0.0,4,122
2011-09-20,22502,213.0,0.0,4,122
2011-09-21,22502,213.0,0.0,4,122
2011-09-22,22502,213.0,0.0,4,122
2011-09-23,22502,213.0,0.0,4,122
2011-09-24,22502,213.0,0.0,4,122
2011-09-25,22502,212.0,0.0,4,122
2011-09-26,22502,212.0,0.0,4,122
2011-09-27,22502,212.0,0.0,4,122
2011-09-28,22502,212.0,0.0,4,122
2011-09-29,22502,212.0,0.0,4,122
2011-09-30,22502,212.0,0.0,4,122
2011-10-01,22502,212.0,0.0,4,122
2011-10-02,22502,212.0,0.0,4,122
2011-10-03,22502,212.0,0.0,4,122
2011-10-04,22502,212.0,0.0,4,122
2011-10-05,22502,212.0,0.0,4,122
2011-10-06,22502,212.0,0.0,4,122
2011-10-07,22502,212.0,0.0,4,122
2011-10-08,22502,212.0,0.0,4,122
2011-10-09,22502,212.0,0.0,4,122
2011-10-10,22502,212.0,0.0,4,122
2011-10-11,22502,212.0,0.0,4,122
2011-10-12,22502,212.0,0.0,4,122
2011-10-13,22502,212.0,0.0,4,122
2011-10-14,22502,212.0,0.0,4,122
2011-10-15,22502,212.0,0.0,4,122
2011-10-16,22502,212.0,0.0,4,122
2011-10-17,22502,212.0,0.0,4,122
2011-10-18,22502,212.0,0.0,4,122
2011-10-19,22502,212.0,0.0,4,122
2011-10-20,22502,212.0,0.0,4,122
2011-10-21,22502,212.0,0.0,4,122
2011-10-22,22502,212.0,0.0,4,122
2011-10-23,22502,212.0,0.0,4,122
2011-10-24,22502,212.0,0.0,4,122
2011-10-25,22502,212.0,0.0,4,122
2011-10-26,22502,212.0,0.0,4,122
2011-10-27,22502,212.0,0.0,4,122
2011-10-28,22502,212.0,0.0,4,122
2011-10-29,22502,212.0,0.0,4,122
2011-10-30,22502,212.0,0.0,4,122
2011-10-31,22502,212.0,0.0,4,122
2011-11-01,22502,212.0,0.0,4,122
2011-11-02,22502,212.0,0.0,4,122
2011-11-03,22502,212.0,0.0,4,122
2011-11-04,22502,212.0,0.0,4,122
2011-11-05,22502,212.0,0.0,4,122
2011-11-06,22502,212.0,0.0,4,122
2011-11-07,22502,212.0,0.0,4,122
2011-11-08,22502,212.0,0.0,4,122
2011-11-09,22502,212.0,0.0,4,122
2011-11-10,22502,212.0,0.0,4,122
2011-11-11,22502,212.0,0.0,4,122
2011-11-12,22502,212.0,0.0,4,122
2011-11-13,22502,212.0,0.0,4,122
2011-11-14,22502,212.0,0.0,4,122
2011-11-15,22502,212.0,0.0,4,122
2011-11-16,22502,212.0,0.0,4,122
2011-11-17,22502,212.0,0.0,4,122
2011-11-18,22502,212.0,0.0,4,122
2011-11-19,22502,212.0,0.0,4,122
2011-11-20,22502,212.0,0.0,4,122
2011-11-21,22502,212.0,0.0,4,122
2011-11-22,22502,212.0,0.0,4,122
2011-11-23,22502,212.0,0.0,4,122
2011-11-24,22502,212.0,0.0,4,122
2011-11-25,22502,212.0,0.0,4,122
2011-11-26,22502,212.0,0.0,4,122
2011-11-27,22502,212.0,0.0,4,122
2011-11-28,22502,212.0,0.0,4,122
2011-11-29,22502,212.0,0.0,4,122
2011-11-30,22502,212.0,0.0,4,122
2011-12-01,22502,212.0,0.0,4,122
2011-12-02,22502,212.0,0.0,4,122
2011-12-03,22502,212.0,0.0,4,122
2011-12-04,22502,212.0,0.0,4,122
2011-12-05,22502,212.0,0.0,4,122
2011-12-06,22502,212.0,0.0,4,122
2011-12-07,22502,212.0,0.0,4,122
2011-12-08,22502,212.0,0.0,4,122
2011-12-09,22502,212.0,0.0,4,122
2011-08-11,22507,138.0,0.0,10,104
2011-08-12,22507,129.0,0.0,10,104
2011-08-13,22507,129.0,0.0,10,104
2011-08-14,22507,129.0,0.0,10,104
2011-08-15,22507,129.0,0.0,10,104
2011-08-16,22507,121.0,0.0,10,104
2011-08-17,22507,111.0,0.0,10,104
2011-08-18,22507,106.0,0.0,10,104
2011-08-19,22507,98.0,110.0,10,104
2011-08-20,22507,98.0,110.0,10,104
2011-08-21,22507,98.0,110.0,10,104
2011-08-22,22507,94.0,110.0,10,104
2011-08-23,22507,86.0,110.0,10,104
2011-08-24,22507,79.0,110.0,10,104
2011-08-25,22507,78.0,110.0,10,104
2011-08-26,22507,78.0,110.0,10,104
2011-08-27,22507,78.0,110.0,10,104
2011-08-28,22507,74.0,110.0,10,104
2011-08-29,22507,184.0,0.0,10,104
2011-08-30,22507,180.0,0.0,10,104
2011-08-31,22507,168.0,0.0,10,104
2011-09-01,22507,160.0,0.0,10,104
2011-09-02,22507,154.0,0.0,10,104
2011-09-03,22507,154.0,0.0,10,104
2011-09-04,22507,148.0,0.0,10,104
2011-09-05,22507,148.0,0.0,10,104
2011-09-06,22507,148.0,0.0,10,104
2011-09-07,22507,138.0,0.0,10,104
2011-09-08,22507,136.0,0.0,10,104
2011-09-09,22507,130.0,0.0,10,104
2011-09-10,22507,130.0,0.0,10,104
2011-09-11,22507,117.0,0.0,10,104
2011-09-12,22507,115.0,0.0,10,104
2011-09-13,22507,110.0,0.0,10,104
2011-09-14,22507,110.0,0.0,10,104
2011-09-15,22507,107.0,0.0,10,104
2011-09-16,22507,106.0,0.0,10,104
2011-09-17,22507,106.0,0.0,10,104
2011-09-18,22507,97.0,111.0,10,104
2011-09-19,22507,93.0,111.0,10,104
2011-09-20,22507,0.0,111.0,10,104
2011-09-21,22507,0.0,111.0,10,104
2011-09-22,22507,0.0,111.0,10,104
2011-09-23,22507,0.0,111.0,10,104
2011-09-24,22507,0.0,111.0,10,104
2011-09-25,22507,0.0,111.0,10,104
2011-09-26,22507,0.0,111.0,10,104
2011-09-27,22507,0.0,111.0,10,104
2011-09-28,22507,99.0,0.0,10,104
2011-09-29,22507,98.0,110.0,10,104
2011-09-30,22507,96.0,110.0,10,104
2011-10-01,22507,96.0,110.0,10,104
2011-10-02,22507,94.0,110.0,10,104
2011-10-03,22507,94.0,110.0,10,104
2011-10-04,22507,86.0,110.0,10,104
2011-10-05,22507,86.0,110.0,10,104
2011-10-06,22507,86.0,110.0,10,104
2011-10-07,22507,78.0,110.0,10,104
2011-10-08,22507,78.0,110.0,10,104
2011-10-09,22507,183.0,0.0,10,104
2011-10-10,22507,181.0,0.0,10,104
2011-10-11,22507,171.0,0.0,10,104
2011-10-12,22507,171.0,0.0,10,104
2011-10-13,22507,166.0,0.0,10,104
2011-10-14,22507,165.0,0.0,10,104
2011-10-15,22507,165.0,0.0,10,104
2011-10-16,22507,159.0,0.0,10,104
2011-10-17,22507,155.0,0.0,10,104
2011-10-18,22507,151.0,0.0,10,104
2011-10-19,22507,149.0,0.0,10,104
2011-10-20,22507,133.0,0.0,10,104
2011-10-21,22507,133.0,0.0,10,104
2011-10-22,22507,133.0,0.0,10,104
2011-10-23,22507,133.0,0.0,10,104
2011-10-24,22507,130.0,0.0,10,104
2011-10-25,22507,125.0,0.0,10,104
2011-10-26,22507,122.0,0.0,10,104
2011-10-27,22507,118.0,0.0,10,104
2011-10-28,22507,114.0,0.0,10,104
2011-10-29,22507,114.0,0.0,10,104
2011-10-30,22507,108.0,0.0,10,104
2011-10-31,22507,96.0,112.0,10,104
2011-11-01,22507,83.0,112.0,10,104
2011-11-02,22507,81.0,112.0,10,104
2011-11-03,22507,70.0,112.0,10,104
2011-11-04,22507,60.0,112.0,10,104
2011-11-05,22507,60.0,112.0,10,104
2011-11-06,22507,55.0,112.0,10,104
2011-11-07,22507,55.0,112.0,10,104
2011-11-08,22507,44.0,112.0,10,104
2011-11-09,22507,40.0,112.0,10,104
2011-11-10,22507,151.0,0.0,10,104
2011-11-11,22507,141.0,0.0,10,104
2011-11-12,22507,141.0,0.0,10,104
2011-11-13,22507,130.0,0.0,10,104
2011-11-14,22507,129.0,0.0,10,104
2011-11-15,22507,129.0,0.0,10,104
2011-11-16,22507,129.0,0.0,10,104
2011-11-17,22507,120.0,0.0,10,104
2011-11-18,22507,91.0,117.0,10,104
2011-11-19,22507,91.0,117.0,10,104
2011-11-20,22507,83.0,117.0,10,104
2011-11-21,22507,78.0,117.0,10,104
2011-11-22,22507,78.0,117.0,10,104
2011-11-23,22507,66.0,117.0,10,104
2011-11-24,22507,56.0,117.0,10,104
2011-11-25,22507,50.0,117.0,10,104
2011-11-26,22507,50.0,117.0,10,104
2011-11-27,22507,46.0,117.0,10,104
2011-11-28,22507,161.0,0.0,10,104
2011-11-29,22507,156.0,0.0,10,104
2011-11-30,22507,143.0,0.0,10,104
2011-12-01,22507,135.0,0.0,10,104
2011-12-02,22507,132.0,0.0,10,104
2011-12-03,22507,132.0,0.0,10,104
2011-12-04,22507,121.0,0.0,10,104
2011-12-05,22507,110.0,0.0,10,104
2011-12-06,22507,109.0,0.0,10,104
2011-12-07,22507,98.0,110.0,10,104
2011-12-08,22507,94.0,110.0,10,104
2011-12-09,22507,93.0,110.0,10,104
2011-08-11,22551,307.0,497.0,9,507
2011-08-12,22551,294.0,497.0,9,507
2011-08-13,22551,294.0,497.0,9,507
2011-08-14,22551,294.0,497.0,9,507
2011-08-15,22551,294.0,497.0,9,507
2011-08-16,22551,292.0,497.0,9,507
2011-08-17,22551,278.0,497.0,9,507
2011-08-18,22551,666.0,0.0,9,507
2011-08-19,22551,666.0,0.0,9,507
2011-08-20,22551,666.0,0.0,9,507
2011-08-21,22551,650.0,0.0,9,507
2011-08-22,22551,635.0,0.0,9,507
2011-08-23,22551,622.0,0.0,9,507
2011-08-24,22551,595.0,0.0,9,507
2011-08-25,22551,571.0,0.0,9,507
2011-08-26,22551,571.0,0.0,9,507
2011-08-27,22551,571.0,0.0,9,507
2011-08-28,22551,568.0,0.0,9,507
2011-08-29,22551,568.0,0.0,9,507
2011-08-30,22551,553.0,0.0,9,507
2011-08-31,22551,491.0,422.0,9,507
2011-09-01,22551,487.0,422.0,9,507
2011-09-02,22551,475.0,422.0,9,507
2011-09-03,22551,475.0,422.0,9,507
2011-09-04,22551,434.0,422.0,9,507
2011-09-05,22551,420.0,422.0,9,507
2011-09-06,22551,408.0,422.0,9,507
2011-09-07,22551,370.0,422.0,9,507
2011-09-08,22551,285.0,422.0,9,507
2011-09-09,22551,693.0,0.0,9,507
2011-09-10,22551,693.0,0.0,9,507
2011-09-11,22551,686.0,0.0,9,507
2011-09-12,22551,666.0,0.0,9,507
2011-09-13,22551,642.0,0.0,9,507
2011-09-14,22551,628.0,0.0,9,507
2011-09-15,22551,611.0,0.0,9,507
2011-09-16,22551,610.0,0.0,9,507
2011-09-17,22551,610.0,0.0,9,507
2011-09-18,22551,608.0,0.0,9,507
2011-09-19,22551,464.0,449.0,9,507
2011-09-20,22551,449.0,449.0,9,507
2011-09-21,22551,422.0,449.0,9,507
2011-09-22,22551,361.0,449.0,9,507
2011-09-23,22551,358.0,449.0,9,507
2011-09-24,22551,358.0,449.0,9,507
2011-09-25,22551,358.0,449.0,9,507
2011-09-26,22551,358.0,449.0,9,507
2011-09-27,22551,344.0,449.0,9,507
2011-09-28,22551,768.0,0.0,9,507
2011-09-29,22551,691.0,0.0,9,507
2011-09-30,22551,655.0,0.0,9,507
2011-10-01,22551,655.0,0.0,9,507
2011-10-02,22551,652.0,0.0,9,507
2011-10-03,22551,626.0,0.0,9,507
2011-10-04,22551,607.0,0.0,9,507
2011-10-05,22551,568.0,0.0,9,507
2011-10-06,22551,512.0,0.0,9,507
2011-10-07,22551,494.0,419.0,9,507
2011-10-08,22551,494.0,419.0,9,507
2011-10-09,22551,488.0,419.0,9,507
2011-10-10,22551,466.0,419.0,9,507
2011-10-11,22551,418.0,419.0,9,507
2011-10-12,22551,418.0,419.0,9,507
2011-10-13,22551,358.0,419.0,9,507
2011-10-14,22551,341.0,419.0,9,507
2011-10-15,22551,341.0,419.0,9,507
2011-10-16,22551,734.0,0.0,9,507
2011-10-17,22551,720.0,0.0,9,507
2011-10-18,22551,713.0,0.0,9,507
2011-10-19,22551,713.0,0.0,9,507
2011-10-20,22551,604.0,0.0,9,507
2011-10-21,22551,592.0,0.0,9,507
2011-10-22,22551,592.0,0.0,9,507
2011-10-23,22551,588.0,0.0,9,507
2011-10-24,22551,573.0,0.0,9,507
2011-10-25,22551,537.0,0.0,9,507
2011-10-26,22551,537.0,0.0,9,507
2011-10-27,22551,519.0,0.0,9,507
2011-10-28,22551,410.0,503.0,9,507
2011-10-29,22551,410.0,503.0,9,507
2011-10-30,22551,410.0,503.0,9,507
2011-10-31,22551,406.0,503.0,9,507
2011-11-01,22551,405.0,503.0,9,507
2011-11-02,22551,306.0,503.0,9,507
2011-11-03,22551,293.0,503.0,9,507
2011-11-04,22551,290.0,503.0,9,507
2011-11-05,22551,290.0,503.0,9,507
2011-11-06,22551,716.0,0.0,9,507
2011-11-07,22551,548.0,0.0,9,507
2011-11-08,22551,450.0,463.0,9,507
2011-11-09,22551,446.0,463.0,9,507
2011-11-10,22551,415.0,463.0,9,507
2011-11-11,22551,361.0,463.0,9,507
2011-11-12,22551,361.0,463.0,9,507
2011-11-13,22551,330.0,463.0,9,507
2011-11-14,22551,214.0,463.0,9,507
2011-11-15,22551,187.0,463.0,9,507
2011-11-16,22551,137.0,463.0,9,507
2011-11-17,22551,581.0,0.0,9,507
2011-11-18,22551,532.0,0.0,9,507
2011-11-19,22551,532.0,0.0,9,507
2011-11-20,22551,525.0,0.0,9,507
2011-11-21,22551,497.0,416.0,9,507
2011-11-22,22551,482.0,416.0,9,507
2011-11-23,22551,346.0,416.0,9,507
2011-11-24,22551,282.0,416.0,9,507
2011-11-25,22551,276.0,416.0,9,507
2011-11-26,22551,276.0,416.0,9,507
2011-11-27,22551,252.0,416.0,9,507
2011-11-28,22551,222.0,416.0,9,507
2011-11-29,22551,202.0,416.0,9,507
2011-11-30,22551,552.0,0.0,9,507
2011-12-01,22551,542.0,0.0,9,507
2011-12-02,22551,518.0,0.0,9,507
2011-12-03,22551,518.0,0.0,9,507
2011-12-04,22551,504.0,409.0,9,507
2011-12-05,22551,385.0,409.0,9,507
2011-12-06,22551,358.0,409.0,9,507
2011-12-07,22551,333.0,409.0,9,507
2011-12-08,22551,319.0,409.0,9,507
2011-12-09,22551,305.0,409.0,9,507
2011-08-11,22554,446.0,0.0,5,224
2011-08-12,22554,446.0,0.0,5,224
2011-08-13,22554,446.0,0.0,5,224
2011-08-14,22554,446.0,0.0,5,224
2011-08-15,22554,444.0,0.0,5,224
2011-08-16,22554,442.0,0.0,5,224
2011-08-17,22554,430.0,0.0,5,224
2011-08-18,22554,418.0,0.0,5,224
2011-08-19,22554,406.0,0.0,5,224
2011-08-20,22554,406.0,0.0,5,224
2011-08-21,22554,393.0,0.0,5,224
2011-08-22,22554,378.0,0.0,5,224
2011-08-23,22554,375.0,0.0,5,224
2011-08-24,22554,338.0,0.0,5,224
2011-08-25,22554,326.0,0.0,5,224
2011-08-26,22554,326.0,0.0,5,224
2011-08-27,22554,326.0,0.0,5,224
2011-08-28,22554,319.0,0.0,5,224
2011-08-29,22554,319.0,0.0,5,224
2011-08-30,22554,304.0,0.0,5,224
2011-08-31,22554,228.0,0.0,5,224
2011-09-01,22554,214.0,478.0,5,224
2011-09-02,22554,164.0,478.0,5,224
2011-09-03,22554,164.0,478.0,5,224
2011-09-04,22554,112.0,478.0,5,224
2011-09-05,22554,88.0,478.0,5,224
2011-09-06,22554,554.0,0.0,5,224
2011-09-07,22554,493.0,0.0,5,224
2011-09-08,22554,431.0,0.0,5,224
2011-09-09,22554,403.0,0.0,5,224
2011-09-10,22554,403.0,0.0,5,224
2011-09-11,22554,397.0,0.0,5,224
2011-09-12,22554,364.0,0.0,5,224
2011-09-13,22554,339.0,0.0,5,224
2011-09-14,22554,310.0,0.0,5,224
2011-09-15,22554,297.0,0.0,5,224
2011-09-16,22554,294.0,0.0,5,224
2011-09-17,22554,294.0,0.0,5,224
2011-09-18,22554,293.0,0.0,5,224
2011-09-19,22554,137.0,555.0,5,224
2011-09-20,22554,123.0,555.0,5,224
2011-09-21,22554,97.0,555.0,5,224
2011-09-22,22554,0.0,555.0,5,224
2011-09-23,22554,0.0,555.0,5,224
2011-09-24,22554,555.0,0.0,5,224
2011-09-25,22554,555.0,0.0,5,224
2011-09-26,22554,543.0,0.0,5,224
2011-09-27,22554,529.0,0.0,5,224
2011-09-28,22554,501.0,0.0,5,224
2011-09-29,22554,448.0,0.0,5,224
2011-09-30,22554,424.0,0.0,5,224
2011-10-01,22554,424.0,0.0,5,224
2011-10-02,22554,420.0,0.0,5,224
2011-10-03,22554,394.0,0.0,5,224
2011-10-04,22554,388.0,0.0,5,224
2011-10-05,22554,338.0,0.0,5,224
2011-10-06,22554,297.0,0.0,5,224
2011-10-07,22554,284.0,0.0,5,224
2011-10-08,22554,284.0,0.0,5,224
2011-10-09,22554,283.0,0.0,5,224
2011-10-10,22554,265.0,0.0,5,224
2011-10-11,22554,216.0,476.0,5,224
2011-10-12,22554,204.0,476.0,5,224
2011-10-13,22554,180.0,476.0,5,224
2011-10-14,22554,137.0,476.0,5,224
2011-10-15,22554,137.0,476.0,5,224
2011-10-16,22554,613.0,0.0,5,224
2011-10-17,22554,560.0,0.0,5,224
2011-10-18,22554,531.0,0.0,5,224
2011-10-19,22554,525.0,0.0,5,224
2011-10-20,22554,320.0,0.0,5,224
2011-10-21,22554,307.0,0.0,5,224
2011-10-22,22554,307.0,0.0,5,224
2011-10-23,22554,307.0,0.0,5,224
2011-10-24,22554,303.0,0.0,5,224
2011-10-25,22554,268.0,0.0,5,224
2011-10-26,22554,256.0,0.0,5,224
2011-10-27,22554,236.0,0.0,5,224
2011-10-28,22554,148.0,544.0,5,224
2011-10-29,22554,148.0,544.0,5,224
2011-10-30,22554,135.0,544.0,5,224
2011-10-31,22554,111.0,544.0,5,224
2011-11-01,22554,74.0,544.0,5,224
2011-11-02,22554,519.0,0.0,5,224
2011-11-03,22554,506.0,0.0,5,224
2011-11-04,22554,506.0,0.0,5,224
2011-11-05,22554,506.0,0.0,5,224
2011-11-06,22554,451.0,0.0,5,224
2011-11-07,22554,250.0,0.0,5,224
2011-11-08,22554,235.0,0.0,5,224
2011-11-09,22554,229.0,0.0,5,224
2011-11-10,22554,187.0,505.0,5,224
2011-11-11,22554,162.0,505.0,5,224
2011-11-12,22554,162.0,505.0,5,224
2011-11-13,22554,157.0,505.0,5,224
2011-11-14,22554,34.0,505.0,5,224
2011-11-15,22554,523.0,0.0,5,224
2011-11-16,22554,497.0,0.0,5,224
2011-11-17,22554,473.0,0.0,5,224
2011-11-18,22554,465.0,0.0,5,224
2011-11-19,22554,465.0,0.0,5,224
2011-11-20,22554,459.0,0.0,5,224
2011-11-21,22554,391.0,0.0,5,224
2011-11-22,22554,372.0,0.0,5,224
2011-11-23,22554,164.0,528.0,5,224
2011-11-24,22554,104.0,528.0,5,224
2011-11-25,22554,82.0,528.0,5,224
2011-11-26,22554,82.0,528.0,5,224
2011-11-27,22554,67.0,528.0,5,224
2011-11-28,22554,575.0,0.0,5,224
2011-11-29,22554,555.0,0.0,5,224
2011-11-30,22554,541.0,0.0,5,224
2011-12-01,22554,533.0,0.0,5,224
2011-12-02,22554,487.0,0.0,5,224
2011-12-03,22554,487.0,0.0,5,224
2011-12-04,22554,471.0,0.0,5,224
2011-12-05,22554,464.0,0.0,5,224
2011-12-06,22554,437.0,0.0,5,224
2011-12-07,22554,389.0,0.0,5,224
2011-12-08,22554,375.0,0.0,5,224
2011-12-09,22554,360.0,0.0,5,224
2011-08-11,22556,368.0,0.0,3,312
2011-08-12,22556,368.0,0.0,3,312
2011-08-13,22556,368.0,0.0,3,312
2011-08-14,22556,368.0,0.0,3,312
2011-08-15,22556,368.0,0.0,3,312
2011-08-16,22556,320.0,0.0,3,312
2011-08-17,22556,305.0,510.0,3,312
2011-08-18,22556,293.0,510.0,3,312
2011-08-19,22556,293.0,510.0,3,312
2011-08-20,22556,803.0,0.0,3,312
2011-08-21,22556,790.0,0.0,3,312
2011-08-22,22556,762.0,0.0,3,312
2011-08-23,22556,747.0,0.0,3,312
2011-08-24,22556,747.0,0.0,3,312
2011-08-25,22556,722.0,0.0,3,312
2011-08-26,22556,710.0,0.0,3,312
2011-08-27,22556,710.0,0.0,3,312
2011-08-28,22556,701.0,0.0,3,312
2011-08-29,22556,701.0,0.0,3,312
2011-08-30,22556,688.0,0.0,3,312
2011-08-31,22556,628.0,0.0,3,312
2011-09-01,22556,627.0,0.0,3,312
2011-09-02,22556,613.0,0.0,3,312
2011-09-03,22556,613.0,0.0,3,312
2011-09-04,22556,613.0,0.0,3,312
2011-09-05,22556,600.0,0.0,3,312
2011-09-06,22556,576.0,0.0,3,312
2011-09-07,22556,516.0,0.0,3,312
2011-09-08,22556,479.0,0.0,3,312
2011-09-09,22556,454.0,0.0,3,312
2011-09-10,22556,454.0,0.0,3,312
2011-09-11,22556,453.0,0.0,3,312
2011-09-12,22556,451.0,0.0,3,312
2011-09-13,22556,437.0,0.0,3,312
2011-09-14,22556,424.0,0.0,3,312
2011-09-15,22556,400.0,0.0,3,312
2011-09-16,22556,340.0,0.0,3,312
2011-09-17,22556,340.0,0.0,3,312
2011-09-18,22556,339.0,0.0,3,312
2011-09-19,22556,159.0,656.0,3,312
2011-09-20,22556,157.0,656.0,3,312
2011-09-21,22556,154.0,656.0,3,312
2011-09-22,22556,774.0,0.0,3,312
2011-09-23,22556,762.0,0.0,3,312
2011-09-24,22556,762.0,0.0,3,312
2011-09-25,22556,762.0,0.0,3,312
2011-09-26,22556,762.0,0.0,3,312
2011-09-27,22556,749.0,0.0,3,312
2011-09-28,22556,725.0,0.0,3,312
2011-09-29,22556,664.0,0.0,3,312
2011-09-30,22556,663.0,0.0,3,312
2011-10-01,22556,663.0,0.0,3,312
2011-10-02,22556,662.0,0.0,3,312
2011-10-03,22556,658.0,0.0,3,312
2011-10-04,22556,627.0,0.0,3,312
2011-10-05,22556,579.0,0.0,3,312
2011-10-06,22556,564.0,0.0,3,312
2011-10-07,22556,564.0,0.0,3,312
2011-10-08,22556,564.0,0.0,3,312
2011-10-09,22556,562.0,0.0,3,312
2011-10-10,22556,547.0,0.0,3,312
2011-10-11,22556,511.0,0.0,3,312
2011-10-12,22556,474.0,0.0,3,312
2011-10-13,22556,462.0,0.0,3,312
2011-10-14,22556,446.0,0.0,3,312
2011-10-15,22556,446.0,0.0,3,312
2011-10-16,22556,446.0,0.0,3,312
2011-10-17,22556,434.0,0.0,3,312
2011-10-18,22556,415.0,0.0,3,312
2011-10-19,22556,399.0,0.0,3,312
2011-10-20,22556,291.0,524.0,3,312
2011-10-21,22556,291.0,524.0,3,312
2011-10-22,22556,291.0,524.0,3,312
2011-10-23,22556,814.0,0.0,3,312
2011-10-24,22556,814.0,0.0,3,312
2011-10-25,22556,766.0,0.0,3,312
2011-10-26,22556,766.0,0.0,3,312
2011-10-27,22556,730.0,0.0,3,312
2011-10-28,22556,618.0,0.0,3,312
2011-10-29,22556,618.0,0.0,3,312
2011-10-30,22556,617.0,0.0,3,312
2011-10-31,22556,609.0,0.0,3,312
2011-11-01,22556,590.0,0.0,3,312
2011-11-02,22556,585.0,0.0,3,312
2011-11-03,22556,584.0,0.0,3,312
2011-11-04,22556,572.0,0.0,3,312
2011-11-05,22556,572.0,0.0,3,312
2011-11-06,22556,508.0,0.0,3,312
2011-11-07,22556,496.0,0.0,3,312
2011-11-08,22556,492.0,0.0,3,312
2011-11-09,22556,467.0,0.0,3,312
2011-11-10,22556,435.0,0.0,3,312
2011-11-11,22556,408.0,0.0,3,312
2011-11-12,22556,408.0,0.0,3,312
2011-11-13,22556,393.0,0.0,3,312
2011-11-14,22556,385.0,0.0,3,312
2011-11-15,22556,367.0,0.0,3,312
2011-11-16,22556,335.0,0.0,3,312
2011-11-17,22556,282.0,533.0,3,312
2011-11-18,22556,273.0,533.0,3,312
2011-11-19,22556,273.0,533.0,3,312
2011-11-20,22556,801.0,0.0,3,312
2011-11-21,22556,764.0,0.0,3,312
2011-11-22,22556,665.0,0.0,3,312
2011-11-23,22556,566.0,0.0,3,312
2011-11-24,22556,532.0,0.0,3,312
2011-11-25,22556,529.0,0.0,3,312
2011-11-26,22556,529.0,0.0,3,312
2011-11-27,22556,497.0,0.0,3,312
2011-11-28,22556,484.0,0.0,3,312
2011-11-29,22556,432.0,0.0,3,312
2011-11-30,22556,432.0,0.0,3,312
2011-12-01,22556,420.0,0.0,3,312
2011-12-02,22556,368.0,0.0,3,312
2011-12-03,22556,368.0,0.0,3,312
2011-12-04,22556,367.0,0.0,3,312
2011-12-05,22556,364.0,0.0,3,312
2011-12-06,22556,324.0,0.0,3,312
2011-12-07,22556,274.0,541.0,3,312
2011-12-08,22556,240.0,541.0,3,312
2011-12-09,22556,204.0,541.0,3,312
2011-08-11,22585,822.0,0.0,8,578
2011-08-12,22585,822.0,0.0,8,578
2011-08-13,22585,822.0,0.0,8,578
2011-08-14,22585,822.0,0.0,8,578
2011-08-15,22585,810.0,0.0,8,578
2011-08-16,22585,798.0,0.0,8,578
2011-08-17,22585,786.0,0.0,8,578
2011-08-18,22585,770.0,0.0,8,578
2011-08-19,22585,770.0,0.0,8,578
2011-08-20,22585,770.0,0.0,8,578
2011-08-21,22585,761.0,0.0,8,578
2011-08-22,22585,761.0,0.0,8,578
2011-08-23,22585,761.0,0.0,8,578
2011-08-24,22585,761.0,0.0,8,578
2011-08-25,22585,737.0,0.0,8,578
2011-08-26,22585,737.0,0.0,8,578
2011-08-27,22585,737.0,0.0,8,578
2011-08-28,22585,737.0,0.0,8,578
2011-08-29,22585,737.0,0.0,8,578
2011-08-30,22585,737.0,0.0,8,578
2011-08-31,22585,737.0,0.0,8,578
2011-09-01,22585,737.0,0.0,8,578
2011-09-02,22585,736.0,0.0,8,578
2011-09-03,22585,736.0,0.0,8,578
2011-09-04,22585,736.0,0.0,8,578
2011-09-05,22585,710.0,0.0,8,578
2011-09-06,22585,710.0,0.0,8,578
2011-09-07,22585,698.0,0.0,8,578
2011-09-08,22585,692.0,0.0,8,578
2011-09-09,22585,692.0,0.0,8,578
2011-09-10,22585,692.0,0.0,8,578
2011-09-11,22585,680.0,0.0,8,578
2011-09-12,22585,664.0,0.0,8,578
2011-09-13,22585,520.0,727.0,8,578
2011-09-14,22585,520.0,727.0,8,578
2011-09-15,22585,508.0,727.0,8,578
2011-09-16,22585,495.0,727.0,8,578
2011-09-17,22585,495.0,727.0,8,578
2011-09-18,22585,495.0,727.0,8,578
2011-09-19,22585,471.0,727.0,8,578
2011-09-20,22585,471.0,727.0,8,578
2011-09-21,22585,1198.0,0.0,8,578
2011-09-22,22585,1186.0,0.0,8,578
2011-09-23,22585,1186.0,0.0,8,578
2011-09-24,22585,1186.0,0.0,8,578
2011-09-25,22585,1150.0,0.0,8,578
2011-09-26,22585,1094.0,0.0,8,578
2011-09-27,22585,1094.0,0.0,8,578
2011-09-28,22585,1045.0,0.0,8,578
2011-09-29,22585,1033.0,0.0,8,578
2011-09-30,22585,1007.0,0.0,8,578
2011-10-01,22585,1007.0,0.0,8,578
2011-10-02,22585,1007.0,0.0,8,578
2011-10-03,22585,992.0,0.0,8,578
2011-10-04,22585,991.0,0.0,8,578
2011-10-05,22585,919.0,0.0,8,578
2011-10-06,22585,871.0,0.0,8,578
2011-10-07,22585,847.0,0.0,8,578
2011-10-08,22585,847.0,0.0,8,578
2011-10-09,22585,847.0,0.0,8,578
2011-10-10,22585,623.0,0.0,8,578
2011-10-11,22585,611.0,0.0,8,578
2011-10-12,22585,610.0,0.0,8,578
2011-10-13,22585,598.0,0.0,8,578
2011-10-14,22585,454.0,793.0,8,578
2011-10-15,22585,454.0,793.0,8,578
2011-10-16,22585,454.0,793.0,8,578
2011-10-17,22585,365.0,793.0,8,578
2011-10-18,22585,352.0,793.0,8,578
2011-10-19,22585,242.0,793.0,8,578
2011-10-20,22585,203.0,793.0,8,578
2011-10-21,22585,191.0,793.0,8,578
2011-10-22,22585,984.0,0.0,8,578
2011-10-23,22585,981.0,0.0,8,578
2011-10-24,22585,951.0,0.0,8,578
2011-10-25,22585,935.0,0.0,8,578
2011-10-26,22585,777.0,0.0,8,578
2011-10-27,22585,738.0,0.0,8,578
2011-10-28,22585,738.0,0.0,8,578
2011-10-29,22585,738.0,0.0,8,578
2011-10-30,22585,701.0,0.0,8,578
2011-10-31,22585,671.0,0.0,8,578
2011-11-01,22585,659.0,0.0,8,578
2011-11-02,22585,610.0,0.0,8,578
2011-11-03,22585,610.0,0.0,8,578
2011-11-04,22585,573.0,674.0,8,578
2011-11-05,22585,573.0,674.0,8,578
2011-11-06,22585,536.0,674.0,8,578
2011-11-07,22585,518.0,674.0,8,578
2011-11-08,22585,517.0,674.0,8,578
2011-11-09,22585,491.0,674.0,8,578
2011-11-10,22585,491.0,674.0,8,578
2011-11-11,22585,491.0,674.0,8,578
2011-11-12,22585,1165.0,0.0,8,578
2011-11-13,22585,1161.0,0.0,8,578
2011-11-14,22585,1126.0,0.0,8,578
2011-11-15,22585,1107.0,0.0,8,578
2011-11-16,22585,1056.0,0.0,8,578
2011-11-17,22585,1043.0,0.0,8,578
2011-11-18,22585,1028.0,0.0,8,578
2011-11-19,22585,1028.0,0.0,8,578
2011-11-20,22585,1028.0,0.0,8,578
2011-11-21,22585,1028.0,0.0,8,578
2011-11-22,22585,977.0,0.0,8,578
2011-11-23,22585,820.0,0.0,8,578
2011-11-24,22585,817.0,0.0,8,578
2011-11-25,22585,646.0,0.0,8,578
2011-11-26,22585,646.0,0.0,8,578
2011-11-27,22585,632.0,0.0,8,578
2011-11-28,22585,616.0,0.0,8,578
2011-11-29,22585,578.0,669.0,8,578
2011-11-30,22585,576.0,669.0,8,578
2011-12-01,22585,551.0,669.0,8,578
2011-12-02,22585,547.0,669.0,8,578
2011-12-03,22585,547.0,669.0,8,578
2011-12-04,22585,547.0,669.0,8,578
2011-12-05,22585,544.0,669.0,8,578
2011-12-06,22585,543.0,669.0,8,578
2011-12-07,22585,1212.0,0.0,8,578
2011-12-08,22585,1154.0,0.0,8,578
2011-12-09,22585,1140.0,0.0,8,578
2011-08-11,22605,329.0,0.0,11,201
2011-08-12,22605,329.0,0.0,11,201
2011-08-13,22605,329.0,0.0,11,201
2011-08-14,22605,329.0,0.0,11,201
2011-08-15,22605,329.0,0.0,11,201
2011-08-16,22605,329.0,0.0,11,201
2011-08-17,22605,326.0,0.0,11,201
2011-08-18,22605,326.0,0.0,11,201
2011-08-19,22605,326.0,0.0,11,201
2011-08-20,22605,326.0,0.0,11,201
2011-08-21,22605,326.0,0.0,11,201
2011-08-22,22605,318.0,0.0,11,201
2011-08-23,22605,318.0,0.0,11,201
2011-08-24,22605,317.0,0.0,11,201
2011-08-25,22605,317.0,0.0,11,201
2011-08-26,22605,317.0,0.0,11,201
2011-08-27,22605,317.0,0.0,11,201
2011-08-28,22605,317.0,0.0,11,201
2011-08-29,22605,317.0,0.0,11,201
2011-08-30,22605,314.0,0.0,11,201
2011-08-31,22605,314.0,0.0,11,201
2011-09-01,22605,314.0,0.0,11,201
2011-09-02,22605,314.0,0.0,11,201
2011-09-03,22605,314.0,0.0,11,201
2011-09-04,22605,314.0,0.0,11,201
2011-09-05,22605,312.0,0.0,11,201
2011-09-06,22605,304.0,0.0,11,201
2011-09-07,22605,304.0,0.0,11,201
2011-09-08,22605,300.0,0.0,11,201
2011-09-09,22605,300.0,0.0,11,201
2011-09-10,22605,300.0,0.0,11,201
2011-09-11,22605,300.0,0.0,11,201
2011-09-12,22605,300.0,0.0,11,201
2011-09-13,22605,299.0,0.0,11,201
2011-09-14,22605,298.0,0.0,11,201
2011-09-15,22605,297.0,0.0,11,201
2011-09-16,22605,296.0,0.0,11,201
2011-09-17,22605,296.0,0.0,11,201
2011-09-18,22605,296.0,0.0,11,201
2011-09-19,22605,296.0,0.0,11,201
2011-09-20,22605,296.0,0.0,11,201
2011-09-21,22605,296.0,0.0,11,201
2011-09-22,22605,294.0,0.0,11,201
2011-09-23,22605,293.0,0.0,11,201
2011-09-24,22605,293.0,0.0,11,201
2011-09-25,22605,293.0,0.0,11,201
2011-09-26,22605,292.0,0.0,11,201
2011-09-27,22605,292.0,0.0,11,201
2011-09-28,22605,292.0,0.0,11,201
2011-09-29,22605,292.0,0.0,11,201
2011-09-30,22605,290.0,0.0,11,201
2011-10-01,22605,290.0,0.0,11,201
2011-10-02,22605,290.0,0.0,11,201
2011-10-03,22605,290.0,0.0,11,201
2011-10-04,22605,290.0,0.0,11,201
2011-10-05,22605,289.0,0.0,11,201
2011-10-06,22605,289.0,0.0,11,201
2011-10-07,22605,289.0,0.0,11,201
2011-10-08,22605,289.0,0.0,11,201
2011-10-09,22605,289.0,0.0,11,201
2011-10-10,22605,289.0,0.0,11,201
2011-10-11,22605,289.0,0.0,11,201
2011-10-12,22605,288.0,0.0,11,201
2011-10-13,22605,284.0,0.0,11,201
2011-10-14,22605,284.0,0.0,11,201
2011-10-15,22605,284.0,0.0,11,201
2011-10-16,22605,284.0,0.0,11,201
2011-10-17,22605,284.0,0.0,11,201
2011-10-18,22605,284.0,0.0,11,201
2011-10-19,22605,280.0,0.0,11,201
2011-10-20,22605,276.0,0.0,11,201
2011-10-21,22605,276.0,0.0,11,201
2011-10-22,22605,276.0,0.0,11,201
2011-10-23,22605,276.0,0.0,11,201
2011-10-24,22605,276.0,0.0,11,201
2011-10-25,22605,276.0,0.0,11,201
2011-10-26,22605,274.0,0.0,11,201
2011-10-27,22605,269.0,0.0,11,201
2011-10-28,22605,269.0,0.0,11,201
2011-10-29,22605,269.0,0.0,11,201
2011-10-30,22605,261.0,0.0,11,201
2011-10-31,22605,260.0,0.0,11,201
2011-11-01,22605,248.0,0.0,11,201
2011-11-02,22605,247.0,0.0,11,201
2011-11-03,22605,245.0,0.0,11,201
2011-11-04,22605,244.0,0.0,11,201
2011-11-05,22605,244.0,0.0,11,201
2011-11-06,22605,243.0,0.0,11,201
2011-11-07,22605,242.0,0.0,11,201
2011-11-08,22605,241.0,0.0,11,201
2011-11-09,22605,239.0,0.0,11,201
2011-11-10,22605,227.0,0.0,11,201
2011-11-11,22605,227.0,0.0,11,201
2011-11-12,22605,227.0,0.0,11,201
2011-11-13,22605,227.0,0.0,11,201
2011-11-14,22605,227.0,0.0,11,201
2011-11-15,22605,225.0,0.0,11,201
2011-11-16,22605,224.0,0.0,11,201
2011-11-17,22605,224.0,0.0,11,201
2011-11-18,22605,224.0,0.0,11,201
2011-11-19,22605,224.0,0.0,11,201
2011-11-20,22605,224.0,0.0,11,201
2011-11-21,22605,220.0,0.0,11,201
2011-11-22,22605,219.0,0.0,11,201
2011-11-23,22605,219.0,0.0,11,201
2011-11-24,22605,216.0,0.0,11,201
2011-11-25,22605,216.0,0.0,11,201
2011-11-26,22605,216.0,0.0,11,201
2011-11-27,22605,215.0,0.0,11,201
2011-11-28,22605,209.0,0.0,11,201
2011-11-29,22605,206.0,0.0,11,201
2011-11-30,22605,206.0,0.0,11,201
2011-12-01,22605,205.0,0.0,11,201
2011-12-02,22605,199.0,247.0,11,201
2011-12-03,22605,199.0,247.0,11,201
2011-12-04,22605,198.0,247.0,11,201
2011-12-05,22605,195.0,247.0,11,201
2011-12-06,22605,194.0,247.0,11,201
2011-12-07,22605,188.0,247.0,11,201
2011-12-08,22605,184.0,247.0,11,201
2011-12-09,22605,184.0,247.0,11,201
2011-08-11,22607,227.0,272.0,12,256
2011-08-12,22607,222.0,272.0,12,256
2011-08-13,22607,222.0,272.0,12,256
2011-08-14,22607,222.0,272.0,12,256
2011-08-15,22607,221.0,272.0,12,256
2011-08-16,22607,217.0,272.0,12,256
2011-08-17,22607,211.0,272.0,12,256
2011-08-18,22607,211.0,272.0,12,256
2011-08-19,22607,209.0,272.0,12,256
2011-08-20,22607,209.0,272.0,12,256
2011-08-21,22607,205.0,272.0,12,256
2011-08-22,22607,467.0,0.0,12,256
2011-08-23,22607,463.0,0.0,12,256
2011-08-24,22607,461.0,0.0,12,256
2011-08-25,22607,460.0,0.0,12,256
2011-08-26,22607,460.0,0.0,12,256
2011-08-27,22607,460.0,0.0,12,256
2011-08-28,22607,460.0,0.0,12,256
2011-08-29,22607,460.0,0.0,12,256
2011-08-30,22607,459.0,0.0,12,256
2011-08-31,22607,459.0,0.0,12,256
2011-09-01,22607,459.0,0.0,12,256
2011-09-02,22607,455.0,0.0,12,256
2011-09-03,22607,455.0,0.0,12,256
2011-09-04,22607,455.0,0.0,12,256
2011-09-05,22607,451.0,0.0,12,256
2011-09-06,22607,451.0,0.0,12,256
2011-09-07,22607,450.0,0.0,12,256
2011-09-08,22607,438.0,0.0,12,256
2011-09-09,22607,438.0,0.0,12,256
2011-09-10,22607,438.0,0.0,12,256
2011-09-11,22607,438.0,0.0,12,256
2011-09-12,22607,437.0,0.0,12,256
2011-09-13,22607,437.0,0.0,12,256
2011-09-14,22607,437.0,0.0,12,256
2011-09-15,22607,436.0,0.0,12,256
2011-09-16,22607,436.0,0.0,12,256
2011-09-17,22607,436.0,0.0,12,256
2011-09-18,22607,436.0,0.0,12,256
2011-09-19,22607,436.0,0.0,12,256
2011-09-20,22607,436.0,0.0,12,256
2011-09-21,22607,435.0,0.0,12,256
2011-09-22,22607,433.0,0.0,12,256
2011-09-23,22607,431.0,0.0,12,256
2011-09-24,22607,431.0,0.0,12,256
2011-09-25,22607,429.0,0.0,12,256
2011-09-26,22607,429.0,0.0,12,256
2011-09-27,22607,429.0,0.0,12,256
2011-09-28,22607,429.0,0.0,12,256
2011-09-29,22607,429.0,0.0,12,256
2011-09-30,22607,428.0,0.0,12,256
2011-10-01,22607,428.0,0.0,12,256
2011-10-02,22607,428.0,0.0,12,256
2011-10-03,22607,428.0,0.0,12,256
2011-10-04,22607,428.0,0.0,12,256
2011-10-05,22607,428.0,0.0,12,256
2011-10-06,22607,427.0,0.0,12,256
2011-10-07,22607,427.0,0.0,12,256
2011-10-08,22607,427.0,0.0,12,256
2011-10-09,22607,427.0,0.0,12,256
2011-10-10,22607,427.0,0.0,12,256
2011-10-11,22607,427.0,0.0,12,256
2011-10-12,22607,427.0,0.0,12,256
2011-10-13,22607,425.0,0.0,12,256
2011-10-14,22607,425.0,0.0,12,256
2011-10-15,22607,425.0,0.0,12,256
2011-10-16,22607,423.0,0.0,12,256
2011-10-17,22607,423.0,0.0,12,256
2011-10-18,22607,423.0,0.0,12,256
2011-10-19,22607,423.0,0.0,12,256
2011-10-20,22607,423.0,0.0,12,256
2011-10-21,22607,423.0,0.0,12,256
2011-10-22,22607,423.0,0.0,12,256
2011-10-23,22607,423.0,0.0,12,256
2011-10-24,22607,423.0,0.0,12,256
2011-10-25,22607,423.0,0.0,12,256
2011-10-26,22607,423.0,0.0,12,256
2011-10-27,22607,418.0,0.0,12,256
2011-10-28,22607,418.0,0.0,12,256
2011-10-29,22607,418.0,0.0,12,256
2011-10-30,22607,416.0,0.0,12,256
2011-10-31,22607,415.0,0.0,12,256
2011-11-01,22607,415.0,0.0,12,256
2011-11-02,22607,413.0,0.0,12,256
2011-11-03,22607,409.0,0.0,12,256
2011-11-04,22607,408.0,0.0,12,256
2011-11-05,22607,408.0,0.0,12,256
2011-11-06,22607,405.0,0.0,12,256
2011-11-07,22607,404.0,0.0,12,256
2011-11-08,22607,403.0,0.0,12,256
2011-11-09,22607,402.0,0.0,12,256
2011-11-10,22607,395.0,0.0,12,256
2011-11-11,22607,392.0,0.0,12,256
2011-11-12,22607,392.0,0.0,12,256
2011-11-13,22607,392.0,0.0,12,256
2011-11-14,22607,392.0,0.0,12,256
2011-11-15,22607,386.0,0.0,12,256
2011-11-16,22607,385.0,0.0,12,256
2011-11-17,22607,384.0,0.0,12,256
2011-11-18,22607,384.0,0.0,12,256
2011-11-19,22607,384.0,0.0,12,256
2011-11-20,22607,378.0,0.0,12,256
2011-11-21,22607,377.0,0.0,12,256
2011-11-22,22607,376.0,0.0,12,256
2011-11-23,22607,372.0,0.0,12,256
2011-11-24,22607,372.0,0.0,12,256
2011-11-25,22607,370.0,0.0,12,256
2011-11-26,22607,370.0,0.0,12,256
2011-11-27,22607,365.0,0.0,12,256
2011-11-28,22607,353.0,0.0,12,256
2011-11-29,22607,351.0,0.0,12,256
2011-11-30,22607,348.0,0.0,12,256
2011-12-01,22607,347.0,0.0,12,256
2011-12-02,22607,331.0,0.0,12,256
2011-12-03,22607,331.0,0.0,12,256
2011-12-04,22607,328.0,0.0,12,256
2011-12-05,22607,323.0,0.0,12,256
2011-12-06,22607,322.0,0.0,12,256
2011-12-07,22607,319.0,0.0,12,256
2011-12-08,22607,306.0,0.0,12,256
2011-12-09,22607,306.0,0.0,12,256
2011-08-11,22622,179.0,0.0,5,90
2011-08-12,22622,179.0,0.0,5,90
2011-08-13,22622,179.0,0.0,5,90
2011-08-14,22622,179.0,0.0,5,90
2011-08-15,22622,177.0,0.0,5,90
2011-08-16,22622,177.0,0.0,5,90
2011-08-17,22622,177.0,0.0,5,90
2011-08-18,22622,175.0,0.0,5,90
2011-08-19,22622,175.0,0.0,5,90
2011-08-20,22622,175.0,0.0,5,90
2011-08-21,22622,173.0,0.0,5,90
2011-08-22,22622,164.0,0.0,5,90
2011-08-23,22622,162.0,0.0,5,90
2011-08-24,22622,157.0,0.0,5,90
2011-08-25,22622,151.0,0.0,5,90
2011-08-26,22622,151.0,0.0,5,90
2011-08-27,22622,151.0,0.0,5,90
2011-08-28,22622,150.0,0.0,5,90
2011-08-29,22622,150.0,0.0,5,90
2011-08-30,22622,138.0,0.0,5,90
2011-08-31,22622,138.0,0.0,5,90
2011-09-01,22622,138.0,0.0,5,90
2011-09-02,22622,137.0,0.0,5,90
2011-09-03,22622,137.0,0.0,5,90
2011-09-04,22622,135.0,0.0,5,90
2011-09-05,22622,135.0,0.0,5,90
2011-09-06,22622,133.0,0.0,5,90
2011-09-07,22622,132.0,0.0,5,90
2011-09-08,22622,129.0,0.0,5,90
2011-09-09,22622,123.0,0.0,5,90
2011-09-10,22622,123.0,0.0,5,90
2011-09-11,22622,123.0,0.0,5,90
2011-09-12,22622,99.0,0.0,5,90
2011-09-13,22622,98.0,0.0,5,90
2011-09-14,22622,98.0,0.0,5,90
2011-09-15,22622,75.0,111.0,5,90
2011-09-16,22622,75.0,111.0,5,90
2011-09-17,22622,75.0,111.0,5,90
2011-09-18,22622,71.0,111.0,5,90
2011-09-19,22622,69.0,111.0,5,90
2011-09-20,22622,180.0,0.0,5,90
2011-09-21,22622,179.0,0.0,5,90
2011-09-22,22622,173.0,0.0,5,90
2011-09-23,22622,166.0,0.0,5,90
2011-09-24,22622,166.0,0.0,5,90
2011-09-25,22622,152.0,0.0,5,90
2011-09-26,22622,138.0,0.0,5,90
2011-09-27,22622,138.0,0.0,5,90
2011-09-28,22622,135.0,0.0,5,90
2011-09-29,22622,121.0,0.0,5,90
2011-09-30,22622,97.0,0.0,5,90
2011-10-01,22622,97.0,0.0,5,90
2011-10-02,22622,97.0,0.0,5,90
2011-10-03,22622,93.0,0.0,5,90
2011-10-04,22622,93.0,0.0,5,90
2011-10-05,22622,91.0,0.0,5,90
2011-10-06,22622,41.0,145.0,5,90
2011-10-07,22622,39.0,145.0,5,90
2011-10-08,22622,39.0,145.0,5,90
2011-10-09,22622,37.0,145.0,5,90
2011-10-10,22622,35.0,145.0,5,90
2011-10-11,22622,180.0,0.0,5,90
2011-10-12,22622,174.0,0.0,5,90
2011-10-13,22622,174.0,0.0,5,90
2011-10-14,22622,174.0,0.0,5,90
2011-10-15,22622,174.0,0.0,5,90
2011-10-16,22622,174.0,0.0,5,90
2011-10-17,22622,168.0,0.0,5,90
2011-10-18,22622,164.0,0.0,5,90
2011-10-19,22622,163.0,0.0,5,90
2011-10-20,22622,163.0,0.0,5,90
2011-10-21,22622,163.0,0.0,5,90
2011-10-22,22622,163.0,0.0,5,90
2011-10-23,22622,163.0,0.0,5,90
2011-10-24,22622,153.0,0.0,5,90
2011-10-25,22622,153.0,0.0,5,90
2011-10-26,22622,153.0,0.0,5,90
2011-10-27,22622,143.0,0.0,5,90
2011-10-28,22622,137.0,0.0,5,90
2011-10-29,22622,137.0,0.0,5,90
2011-10-30,22622,135.0,0.0,5,90
2011-10-31,22622,134.0,0.0,5,90
2011-11-01,22622,131.0,0.0,5,90
2011-11-02,22622,129.0,0.0,5,90
2011-11-03,22622,129.0,0.0,5,90
2011-11-04,22622,129.0,0.0,5,90
2011-11-05,22622,129.0,0.0,5,90
2011-11-06,22622,122.0,0.0,5,90
2011-11-07,22622,117.0,0.0,5,90
2011-11-08,22622,57.0,129.0,5,90
2011-11-09,22622,49.0,129.0,5,90
2011-11-10,22622,13.0,129.0,5,90
2011-11-11,22622,6.0,129.0,5,90
2011-11-12,22622,6.0,129.0,5,90
2011-11-13,22622,129.0,0.0,5,90
2011-11-14,22622,127.0,0.0,5,90
2011-11-15,22622,122.0,0.0,5,90
2011-11-16,22622,119.0,0.0,5,90
2011-11-17,22622,119.0,0.0,5,90
2011-11-18,22622,117.0,0.0,5,90
2011-11-19,22622,117.0,0.0,5,90
2011-11-20,22622,109.0,0.0,5,90
2011-11-21,22622,109.0,0.0,5,90
2011-11-22,22622,104.0,0.0,5,90
2011-11-23,22622,104.0,0.0,5,90
2011-11-24,22622,74.0,112.0,5,90
2011-11-25,22622,72.0,112.0,5,90
2011-11-26,22622,72.0,112.0,5,90
2011-11-27,22622,72.0,112.0,5,90
2011-11-28,22622,69.0,112.0,5,90
2011-11-29,22622,181.0,0.0,5,90
2011-11-30,22622,181.0,0.0,5,90
2011-12-01,22622,169.0,0.0,5,90
2011-12-02,22622,169.0,0.0,5,90
2011-12-03,22622,169.0,0.0,5,90
2011-12-04,22622,169.0,0.0,5,90
2011-12-05,22622,168.0,0.0,5,90
2011-12-06,22622,168.0,0.0,5,90
2011-12-07,22622,154.0,0.0,5,90
2011-12-08,22622,148.0,0.0,5,90
2011-12-09,22622,141.0,0.0,5,90
2011-08-11,22624,72.0,78.0,14,135
2011-08-12,22624,68.0,78.0,14,135
2011-08-13,22624,68.0,78.0,14,135
2011-08-14,22624,65.0,78.0,14,135
2011-08-15,22624,63.0,78.0,14,135
2011-08-16,22624,54.0,156.0,14,135
2011-08-17,22624,50.0,156.0,14,135
2011-08-18,22624,42.0,156.0,14,135
2011-08-19,22624,38.0,156.0,14,135
2011-08-20,22624,38.0,156.0,14,135
2011-08-21,22624,113.0,78.0,14,135
2011-08-22,22624,108.0,78.0,14,135
2011-08-23,22624,78.0,78.0,14,135
2011-08-24,22624,72.0,78.0,14,135
2011-08-25,22624,69.0,78.0,14,135
2011-08-26,22624,69.0,78.0,14,135
2011-08-27,22624,69.0,78.0,14,135
2011-08-28,22624,69.0,78.0,14,135
2011-08-29,22624,69.0,78.0,14,135
2011-08-30,22624,128.0,0.0,14,135
2011-08-31,22624,128.0,82.0,14,135
2011-09-01,22624,123.0,82.0,14,135
2011-09-02,22624,119.0,82.0,14,135
2011-09-03,22624,119.0,82.0,14,135
2011-09-04,22624,114.0,82.0,14,135
2011-09-05,22624,107.0,82.0,14,135
2011-09-06,22624,73.0,82.0,14,135
2011-09-07,22624,70.0,82.0,14,135
2011-09-08,22624,50.0,160.0,14,135
2011-09-09,22624,40.0,160.0,14,135
2011-09-10,22624,40.0,160.0,14,135
2011-09-11,22624,21.0,160.0,14,135
2011-09-12,22624,19.0,160.0,14,135
2011-09-13,22624,12.0,160.0,14,135
2011-09-14,22624,91.0,78.0,14,135
2011-09-15,22624,86.0,78.0,14,135
2011-09-16,22624,84.0,78.0,14,135
2011-09-17,22624,84.0,78.0,14,135
2011-09-18,22624,79.0,78.0,14,135
2011-09-19,22624,74.0,78.0,14,135
2011-09-20,22624,70.0,78.0,14,135
2011-09-21,22624,15.0,195.0,14,135
2011-09-22,22624,87.0,117.0,14,135
2011-09-23,22624,79.0,117.0,14,135
2011-09-24,22624,79.0,117.0,14,135
2011-09-25,22624,72.0,117.0,14,135
2011-09-26,22624,67.0,117.0,14,135
2011-09-27,22624,67.0,117.0,14,135
2011-09-28,22624,65.0,117.0,14,135
2011-09-29,22624,61.0,117.0,14,135
2011-09-30,22624,59.0,117.0,14,135
2011-10-01,22624,59.0,117.0,14,135
2011-10-02,22624,56.0,117.0,14,135
2011-10-03,22624,53.0,117.0,14,135
2011-10-04,22624,49.0,117.0,14,135
2011-10-05,22624,155.0,0.0,14,135
2011-10-06,22624,148.0,0.0,14,135
2011-10-07,22624,148.0,0.0,14,135
2011-10-08,22624,148.0,0.0,14,135
2011-10-09,22624,148.0,0.0,14,135
2011-10-10,22624,139.0,0.0,14,135
2011-10-11,22624,133.0,77.0,14,135
2011-10-12,22624,115.0,77.0,14,135
2011-10-13,22624,105.0,77.0,14,135
2011-10-14,22624,101.0,77.0,14,135
2011-10-15,22624,101.0,77.0,14,135
2011-10-16,22624,99.0,77.0,14,135
2011-10-17,22624,86.0,77.0,14,135
2011-10-18,22624,83.0,77.0,14,135
2011-10-19,22624,77.0,77.0,14,135
2011-10-20,22624,32.0,178.0,14,135
2011-10-21,22624,26.0,178.0,14,135
2011-10-22,22624,26.0,178.0,14,135
2011-10-23,22624,21.0,178.0,14,135
2011-10-24,22624,19.0,178.0,14,135
2011-10-25,22624,83.0,101.0,14,135
2011-10-26,22624,76.0,101.0,14,135
2011-10-27,22624,70.0,101.0,14,135
2011-10-28,22624,63.0,101.0,14,135
2011-10-29,22624,63.0,101.0,14,135
2011-10-30,22624,53.0,101.0,14,135
2011-10-31,22624,49.0,101.0,14,135
2011-11-01,22624,39.0,101.0,14,135
2011-11-02,22624,32.0,178.0,14,135
2011-11-03,22624,124.0,77.0,14,135
2011-11-04,22624,118.0,77.0,14,135
2011-11-05,22624,118.0,77.0,14,135
2011-11-06,22624,111.0,77.0,14,135
2011-11-07,22624,104.0,77.0,14,135
2011-11-08,22624,93.0,77.0,14,135
2011-11-09,22624,90.0,77.0,14,135
2011-11-10,22624,80.0,77.0,14,135
2011-11-11,22624,78.0,77.0,14,135
2011-11-12,22624,78.0,77.0,14,135
2011-11-13,22624,69.0,77.0,14,135
2011-11-14,22624,65.0,77.0,14,135
2011-11-15,22624,64.0,77.0,14,135
2011-11-16,22624,133.0,0.0,14,135
2011-11-17,22624,118.0,92.0,14,135
2011-11-18,22624,114.0,92.0,14,135
2011-11-19,22624,114.0,92.0,14,135
2011-11-20,22624,110.0,92.0,14,135
2011-11-21,22624,107.0,92.0,14,135
2011-11-22,22624,102.0,92.0,14,135
2011-11-23,22624,99.0,92.0,14,135
2011-11-24,22624,92.0,92.0,14,135
2011-11-25,22624,92.0,92.0,14,135
2011-11-26,22624,92.0,92.0,14,135
2011-11-27,22624,90.0,92.0,14,135
2011-11-28,22624,85.0,92.0,14,135
2011-11-29,22624,80.0,92.0,14,135
2011-11-30,22624,74.0,92.0,14,135
2011-12-01,22624,160.0,0.0,14,135
2011-12-02,22624,154.0,0.0,14,135
2011-12-03,22624,154.0,0.0,14,135
2011-12-04,22624,150.0,0.0,14,135
2011-12-05,22624,132.0,78.0,14,135
2011-12-06,22624,126.0,78.0,14,135
2011-12-07,22624,120.0,78.0,14,135
2011-12-08,22624,104.0,78.0,14,135
2011-12-09,22624,97.0,78.0,14,135
2011-08-11,22625,71.0,0.0,12,67
2011-08-12,22625,65.0,95.0,12,67
2011-08-13,22625,65.0,95.0,12,67
2011-08-14,22625,65.0,95.0,12,67
2011-08-15,22625,65.0,95.0,12,67
2011-08-16,22625,51.0,95.0,12,67
2011-08-17,22625,49.0,95.0,12,67
2011-08-18,22625,44.0,95.0,12,67
2011-08-19,22625,44.0,95.0,12,67
2011-08-20,22625,44.0,95.0,12,67
2011-08-21,22625,44.0,95.0,12,67
2011-08-22,22625,39.0,95.0,12,67
2011-08-23,22625,27.0,95.0,12,67
2011-08-24,22625,116.0,0.0,12,67
2011-08-25,22625,116.0,0.0,12,67
2011-08-26,22625,116.0,0.0,12,67
2011-08-27,22625,116.0,0.0,12,67
2011-08-28,22625,116.0,0.0,12,67
2011-08-29,22625,116.0,0.0,12,67
2011-08-30,22625,109.0,0.0,12,67
2011-08-31,22625,97.0,0.0,12,67
2011-09-01,22625,88.0,0.0,12,67
2011-09-02,22625,84.0,0.0,12,67
2011-09-03,22625,84.0,0.0,12,67
2011-09-04,22625,77.0,0.0,12,67
2011-09-05,22625,77.0,0.0,12,67
2011-09-06,22625,59.0,101.0,12,67
2011-09-07,22625,57.0,101.0,12,67
2011-09-08,22625,22.0,101.0,12,67
2011-09-09,22625,16.0,101.0,12,67
2011-09-10,22625,16.0,101.0,12,67
2011-09-11,22625,5.0,101.0,12,67
2011-09-12,22625,1.0,101.0,12,67
2011-09-13,22625,0.0,101.0,12,67
2011-09-14,22625,0.0,101.0,12,67
2011-09-15,22625,0.0,101.0,12,67
2011-09-16,22625,0.0,101.0,12,67
2011-09-17,22625,0.0,101.0,12,67
2011-09-18,22625,96.0,0.0,12,67
2011-09-19,22625,82.0,0.0,12,67
2011-09-20,22625,80.0,0.0,12,67
2011-09-21,22625,26.0,134.0,12,67
2011-09-22,22625,23.0,134.0,12,67
2011-09-23,22625,17.0,134.0,12,67
2011-09-24,22625,17.0,134.0,12,67
2011-09-25,22625,17.0,134.0,12,67
2011-09-26,22625,15.0,134.0,12,67
2011-09-27,22625,13.0,134.0,12,67
2011-09-28,22625,12.0,134.0,12,67
2011-09-29,22625,10.0,134.0,12,67
2011-09-30,22625,8.0,134.0,12,67
2011-10-01,22625,8.0,134.0,12,67
2011-10-02,22625,8.0,134.0,12,67
2011-10-03,22625,142.0,0.0,12,67
2011-10-04,22625,139.0,0.0,12,67
2011-10-05,22625,133.0,0.0,12,67
2011-10-06,22625,133.0,0.0,12,67
2011-10-07,22625,131.0,0.0,12,67
2011-10-08,22625,131.0,0.0,12,67
2011-10-09,22625,129.0,0.0,12,67
2011-10-10,22625,125.0,0.0,12,67
2011-10-11,22625,121.0,0.0,12,67
2011-10-12,22625,113.0,0.0,12,67
2011-10-13,22625,107.0,0.0,12,67
2011-10-14,22625,107.0,0.0,12,67
2011-10-15,22625,107.0,0.0,12,67
2011-10-16,22625,105.0,0.0,12,67
2011-10-17,22625,94.0,0.0,12,67
2011-10-18,22625,93.0,0.0,12,67
2011-10-19,22625,90.0,0.0,12,67
2011-10-20,22625,50.0,110.0,12,67
2011-10-21,22625,48.0,110.0,12,67
2011-10-22,22625,48.0,110.0,12,67
2011-10-23,22625,44.0,110.0,12,67
2011-10-24,22625,44.0,110.0,12,67
2011-10-25,22625,40.0,110.0,12,67
2011-10-26,22625,37.0,110.0,12,67
2011-10-27,22625,26.0,110.0,12,67
2011-10-28,22625,18.0,110.0,12,67
2011-10-29,22625,18.0,110.0,12,67
2011-10-30,22625,13.0,110.0,12,67
2011-10-31,22625,8.0,110.0,12,67
2011-11-01,22625,113.0,0.0,12,67
2011-11-02,22625,109.0,0.0,12,67
2011-11-03,22625,105.0,0.0,12,67
2011-11-04,22625,102.0,0.0,12,67
2011-11-05,22625,102.0,0.0,12,67
2011-11-06,22625,99.0,0.0,12,67
2011-11-07,22625,97.0,0.0,12,67
2011-11-08,22625,88.0,0.0,12,67
2011-11-09,22625,88.0,0.0,12,67
2011-11-10,22625,86.0,0.0,12,67
2011-11-11,22625,84.0,0.0,12,67
2011-11-12,22625,84.0,0.0,12,67
2011-11-13,22625,83.0,0.0,12,67
2011-11-14,22625,80.0,0.0,12,67
2011-11-15,22625,79.0,0.0,12,67
2011-11-16,22625,74.0,0.0,12,67
2011-11-17,22625,25.0,135.0,12,67
2011-11-18,22625,23.0,135.0,12,67
2011-11-19,22625,23.0,135.0,12,67
2011-11-20,22625,22.0,135.0,12,67
2011-11-21,22625,16.0,135.0,12,67
2011-11-22,22625,8.0,135.0,12,67
2011-11-23,22625,6.0,135.0,12,67
2011-11-24,22625,0.0,135.0,12,67
2011-11-25,22625,0.0,135.0,12,67
2011-11-26,22625,0.0,135.0,12,67
2011-11-27,22625,0.0,135.0,12,67
2011-11-28,22625,0.0,135.0,12,67
2011-11-29,22625,130.0,0.0,12,67
2011-11-30,22625,117.0,0.0,12,67
2011-12-01,22625,115.0,0.0,12,67
2011-12-02,22625,108.0,0.0,12,67
2011-12-03,22625,108.0,0.0,12,67
2011-12-04,22625,106.0,0.0,12,67
2011-12-05,22625,95.0,0.0,12,67
2011-12-06,22625,92.0,0.0,12,67
2011-12-07,22625,76.0,0.0,12,67
2011-12-08,22625,68.0,0.0,12,67
2011-12-09,22625,66.0,94.0,12,67
2011-08-11,22629,107.0,1162.0,4,446
2011-08-12,22629,82.0,1162.0,4,446
2011-08-13,22629,82.0,1162.0,4,446
2011-08-14,22629,80.0,1162.0,4,446
2011-08-15,22629,1194.0,0.0,4,446
2011-08-16,22629,1180.0,0.0,4,446
2011-08-17,22629,1173.0,0.0,4,446
2011-08-18,22629,881.0,0.0,4,446
2011-08-19,22629,869.0,0.0,4,446
2011-08-20,22629,869.0,0.0,4,446
2011-08-21,22629,843.0,0.0,4,446
2011-08-22,22629,805.0,0.0,4,446
2011-08-23,22629,775.0,0.0,4,446
2011-08-24,22629,727.0,0.0,4,446
2011-08-25,22629,699.0,0.0,4,446
2011-08-26,22629,251.0,1018.0,4,446
2011-08-27,22629,251.0,1018.0,4,446
2011-08-28,22629,246.0,1018.0,4,446
2011-08-29,22629,246.0,1018.0,4,446
2011-08-30,22629,1262.0,0.0,4,446
2011-08-31,22629,1233.0,0.0,4,446
2011-09-01,22629,1182.0,0.0,4,446
2011-09-02,22629,1154.0,0.0,4,446
2011-09-03,22629,1154.0,0.0,4,446
2011-09-04,22629,1129.0,0.0,4,446
2011-09-05,22629,1128.0,0.0,4,446
2011-09-06,22629,1122.0,0.0,4,446
2011-09-07,22629,1089.0,0.0,4,446
2011-09-08,22629,1041.0,0.0,4,446
2011-09-09,22629,1028.0,0.0,4,446
2011-09-10,22629,1028.0,0.0,4,446
2011-09-11,22629,1010.0,0.0,4,446
2011-09-12,22629,990.0,0.0,4,446
2011-09-13,22629,969.0,0.0,4,446
2011-09-14,22629,967.0,0.0,4,446
2011-09-15,22629,914.0,0.0,4,446
2011-09-16,22629,878.0,0.0,4,446
2011-09-17,22629,878.0,0.0,4,446
2011-09-18,22629,877.0,0.0,4,446
2011-09-19,22629,587.0,0.0,4,446
2011-09-20,22629,574.0,0.0,4,446
2011-09-21,22629,537.0,0.0,4,446
2011-09-22,22629,501.0,0.0,4,446
2011-09-23,22629,470.0,0.0,4,446
2011-09-24,22629,470.0,0.0,4,446
2011-09-25,22629,458.0,0.0,4,446
2011-09-26,22629,444.0,825.0,4,446
2011-09-27,22629,342.0,825.0,4,446
2011-09-28,22629,304.0,825.0,4,446
2011-09-29,22629,277.0,825.0,4,446
2011-09-30,22629,1087.0,0.0,4,446
2011-10-01,22629,1087.0,0.0,4,446
2011-10-02,22629,1087.0,0.0,4,446
2011-10-03,22629,1072.0,0.0,4,446
2011-10-04,22629,1046.0,0.0,4,446
2011-10-05,22629,932.0,0.0,4,446
2011-10-06,22629,883.0,0.0,4,446
2011-10-07,22629,827.0,0.0,4,446
2011-10-08,22629,827.0,0.0,4,446
2011-10-09,22629,827.0,0.0,4,446
2011-10-10,22629,811.0,0.0,4,446
2011-10-11,22629,748.0,0.0,4,446
2011-10-12,22629,723.0,0.0,4,446
2011-10-13,22629,718.0,0.0,4,446
2011-10-14,22629,700.0,0.0,4,446
2011-10-15,22629,700.0,0.0,4,446
2011-10-16,22629,700.0,0.0,4,446
2011-10-17,22629,675.0,0.0,4,446
2011-10-18,22629,664.0,0.0,4,446
2011-10-19,22629,646.0,0.0,4,446
2011-10-20,22629,442.0,827.0,4,446
2011-10-21,22629,440.0,827.0,4,446
2011-10-22,22629,440.0,827.0,4,446
2011-10-23,22629,436.0,827.0,4,446
2011-10-24,22629,1263.0,0.0,4,446
2011-10-25,22629,1261.0,0.0,4,446
2011-10-26,22629,1246.0,0.0,4,446
2011-10-27,22629,1061.0,0.0,4,446
2011-10-28,22629,986.0,0.0,4,446
2011-10-29,22629,986.0,0.0,4,446
2011-10-30,22629,979.0,0.0,4,446
2011-10-31,22629,968.0,0.0,4,446
2011-11-01,22629,955.0,0.0,4,446
2011-11-02,22629,891.0,0.0,4,446
2011-11-03,22629,807.0,0.0,4,446
2011-11-04,22629,770.0,0.0,4,446
2011-11-05,22629,770.0,0.0,4,446
2011-11-06,22629,766.0,0.0,4,446
2011-11-07,22629,687.0,0.0,4,446
2011-11-08,22629,632.0,0.0,4,446
2011-11-09,22629,554.0,0.0,4,446
2011-11-10,22629,472.0,0.0,4,446
2011-11-11,22629,258.0,1011.0,4,446
2011-11-12,22629,258.0,1011.0,4,446
2011-11-13,22629,257.0,1011.0,4,446
2011-11-14,22629,243.0,1011.0,4,446
2011-11-15,22629,1152.0,0.0,4,446
2011-11-16,22629,1045.0,0.0,4,446
2011-11-17,22629,998.0,0.0,4,446
2011-11-18,22629,982.0,0.0,4,446
2011-11-19,22629,982.0,0.0,4,446
2011-11-20,22629,961.0,0.0,4,446
2011-11-21,22629,958.0,0.0,4,446
2011-11-22,22629,926.0,0.0,4,446
2011-11-23,22629,651.0,0.0,4,446
2011-11-24,22629,646.0,0.0,4,446
2011-11-25,22629,624.0,0.0,4,446
2011-11-26,22629,624.0,0.0,4,446
2011-11-27,22629,619.0,0.0,4,446
2011-11-28,22629,594.0,0.0,4,446
2011-11-29,22629,524.0,0.0,4,446
2011-11-30,22629,520.0,0.0,4,446
2011-12-01,22629,492.0,0.0,4,446
2011-12-02,22629,471.0,0.0,4,446
2011-12-03,22629,471.0,0.0,4,446
2011-12-04,22629,459.0,0.0,4,446
2011-12-05,22629,279.0,990.0,4,446
2011-12-06,22629,201.0,990.0,4,446
2011-12-07,22629,197.0,990.0,4,446
2011-12-08,22629,108.0,990.0,4,446
2011-12-09,22629,1083.0,0.0,4,446
2011-08-11,22630,137.0,978.0,11,661
2011-08-12,22630,124.0,978.0,11,661
2011-08-13,22630,124.0,978.0,11,661
2011-08-14,22630,119.0,978.0,11,661
2011-08-15,22630,1073.0,0.0,11,661
2011-08-16,22630,1057.0,0.0,11,661
2011-08-17,22630,1048.0,0.0,11,661
2011-08-18,22630,768.0,0.0,11,661
2011-08-19,22630,768.0,0.0,11,661
2011-08-20,22630,768.0,0.0,11,661
2011-08-21,22630,731.0,0.0,11,661
2011-08-22,22630,695.0,0.0,11,661
2011-08-23,22630,669.0,0.0,11,661
2011-08-24,22630,624.0,963.0,11,661
2011-08-25,22630,609.0,963.0,11,661
2011-08-26,22630,161.0,963.0,11,661
2011-08-27,22630,161.0,963.0,11,661
2011-08-28,22630,160.0,963.0,11,661
2011-08-29,22630,160.0,963.0,11,661
2011-08-30,22630,153.0,963.0,11,661
2011-08-31,22630,125.0,963.0,11,661
2011-09-01,22630,57.0,963.0,11,661
2011-09-02,22630,0.0,963.0,11,661
2011-09-03,22630,0.0,963.0,11,661
2011-09-04,22630,950.0,0.0,11,661
2011-09-05,22630,883.0,0.0,11,661
2011-09-06,22630,879.0,0.0,11,661
2011-09-07,22630,850.0,0.0,11,661
2011-09-08,22630,838.0,0.0,11,661
2011-09-09,22630,814.0,0.0,11,661
2011-09-10,22630,814.0,0.0,11,661
2011-09-11,22630,803.0,0.0,11,661
2011-09-12,22630,803.0,0.0,11,661
2011-09-13,22630,766.0,0.0,11,661
2011-09-14,22630,753.0,0.0,11,661
2011-09-15,22630,701.0,0.0,11,661
2011-09-16,22630,675.0,0.0,11,661
2011-09-17,22630,675.0,0.0,11,661
2011-09-18,22630,672.0,0.0,11,661
2011-09-19,22630,442.0,1145.0,11,661
2011-09-20,22630,439.0,1145.0,11,661
2011-09-21,22630,363.0,1145.0,11,661
2011-09-22,22630,349.0,1145.0,11,661
2011-09-23,22630,313.0,1145.0,11,661
2011-09-24,22630,313.0,1145.0,11,661
2011-09-25,22630,311.0,1145.0,11,661
2011-09-26,22630,307.0,1145.0,11,661
2011-09-27,22630,230.0,1145.0,11,661
2011-09-28,22630,202.0,1145.0,11,661
2011-09-29,22630,160.0,1145.0,11,661
2011-09-30,22630,1266.0,0.0,11,661
2011-10-01,22630,1266.0,0.0,11,661
2011-10-02,22630,1266.0,0.0,11,661
2011-10-03,22630,1241.0,0.0,11,661
2011-10-04,22630,1236.0,0.0,11,661
2011-10-05,22630,1143.0,0.0,11,661
2011-10-06,22630,1048.0,0.0,11,661
2011-10-07,22630,1030.0,0.0,11,661
2011-10-08,22630,1030.0,0.0,11,661
2011-10-09,22630,1030.0,0.0,11,661
2011-10-10,22630,1023.0,0.0,11,661
2011-10-11,22630,997.0,0.0,11,661
2011-10-12,22630,985.0,0.0,11,661
2011-10-13,22630,970.0,0.0,11,661
2011-10-14,22630,934.0,0.0,11,661
2011-10-15,22630,934.0,0.0,11,661
2011-10-16,22630,934.0,0.0,11,661
2011-10-17,22630,922.0,0.0,11,661
2011-10-18,22630,898.0,0.0,11,661
2011-10-19,22630,895.0,0.0,11,661
2011-10-20,22630,627.0,960.0,11,661
2011-10-21,22630,625.0,960.0,11,661
2011-10-22,22630,625.0,960.0,11,661
2011-10-23,22630,621.0,960.0,11,661
2011-10-24,22630,620.0,960.0,11,661
2011-10-25,22630,619.0,960.0,11,661
2011-10-26,22630,605.0,960.0,11,661
2011-10-27,22630,406.0,960.0,11,661
2011-10-28,22630,391.0,960.0,11,661
2011-10-29,22630,391.0,960.0,11,661
2011-10-30,22630,360.0,960.0,11,661
2011-10-31,22630,1305.0,0.0,11,661
2011-11-01,22630,1292.0,0.0,11,661
2011-11-02,22630,1292.0,0.0,11,661
2011-11-03,22630,1273.0,0.0,11,661
2011-11-04,22630,1190.0,0.0,11,661
2011-11-05,22630,1190.0,0.0,11,661
2011-11-06,22630,1172.0,0.0,11,661
2011-11-07,22630,1169.0,0.0,11,661
2011-11-08,22630,1119.0,0.0,11,661
2011-11-09,22630,1102.0,0.0,11,661
2011-11-10,22630,1090.0,0.0,11,661
2011-11-11,22630,1078.0,0.0,11,661
2011-11-12,22630,1078.0,0.0,11,661
2011-11-13,22630,1076.0,0.0,11,661
2011-11-14,22630,1036.0,0.0,11,661
2011-11-15,22630,969.0,0.0,11,661
2011-11-16,22630,887.0,0.0,11,661
2011-11-17,22630,845.0,0.0,11,661
2011-11-18,22630,815.0,0.0,11,661
2011-11-19,22630,815.0,0.0,11,661
2011-11-20,22630,792.0,0.0,11,661
2011-11-21,22630,789.0,0.0,11,661
2011-11-22,22630,756.0,0.0,11,661
2011-11-23,22630,538.0,1049.0,11,661
2011-11-24,22630,532.0,1049.0,11,661
2011-11-25,22630,498.0,1049.0,11,661
2011-11-26,22630,498.0,1049.0,11,661
2011-11-27,22630,489.0,1049.0,11,661
2011-11-28,22630,474.0,1049.0,11,661
2011-11-29,22630,440.0,1049.0,11,661
2011-11-30,22630,422.0,1049.0,11,661
2011-12-01,22630,405.0,1049.0,11,661
2011-12-02,22630,385.0,1049.0,11,661
2011-12-03,22630,385.0,1049.0,11,661
2011-12-04,22630,1422.0,0.0,11,661
2011-12-05,22630,1366.0,0.0,11,661
2011-12-06,22630,1324.0,0.0,11,661
2011-12-07,22630,1320.0,0.0,11,661
2011-12-08,22630,1287.0,0.0,11,661
2011-12-09,22630,1286.0,0.0,11,661
2011-08-11,22632,2154.0,0.0,12,1413
2011-08-12,22632,2154.0,0.0,12,1413
2011-08-13,22632,2154.0,0.0,12,1413
2011-08-14,22632,2154.0,0.0,12,1413
2011-08-15,22632,2154.0,0.0,12,1413
2011-08-16,22632,2154.0,0.0,12,1413
2011-08-17,22632,2154.0,0.0,12,1413
2011-08-18,22632,2154.0,0.0,12,1413
2011-08-19,22632,2154.0,0.0,12,1413
2011-08-20,22632,2154.0,0.0,12,1413
2011-08-21,22632,2151.0,0.0,12,1413
2011-08-22,22632,2139.0,0.0,12,1413
2011-08-23,22632,2091.0,0.0,12,1413
2011-08-24,22632,2078.0,0.0,12,1413
2011-08-25,22632,2066.0,0.0,12,1413
2011-08-26,22632,2066.0,0.0,12,1413
2011-08-27,22632,2066.0,0.0,12,1413
2011-08-28,22632,1968.0,0.0,12,1413
2011-08-29,22632,1968.0,0.0,12,1413
2011-08-30,22632,1968.0,0.0,12,1413
2011-08-31,22632,1932.0,0.0,12,1413
2011-09-01,22632,1836.0,0.0,12,1413
2011-09-02,22632,1823.0,0.0,12,1413
2011-09-03,22632,1823.0,0.0,12,1413
2011-09-04,22632,1820.0,0.0,12,1413
2011-09-05,22632,1724.0,0.0,12,1413
2011-09-06,22632,1722.0,0.0,12,1413
2011-09-07,22632,1706.0,0.0,12,1413
2011-09-08,22632,1694.0,0.0,12,1413
2011-09-09,22632,1694.0,0.0,12,1413
2011-09-10,22632,1694.0,0.0,12,1413
2011-09-11,22632,1578.0,0.0,12,1413
2011-09-12,22632,1566.0,0.0,12,1413
2011-09-13,22632,1533.0,0.0,12,1413
2011-09-14,22632,1525.0,0.0,12,1413
2011-09-15,22632,1501.0,0.0,12,1413
2011-09-16,22632,1489.0,0.0,12,1413
2011-09-17,22632,1489.0,0.0,12,1413
2011-09-18,22632,1485.0,0.0,12,1413
2011-09-19,22632,1389.0,1809.0,12,1413
2011-09-20,22632,1383.0,1809.0,12,1413
2011-09-21,22632,1359.0,1809.0,12,1413
2011-09-22,22632,1254.0,1809.0,12,1413
2011-09-23,22632,1120.0,1809.0,12,1413
2011-09-24,22632,1120.0,1809.0,12,1413
2011-09-25,22632,1112.0,1809.0,12,1413
2011-09-26,22632,1100.0,1809.0,12,1413
2011-09-27,22632,1074.0,1809.0,12,1413
2011-09-28,22632,1056.0,1809.0,12,1413
2011-09-29,22632,1028.0,1809.0,12,1413
2011-09-30,22632,912.0,1809.0,12,1413
2011-10-01,22632,2721.0,0.0,12,1413
2011-10-02,22632,2709.0,0.0,12,1413
2011-10-03,22632,2694.0,0.0,12,1413
2011-10-04,22632,2658.0,0.0,12,1413
2011-10-05,22632,2634.0,0.0,12,1413
2011-10-06,22632,2538.0,0.0,12,1413
2011-10-07,22632,2514.0,0.0,12,1413
2011-10-08,22632,2514.0,0.0,12,1413
2011-10-09,22632,2511.0,0.0,12,1413
2011-10-10,22632,2504.0,0.0,12,1413
2011-10-11,22632,2472.0,0.0,12,1413
2011-10-12,22632,2455.0,0.0,12,1413
2011-10-13,22632,2415.0,0.0,12,1413
2011-10-14,22632,2415.0,0.0,12,1413
2011-10-15,22632,2415.0,0.0,12,1413
2011-10-16,22632,2404.0,0.0,12,1413
2011-10-17,22632,2382.0,0.0,12,1413
2011-10-18,22632,2365.0,0.0,12,1413
2011-10-19,22632,2336.0,0.0,12,1413
2011-10-20,22632,2309.0,0.0,12,1413
2011-10-21,22632,2281.0,0.0,12,1413
2011-10-22,22632,2281.0,0.0,12,1413
2011-10-23,22632,2273.0,0.0,12,1413
2011-10-24,22632,2264.0,0.0,12,1413
2011-10-25,22632,2240.0,0.0,12,1413
2011-10-26,22632,2232.0,0.0,12,1413
2011-10-27,22632,2201.0,0.0,12,1413
2011-10-28,22632,2184.0,0.0,12,1413
2011-10-29,22632,2184.0,0.0,12,1413
2011-10-30,22632,2096.0,0.0,12,1413
2011-10-31,22632,1988.0,0.0,12,1413
2011-11-01,22632,1982.0,0.0,12,1413
2011-11-02,22632,1957.0,0.0,12,1413
2011-11-03,22632,1944.0,0.0,12,1413
2011-11-04,22632,1763.0,0.0,12,1413
2011-11-05,22632,1763.0,0.0,12,1413
2011-11-06,22632,1627.0,0.0,12,1413
2011-11-07,22632,1615.0,0.0,12,1413
2011-11-08,22632,1579.0,0.0,12,1413
2011-11-09,22632,1544.0,0.0,12,1413
2011-11-10,22632,1478.0,0.0,12,1413
2011-11-11,22632,1333.0,1865.0,12,1413
2011-11-12,22632,1333.0,1865.0,12,1413
2011-11-13,22632,1311.0,1865.0,12,1413
2011-11-14,22632,1022.0,1865.0,12,1413
2011-11-15,22632,993.0,1865.0,12,1413
2011-11-16,22632,953.0,1865.0,12,1413
2011-11-17,22632,931.0,1865.0,12,1413
2011-11-18,22632,926.0,1865.0,12,1413
2011-11-19,22632,926.0,1865.0,12,1413
2011-11-20,22632,918.0,1865.0,12,1413
2011-11-21,22632,883.0,1865.0,12,1413
2011-11-22,22632,874.0,1865.0,12,1413
2011-11-23,22632,2684.0,0.0,12,1413
2011-11-24,22632,2669.0,0.0,12,1413
2011-11-25,22632,2592.0,0.0,12,1413
2011-11-26,22632,2592.0,0.0,12,1413
2011-11-27,22632,2582.0,0.0,12,1413
2011-11-28,22632,2548.0,0.0,12,1413
2011-11-29,22632,2523.0,0.0,12,1413
2011-11-30,22632,2508.0,0.0,12,1413
2011-12-01,22632,2494.0,0.0,12,1413
2011-12-02,22632,2480.0,0.0,12,1413
2011-12-03,22632,2480.0,0.0,12,1413
2011-12-04,22632,2451.0,0.0,12,1413
2011-12-05,22632,2399.0,0.0,12,1413
2011-12-06,22632,2360.0,0.0,12,1413
2011-12-07,22632,2334.0,0.0,12,1413
2011-12-08,22632,2274.0,0.0,12,1413
2011-12-09,22632,2248.0,0.0,12,1413
2011-08-11,22659,0.0,22.0,11,10
2011-08-12,22659,0.0,22.0,11,10
2011-08-13,22659,0.0,22.0,11,10
2011-08-14,22659,0.0,22.0,11,10
2011-08-15,22659,0.0,22.0,11,10
2011-08-16,22659,0.0,22.0,11,10
2011-08-17,22659,0.0,22.0,11,10
2011-08-18,22659,0.0,22.0,11,10
2011-08-19,22659,0.0,22.0,11,10
2011-08-20,22659,0.0,22.0,11,10
2011-08-21,22659,4.0,0.0,11,10
2011-08-22,22659,0.0,22.0,11,10
2011-08-23,22659,0.0,22.0,11,10
2011-08-24,22659,0.0,22.0,11,10
2011-08-25,22659,0.0,22.0,11,10
2011-08-26,22659,0.0,22.0,11,10
2011-08-27,22659,0.0,22.0,11,10
2011-08-28,22659,0.0,22.0,11,10
2011-08-29,22659,0.0,22.0,11,10
2011-08-30,22659,0.0,22.0,11,10
2011-08-31,22659,0.0,22.0,11,10
2011-09-01,22659,0.0,22.0,11,10
2011-09-02,22659,6.0,0.0,11,10
2011-09-03,22659,6.0,16.0,11,10
2011-09-04,22659,5.0,16.0,11,10
2011-09-05,22659,0.0,16.0,11,10
2011-09-06,22659,0.0,16.0,11,10
2011-09-07,22659,0.0,16.0,11,10
2011-09-08,22659,0.0,16.0,11,10
2011-09-09,22659,0.0,16.0,11,10
2011-09-10,22659,0.0,16.0,11,10
2011-09-11,22659,0.0,16.0,11,10
2011-09-12,22659,0.0,16.0,11,10
2011-09-13,22659,0.0,16.0,11,10
2011-09-14,22659,14.0,0.0,11,10
2011-09-15,22659,0.0,22.0,11,10
2011-09-16,22659,0.0,22.0,11,10
2011-09-17,22659,0.0,22.0,11,10
2011-09-18,22659,0.0,22.0,11,10
2011-09-19,22659,0.0,22.0,11,10
2011-09-20,22659,0.0,22.0,11,10
2011-09-21,22659,0.0,22.0,11,10
2011-09-22,22659,0.0,22.0,11,10
2011-09-23,22659,0.0,22.0,11,10
2011-09-24,22659,0.0,22.0,11,10
2011-09-25,22659,0.0,22.0,11,10
2011-09-26,22659,0.0,0.0,11,10
2011-09-27,22659,0.0,22.0,11,10
2011-09-28,22659,0.0,22.0,11,10
2011-09-29,22659,0.0,22.0,11,10
2011-09-30,22659,0.0,22.0,11,10
2011-10-01,22659,0.0,22.0,11,10
2011-10-02,22659,0.0,22.0,11,10
2011-10-03,22659,0.0,22.0,11,10
2011-10-04,22659,0.0,22.0,11,10
2011-10-05,22659,0.0,22.0,11,10
2011-10-06,22659,0.0,22.0,11,10
2011-10-07,22659,0.0,22.0,11,10
2011-10-08,22659,22.0,0.0,11,10
2011-10-09,22659,22.0,0.0,11,10
2011-10-10,22659,17.0,0.0,11,10
2011-10-11,22659,0.0,22.0,11,10
2011-10-12,22659,0.0,22.0,11,10
2011-10-13,22659,0.0,22.0,11,10
2011-10-14,22659,0.0,22.0,11,10
2011-10-15,22659,0.0,22.0,11,10
2011-10-16,22659,0.0,22.0,11,10
2011-10-17,22659,0.0,22.0,11,10
2011-10-18,22659,0.0,22.0,11,10
2011-10-19,22659,0.0,22.0,11,10
2011-10-20,22659,0.0,22.0,11,10
2011-10-21,22659,0.0,22.0,11,10
2011-10-22,22659,22.0,0.0,11,10
2011-10-23,22659,16.0,0.0,11,10
2011-10-24,22659,13.0,0.0,11,10
2011-10-25,22659,0.0,22.0,11,10
2011-10-26,22659,0.0,22.0,11,10
2011-10-27,22659,0.0,22.0,11,10
2011-10-28,22659,0.0,22.0,11,10
2011-10-29,22659,0.0,22.0,11,10
2011-10-30,22659,0.0,22.0,11,10
2011-10-31,22659,0.0,22.0,11,10
2011-11-01,22659,0.0,22.0,11,10
2011-11-02,22659,0.0,22.0,11,10
2011-11-03,22659,0.0,22.0,11,10
2011-11-04,22659,0.0,22.0,11,10
2011-11-05,22659,22.0,0.0,11,10
2011-11-06,22659,5.0,17.0,11,10
2011-11-07,22659,0.0,17.0,11,10
2011-11-08,22659,0.0,17.0,11,10
2011-11-09,22659,0.0,17.0,11,10
2011-11-10,22659,0.0,17.0,11,10
2011-11-11,22659,0.0,17.0,11,10
2011-11-12,22659,0.0,17.0,11,10
2011-11-13,22659,0.0,17.0,11,10
2011-11-14,22659,0.0,17.0,11,10
2011-11-15,22659,0.0,17.0,11,10
2011-11-16,22659,0.0,17.0,11,10
2011-11-17,22659,0.0,0.0,11,10
2011-11-18,22659,0.0,22.0,11,10
2011-11-19,22659,0.0,22.0,11,10
2011-11-20,22659,0.0,22.0,11,10
2011-11-21,22659,0.0,22.0,11,10
2011-11-22,22659,0.0,22.0,11,10
2011-11-23,22659,0.0,22.0,11,10
2011-11-24,22659,0.0,22.0,11,10
2011-11-25,22659,0.0,22.0,11,10
2011-11-26,22659,0.0,22.0,11,10
2011-11-27,22659,0.0,22.0,11,10
2011-11-28,22659,0.0,22.0,11,10
2011-11-29,22659,0.0,0.0,11,10
2011-11-30,22659,0.0,22.0,11,10
2011-12-01,22659,0.0,22.0,11,10
2011-12-02,22659,0.0,22.0,11,10
2011-12-03,22659,0.0,22.0,11,10
2011-12-04,22659,0.0,22.0,11,10
2011-12-05,22659,0.0,22.0,11,10
2011-12-06,22659,0.0,22.0,11,10
2011-12-07,22659,0.0,22.0,11,10
2011-12-08,22659,0.0,22.0,11,10
2011-12-09,22659,0.0,22.0,11,10
2011-08-11,22666,269.0,351.0,13,351
2011-08-12,22666,257.0,351.0,13,351
2011-08-13,22666,608.0,0.0,13,351
2011-08-14,22666,601.0,0.0,13,351
2011-08-15,22666,601.0,0.0,13,351
2011-08-16,22666,581.0,0.0,13,351
2011-08-17,22666,445.0,0.0,13,351
2011-08-18,22666,431.0,0.0,13,351
2011-08-19,22666,431.0,0.0,13,351
2011-08-20,22666,431.0,0.0,13,351
2011-08-21,22666,428.0,0.0,13,351
2011-08-22,22666,428.0,0.0,13,351
2011-08-23,22666,424.0,0.0,13,351
2011-08-24,22666,419.0,0.0,13,351
2011-08-25,22666,413.0,0.0,13,351
2011-08-26,22666,403.0,0.0,13,351
2011-08-27,22666,403.0,0.0,13,351
2011-08-28,22666,398.0,0.0,13,351
2011-08-29,22666,398.0,0.0,13,351
2011-08-30,22666,390.0,0.0,13,351
2011-08-31,22666,389.0,0.0,13,351
2011-09-01,22666,375.0,0.0,13,351
2011-09-02,22666,304.0,398.0,13,351
2011-09-03,22666,304.0,398.0,13,351
2011-09-04,22666,279.0,398.0,13,351
2011-09-05,22666,267.0,398.0,13,351
2011-09-06,22666,260.0,398.0,13,351
2011-09-07,22666,244.0,398.0,13,351
2011-09-08,22666,233.0,398.0,13,351
2011-09-09,22666,201.0,398.0,13,351
2011-09-10,22666,201.0,398.0,13,351
2011-09-11,22666,175.0,398.0,13,351
2011-09-12,22666,160.0,398.0,13,351
2011-09-13,22666,153.0,398.0,13,351
2011-09-14,22666,152.0,398.0,13,351
2011-09-15,22666,530.0,0.0,13,351
2011-09-16,22666,523.0,0.0,13,351
2011-09-17,22666,523.0,0.0,13,351
2011-09-18,22666,504.0,0.0,13,351
2011-09-19,22666,501.0,0.0,13,351
2011-09-20,22666,0.0,702.0,13,351
2011-09-21,22666,0.0,702.0,13,351
2011-09-22,22666,0.0,702.0,13,351
2011-09-23,22666,0.0,702.0,13,351
2011-09-24,22666,0.0,702.0,13,351
2011-09-25,22666,0.0,702.0,13,351
2011-09-26,22666,0.0,702.0,13,351
2011-09-27,22666,0.0,702.0,13,351
2011-09-28,22666,0.0,702.0,13,351
2011-09-29,22666,0.0,702.0,13,351
2011-09-30,22666,0.0,702.0,13,351
2011-10-01,22666,0.0,702.0,13,351
2011-10-02,22666,0.0,702.0,13,351
2011-10-03,22666,681.0,0.0,13,351
2011-10-04,22666,669.0,0.0,13,351
2011-10-05,22666,666.0,0.0,13,351
2011-10-06,22666,666.0,0.0,13,351
2011-10-07,22666,659.0,0.0,13,351
2011-10-08,22666,659.0,0.0,13,351
2011-10-09,22666,645.0,0.0,13,351
2011-10-10,22666,606.0,0.0,13,351
2011-10-11,22666,593.0,0.0,13,351
2011-10-12,22666,570.0,0.0,13,351
2011-10-13,22666,541.0,0.0,13,351
2011-10-14,22666,541.0,0.0,13,351
2011-10-15,22666,541.0,0.0,13,351
2011-10-16,22666,535.0,0.0,13,351
2011-10-17,22666,526.0,0.0,13,351
2011-10-18,22666,509.0,0.0,13,351
2011-10-19,22666,481.0,0.0,13,351
2011-10-20,22666,475.0,0.0,13,351
2011-10-21,22666,464.0,0.0,13,351
2011-10-22,22666,464.0,0.0,13,351
2011-10-23,22666,453.0,0.0,13,351
2011-10-24,22666,441.0,0.0,13,351
2011-10-25,22666,412.0,0.0,13,351
2011-10-26,22666,409.0,0.0,13,351
2011-10-27,22666,384.0,0.0,13,351
2011-10-28,22666,378.0,0.0,13,351
2011-10-29,22666,378.0,0.0,13,351
2011-10-30,22666,352.0,0.0,13,351
2011-10-31,22666,330.0,372.0,13,351
2011-11-01,22666,289.0,372.0,13,351
2011-11-02,22666,233.0,372.0,13,351
2011-11-03,22666,0.0,372.0,13,351
2011-11-04,22666,0.0,372.0,13,351
2011-11-05,22666,0.0,372.0,13,351
2011-11-06,22666,0.0,372.0,13,351
2011-11-07,22666,0.0,372.0,13,351
2011-11-08,22666,0.0,372.0,13,351
2011-11-09,22666,0.0,372.0,13,351
2011-11-10,22666,0.0,372.0,13,351
2011-11-11,22666,0.0,372.0,13,351
2011-11-12,22666,0.0,372.0,13,351
2011-11-13,22666,344.0,0.0,13,351
2011-11-14,22666,339.0,363.0,13,351
2011-11-15,22666,329.0,363.0,13,351
2011-11-16,22666,286.0,363.0,13,351
2011-11-17,22666,284.0,363.0,13,351
2011-11-18,22666,250.0,363.0,13,351
2011-11-19,22666,250.0,363.0,13,351
2011-11-20,22666,227.0,363.0,13,351
2011-11-21,22666,195.0,363.0,13,351
2011-11-22,22666,158.0,363.0,13,351
2011-11-23,22666,83.0,363.0,13,351
2011-11-24,22666,72.0,363.0,13,351
2011-11-25,22666,47.0,363.0,13,351
2011-11-26,22666,47.0,363.0,13,351
2011-11-27,22666,389.0,0.0,13,351
2011-11-28,22666,367.0,0.0,13,351
2011-11-29,22666,332.0,370.0,13,351
2011-11-30,22666,273.0,370.0,13,351
2011-12-01,22666,256.0,370.0,13,351
2011-12-02,22666,237.0,370.0,13,351
2011-12-03,22666,237.0,370.0,13,351
2011-12-04,22666,229.0,370.0,13,351
2011-12-05,22666,169.0,370.0,13,351
2011-12-06,22666,0.0,370.0,13,351
2011-12-07,22666,0.0,370.0,13,351
2011-12-08,22666,0.0,370.0,13,351
2011-12-09,22666,0.0,370.0,13,351
2011-08-11,22693,142.0,0.0,10,104
2011-08-12,22693,142.0,0.0,10,104
2011-08-13,22693,142.0,0.0,10,104
2011-08-14,22693,118.0,0.0,10,104
2011-08-15,22693,118.0,0.0,10,104
2011-08-16,22693,94.0,169.0,10,104
2011-08-17,22693,94.0,169.0,10,104
2011-08-18,22693,94.0,169.0,10,104
2011-08-19,22693,94.0,169.0,10,104
2011-08-20,22693,94.0,169.0,10,104
2011-08-21,22693,94.0,169.0,10,104
2011-08-22,22693,94.0,169.0,10,104
2011-08-23,22693,94.0,169.0,10,104
2011-08-24,22693,94.0,169.0,10,104
2011-08-25,22693,94.0,169.0,10,104
2011-08-26,22693,263.0,0.0,10,104
2011-08-27,22693,263.0,0.0,10,104
2011-08-28,22693,215.0,0.0,10,104
2011-08-29,22693,215.0,0.0,10,104
2011-08-30,22693,214.0,0.0,10,104
2011-08-31,22693,214.0,0.0,10,104
2011-09-01,22693,214.0,0.0,10,104
2011-09-02,22693,214.0,0.0,10,104
2011-09-03,22693,214.0,0.0,10,104
2011-09-04,22693,214.0,0.0,10,104
2011-09-05,22693,190.0,0.0,10,104
2011-09-06,22693,190.0,0.0,10,104
2011-09-07,22693,190.0,0.0,10,104
2011-09-08,22693,118.0,0.0,10,104
2011-09-09,22693,70.0,193.0,10,104
2011-09-10,22693,70.0,193.0,10,104
2011-09-11,22693,0.0,193.0,10,104
2011-09-12,22693,0.0,193.0,10,104
2011-09-13,22693,0.0,193.0,10,104
2011-09-14,22693,0.0,193.0,10,104
2011-09-15,22693,0.0,193.0,10,104
2011-09-16,22693,0.0,193.0,10,104
2011-09-17,22693,0.0,193.0,10,104
2011-09-18,22693,0.0,193.0,10,104
2011-09-19,22693,145.0,0.0,10,104
2011-09-20,22693,145.0,0.0,10,104
2011-09-21,22693,139.0,0.0,10,104
2011-09-22,22693,91.0,172.0,10,104
2011-09-23,22693,91.0,172.0,10,104
2011-09-24,22693,91.0,172.0,10,104
2011-09-25,22693,91.0,172.0,10,104
2011-09-26,22693,67.0,172.0,10,104
2011-09-27,22693,66.0,172.0,10,104
2011-09-28,22693,42.0,172.0,10,104
2011-09-29,22693,0.0,172.0,10,104
2011-09-30,22693,0.0,172.0,10,104
2011-10-01,22693,0.0,172.0,10,104
2011-10-02,22693,172.0,0.0,10,104
2011-10-03,22693,147.0,0.0,10,104
2011-10-04,22693,147.0,0.0,10,104
2011-10-05,22693,145.0,0.0,10,104
2011-10-06,22693,95.0,168.0,10,104
2011-10-07,22693,71.0,168.0,10,104
2011-10-08,22693,71.0,168.0,10,104
2011-10-09,22693,47.0,168.0,10,104
2011-10-10,22693,23.0,168.0,10,104
2011-10-11,22693,0.0,168.0,10,104
2011-10-12,22693,0.0,168.0,10,104
2011-10-13,22693,0.0,168.0,10,104
2011-10-14,22693,0.0,168.0,10,104
2011-10-15,22693,0.0,168.0,10,104
2011-10-16,22693,168.0,0.0,10,104
2011-10-17,22693,168.0,0.0,10,104
2011-10-18,22693,168.0,0.0,10,104
2011-10-19,22693,96.0,167.0,10,104
2011-10-20,22693,48.0,167.0,10,104
2011-10-21,22693,0.0,167.0,10,104
2011-10-22,22693,0.0,167.0,10,104
2011-10-23,22693,0.0,167.0,10,104
2011-10-24,22693,0.0,167.0,10,104
2011-10-25,22693,0.0,167.0,10,104
2011-10-26,22693,0.0,167.0,10,104
2011-10-27,22693,0.0,167.0,10,104
2011-10-28,22693,0.0,167.0,10,104
2011-10-29,22693,167.0,0.0,10,104
2011-10-30,22693,71.0,192.0,10,104
2011-10-31,22693,67.0,192.0,10,104
2011-11-01,22693,67.0,192.0,10,104
2011-11-02,22693,67.0,192.0,10,104
2011-11-03,22693,42.0,192.0,10,104
2011-11-04,22693,0.0,192.0,10,104
2011-11-05,22693,0.0,192.0,10,104
2011-11-06,22693,0.0,192.0,10,104
2011-11-07,22693,0.0,192.0,10,104
2011-11-08,22693,0.0,192.0,10,104
2011-11-09,22693,116.0,0.0,10,104
2011-11-10,22693,68.0,195.0,10,104
2011-11-11,22693,18.0,195.0,10,104
2011-11-12,22693,18.0,195.0,10,104
2011-11-13,22693,0.0,195.0,10,104
2011-11-14,22693,0.0,195.0,10,104
2011-11-15,22693,0.0,195.0,10,104
2011-11-16,22693,0.0,195.0,10,104
2011-11-17,22693,0.0,195.0,10,104
2011-11-18,22693,0.0,195.0,10,104
2011-11-19,22693,0.0,195.0,10,104
2011-11-20,22693,195.0,0.0,10,104
2011-11-21,22693,170.0,0.0,10,104
2011-11-22,22693,166.0,0.0,10,104
2011-11-23,22693,142.0,0.0,10,104
2011-11-24,22693,137.0,0.0,10,104
2011-11-25,22693,131.0,0.0,10,104
2011-11-26,22693,131.0,0.0,10,104
2011-11-27,22693,131.0,0.0,10,104
2011-11-28,22693,106.0,0.0,10,104
2011-11-29,22693,30.0,233.0,10,104
2011-11-30,22693,0.0,233.0,10,104
2011-12-01,22693,0.0,233.0,10,104
2011-12-02,22693,0.0,233.0,10,104
2011-12-03,22693,0.0,233.0,10,104
2011-12-04,22693,0.0,233.0,10,104
2011-12-05,22693,0.0,233.0,10,104
2011-12-06,22693,0.0,233.0,10,104
2011-12-07,22693,0.0,233.0,10,104
2011-12-08,22693,0.0,233.0,10,104
2011-12-09,22693,38.0,0.0,10,104
2011-08-11,22697,444.0,0.0,7,352
2011-08-12,22697,413.0,0.0,7,352
2011-08-13,22697,413.0,0.0,7,352
2011-08-14,22697,413.0,0.0,7,352
2011-08-15,22697,407.0,0.0,7,352
2011-08-16,22697,395.0,0.0,7,352
2011-08-17,22697,369.0,0.0,7,352
2011-08-18,22697,297.0,448.0,7,352
2011-08-19,22697,297.0,448.0,7,352
2011-08-20,22697,297.0,448.0,7,352
2011-08-21,22697,245.0,448.0,7,352
2011-08-22,22697,225.0,448.0,7,352
2011-08-23,22697,202.0,448.0,7,352
2011-08-24,22697,193.0,448.0,7,352
2011-08-25,22697,623.0,0.0,7,352
2011-08-26,22697,623.0,0.0,7,352
2011-08-27,22697,623.0,0.0,7,352
2011-08-28,22697,623.0,0.0,7,352
2011-08-29,22697,623.0,0.0,7,352
2011-08-30,22697,602.0,0.0,7,352
2011-08-31,22697,586.0,0.0,7,352
2011-09-01,22697,479.0,0.0,7,352
2011-09-02,22697,462.0,0.0,7,352
2011-09-03,22697,462.0,0.0,7,352
2011-09-04,22697,456.0,0.0,7,352
2011-09-05,22697,450.0,0.0,7,352
2011-09-06,22697,402.0,0.0,7,352
2011-09-07,22697,368.0,0.0,7,352
2011-09-08,22697,364.0,0.0,7,352
2011-09-09,22697,359.0,0.0,7,352
2011-09-10,22697,359.0,0.0,7,352
2011-09-11,22697,305.0,440.0,7,352
2011-09-12,22697,256.0,440.0,7,352
2011-09-13,22697,211.0,440.0,7,352
2011-09-14,22697,194.0,440.0,7,352
2011-09-15,22697,140.0,440.0,7,352
2011-09-16,22697,94.0,440.0,7,352
2011-09-17,22697,94.0,440.0,7,352
2011-09-18,22697,531.0,0.0,7,352
2011-09-19,22697,459.0,0.0,7,352
2011-09-20,22697,431.0,0.0,7,352
2011-09-21,22697,406.0,0.0,7,352
2011-09-22,22697,394.0,0.0,7,352
2011-09-23,22697,382.0,0.0,7,352
2011-09-24,22697,382.0,0.0,7,352
2011-09-25,22697,379.0,0.0,7,352
2011-09-26,22697,360.0,0.0,7,352
2011-09-27,22697,348.0,397.0,7,352
2011-09-28,22697,312.0,397.0,7,352
2011-09-29,22697,228.0,397.0,7,352
2011-09-30,22697,221.0,397.0,7,352
2011-10-01,22697,221.0,397.0,7,352
2011-10-02,22697,215.0,397.0,7,352
2011-10-03,22697,209.0,397.0,7,352
2011-10-04,22697,584.0,0.0,7,352
2011-10-05,22697,380.0,0.0,7,352
2011-10-06,22697,308.0,437.0,7,352
2011-10-07,22697,296.0,437.0,7,352
2011-10-08,22697,296.0,437.0,7,352
2011-10-09,22697,254.0,437.0,7,352
2011-10-10,22697,220.0,437.0,7,352
2011-10-11,22697,207.0,437.0,7,352
2011-10-12,22697,169.0,437.0,7,352
2011-10-13,22697,587.0,0.0,7,352
2011-10-14,22697,582.0,0.0,7,352
2011-10-15,22697,582.0,0.0,7,352
2011-10-16,22697,576.0,0.0,7,352
2011-10-17,22697,571.0,0.0,7,352
2011-10-18,22697,568.0,0.0,7,352
2011-10-19,22697,546.0,0.0,7,352
2011-10-20,22697,533.0,0.0,7,352
2011-10-21,22697,522.0,0.0,7,352
2011-10-22,22697,522.0,0.0,7,352
2011-10-23,22697,522.0,0.0,7,352
2011-10-24,22697,515.0,0.0,7,352
2011-10-25,22697,497.0,0.0,7,352
2011-10-26,22697,485.0,0.0,7,352
2011-10-27,22697,471.0,0.0,7,352
2011-10-28,22697,471.0,0.0,7,352
2011-10-29,22697,471.0,0.0,7,352
2011-10-30,22697,437.0,0.0,7,352
2011-10-31,22697,415.0,0.0,7,352
2011-11-01,22697,379.0,0.0,7,352
2011-11-02,22697,378.0,0.0,7,352
2011-11-03,22697,376.0,0.0,7,352
2011-11-04,22697,370.0,0.0,7,352
2011-11-05,22697,370.0,0.0,7,352
2011-11-06,22697,356.0,0.0,7,352
2011-11-07,22697,350.0,395.0,7,352
2011-11-08,22697,345.0,395.0,7,352
2011-11-09,22697,300.0,395.0,7,352
2011-11-10,22697,263.0,395.0,7,352
2011-11-11,22697,245.0,395.0,7,352
2011-11-12,22697,245.0,395.0,7,352
2011-11-13,22697,187.0,395.0,7,352
2011-11-14,22697,565.0,0.0,7,352
2011-11-15,22697,560.0,0.0,7,352
2011-11-16,22697,540.0,0.0,7,352
2011-11-17,22697,505.0,0.0,7,352
2011-11-18,22697,495.0,0.0,7,352
2011-11-19,22697,495.0,0.0,7,352
2011-11-20,22697,486.0,0.0,7,352
2011-11-21,22697,481.0,0.0,7,352
2011-11-22,22697,465.0,0.0,7,352
2011-11-23,22697,439.0,0.0,7,352
2011-11-24,22697,418.0,0.0,7,352
2011-11-25,22697,402.0,0.0,7,352
2011-11-26,22697,402.0,0.0,7,352
2011-11-27,22697,389.0,0.0,7,352
2011-11-28,22697,372.0,0.0,7,352
2011-11-29,22697,320.0,425.0,7,352
2011-11-30,22697,297.0,425.0,7,352
2011-12-01,22697,249.0,425.0,7,352
2011-12-02,22697,241.0,425.0,7,352
2011-12-03,22697,241.0,425.0,7,352
2011-12-04,22697,235.0,425.0,7,352
2011-12-05,22697,76.0,425.0,7,352
2011-12-06,22697,494.0,0.0,7,352
2011-12-07,22697,454.0,0.0,7,352
2011-12-08,22697,425.0,0.0,7,352
2011-12-09,22697,406.0,0.0,7,352
2011-08-11,22698,257.0,711.0,6,283
2011-08-12,22698,249.0,711.0,6,283
2011-08-13,22698,249.0,711.0,6,283
2011-08-14,22698,249.0,711.0,6,283
2011-08-15,22698,243.0,711.0,6,283
2011-08-16,22698,229.0,711.0,6,283
2011-08-17,22698,901.0,0.0,6,283
2011-08-18,22698,829.0,0.0,6,283
2011-08-19,22698,829.0,0.0,6,283
2011-08-20,22698,829.0,0.0,6,283
2011-08-21,22698,802.0,0.0,6,283
2011-08-22,22698,788.0,0.0,6,283
2011-08-23,22698,757.0,0.0,6,283
2011-08-24,22698,745.0,0.0,6,283
2011-08-25,22698,715.0,0.0,6,283
2011-08-26,22698,715.0,0.0,6,283
2011-08-27,22698,715.0,0.0,6,283
2011-08-28,22698,709.0,0.0,6,283
2011-08-29,22698,709.0,0.0,6,283
2011-08-30,22698,696.0,0.0,6,283
2011-08-31,22698,686.0,0.0,6,283
2011-09-01,22698,597.0,0.0,6,283
2011-09-02,22698,582.0,0.0,6,283
2011-09-03,22698,582.0,0.0,6,283
2011-09-04,22698,576.0,0.0,6,283
2011-09-05,22698,570.0,0.0,6,283
2011-09-06,22698,522.0,0.0,6,283
2011-09-07,22698,494.0,0.0,6,283
2011-09-08,22698,491.0,0.0,6,283
2011-09-09,22698,465.0,0.0,6,283
2011-09-10,22698,465.0,0.0,6,283
2011-09-11,22698,410.0,0.0,6,283
2011-09-12,22698,374.0,0.0,6,283
2011-09-13,22698,354.0,0.0,6,283
2011-09-14,22698,320.0,0.0,6,283
2011-09-15,22698,271.0,697.0,6,283
2011-09-16,22698,231.0,697.0,6,283
2011-09-17,22698,231.0,697.0,6,283
2011-09-18,22698,229.0,697.0,6,283
2011-09-19,22698,157.0,697.0,6,283
2011-09-20,22698,134.0,697.0,6,283
2011-09-21,22698,798.0,0.0,6,283
2011-09-22,22698,787.0,0.0,6,283
2011-09-23,22698,777.0,0.0,6,283
2011-09-24,22698,777.0,0.0,6,283
2011-09-25,22698,775.0,0.0,6,283
2011-09-26,22698,758.0,0.0,6,283
2011-09-27,22698,754.0,0.0,6,283
2011-09-28,22698,724.0,0.0,6,283
2011-09-29,22698,663.0,0.0,6,283
2011-09-30,22698,659.0,0.0,6,283
2011-10-01,22698,659.0,0.0,6,283
2011-10-02,22698,653.0,0.0,6,283
2011-10-03,22698,652.0,0.0,6,283
2011-10-04,22698,637.0,0.0,6,283
2011-10-05,22698,367.0,0.0,6,283
2011-10-06,22698,296.0,0.0,6,283
2011-10-07,22698,285.0,0.0,6,283
2011-10-08,22698,285.0,0.0,6,283
2011-10-09,22698,285.0,0.0,6,283
2011-10-10,22698,260.0,708.0,6,283
2011-10-11,22698,247.0,708.0,6,283
2011-10-12,22698,209.0,708.0,6,283
2011-10-13,22698,190.0,708.0,6,283
2011-10-14,22698,187.0,708.0,6,283
2011-10-15,22698,187.0,708.0,6,283
2011-10-16,22698,889.0,0.0,6,283
2011-10-17,22698,866.0,0.0,6,283
2011-10-18,22698,863.0,0.0,6,283
2011-10-19,22698,853.0,0.0,6,283
2011-10-20,22698,816.0,0.0,6,283
2011-10-21,22698,806.0,0.0,6,283
2011-10-22,22698,806.0,0.0,6,283
2011-10-23,22698,806.0,0.0,6,283
2011-10-24,22698,801.0,0.0,6,283
2011-10-25,22698,801.0,0.0,6,283
2011-10-26,22698,800.0,0.0,6,283
2011-10-27,22698,785.0,0.0,6,283
2011-10-28,22698,779.0,0.0,6,283
2011-10-29,22698,779.0,0.0,6,283
2011-10-30,22698,769.0,0.0,6,283
2011-10-31,22698,749.0,0.0,6,283
2011-11-01,22698,689.0,0.0,6,283
2011-11-02,22698,684.0,0.0,6,283
2011-11-03,22698,683.0,0.0,6,283
2011-11-04,22698,677.0,0.0,6,283
2011-11-05,22698,677.0,0.0,6,283
2011-11-06,22698,667.0,0.0,6,283
2011-11-07,22698,662.0,0.0,6,283
2011-11-08,22698,650.0,0.0,6,283
2011-11-09,22698,630.0,0.0,6,283
2011-11-10,22698,594.0,0.0,6,283
2011-11-11,22698,584.0,0.0,6,283
2011-11-12,22698,584.0,0.0,6,283
2011-11-13,22698,536.0,0.0,6,283
2011-11-14,22698,522.0,0.0,6,283
2011-11-15,22698,520.0,0.0,6,283
2011-11-16,22698,507.0,0.0,6,283
2011-11-17,22698,469.0,0.0,6,283
2011-11-18,22698,450.0,0.0,6,283
2011-11-19,22698,450.0,0.0,6,283
2011-11-20,22698,448.0,0.0,6,283
2011-11-21,22698,436.0,0.0,6,283
2011-11-22,22698,421.0,0.0,6,283
2011-11-23,22698,390.0,0.0,6,283
2011-11-24,22698,382.0,0.0,6,283
2011-11-25,22698,372.0,0.0,6,283
2011-11-26,22698,372.0,0.0,6,283
2011-11-27,22698,361.0,0.0,6,283
2011-11-28,22698,355.0,0.0,6,283
2011-11-29,22698,313.0,0.0,6,283
2011-11-30,22698,301.0,0.0,6,283
2011-12-01,22698,257.0,711.0,6,283
2011-12-02,22698,239.0,711.0,6,283
2011-12-03,22698,239.0,711.0,6,283
2011-12-04,22698,230.0,711.0,6,283
2011-12-05,22698,121.0,711.0,6,283
2011-12-06,22698,114.0,711.0,6,283
2011-12-07,22698,820.0,0.0,6,283
2011-12-08,22698,780.0,0.0,6,283
2011-12-09,22698,758.0,0.0,6,283
2011-08-11,22699,810.0,0.0,4,244
2011-08-12,22699,771.0,0.0,4,244
2011-08-13,22699,771.0,0.0,4,244
2011-08-14,22699,771.0,0.0,4,244
2011-08-15,22699,765.0,0.0,4,244
2011-08-16,22699,746.0,0.0,4,244
2011-08-17,22699,691.0,0.0,4,244
2011-08-18,22699,619.0,0.0,4,244
2011-08-19,22699,619.0,0.0,4,244
2011-08-20,22699,619.0,0.0,4,244
2011-08-21,22699,555.0,0.0,4,244
2011-08-22,22699,535.0,0.0,4,244
2011-08-23,22699,518.0,0.0,4,244
2011-08-24,22699,500.0,0.0,4,244
2011-08-25,22699,494.0,0.0,4,244
2011-08-26,22699,494.0,0.0,4,244
2011-08-27,22699,494.0,0.0,4,244
2011-08-28,22699,476.0,0.0,4,244
2011-08-29,22699,476.0,0.0,4,244
2011-08-30,22699,449.0,0.0,4,244
2011-08-31,22699,433.0,0.0,4,244
2011-09-01,22699,323.0,0.0,4,244
2011-09-02,22699,300.0,0.0,4,244
2011-09-03,22699,300.0,0.0,4,244
2011-09-04,22699,294.0,0.0,4,244
2011-09-05,22699,288.0,0.0,4,244
2011-09-06,22699,192.0,812.0,4,244
2011-09-07,22699,151.0,812.0,4,244
2011-09-08,22699,146.0,812.0,4,244
2011-09-09,22699,116.0,812.0,4,244
2011-09-10,22699,928.0,0.0,4,244
2011-09-11,22699,849.0,0.0,4,244
2011-09-12,22699,801.0,0.0,4,244
2011-09-13,22699,740.0,0.0,4,244
2011-09-14,22699,716.0,0.0,4,244
2011-09-15,22699,668.0,0.0,4,244
2011-09-16,22699,627.0,0.0,4,244
2011-09-17,22699,627.0,0.0,4,244
2011-09-18,22699,627.0,0.0,4,244
2011-09-19,22699,526.0,0.0,4,244
2011-09-20,22699,506.0,0.0,4,244
2011-09-21,22699,465.0,0.0,4,244
2011-09-22,22699,453.0,0.0,4,244
2011-09-23,22699,435.0,0.0,4,244
2011-09-24,22699,435.0,0.0,4,244
2011-09-25,22699,420.0,0.0,4,244
2011-09-26,22699,407.0,0.0,4,244
2011-09-27,22699,396.0,0.0,4,244
2011-09-28,22699,348.0,0.0,4,244
2011-09-29,22699,276.0,0.0,4,244
2011-09-30,22699,273.0,0.0,4,244
2011-10-01,22699,273.0,0.0,4,244
2011-10-02,22699,267.0,0.0,4,244
2011-10-03,22699,261.0,0.0,4,244
2011-10-04,22699,239.0,765.0,4,244
2011-10-05,22699,11.0,765.0,4,244
2011-10-06,22699,0.0,765.0,4,244
2011-10-07,22699,0.0,765.0,4,244
2011-10-08,22699,765.0,0.0,4,244
2011-10-09,22699,765.0,0.0,4,244
2011-10-10,22699,722.0,0.0,4,244
2011-10-11,22699,705.0,0.0,4,244
2011-10-12,22699,669.0,0.0,4,244
2011-10-13,22699,650.0,0.0,4,244
2011-10-14,22699,640.0,0.0,4,244
2011-10-15,22699,640.0,0.0,4,244
2011-10-16,22699,634.0,0.0,4,244
2011-10-17,22699,551.0,0.0,4,244
2011-10-18,22699,520.0,0.0,4,244
2011-10-19,22699,505.0,0.0,4,244
2011-10-20,22699,396.0,0.0,4,244
2011-10-21,22699,387.0,0.0,4,244
2011-10-22,22699,387.0,0.0,4,244
2011-10-23,22699,387.0,0.0,4,244
2011-10-24,22699,387.0,0.0,4,244
2011-10-25,22699,373.0,0.0,4,244
2011-10-26,22699,361.0,0.0,4,244
2011-10-27,22699,340.0,0.0,4,244
2011-10-28,22699,316.0,0.0,4,244
2011-10-29,22699,316.0,0.0,4,244
2011-10-30,22699,282.0,0.0,4,244
2011-10-31,22699,254.0,0.0,4,244
2011-11-01,22699,218.0,786.0,4,244
2011-11-02,22699,217.0,786.0,4,244
2011-11-03,22699,211.0,786.0,4,244
2011-11-04,22699,199.0,786.0,4,244
2011-11-05,22699,985.0,0.0,4,244
2011-11-06,22699,981.0,0.0,4,244
2011-11-07,22699,975.0,0.0,4,244
2011-11-08,22699,961.0,0.0,4,244
2011-11-09,22699,900.0,0.0,4,244
2011-11-10,22699,894.0,0.0,4,244
2011-11-11,22699,879.0,0.0,4,244
2011-11-12,22699,879.0,0.0,4,244
2011-11-13,22699,805.0,0.0,4,244
2011-11-14,22699,789.0,0.0,4,244
2011-11-15,22699,771.0,0.0,4,244
2011-11-16,22699,732.0,0.0,4,244
2011-11-17,22699,690.0,0.0,4,244
2011-11-18,22699,664.0,0.0,4,244
2011-11-19,22699,664.0,0.0,4,244
2011-11-20,22699,642.0,0.0,4,244
2011-11-21,22699,623.0,0.0,4,244
2011-11-22,22699,614.0,0.0,4,244
2011-11-23,22699,582.0,0.0,4,244
2011-11-24,22699,562.0,0.0,4,244
2011-11-25,22699,544.0,0.0,4,244
2011-11-26,22699,544.0,0.0,4,244
2011-11-27,22699,527.0,0.0,4,244
2011-11-28,22699,502.0,0.0,4,244
2011-11-29,22699,462.0,0.0,4,244
2011-11-30,22699,435.0,0.0,4,244
2011-12-01,22699,414.0,0.0,4,244
2011-12-02,22699,402.0,0.0,4,244
2011-12-03,22699,402.0,0.0,4,244
2011-12-04,22699,400.0,0.0,4,244
2011-12-05,22699,244.0,760.0,4,244
2011-12-06,22699,237.0,760.0,4,244
2011-12-07,22699,186.0,760.0,4,244
2011-12-08,22699,141.0,760.0,4,244
2011-12-09,22699,881.0,0.0,4,244
2011-08-11,22720,837.0,0.0,9,469
2011-08-12,22720,801.0,0.0,9,469
2011-08-13,22720,801.0,0.0,9,469
2011-08-14,22720,798.0,0.0,9,469
2011-08-15,22720,786.0,0.0,9,469
2011-08-16,22720,783.0,0.0,9,469
2011-08-17,22720,614.0,0.0,9,469
2011-08-18,22720,530.0,0.0,9,469
2011-08-19,22720,523.0,0.0,9,469
2011-08-20,22720,523.0,0.0,9,469
2011-08-21,22720,510.0,0.0,9,469
2011-08-22,22720,504.0,0.0,9,469
2011-08-23,22720,496.0,0.0,9,469
2011-08-24,22720,470.0,0.0,9,469
2011-08-25,22720,452.0,668.0,9,469
2011-08-26,22720,446.0,668.0,9,469
2011-08-27,22720,446.0,668.0,9,469
2011-08-28,22720,442.0,668.0,9,469
2011-08-29,22720,442.0,668.0,9,469
2011-08-30,22720,427.0,668.0,9,469
2011-08-31,22720,417.0,668.0,9,469
2011-09-01,22720,397.0,668.0,9,469
2011-09-02,22720,390.0,668.0,9,469
2011-09-03,22720,1058.0,0.0,9,469
2011-09-04,22720,1043.0,0.0,9,469
2011-09-05,22720,1032.0,0.0,9,469
2011-09-06,22720,1031.0,0.0,9,469
2011-09-07,22720,1026.0,0.0,9,469
2011-09-08,22720,1016.0,0.0,9,469
2011-09-09,22720,990.0,0.0,9,469
2011-09-10,22720,990.0,0.0,9,469
2011-09-11,22720,930.0,0.0,9,469
2011-09-12,22720,913.0,0.0,9,469
2011-09-13,22720,899.0,0.0,9,469
2011-09-14,22720,892.0,0.0,9,469
2011-09-15,22720,870.0,0.0,9,469
2011-09-16,22720,851.0,0.0,9,469
2011-09-17,22720,851.0,0.0,9,469
2011-09-18,22720,834.0,0.0,9,469
2011-09-19,22720,828.0,0.0,9,469
2011-09-20,22720,109.0,1011.0,9,469
2011-09-21,22720,87.0,1011.0,9,469
2011-09-22,22720,0.0,1011.0,9,469
2011-09-23,22720,0.0,1011.0,9,469
2011-09-24,22720,0.0,1011.0,9,469
2011-09-25,22720,0.0,1011.0,9,469
2011-09-26,22720,0.0,1011.0,9,469
2011-09-27,22720,0.0,1011.0,9,469
2011-09-28,22720,0.0,1011.0,9,469
2011-09-29,22720,1003.0,0.0,9,469
2011-09-30,22720,992.0,0.0,9,469
2011-10-01,22720,992.0,0.0,9,469
2011-10-02,22720,991.0,0.0,9,469
2011-10-03,22720,978.0,0.0,9,469
2011-10-04,22720,951.0,0.0,9,469
2011-10-05,22720,910.0,0.0,9,469
2011-10-06,22720,910.0,0.0,9,469
2011-10-07,22720,879.0,0.0,9,469
2011-10-08,22720,879.0,0.0,9,469
2011-10-09,22720,873.0,0.0,9,469
2011-10-10,22720,847.0,0.0,9,469
2011-10-11,22720,808.0,0.0,9,469
2011-10-12,22720,784.0,0.0,9,469
2011-10-13,22720,758.0,0.0,9,469
2011-10-14,22720,722.0,0.0,9,469
2011-10-15,22720,722.0,0.0,9,469
2011-10-16,22720,718.0,0.0,9,469
2011-10-17,22720,604.0,0.0,9,469
2011-10-18,22720,576.0,0.0,9,469
2011-10-19,22720,564.0,0.0,9,469
2011-10-20,22720,554.0,0.0,9,469
2011-10-21,22720,539.0,0.0,9,469
2011-10-22,22720,539.0,0.0,9,469
2011-10-23,22720,535.0,0.0,9,469
2011-10-24,22720,526.0,0.0,9,469
2011-10-25,22720,502.0,0.0,9,469
2011-10-26,22720,489.0,0.0,9,469
2011-10-27,22720,462.0,658.0,9,469
2011-10-28,22720,459.0,658.0,9,469
2011-10-29,22720,459.0,658.0,9,469
2011-10-30,22720,434.0,658.0,9,469
2011-10-31,22720,412.0,658.0,9,469
2011-11-01,22720,323.0,658.0,9,469
2011-11-02,22720,301.0,658.0,9,469
2011-11-03,22720,285.0,658.0,9,469
2011-11-04,22720,271.0,658.0,9,469
2011-11-05,22720,929.0,0.0,9,469
2011-11-06,22720,909.0,0.0,9,469
2011-11-07,22720,901.0,0.0,9,469
2011-11-08,22720,884.0,0.0,9,469
2011-11-09,22720,870.0,0.0,9,469
2011-11-10,22720,850.0,0.0,9,469
2011-11-11,22720,840.0,0.0,9,469
2011-11-12,22720,840.0,0.0,9,469
2011-11-13,22720,810.0,0.0,9,469
2011-11-14,22720,810.0,0.0,9,469
2011-11-15,22720,791.0,0.0,9,469
2011-11-16,22720,765.0,0.0,9,469
2011-11-17,22720,735.0,0.0,9,469
2011-11-18,22720,720.0,0.0,9,469
2011-11-19,22720,720.0,0.0,9,469
2011-11-20,22720,712.0,0.0,9,469
2011-11-21,22720,706.0,0.0,9,469
2011-11-22,22720,699.0,0.0,9,469
2011-11-23,22720,673.0,0.0,9,469
2011-11-24,22720,655.0,0.0,9,469
2011-11-25,22720,644.0,0.0,9,469
2011-11-26,22720,644.0,0.0,9,469
2011-11-27,22720,642.0,0.0,9,469
2011-11-28,22720,628.0,0.0,9,469
2011-11-29,22720,546.0,0.0,9,469
2011-11-30,22720,520.0,0.0,9,469
2011-12-01,22720,503.0,0.0,9,469
2011-12-02,22720,485.0,0.0,9,469
2011-12-03,22720,485.0,0.0,9,469
2011-12-04,22720,485.0,0.0,9,469
2011-12-05,22720,440.0,680.0,9,469
2011-12-06,22720,425.0,680.0,9,469
2011-12-07,22720,407.0,680.0,9,469
2011-12-08,22720,377.0,680.0,9,469
2011-12-09,22720,359.0,680.0,9,469
2011-08-11,22722,508.0,0.0,7,174
2011-08-12,22722,508.0,0.0,7,174
2011-08-13,22722,508.0,0.0,7,174
2011-08-14,22722,508.0,0.0,7,174
2011-08-15,22722,508.0,0.0,7,174
2011-08-16,22722,508.0,0.0,7,174
2011-08-17,22722,298.0,0.0,7,174
2011-08-18,22722,298.0,0.0,7,174
2011-08-19,22722,298.0,0.0,7,174
2011-08-20,22722,298.0,0.0,7,174
2011-08-21,22722,298.0,0.0,7,174
2011-08-22,22722,298.0,0.0,7,174
2011-08-23,22722,298.0,0.0,7,174
2011-08-24,22722,292.0,0.0,7,174
2011-08-25,22722,292.0,0.0,7,174
2011-08-26,22722,292.0,0.0,7,174
2011-08-27,22722,292.0,0.0,7,174
2011-08-28,22722,291.0,0.0,7,174
2011-08-29,22722,291.0,0.0,7,174
2011-08-30,22722,291.0,0.0,7,174
2011-08-31,22722,287.0,0.0,7,174
2011-09-01,22722,287.0,0.0,7,174
2011-09-02,22722,287.0,0.0,7,174
2011-09-03,22722,287.0,0.0,7,174
2011-09-04,22722,287.0,0.0,7,174
2011-09-05,22722,287.0,0.0,7,174
2011-09-06,22722,287.0,0.0,7,174
2011-09-07,22722,287.0,0.0,7,174
2011-09-08,22722,287.0,0.0,7,174
2011-09-09,22722,287.0,0.0,7,174
2011-09-10,22722,287.0,0.0,7,174
2011-09-11,22722,287.0,0.0,7,174
2011-09-12,22722,287.0,0.0,7,174
2011-09-13,22722,287.0,0.0,7,174
2011-09-14,22722,287.0,0.0,7,174
2011-09-15,22722,286.0,0.0,7,174
2011-09-16,22722,285.0,0.0,7,174
2011-09-17,22722,285.0,0.0,7,174
2011-09-18,22722,284.0,0.0,7,174
2011-09-19,22722,284.0,0.0,7,174
2011-09-20,22722,0.0,509.0,7,174
2011-09-21,22722,0.0,509.0,7,174
2011-09-22,22722,0.0,509.0,7,174
2011-09-23,22722,0.0,509.0,7,174
2011-09-24,22722,0.0,509.0,7,174
2011-09-25,22722,0.0,509.0,7,174
2011-09-26,22722,0.0,509.0,7,174
2011-09-27,22722,494.0,0.0,7,174
2011-09-28,22722,455.0,0.0,7,174
2011-09-29,22722,455.0,0.0,7,174
2011-09-30,22722,448.0,0.0,7,174
2011-10-01,22722,448.0,0.0,7,174
2011-10-02,22722,446.0,0.0,7,174
2011-10-03,22722,434.0,0.0,7,174
2011-10-04,22722,396.0,0.0,7,174
2011-10-05,22722,0.0,509.0,7,174
2011-10-06,22722,0.0,509.0,7,174
2011-10-07,22722,0.0,509.0,7,174
2011-10-08,22722,0.0,509.0,7,174
2011-10-09,22722,0.0,509.0,7,174
2011-10-10,22722,0.0,509.0,7,174
2011-10-11,22722,0.0,509.0,7,174
2011-10-12,22722,507.0,0.0,7,174
2011-10-13,22722,502.0,0.0,7,174
2011-10-14,22722,481.0,0.0,7,174
2011-10-15,22722,481.0,0.0,7,174
2011-10-16,22722,476.0,0.0,7,174
2011-10-17,22722,476.0,0.0,7,174
2011-10-18,22722,467.0,0.0,7,174
2011-10-19,22722,462.0,0.0,7,174
2011-10-20,22722,461.0,0.0,7,174
2011-10-21,22722,457.0,0.0,7,174
2011-10-22,22722,457.0,0.0,7,174
2011-10-23,22722,454.0,0.0,7,174
2011-10-24,22722,422.0,0.0,7,174
2011-10-25,22722,356.0,0.0,7,174
2011-10-26,22722,336.0,0.0,7,174
2011-10-27,22722,318.0,0.0,7,174
2011-10-28,22722,318.0,0.0,7,174
2011-10-29,22722,318.0,0.0,7,174
2011-10-30,22722,298.0,0.0,7,174
2011-10-31,22722,287.0,0.0,7,174
2011-11-01,22722,283.0,0.0,7,174
2011-11-02,22722,258.0,0.0,7,174
2011-11-03,22722,249.0,0.0,7,174
2011-11-04,22722,240.0,0.0,7,174
2011-11-05,22722,240.0,0.0,7,174
2011-11-06,22722,232.0,0.0,7,174
2011-11-07,22722,220.0,0.0,7,174
2011-11-08,22722,155.0,354.0,7,174
2011-11-09,22722,123.0,354.0,7,174
2011-11-10,22722,105.0,354.0,7,174
2011-11-11,22722,57.0,354.0,7,174
2011-11-12,22722,57.0,354.0,7,174
2011-11-13,22722,24.0,354.0,7,174
2011-11-14,22722,11.0,354.0,7,174
2011-11-15,22722,356.0,0.0,7,174
2011-11-16,22722,320.0,0.0,7,174
2011-11-17,22722,272.0,0.0,7,174
2011-11-18,22722,255.0,0.0,7,174
2011-11-19,22722,255.0,0.0,7,174
2011-11-20,22722,254.0,0.0,7,174
2011-11-21,22722,239.0,0.0,7,174
2011-11-22,22722,224.0,0.0,7,174
2011-11-23,22722,191.0,0.0,7,174
2011-11-24,22722,166.0,343.0,7,174
2011-11-25,22722,156.0,343.0,7,174
2011-11-26,22722,156.0,343.0,7,174
2011-11-27,22722,153.0,343.0,7,174
2011-11-28,22722,146.0,343.0,7,174
2011-11-29,22722,119.0,343.0,7,174
2011-11-30,22722,112.0,343.0,7,174
2011-12-01,22722,444.0,0.0,7,174
2011-12-02,22722,435.0,0.0,7,174
2011-12-03,22722,435.0,0.0,7,174
2011-12-04,22722,425.0,0.0,7,174
2011-12-05,22722,405.0,0.0,7,174
2011-12-06,22722,401.0,0.0,7,174
2011-12-07,22722,381.0,0.0,7,174
2011-12-08,22722,358.0,0.0,7,174
2011-12-09,22722,355.0,0.0,7,174
2011-08-11,22726,748.0,0.0,5,284
2011-08-12,22726,744.0,0.0,5,284
2011-08-13,22726,744.0,0.0,5,284
2011-08-14,22726,741.0,0.0,5,284
2011-08-15,22726,732.0,0.0,5,284
2011-08-16,22726,722.0,0.0,5,284
2011-08-17,22726,709.0,0.0,5,284
2011-08-18,22726,697.0,0.0,5,284
2011-08-19,22726,661.0,0.0,5,284
2011-08-20,22726,661.0,0.0,5,284
2011-08-21,22726,642.0,0.0,5,284
2011-08-22,22726,425.0,0.0,5,284
2011-08-23,22726,409.0,0.0,5,284
2011-08-24,22726,392.0,0.0,5,284
2011-08-25,22726,356.0,0.0,5,284
2011-08-26,22726,350.0,0.0,5,284
2011-08-27,22726,350.0,0.0,5,284
2011-08-28,22726,341.0,0.0,5,284
2011-08-29,22726,341.0,0.0,5,284
2011-08-30,22726,332.0,0.0,5,284
2011-08-31,22726,301.0,0.0,5,284
2011-09-01,22726,257.0,575.0,5,284
2011-09-02,22726,253.0,575.0,5,284
2011-09-03,22726,253.0,575.0,5,284
2011-09-04,22726,234.0,575.0,5,284
2011-09-05,22726,209.0,575.0,5,284
2011-09-06,22726,764.0,0.0,5,284
2011-09-07,22726,747.0,0.0,5,284
2011-09-08,22726,694.0,0.0,5,284
2011-09-09,22726,659.0,0.0,5,284
2011-09-10,22726,659.0,0.0,5,284
2011-09-11,22726,641.0,0.0,5,284
2011-09-12,22726,629.0,0.0,5,284
2011-09-13,22726,596.0,0.0,5,284
2011-09-14,22726,588.0,0.0,5,284
2011-09-15,22726,579.0,0.0,5,284
2011-09-16,22726,546.0,0.0,5,284
2011-09-17,22726,546.0,0.0,5,284
2011-09-18,22726,489.0,0.0,5,284
2011-09-19,22726,474.0,0.0,5,284
2011-09-20,22726,449.0,0.0,5,284
2011-09-21,22726,407.0,0.0,5,284
2011-09-22,22726,400.0,0.0,5,284
2011-09-23,22726,389.0,0.0,5,284
2011-09-24,22726,389.0,0.0,5,284
2011-09-25,22726,346.0,0.0,5,284
2011-09-26,22726,324.0,0.0,5,284
2011-09-27,22726,291.0,0.0,5,284
2011-09-28,22726,236.0,596.0,5,284
2011-09-29,22726,219.0,596.0,5,284
2011-09-30,22726,201.0,596.0,5,284
2011-10-01,22726,201.0,596.0,5,284
2011-10-02,22726,198.0,596.0,5,284
2011-10-03,22726,684.0,0.0,5,284
2011-10-04,22726,631.0,0.0,5,284
2011-10-05,22726,553.0,0.0,5,284
2011-10-06,22726,525.0,0.0,5,284
2011-10-07,22726,495.0,0.0,5,284
2011-10-08,22726,495.0,0.0,5,284
2011-10-09,22726,495.0,0.0,5,284
2011-10-10,22726,473.0,0.0,5,284
2011-10-11,22726,454.0,0.0,5,284
2011-10-12,22726,429.0,0.0,5,284
2011-10-13,22726,411.0,0.0,5,284
2011-10-14,22726,386.0,0.0,5,284
2011-10-15,22726,386.0,0.0,5,284
2011-10-16,22726,381.0,0.0,5,284
2011-10-17,22726,369.0,0.0,5,284
2011-10-18,22726,354.0,0.0,5,284
2011-10-19,22726,328.0,0.0,5,284
2011-10-20,22726,323.0,0.0,5,284
2011-10-21,22726,310.0,0.0,5,284
2011-10-22,22726,310.0,0.0,5,284
2011-10-23,22726,308.0,0.0,5,284
2011-10-24,22726,299.0,0.0,5,284
2011-10-25,22726,60.0,772.0,5,284
2011-10-26,22726,25.0,772.0,5,284
2011-10-27,22726,0.0,772.0,5,284
2011-10-28,22726,0.0,772.0,5,284
2011-10-29,22726,0.0,772.0,5,284
2011-10-30,22726,709.0,0.0,5,284
2011-10-31,22726,658.0,0.0,5,284
2011-11-01,22726,639.0,0.0,5,284
2011-11-02,22726,624.0,0.0,5,284
2011-11-03,22726,604.0,0.0,5,284
2011-11-04,22726,503.0,0.0,5,284
2011-11-05,22726,503.0,0.0,5,284
2011-11-06,22726,481.0,0.0,5,284
2011-11-07,22726,424.0,0.0,5,284
2011-11-08,22726,364.0,0.0,5,284
2011-11-09,22726,324.0,0.0,5,284
2011-11-10,22726,267.0,565.0,5,284
2011-11-11,22726,239.0,565.0,5,284
2011-11-12,22726,239.0,565.0,5,284
2011-11-13,22726,229.0,565.0,5,284
2011-11-14,22726,144.0,565.0,5,284
2011-11-15,22726,697.0,0.0,5,284
2011-11-16,22726,666.0,0.0,5,284
2011-11-17,22726,634.0,0.0,5,284
2011-11-18,22726,585.0,0.0,5,284
2011-11-19,22726,585.0,0.0,5,284
2011-11-20,22726,566.0,0.0,5,284
2011-11-21,22726,555.0,0.0,5,284
2011-11-22,22726,525.0,0.0,5,284
2011-11-23,22726,488.0,0.0,5,284
2011-11-24,22726,438.0,0.0,5,284
2011-11-25,22726,405.0,0.0,5,284
2011-11-26,22726,405.0,0.0,5,284
2011-11-27,22726,385.0,0.0,5,284
2011-11-28,22726,350.0,0.0,5,284
2011-11-29,22726,323.0,0.0,5,284
2011-11-30,22726,230.0,602.0,5,284
2011-12-01,22726,167.0,602.0,5,284
2011-12-02,22726,115.0,602.0,5,284
2011-12-03,22726,115.0,602.0,5,284
2011-12-04,22726,94.0,602.0,5,284
2011-12-05,22726,655.0,0.0,5,284
2011-12-06,22726,622.0,0.0,5,284
2011-12-07,22726,522.0,0.0,5,284
2011-12-08,22726,472.0,0.0,5,284
2011-12-09,22726,451.0,0.0,5,284
2011-08-11,22727,527.0,0.0,14,464
2011-08-12,22727,511.0,0.0,14,464
2011-08-13,22727,511.0,0.0,14,464
2011-08-14,22727,509.0,0.0,14,464
2011-08-15,22727,501.0,0.0,14,464
2011-08-16,22727,493.0,0.0,14,464
2011-08-17,22727,484.0,0.0,14,464
2011-08-18,22727,460.0,552.0,14,464
2011-08-19,22727,415.0,552.0,14,464
2011-08-20,22727,415.0,552.0,14,464
2011-08-21,22727,395.0,552.0,14,464
2011-08-22,22727,0.0,552.0,14,464
2011-08-23,22727,0.0,552.0,14,464
2011-08-24,22727,0.0,552.0,14,464
2011-08-25,22727,0.0,552.0,14,464
2011-08-26,22727,0.0,552.0,14,464
2011-08-27,22727,0.0,552.0,14,464
2011-08-28,22727,0.0,552.0,14,464
2011-08-29,22727,0.0,552.0,14,464
2011-08-30,22727,0.0,552.0,14,464
2011-08-31,22727,0.0,552.0,14,464
2011-09-01,22727,524.0,0.0,14,464
2011-09-02,22727,511.0,0.0,14,464
2011-09-03,22727,511.0,0.0,14,464
2011-09-04,22727,501.0,0.0,14,464
2011-09-05,22727,451.0,561.0,14,464
2011-09-06,22727,421.0,561.0,14,464
2011-09-07,22727,400.0,561.0,14,464
2011-09-08,22727,347.0,561.0,14,464
2011-09-09,22727,309.0,561.0,14,464
2011-09-10,22727,309.0,561.0,14,464
2011-09-11,22727,299.0,561.0,14,464
2011-09-12,22727,290.0,561.0,14,464
2011-09-13,22727,260.0,561.0,14,464
2011-09-14,22727,258.0,561.0,14,464
2011-09-15,22727,258.0,561.0,14,464
2011-09-16,22727,235.0,561.0,14,464
2011-09-17,22727,235.0,561.0,14,464
2011-09-18,22727,182.0,561.0,14,464
2011-09-19,22727,719.0,0.0,14,464
2011-09-20,22727,694.0,0.0,14,464
2011-09-21,22727,603.0,0.0,14,464
2011-09-22,22727,591.0,0.0,14,464
2011-09-23,22727,585.0,0.0,14,464
2011-09-24,22727,585.0,0.0,14,464
2011-09-25,22727,546.0,0.0,14,464
2011-09-26,22727,524.0,0.0,14,464
2011-09-27,22727,490.0,0.0,14,464
2011-09-28,22727,439.0,573.0,14,464
2011-09-29,22727,436.0,573.0,14,464
2011-09-30,22727,415.0,573.0,14,464
2011-10-01,22727,415.0,573.0,14,464
2011-10-02,22727,411.0,573.0,14,464
2011-10-03,22727,308.0,573.0,14,464
2011-10-04,22727,287.0,573.0,14,464
2011-10-05,22727,207.0,573.0,14,464
2011-10-06,22727,205.0,573.0,14,464
2011-10-07,22727,184.0,573.0,14,464
2011-10-08,22727,184.0,573.0,14,464
2011-10-09,22727,184.0,573.0,14,464
2011-10-10,22727,171.0,573.0,14,464
2011-10-11,22727,152.0,573.0,14,464
2011-10-12,22727,705.0,0.0,14,464
2011-10-13,22727,679.0,0.0,14,464
2011-10-14,22727,661.0,0.0,14,464
2011-10-15,22727,661.0,0.0,14,464
2011-10-16,22727,657.0,0.0,14,464
2011-10-17,22727,643.0,0.0,14,464
2011-10-18,22727,628.0,0.0,14,464
2011-10-19,22727,608.0,0.0,14,464
2011-10-20,22727,594.0,0.0,14,464
2011-10-21,22727,587.0,0.0,14,464
2011-10-22,22727,587.0,0.0,14,464
2011-10-23,22727,586.0,0.0,14,464
2011-10-24,22727,573.0,0.0,14,464
2011-10-25,22727,149.0,863.0,14,464
2011-10-26,22727,122.0,863.0,14,464
2011-10-27,22727,84.0,863.0,14,464
2011-10-28,22727,0.0,863.0,14,464
2011-10-29,22727,0.0,863.0,14,464
2011-10-30,22727,0.0,863.0,14,464
2011-10-31,22727,0.0,863.0,14,464
2011-11-01,22727,0.0,863.0,14,464
2011-11-02,22727,0.0,863.0,14,464
2011-11-03,22727,0.0,863.0,14,464
2011-11-04,22727,0.0,863.0,14,464
2011-11-05,22727,0.0,863.0,14,464
2011-11-06,22727,0.0,863.0,14,464
2011-11-07,22727,0.0,863.0,14,464
2011-11-08,22727,790.0,0.0,14,464
2011-11-09,22727,755.0,0.0,14,464
2011-11-10,22727,707.0,0.0,14,464
2011-11-11,22727,674.0,0.0,14,464
2011-11-12,22727,674.0,0.0,14,464
2011-11-13,22727,663.0,0.0,14,464
2011-11-14,22727,579.0,0.0,14,464
2011-11-15,22727,559.0,0.0,14,464
2011-11-16,22727,534.0,0.0,14,464
2011-11-17,22727,504.0,0.0,14,464
2011-11-18,22727,475.0,0.0,14,464
2011-11-19,22727,475.0,0.0,14,464
2011-11-20,22727,453.0,559.0,14,464
2011-11-21,22727,438.0,559.0,14,464
2011-11-22,22727,408.0,559.0,14,464
2011-11-23,22727,385.0,559.0,14,464
2011-11-24,22727,338.0,559.0,14,464
2011-11-25,22727,316.0,559.0,14,464
2011-11-26,22727,316.0,559.0,14,464
2011-11-27,22727,306.0,559.0,14,464
2011-11-28,22727,274.0,559.0,14,464
2011-11-29,22727,245.0,559.0,14,464
2011-11-30,22727,165.0,559.0,14,464
2011-12-01,22727,102.0,559.0,14,464
2011-12-02,22727,65.0,559.0,14,464
2011-12-03,22727,65.0,559.0,14,464
2011-12-04,22727,601.0,0.0,14,464
2011-12-05,22727,474.0,0.0,14,464
2011-12-06,22727,437.0,575.0,14,464
2011-12-07,22727,0.0,575.0,14,464
2011-12-08,22727,0.0,575.0,14,464
2011-12-09,22727,0.0,575.0,14,464
2011-08-11,22728,283.0,0.0,10,248
2011-08-12,22728,267.0,0.0,10,248
2011-08-13,22728,267.0,0.0,10,248
2011-08-14,22728,266.0,0.0,10,248
2011-08-15,22728,258.0,0.0,10,248
2011-08-16,22728,254.0,0.0,10,248
2011-08-17,22728,28.0,429.0,10,248
2011-08-18,22728,20.0,429.0,10,248
2011-08-19,22728,16.0,429.0,10,248
2011-08-20,22728,16.0,429.0,10,248
2011-08-21,22728,12.0,429.0,10,248
2011-08-22,22728,0.0,429.0,10,248
2011-08-23,22728,0.0,429.0,10,248
2011-08-24,22728,0.0,429.0,10,248
2011-08-25,22728,0.0,429.0,10,248
2011-08-26,22728,0.0,429.0,10,248
2011-08-27,22728,429.0,0.0,10,248
2011-08-28,22728,425.0,0.0,10,248
2011-08-29,22728,425.0,0.0,10,248
2011-08-30,22728,413.0,0.0,10,248
2011-08-31,22728,385.0,0.0,10,248
2011-09-01,22728,381.0,0.0,10,248
2011-09-02,22728,371.0,0.0,10,248
2011-09-03,22728,371.0,0.0,10,248
2011-09-04,22728,345.0,0.0,10,248
2011-09-05,22728,341.0,0.0,10,248
2011-09-06,22728,324.0,0.0,10,248
2011-09-07,22728,310.0,0.0,10,248
2011-09-08,22728,267.0,0.0,10,248
2011-09-09,22728,244.0,213.0,10,248
2011-09-10,22728,244.0,213.0,10,248
2011-09-11,22728,228.0,213.0,10,248
2011-09-12,22728,227.0,213.0,10,248
2011-09-13,22728,207.0,213.0,10,248
2011-09-14,22728,206.0,213.0,10,248
2011-09-15,22728,206.0,213.0,10,248
2011-09-16,22728,177.0,213.0,10,248
2011-09-17,22728,177.0,213.0,10,248
2011-09-18,22728,160.0,213.0,10,248
2011-09-19,22728,365.0,0.0,10,248
2011-09-20,22728,359.0,0.0,10,248
2011-09-21,22728,289.0,0.0,10,248
2011-09-22,22728,288.0,0.0,10,248
2011-09-23,22728,277.0,0.0,10,248
2011-09-24,22728,277.0,0.0,10,248
2011-09-25,22728,257.0,0.0,10,248
2011-09-26,22728,245.0,212.0,10,248
2011-09-27,22728,212.0,212.0,10,248
2011-09-28,22728,173.0,212.0,10,248
2011-09-29,22728,155.0,212.0,10,248
2011-09-30,22728,132.0,212.0,10,248
2011-10-01,22728,132.0,212.0,10,248
2011-10-02,22728,127.0,212.0,10,248
2011-10-03,22728,21.0,436.0,10,248
2011-10-04,22728,18.0,436.0,10,248
2011-10-05,22728,0.0,436.0,10,248
2011-10-06,22728,212.0,224.0,10,248
2011-10-07,22728,199.0,224.0,10,248
2011-10-08,22728,199.0,224.0,10,248
2011-10-09,22728,198.0,224.0,10,248
2011-10-10,22728,191.0,224.0,10,248
2011-10-11,22728,191.0,224.0,10,248
2011-10-12,22728,158.0,224.0,10,248
2011-10-13,22728,370.0,0.0,10,248
2011-10-14,22728,360.0,0.0,10,248
2011-10-15,22728,360.0,0.0,10,248
2011-10-16,22728,359.0,0.0,10,248
2011-10-17,22728,341.0,0.0,10,248
2011-10-18,22728,327.0,0.0,10,248
2011-10-19,22728,306.0,0.0,10,248
2011-10-20,22728,302.0,0.0,10,248
2011-10-21,22728,302.0,0.0,10,248
2011-10-22,22728,302.0,0.0,10,248
2011-10-23,22728,298.0,0.0,10,248
2011-10-24,22728,281.0,0.0,10,248
2011-10-25,22728,0.0,457.0,10,248
2011-10-26,22728,0.0,457.0,10,248
2011-10-27,22728,0.0,457.0,10,248
2011-10-28,22728,0.0,457.0,10,248
2011-10-29,22728,0.0,457.0,10,248
2011-10-30,22728,0.0,457.0,10,248
2011-10-31,22728,0.0,457.0,10,248
2011-11-01,22728,0.0,457.0,10,248
2011-11-02,22728,0.0,457.0,10,248
2011-11-03,22728,0.0,457.0,10,248
2011-11-04,22728,438.0,0.0,10,248
2011-11-05,22728,438.0,0.0,10,248
2011-11-06,22728,419.0,0.0,10,248
2011-11-07,22728,407.0,0.0,10,248
2011-11-08,22728,365.0,0.0,10,248
2011-11-09,22728,343.0,0.0,10,248
2011-11-10,22728,326.0,0.0,10,248
2011-11-11,22728,301.0,0.0,10,248
2011-11-12,22728,301.0,0.0,10,248
2011-11-13,22728,294.0,0.0,10,248
2011-11-14,22728,268.0,0.0,10,248
2011-11-15,22728,253.0,0.0,10,248
2011-11-16,22728,243.0,214.0,10,248
2011-11-17,22728,215.0,214.0,10,248
2011-11-18,22728,195.0,214.0,10,248
2011-11-19,22728,195.0,214.0,10,248
2011-11-20,22728,172.0,214.0,10,248
2011-11-21,22728,164.0,214.0,10,248
2011-11-22,22728,155.0,214.0,10,248
2011-11-23,22728,135.0,214.0,10,248
2011-11-24,22728,118.0,214.0,10,248
2011-11-25,22728,105.0,214.0,10,248
2011-11-26,22728,319.0,0.0,10,248
2011-11-27,22728,319.0,0.0,10,248
2011-11-28,22728,299.0,0.0,10,248
2011-11-29,22728,250.0,0.0,10,248
2011-11-30,22728,156.0,301.0,10,248
2011-12-01,22728,115.0,301.0,10,248
2011-12-02,22728,91.0,301.0,10,248
2011-12-03,22728,91.0,301.0,10,248
2011-12-04,22728,80.0,301.0,10,248
2011-12-05,22728,64.0,301.0,10,248
2011-12-06,22728,2.0,301.0,10,248
2011-12-07,22728,0.0,301.0,10,248
2011-12-08,22728,0.0,301.0,10,248
2011-12-09,22728,0.0,301.0,10,248
2011-08-11,22734,2534.0,0.0,7,1321
2011-08-12,22734,2533.0,0.0,7,1321
2011-08-13,22734,2533.0,0.0,7,1321
2011-08-14,22734,2533.0,0.0,7,1321
2011-08-15,22734,2533.0,0.0,7,1321
2011-08-16,22734,2509.0,0.0,7,1321
2011-08-17,22734,2509.0,0.0,7,1321
2011-08-18,22734,2422.0,0.0,7,1321
2011-08-19,22734,2422.0,0.0,7,1321
2011-08-20,22734,2422.0,0.0,7,1321
2011-08-21,22734,2419.0,0.0,7,1321
2011-08-22,22734,2407.0,0.0,7,1321
2011-08-23,22734,2407.0,0.0,7,1321
2011-08-24,22734,2389.0,0.0,7,1321
2011-08-25,22734,2383.0,0.0,7,1321
2011-08-26,22734,2377.0,0.0,7,1321
2011-08-27,22734,2377.0,0.0,7,1321
2011-08-28,22734,2376.0,0.0,7,1321
2011-08-29,22734,2376.0,0.0,7,1321
2011-08-30,22734,2374.0,0.0,7,1321
2011-08-31,22734,2374.0,0.0,7,1321
2011-09-01,22734,2374.0,0.0,7,1321
2011-09-02,22734,2374.0,0.0,7,1321
2011-09-03,22734,2374.0,0.0,7,1321
2011-09-04,22734,2374.0,0.0,7,1321
2011-09-05,22734,2349.0,0.0,7,1321
2011-09-06,22734,2325.0,0.0,7,1321
2011-09-07,22734,2318.0,0.0,7,1321
2011-09-08,22734,2317.0,0.0,7,1321
2011-09-09,22734,2317.0,0.0,7,1321
2011-09-10,22734,2317.0,0.0,7,1321
2011-09-11,22734,2287.0,0.0,7,1321
2011-09-12,22734,2239.0,0.0,7,1321
2011-09-13,22734,2227.0,0.0,7,1321
2011-09-14,22734,2212.0,0.0,7,1321
2011-09-15,22734,2193.0,0.0,7,1321
2011-09-16,22734,2139.0,0.0,7,1321
2011-09-17,22734,2139.0,0.0,7,1321
2011-09-18,22734,2109.0,0.0,7,1321
2011-09-19,22734,2085.0,0.0,7,1321
2011-09-20,22734,2082.0,0.0,7,1321
2011-09-21,22734,2054.0,0.0,7,1321
2011-09-22,22734,1967.0,0.0,7,1321
2011-09-23,22734,1913.0,0.0,7,1321
2011-09-24,22734,1913.0,0.0,7,1321
2011-09-25,22734,1821.0,0.0,7,1321
2011-09-26,22734,1773.0,0.0,7,1321
2011-09-27,22734,1751.0,0.0,7,1321
2011-09-28,22734,1707.0,0.0,7,1321
2011-09-29,22734,1676.0,0.0,7,1321
2011-09-30,22734,1665.0,0.0,7,1321
2011-10-01,22734,1665.0,0.0,7,1321
2011-10-02,22734,1654.0,0.0,7,1321
2011-10-03,22734,1630.0,0.0,7,1321
2011-10-04,22734,1580.0,0.0,7,1321
2011-10-05,22734,1565.0,0.0,7,1321
2011-10-06,22734,1501.0,0.0,7,1321
2011-10-07,22734,1448.0,0.0,7,1321
2011-10-08,22734,1448.0,0.0,7,1321
2011-10-09,22734,1433.0,0.0,7,1321
2011-10-10,22734,1366.0,0.0,7,1321
2011-10-11,22734,1313.0,2137.0,7,1321
2011-10-12,22734,1306.0,2137.0,7,1321
2011-10-13,22734,1257.0,2137.0,7,1321
2011-10-14,22734,1212.0,2137.0,7,1321
2011-10-15,22734,1212.0,2137.0,7,1321
2011-10-16,22734,1211.0,2137.0,7,1321
2011-10-17,22734,1154.0,2137.0,7,1321
2011-10-18,22734,3259.0,0.0,7,1321
2011-10-19,22734,3222.0,0.0,7,1321
2011-10-20,22734,3180.0,0.0,7,1321
2011-10-21,22734,3144.0,0.0,7,1321
2011-10-22,22734,3144.0,0.0,7,1321
2011-10-23,22734,3140.0,0.0,7,1321
2011-10-24,22734,3121.0,0.0,7,1321
2011-10-25,22734,3109.0,0.0,7,1321
2011-10-26,22734,3088.0,0.0,7,1321
2011-10-27,22734,3064.0,0.0,7,1321
2011-10-28,22734,3052.0,0.0,7,1321
2011-10-29,22734,3052.0,0.0,7,1321
2011-10-30,22734,3031.0,0.0,7,1321
2011-10-31,22734,2992.0,0.0,7,1321
2011-11-01,22734,2968.0,0.0,7,1321
2011-11-02,22734,2962.0,0.0,7,1321
2011-11-03,22734,2945.0,0.0,7,1321
2011-11-04,22734,2917.0,0.0,7,1321
2011-11-05,22734,2917.0,0.0,7,1321
2011-11-06,22734,2895.0,0.0,7,1321
2011-11-07,22734,2808.0,0.0,7,1321
2011-11-08,22734,2652.0,0.0,7,1321
2011-11-09,22734,2633.0,0.0,7,1321
2011-11-10,22734,2515.0,0.0,7,1321
2011-11-11,22734,2462.0,0.0,7,1321
2011-11-12,22734,2462.0,0.0,7,1321
2011-11-13,22734,2454.0,0.0,7,1321
2011-11-14,22734,2324.0,0.0,7,1321
2011-11-15,22734,2245.0,0.0,7,1321
2011-11-16,22734,2189.0,0.0,7,1321
2011-11-17,22734,2070.0,0.0,7,1321
2011-11-18,22734,2068.0,0.0,7,1321
2011-11-19,22734,2068.0,0.0,7,1321
2011-11-20,22734,2049.0,0.0,7,1321
2011-11-21,22734,2033.0,0.0,7,1321
2011-11-22,22734,1999.0,0.0,7,1321
2011-11-23,22734,1964.0,0.0,7,1321
2011-11-24,22734,1930.0,0.0,7,1321
2011-11-25,22734,1906.0,0.0,7,1321
2011-11-26,22734,1906.0,0.0,7,1321
2011-11-27,22734,1893.0,0.0,7,1321
2011-11-28,22734,1865.0,0.0,7,1321
2011-11-29,22734,1820.0,0.0,7,1321
2011-11-30,22734,1796.0,0.0,7,1321
2011-12-01,22734,1779.0,0.0,7,1321
2011-12-02,22734,1759.0,0.0,7,1321
2011-12-03,22734,1759.0,0.0,7,1321
2011-12-04,22734,1744.0,0.0,7,1321
2011-12-05,22734,1716.0,0.0,7,1321
2011-12-06,22734,1712.0,0.0,7,1321
2011-12-07,22734,1698.0,0.0,7,1321
2011-12-08,22734,1668.0,0.0,7,1321
2011-12-09,22734,1659.0,0.0,7,1321
2011-08-11,22752,474.0,0.0,3,184
2011-08-12,22752,474.0,0.0,3,184
2011-08-13,22752,474.0,0.0,3,184
2011-08-14,22752,474.0,0.0,3,184
2011-08-15,22752,474.0,0.0,3,184
2011-08-16,22752,474.0,0.0,3,184
2011-08-17,22752,470.0,0.0,3,184
2011-08-18,22752,469.0,0.0,3,184
2011-08-19,22752,469.0,0.0,3,184
2011-08-20,22752,469.0,0.0,3,184
2011-08-21,22752,468.0,0.0,3,184
2011-08-22,22752,465.0,0.0,3,184
2011-08-23,22752,462.0,0.0,3,184
2011-08-24,22752,462.0,0.0,3,184
2011-08-25,22752,458.0,0.0,3,184
2011-08-26,22752,456.0,0.0,3,184
2011-08-27,22752,456.0,0.0,3,184
2011-08-28,22752,455.0,0.0,3,184
2011-08-29,22752,455.0,0.0,3,184
2011-08-30,22752,455.0,0.0,3,184
2011-08-31,22752,445.0,0.0,3,184
2011-09-01,22752,439.0,0.0,3,184
2011-09-02,22752,438.0,0.0,3,184
2011-09-03,22752,438.0,0.0,3,184
2011-09-04,22752,438.0,0.0,3,184
2011-09-05,22752,438.0,0.0,3,184
2011-09-06,22752,438.0,0.0,3,184
2011-09-07,22752,434.0,0.0,3,184
2011-09-08,22752,434.0,0.0,3,184
2011-09-09,22752,432.0,0.0,3,184
2011-09-10,22752,432.0,0.0,3,184
2011-09-11,22752,430.0,0.0,3,184
2011-09-12,22752,430.0,0.0,3,184
2011-09-13,22752,426.0,0.0,3,184
2011-09-14,22752,426.0,0.0,3,184
2011-09-15,22752,402.0,0.0,3,184
2011-09-16,22752,394.0,0.0,3,184
2011-09-17,22752,394.0,0.0,3,184
2011-09-18,22752,391.0,0.0,3,184
2011-09-19,22752,389.0,0.0,3,184
2011-09-20,22752,389.0,0.0,3,184
2011-09-21,22752,387.0,0.0,3,184
2011-09-22,22752,381.0,0.0,3,184
2011-09-23,22752,381.0,0.0,3,184
2011-09-24,22752,381.0,0.0,3,184
2011-09-25,22752,377.0,0.0,3,184
2011-09-26,22752,376.0,0.0,3,184
2011-09-27,22752,315.0,0.0,3,184
2011-09-28,22752,309.0,0.0,3,184
2011-09-29,22752,309.0,0.0,3,184
2011-09-30,22752,309.0,0.0,3,184
2011-10-01,22752,309.0,0.0,3,184
2011-10-02,22752,303.0,0.0,3,184
2011-10-03,22752,302.0,0.0,3,184
2011-10-04,22752,291.0,0.0,3,184
2011-10-05,22752,287.0,0.0,3,184
2011-10-06,22752,260.0,0.0,3,184
2011-10-07,22752,260.0,0.0,3,184
2011-10-08,22752,260.0,0.0,3,184
2011-10-09,22752,259.0,0.0,3,184
2011-10-10,22752,255.0,0.0,3,184
2011-10-11,22752,255.0,0.0,3,184
2011-10-12,22752,255.0,0.0,3,184
2011-10-13,22752,254.0,0.0,3,184
2011-10-14,22752,254.0,0.0,3,184
2011-10-15,22752,254.0,0.0,3,184
2011-10-16,22752,252.0,0.0,3,184
2011-10-17,22752,246.0,0.0,3,184
2011-10-18,22752,244.0,0.0,3,184
2011-10-19,22752,242.0,0.0,3,184
2011-10-20,22752,241.0,0.0,3,184
2011-10-21,22752,237.0,0.0,3,184
2011-10-22,22752,237.0,0.0,3,184
2011-10-23,22752,237.0,0.0,3,184
2011-10-24,22752,234.0,0.0,3,184
2011-10-25,22752,232.0,0.0,3,184
2011-10-26,22752,232.0,0.0,3,184
2011-10-27,22752,230.0,0.0,3,184
2011-10-28,22752,230.0,0.0,3,184
2011-10-29,22752,230.0,0.0,3,184
2011-10-30,22752,226.0,0.0,3,184
2011-10-31,22752,222.0,0.0,3,184
2011-11-01,22752,222.0,0.0,3,184
2011-11-02,22752,221.0,0.0,3,184
2011-11-03,22752,220.0,0.0,3,184
2011-11-04,22752,196.0,0.0,3,184
2011-11-05,22752,196.0,0.0,3,184
2011-11-06,22752,192.0,0.0,3,184
2011-11-07,22752,187.0,0.0,3,184
2011-11-08,22752,184.0,332.0,3,184
2011-11-09,22752,181.0,332.0,3,184
2011-11-10,22752,180.0,332.0,3,184
2011-11-11,22752,511.0,0.0,3,184
2011-11-12,22752,511.0,0.0,3,184
2011-11-13,22752,510.0,0.0,3,184
2011-11-14,22752,457.0,0.0,3,184
2011-11-15,22752,454.0,0.0,3,184
2011-11-16,22752,448.0,0.0,3,184
2011-11-17,22752,434.0,0.0,3,184
2011-11-18,22752,430.0,0.0,3,184
2011-11-19,22752,430.0,0.0,3,184
2011-11-20,22752,430.0,0.0,3,184
2011-11-21,22752,423.0,0.0,3,184
2011-11-22,22752,413.0,0.0,3,184
2011-11-23,22752,387.0,0.0,3,184
2011-11-24,22752,384.0,0.0,3,184
2011-11-25,22752,360.0,0.0,3,184
2011-11-26,22752,360.0,0.0,3,184
2011-11-27,22752,358.0,0.0,3,184
2011-11-28,22752,352.0,0.0,3,184
2011-11-29,22752,312.0,0.0,3,184
2011-11-30,22752,301.0,0.0,3,184
2011-12-01,22752,291.0,0.0,3,184
2011-12-02,22752,291.0,0.0,3,184
2011-12-03,22752,291.0,0.0,3,184
2011-12-04,22752,291.0,0.0,3,184
2011-12-05,22752,246.0,0.0,3,184
2011-12-06,22752,150.0,366.0,3,184
2011-12-07,22752,138.0,366.0,3,184
2011-12-08,22752,112.0,366.0,3,184
2011-12-09,22752,478.0,0.0,3,184
2011-08-11,22835,675.0,0.0,14,534
2011-08-12,22835,666.0,0.0,14,534
2011-08-13,22835,666.0,0.0,14,534
2011-08-14,22835,666.0,0.0,14,534
2011-08-15,22835,666.0,0.0,14,534
2011-08-16,22835,666.0,0.0,14,534
2011-08-17,22835,662.0,0.0,14,534
2011-08-18,22835,654.0,0.0,14,534
2011-08-19,22835,654.0,0.0,14,534
2011-08-20,22835,654.0,0.0,14,534
2011-08-21,22835,651.0,0.0,14,534
2011-08-22,22835,642.0,0.0,14,534
2011-08-23,22835,642.0,0.0,14,534
2011-08-24,22835,322.0,560.0,14,534
2011-08-25,22835,322.0,560.0,14,534
2011-08-26,22835,322.0,560.0,14,534
2011-08-27,22835,322.0,560.0,14,534
2011-08-28,22835,319.0,560.0,14,534
2011-08-29,22835,319.0,560.0,14,534
2011-08-30,22835,317.0,560.0,14,534
2011-08-31,22835,314.0,560.0,14,534
2011-09-01,22835,306.0,560.0,14,534
2011-09-02,22835,287.0,560.0,14,534
2011-09-03,22835,287.0,560.0,14,534
2011-09-04,22835,283.0,560.0,14,534
2011-09-05,22835,279.0,560.0,14,534
2011-09-06,22835,272.0,560.0,14,534
2011-09-07,22835,832.0,0.0,14,534
2011-09-08,22835,818.0,0.0,14,534
2011-09-09,22835,814.0,0.0,14,534
2011-09-10,22835,814.0,0.0,14,534
2011-09-11,22835,786.0,0.0,14,534
2011-09-12,22835,758.0,0.0,14,534
2011-09-13,22835,746.0,0.0,14,534
2011-09-14,22835,746.0,0.0,14,534
2011-09-15,22835,723.0,0.0,14,534
2011-09-16,22835,710.0,0.0,14,534
2011-09-17,22835,710.0,0.0,14,534
2011-09-18,22835,707.0,0.0,14,534
2011-09-19,22835,703.0,0.0,14,534
2011-09-20,22835,658.0,0.0,14,534
2011-09-21,22835,649.0,0.0,14,534
2011-09-22,22835,649.0,0.0,14,534
2011-09-23,22835,642.0,0.0,14,534
2011-09-24,22835,642.0,0.0,14,534
2011-09-25,22835,619.0,0.0,14,534
2011-09-26,22835,619.0,0.0,14,534
2011-09-27,22835,603.0,0.0,14,534
2011-09-28,22835,596.0,0.0,14,534
2011-09-29,22835,561.0,0.0,14,534
2011-09-30,22835,522.0,360.0,14,534
2011-10-01,22835,522.0,360.0,14,534
2011-10-02,22835,516.0,360.0,14,534
2011-10-03,22835,491.0,360.0,14,534
2011-10-04,22835,476.0,360.0,14,534
2011-10-05,22835,464.0,360.0,14,534
2011-10-06,22835,444.0,360.0,14,534
2011-10-07,22835,420.0,360.0,14,534
2011-10-08,22835,420.0,360.0,14,534
2011-10-09,22835,413.0,360.0,14,534
2011-10-10,22835,398.0,360.0,14,534
2011-10-11,22835,392.0,360.0,14,534
2011-10-12,22835,375.0,360.0,14,534
2011-10-13,22835,368.0,360.0,14,534
2011-10-14,22835,711.0,0.0,14,534
2011-10-15,22835,711.0,0.0,14,534
2011-10-16,22835,706.0,0.0,14,534
2011-10-17,22835,682.0,0.0,14,534
2011-10-18,22835,649.0,0.0,14,534
2011-10-19,22835,626.0,0.0,14,534
2011-10-20,22835,604.0,0.0,14,534
2011-10-21,22835,594.0,0.0,14,534
2011-10-22,22835,594.0,0.0,14,534
2011-10-23,22835,587.0,0.0,14,534
2011-10-24,22835,583.0,0.0,14,534
2011-10-25,22835,565.0,0.0,14,534
2011-10-26,22835,548.0,0.0,14,534
2011-10-27,22835,518.0,364.0,14,534
2011-10-28,22835,489.0,364.0,14,534
2011-10-29,22835,489.0,364.0,14,534
2011-10-30,22835,478.0,364.0,14,534
2011-10-31,22835,468.0,364.0,14,534
2011-11-01,22835,460.0,364.0,14,534
2011-11-02,22835,439.0,364.0,14,534
2011-11-03,22835,422.0,364.0,14,534
2011-11-04,22835,383.0,364.0,14,534
2011-11-05,22835,383.0,364.0,14,534
2011-11-06,22835,348.0,364.0,14,534
2011-11-07,22835,300.0,364.0,14,534
2011-11-08,22835,257.0,364.0,14,534
2011-11-09,22835,228.0,364.0,14,534
2011-11-10,22835,533.0,0.0,14,534
2011-11-11,22835,476.0,406.0,14,534
2011-11-12,22835,476.0,406.0,14,534
2011-11-13,22835,468.0,406.0,14,534
2011-11-14,22835,415.0,406.0,14,534
2011-11-15,22835,357.0,406.0,14,534
2011-11-16,22835,336.0,406.0,14,534
2011-11-17,22835,315.0,406.0,14,534
2011-11-18,22835,235.0,406.0,14,534
2011-11-19,22835,235.0,406.0,14,534
2011-11-20,22835,213.0,406.0,14,534
2011-11-21,22835,154.0,406.0,14,534
2011-11-22,22835,142.0,406.0,14,534
2011-11-23,22835,94.0,788.0,14,534
2011-11-24,22835,75.0,788.0,14,534
2011-11-25,22835,460.0,382.0,14,534
2011-11-26,22835,460.0,382.0,14,534
2011-11-27,22835,440.0,382.0,14,534
2011-11-28,22835,431.0,382.0,14,534
2011-11-29,22835,385.0,382.0,14,534
2011-11-30,22835,318.0,382.0,14,534
2011-12-01,22835,271.0,382.0,14,534
2011-12-02,22835,199.0,382.0,14,534
2011-12-03,22835,199.0,382.0,14,534
2011-12-04,22835,187.0,382.0,14,534
2011-12-05,22835,141.0,741.0,14,534
2011-12-06,22835,101.0,741.0,14,534
2011-12-07,22835,461.0,359.0,14,534
2011-12-08,22835,434.0,359.0,14,534
2011-12-09,22835,415.0,359.0,14,534
2011-08-11,22865,3460.0,0.0,6,1474
2011-08-12,22865,3460.0,0.0,6,1474
2011-08-13,22865,3460.0,0.0,6,1474
2011-08-14,22865,3460.0,0.0,6,1474
2011-08-15,22865,3460.0,0.0,6,1474
2011-08-16,22865,3460.0,0.0,6,1474
2011-08-17,22865,3460.0,0.0,6,1474
2011-08-18,22865,3460.0,0.0,6,1474
2011-08-19,22865,3460.0,0.0,6,1474
2011-08-20,22865,3460.0,0.0,6,1474
2011-08-21,22865,3460.0,0.0,6,1474
2011-08-22,22865,3436.0,0.0,6,1474
2011-08-23,22865,3388.0,0.0,6,1474
2011-08-24,22865,3376.0,0.0,6,1474
2011-08-25,22865,3328.0,0.0,6,1474
2011-08-26,22865,3304.0,0.0,6,1474
2011-08-27,22865,3304.0,0.0,6,1474
2011-08-28,22865,3206.0,0.0,6,1474
2011-08-29,22865,3206.0,0.0,6,1474
2011-08-30,22865,3205.0,0.0,6,1474
2011-08-31,22865,3181.0,0.0,6,1474
2011-09-01,22865,3073.0,0.0,6,1474
2011-09-02,22865,3049.0,0.0,6,1474
2011-09-03,22865,3049.0,0.0,6,1474
2011-09-04,22865,3047.0,0.0,6,1474
2011-09-05,22865,2543.0,0.0,6,1474
2011-09-06,22865,2516.0,0.0,6,1474
2011-09-07,22865,2498.0,0.0,6,1474
2011-09-08,22865,2405.0,0.0,6,1474
2011-09-09,22865,2392.0,0.0,6,1474
2011-09-10,22865,2392.0,0.0,6,1474
2011-09-11,22865,2259.0,0.0,6,1474
2011-09-12,22865,2247.0,0.0,6,1474
2011-09-13,22865,2104.0,0.0,6,1474
2011-09-14,22865,2102.0,0.0,6,1474
2011-09-15,22865,1993.0,0.0,6,1474
2011-09-16,22865,1956.0,0.0,6,1474
2011-09-17,22865,1956.0,0.0,6,1474
2011-09-18,22865,1930.0,0.0,6,1474
2011-09-19,22865,1817.0,0.0,6,1474
2011-09-20,22865,1619.0,0.0,6,1474
2011-09-21,22865,1502.0,0.0,6,1474
2011-09-22,22865,1471.0,2175.0,6,1474
2011-09-23,22865,1310.0,2175.0,6,1474
2011-09-24,22865,1310.0,2175.0,6,1474
2011-09-25,22865,1268.0,2175.0,6,1474
2011-09-26,22865,1246.0,2175.0,6,1474
2011-09-27,22865,1232.0,2175.0,6,1474
2011-09-28,22865,3381.0,0.0,6,1474
2011-09-29,22865,3292.0,0.0,6,1474
2011-09-30,22865,3254.0,0.0,6,1474
2011-10-01,22865,3254.0,0.0,6,1474
2011-10-02,22865,3242.0,0.0,6,1474
2011-10-03,22865,3190.0,0.0,6,1474
2011-10-04,22865,3136.0,0.0,6,1474
2011-10-05,22865,3052.0,0.0,6,1474
2011-10-06,22865,2713.0,0.0,6,1474
2011-10-07,22865,2701.0,0.0,6,1474
2011-10-08,22865,2701.0,0.0,6,1474
2011-10-09,22865,2679.0,0.0,6,1474
2011-10-10,22865,2642.0,0.0,6,1474
2011-10-11,22865,2571.0,0.0,6,1474
2011-10-12,22865,2546.0,0.0,6,1474
2011-10-13,22865,2520.0,0.0,6,1474
2011-10-14,22865,2496.0,0.0,6,1474
2011-10-15,22865,2496.0,0.0,6,1474
2011-10-16,22865,2488.0,0.0,6,1474
2011-10-17,22865,2464.0,0.0,6,1474
2011-10-18,22865,2402.0,0.0,6,1474
2011-10-19,22865,2266.0,0.0,6,1474
2011-10-20,22865,2235.0,0.0,6,1474
2011-10-21,22865,2088.0,0.0,6,1474
2011-10-22,22865,2088.0,0.0,6,1474
2011-10-23,22865,2081.0,0.0,6,1474
2011-10-24,22865,2049.0,0.0,6,1474
2011-10-25,22865,1974.0,0.0,6,1474
2011-10-26,22865,1966.0,0.0,6,1474
2011-10-27,22865,1899.0,0.0,6,1474
2011-10-28,22865,1878.0,0.0,6,1474
2011-10-29,22865,1878.0,0.0,6,1474
2011-10-30,22865,1778.0,0.0,6,1474
2011-10-31,22865,1627.0,0.0,6,1474
2011-11-01,22865,1602.0,0.0,6,1474
2011-11-02,22865,1557.0,0.0,6,1474
2011-11-03,22865,1518.0,0.0,6,1474
2011-11-04,22865,1330.0,2316.0,6,1474
2011-11-05,22865,1330.0,2316.0,6,1474
2011-11-06,22865,1250.0,2316.0,6,1474
2011-11-07,22865,1152.0,2316.0,6,1474
2011-11-08,22865,1100.0,2316.0,6,1474
2011-11-09,22865,1008.0,2316.0,6,1474
2011-11-10,22865,2857.0,0.0,6,1474
2011-11-11,22865,2785.0,0.0,6,1474
2011-11-12,22865,2785.0,0.0,6,1474
2011-11-13,22865,2707.0,0.0,6,1474
2011-11-14,22865,2615.0,0.0,6,1474
2011-11-15,22865,2524.0,0.0,6,1474
2011-11-16,22865,2449.0,0.0,6,1474
2011-11-17,22865,2335.0,0.0,6,1474
2011-11-18,22865,2224.0,0.0,6,1474
2011-11-19,22865,2224.0,0.0,6,1474
2011-11-20,22865,2177.0,0.0,6,1474
2011-11-21,22865,2156.0,0.0,6,1474
2011-11-22,22865,2051.0,0.0,6,1474
2011-11-23,22865,1950.0,0.0,6,1474
2011-11-24,22865,1876.0,0.0,6,1474
2011-11-25,22865,1841.0,0.0,6,1474
2011-11-26,22865,1841.0,0.0,6,1474
2011-11-27,22865,1833.0,0.0,6,1474
2011-11-28,22865,1523.0,0.0,6,1474
2011-11-29,22865,1482.0,0.0,6,1474
2011-11-30,22865,1420.0,2226.0,6,1474
2011-12-01,22865,1361.0,2226.0,6,1474
2011-12-02,22865,1297.0,2226.0,6,1474
2011-12-03,22865,1297.0,2226.0,6,1474
2011-12-04,22865,1240.0,2226.0,6,1474
2011-12-05,22865,1073.0,2226.0,6,1474
2011-12-06,22865,3210.0,0.0,6,1474
2011-12-07,22865,2961.0,0.0,6,1474
2011-12-08,22865,2875.0,0.0,6,1474
2011-12-09,22865,2836.0,0.0,6,1474
2011-08-11,22866,2426.0,0.0,10,1258
2011-08-12,22866,2426.0,0.0,10,1258
2011-08-13,22866,2426.0,0.0,10,1258
2011-08-14,22866,2426.0,0.0,10,1258
2011-08-15,22866,2426.0,0.0,10,1258
2011-08-16,22866,2426.0,0.0,10,1258
2011-08-17,22866,2426.0,0.0,10,1258
2011-08-18,22866,2426.0,0.0,10,1258
2011-08-19,22866,2426.0,0.0,10,1258
2011-08-20,22866,2426.0,0.0,10,1258
2011-08-21,22866,2426.0,0.0,10,1258
2011-08-22,22866,2390.0,0.0,10,1258
2011-08-23,22866,2330.0,0.0,10,1258
2011-08-24,22866,2318.0,0.0,10,1258
2011-08-25,22866,2294.0,0.0,10,1258
2011-08-26,22866,2282.0,0.0,10,1258
2011-08-27,22866,2282.0,0.0,10,1258
2011-08-28,22866,2280.0,0.0,10,1258
2011-08-29,22866,2280.0,0.0,10,1258
2011-08-30,22866,2280.0,0.0,10,1258
2011-08-31,22866,2280.0,0.0,10,1258
2011-09-01,22866,2166.0,0.0,10,1258
2011-09-02,22866,2153.0,0.0,10,1258
2011-09-03,22866,2153.0,0.0,10,1258
2011-09-04,22866,2136.0,0.0,10,1258
2011-09-05,22866,2028.0,0.0,10,1258
2011-09-06,22866,2023.0,0.0,10,1258
2011-09-07,22866,2005.0,0.0,10,1258
2011-09-08,22866,1967.0,0.0,10,1258
2011-09-09,22866,1955.0,0.0,10,1258
2011-09-10,22866,1955.0,0.0,10,1258
2011-09-11,22866,1834.0,0.0,10,1258
2011-09-12,22866,1810.0,0.0,10,1258
2011-09-13,22866,1785.0,0.0,10,1258
2011-09-14,22866,1771.0,0.0,10,1258
2011-09-15,22866,1744.0,0.0,10,1258
2011-09-16,22866,1720.0,0.0,10,1258
2011-09-17,22866,1720.0,0.0,10,1258
2011-09-18,22866,1706.0,0.0,10,1258
2011-09-19,22866,1608.0,0.0,10,1258
2011-09-20,22866,1386.0,0.0,10,1258
2011-09-21,22866,1330.0,0.0,10,1258
2011-09-22,22866,1200.0,1238.0,10,1258
2011-09-23,22866,1071.0,1238.0,10,1258
2011-09-24,22866,1071.0,1238.0,10,1258
2011-09-25,22866,1011.0,1238.0,10,1258
2011-09-26,22866,1003.0,1238.0,10,1258
2011-09-27,22866,987.0,1238.0,10,1258
2011-09-28,22866,950.0,1238.0,10,1258
2011-09-29,22866,909.0,1238.0,10,1258
2011-09-30,22866,797.0,1238.0,10,1258
2011-10-01,22866,797.0,1238.0,10,1258
2011-10-02,22866,2032.0,0.0,10,1258
2011-10-03,22866,2018.0,0.0,10,1258
2011-10-04,22866,1935.0,0.0,10,1258
2011-10-05,22866,1899.0,0.0,10,1258
2011-10-06,22866,1591.0,0.0,10,1258
2011-10-07,22866,1566.0,0.0,10,1258
2011-10-08,22866,1566.0,0.0,10,1258
2011-10-09,22866,1539.0,0.0,10,1258
2011-10-10,22866,1505.0,0.0,10,1258
2011-10-11,22866,1474.0,0.0,10,1258
2011-10-12,22866,1436.0,0.0,10,1258
2011-10-13,22866,1408.0,0.0,10,1258
2011-10-14,22866,1408.0,0.0,10,1258
2011-10-15,22866,1408.0,0.0,10,1258
2011-10-16,22866,1404.0,0.0,10,1258
2011-10-17,22866,1395.0,0.0,10,1258
2011-10-18,22866,1380.0,0.0,10,1258
2011-10-19,22866,1212.0,1226.0,10,1258
2011-10-20,22866,1171.0,1226.0,10,1258
2011-10-21,22866,1111.0,1226.0,10,1258
2011-10-22,22866,1111.0,1226.0,10,1258
2011-10-23,22866,1088.0,1226.0,10,1258
2011-10-24,22866,1071.0,1226.0,10,1258
2011-10-25,22866,1045.0,1226.0,10,1258
2011-10-26,22866,1028.0,1226.0,10,1258
2011-10-27,22866,1008.0,1226.0,10,1258
2011-10-28,22866,992.0,1226.0,10,1258
2011-10-29,22866,2218.0,0.0,10,1258
2011-10-30,22866,2190.0,0.0,10,1258
2011-10-31,22866,2175.0,0.0,10,1258
2011-11-01,22866,2154.0,0.0,10,1258
2011-11-02,22866,2133.0,0.0,10,1258
2011-11-03,22866,2046.0,0.0,10,1258
2011-11-04,22866,1811.0,0.0,10,1258
2011-11-05,22866,1811.0,0.0,10,1258
2011-11-06,22866,1781.0,0.0,10,1258
2011-11-07,22866,1623.0,0.0,10,1258
2011-11-08,22866,1557.0,0.0,10,1258
2011-11-09,22866,1491.0,0.0,10,1258
2011-11-10,22866,1055.0,1383.0,10,1258
2011-11-11,22866,875.0,1383.0,10,1258
2011-11-12,22866,875.0,1383.0,10,1258
2011-11-13,22866,822.0,1383.0,10,1258
2011-11-14,22866,617.0,1383.0,10,1258
2011-11-15,22866,557.0,1383.0,10,1258
2011-11-16,22866,538.0,1383.0,10,1258
2011-11-17,22866,445.0,1383.0,10,1258
2011-11-18,22866,401.0,1383.0,10,1258
2011-11-19,22866,401.0,1383.0,10,1258
2011-11-20,22866,1761.0,0.0,10,1258
2011-11-21,22866,1702.0,0.0,10,1258
2011-11-22,22866,1669.0,0.0,10,1258
2011-11-23,22866,1611.0,0.0,10,1258
2011-11-24,22866,1611.0,0.0,10,1258
2011-11-25,22866,1602.0,0.0,10,1258
2011-11-26,22866,1602.0,0.0,10,1258
2011-11-27,22866,1583.0,0.0,10,1258
2011-11-28,22866,1342.0,0.0,10,1258
2011-11-29,22866,1301.0,0.0,10,1258
2011-11-30,22866,1237.0,1201.0,10,1258
2011-12-01,22866,1201.0,1201.0,10,1258
2011-12-02,22866,1153.0,1201.0,10,1258
2011-12-03,22866,1153.0,1201.0,10,1258
2011-12-04,22866,1143.0,1201.0,10,1258
2011-12-05,22866,972.0,1201.0,10,1258
2011-12-06,22866,937.0,1201.0,10,1258
2011-12-07,22866,766.0,1201.0,10,1258
2011-12-08,22866,675.0,1201.0,10,1258
2011-12-09,22866,670.0,1201.0,10,1258
2011-08-11,22867,2374.0,0.0,8,1372
2011-08-12,22867,2374.0,0.0,8,1372
2011-08-13,22867,2374.0,0.0,8,1372
2011-08-14,22867,2374.0,0.0,8,1372
2011-08-15,22867,2374.0,0.0,8,1372
2011-08-16,22867,2374.0,0.0,8,1372
2011-08-17,22867,2374.0,0.0,8,1372
2011-08-18,22867,2374.0,0.0,8,1372
2011-08-19,22867,2374.0,0.0,8,1372
2011-08-20,22867,2374.0,0.0,8,1372
2011-08-21,22867,2374.0,0.0,8,1372
2011-08-22,22867,2350.0,0.0,8,1372
2011-08-23,22867,2338.0,0.0,8,1372
2011-08-24,22867,2325.0,0.0,8,1372
2011-08-25,22867,2313.0,0.0,8,1372
2011-08-26,22867,2301.0,0.0,8,1372
2011-08-27,22867,2301.0,0.0,8,1372
2011-08-28,22867,2299.0,0.0,8,1372
2011-08-29,22867,2299.0,0.0,8,1372
2011-08-30,22867,2298.0,0.0,8,1372
2011-08-31,22867,2298.0,0.0,8,1372
2011-09-01,22867,2202.0,0.0,8,1372
2011-09-02,22867,2176.0,0.0,8,1372
2011-09-03,22867,2176.0,0.0,8,1372
2011-09-04,22867,2172.0,0.0,8,1372
2011-09-05,22867,2172.0,0.0,8,1372
2011-09-06,22867,2148.0,0.0,8,1372
2011-09-07,22867,2141.0,0.0,8,1372
2011-09-08,22867,2102.0,0.0,8,1372
2011-09-09,22867,2102.0,0.0,8,1372
2011-09-10,22867,2102.0,0.0,8,1372
2011-09-11,22867,1987.0,0.0,8,1372
2011-09-12,22867,1987.0,0.0,8,1372
2011-09-13,22867,1857.0,0.0,8,1372
2011-09-14,22867,1855.0,0.0,8,1372
2011-09-15,22867,1723.0,0.0,8,1372
2011-09-16,22867,1699.0,0.0,8,1372
2011-09-17,22867,1699.0,0.0,8,1372
2011-09-18,22867,1693.0,0.0,8,1372
2011-09-19,22867,1582.0,0.0,8,1372
2011-09-20,22867,1372.0,1067.0,8,1372
2011-09-21,22867,1330.0,1067.0,8,1372
2011-09-22,22867,1330.0,1067.0,8,1372
2011-09-23,22867,1293.0,1067.0,8,1372
2011-09-24,22867,1293.0,1067.0,8,1372
2011-09-25,22867,1237.0,1067.0,8,1372
2011-09-26,22867,1236.0,1067.0,8,1372
2011-09-27,22867,1173.0,1067.0,8,1372
2011-09-28,22867,2198.0,0.0,8,1372
2011-09-29,22867,2160.0,0.0,8,1372
2011-09-30,22867,2018.0,0.0,8,1372
2011-10-01,22867,2018.0,0.0,8,1372
2011-10-02,22867,2015.0,0.0,8,1372
2011-10-03,22867,1986.0,0.0,8,1372
2011-10-04,22867,1904.0,0.0,8,1372
2011-10-05,22867,1856.0,0.0,8,1372
2011-10-06,22867,1747.0,0.0,8,1372
2011-10-07,22867,1723.0,0.0,8,1372
2011-10-08,22867,1723.0,0.0,8,1372
2011-10-09,22867,1707.0,0.0,8,1372
2011-10-10,22867,1683.0,0.0,8,1372
2011-10-11,22867,1627.0,0.0,8,1372
2011-10-12,22867,1601.0,0.0,8,1372
2011-10-13,22867,1587.0,0.0,8,1372
2011-10-14,22867,1575.0,0.0,8,1372
2011-10-15,22867,1575.0,0.0,8,1372
2011-10-16,22867,1575.0,0.0,8,1372
2011-10-17,22867,1574.0,0.0,8,1372
2011-10-18,22867,1544.0,0.0,8,1372
2011-10-19,22867,1529.0,0.0,8,1372
2011-10-20,22867,1499.0,0.0,8,1372
2011-10-21,22867,1331.0,1108.0,8,1372
2011-10-22,22867,1331.0,1108.0,8,1372
2011-10-23,22867,1318.0,1108.0,8,1372
2011-10-24,22867,1287.0,1108.0,8,1372
2011-10-25,22867,1226.0,1108.0,8,1372
2011-10-26,22867,1223.0,1108.0,8,1372
2011-10-27,22867,1170.0,1108.0,8,1372
2011-10-28,22867,1153.0,1108.0,8,1372
2011-10-29,22867,2261.0,0.0,8,1372
2011-10-30,22867,2235.0,0.0,8,1372
2011-10-31,22867,2173.0,0.0,8,1372
2011-11-01,22867,2157.0,0.0,8,1372
2011-11-02,22867,2087.0,0.0,8,1372
2011-11-03,22867,2029.0,0.0,8,1372
2011-11-04,22867,1891.0,0.0,8,1372
2011-11-05,22867,1891.0,0.0,8,1372
2011-11-06,22867,1844.0,0.0,8,1372
2011-11-07,22867,1744.0,0.0,8,1372
2011-11-08,22867,1694.0,0.0,8,1372
2011-11-09,22867,1631.0,0.0,8,1372
2011-11-10,22867,1364.0,1075.0,8,1372
2011-11-11,22867,1325.0,1075.0,8,1372
2011-11-12,22867,1325.0,1075.0,8,1372
2011-11-13,22867,1295.0,1075.0,8,1372
2011-11-14,22867,1180.0,1075.0,8,1372
2011-11-15,22867,1153.0,1075.0,8,1372
2011-11-16,22867,1114.0,1075.0,8,1372
2011-11-17,22867,1012.0,1075.0,8,1372
2011-11-18,22867,2008.0,0.0,8,1372
2011-11-19,22867,2008.0,0.0,8,1372
2011-11-20,22867,1984.0,0.0,8,1372
2011-11-21,22867,1917.0,0.0,8,1372
2011-11-22,22867,1864.0,0.0,8,1372
2011-11-23,22867,1808.0,0.0,8,1372
2011-11-24,22867,1787.0,0.0,8,1372
2011-11-25,22867,1755.0,0.0,8,1372
2011-11-26,22867,1755.0,0.0,8,1372
2011-11-27,22867,1726.0,0.0,8,1372
2011-11-28,22867,1650.0,0.0,8,1372
2011-11-29,22867,1627.0,0.0,8,1372
2011-11-30,22867,1606.0,0.0,8,1372
2011-12-01,22867,1561.0,0.0,8,1372
2011-12-02,22867,1531.0,0.0,8,1372
2011-12-03,22867,1531.0,0.0,8,1372
2011-12-04,22867,1472.0,0.0,8,1372
2011-12-05,22867,1308.0,1131.0,8,1372
2011-12-06,22867,1259.0,1131.0,8,1372
2011-12-07,22867,972.0,1131.0,8,1372
2011-12-08,22867,867.0,1131.0,8,1372
2011-12-09,22867,863.0,1131.0,8,1372
2011-08-11,22910,3140.0,0.0,11,2179
2011-08-12,22910,3140.0,0.0,11,2179
2011-08-13,22910,3140.0,0.0,11,2179
2011-08-14,22910,3137.0,0.0,11,2179
2011-08-15,22910,3131.0,0.0,11,2179
2011-08-16,22910,3130.0,0.0,11,2179
2011-08-17,22910,3130.0,0.0,11,2179
2011-08-18,22910,3044.0,0.0,11,2179
2011-08-19,22910,3038.0,0.0,11,2179
2011-08-20,22910,3038.0,0.0,11,2179
2011-08-21,22910,3033.0,0.0,11,2179
2011-08-22,22910,3027.0,0.0,11,2179
2011-08-23,22910,3027.0,0.0,11,2179
2011-08-24,22910,3025.0,0.0,11,2179
2011-08-25,22910,3025.0,0.0,11,2179
2011-08-26,22910,3019.0,0.0,11,2179
2011-08-27,22910,3019.0,0.0,11,2179
2011-08-28,22910,3018.0,0.0,11,2179
2011-08-29,22910,3018.0,0.0,11,2179
2011-08-30,22910,2938.0,0.0,11,2179
2011-08-31,22910,2898.0,0.0,11,2179
2011-09-01,22910,2778.0,0.0,11,2179
2011-09-02,22910,2776.0,0.0,11,2179
2011-09-03,22910,2776.0,0.0,11,2179
2011-09-04,22910,2762.0,0.0,11,2179
2011-09-05,22910,2686.0,0.0,11,2179
2011-09-06,22910,2662.0,0.0,11,2179
2011-09-07,22910,2661.0,0.0,11,2179
2011-09-08,22910,2658.0,0.0,11,2179
2011-09-09,22910,2638.0,0.0,11,2179
2011-09-10,22910,2638.0,0.0,11,2179
2011-09-11,22910,2610.0,0.0,11,2179
2011-09-12,22910,2573.0,0.0,11,2179
2011-09-13,22910,2555.0,0.0,11,2179
2011-09-14,22910,2479.0,0.0,11,2179
2011-09-15,22910,2326.0,0.0,11,2179
2011-09-16,22910,2247.0,0.0,11,2179
2011-09-17,22910,2247.0,0.0,11,2179
2011-09-18,22910,2243.0,0.0,11,2179
2011-09-19,22910,2213.0,0.0,11,2179
2011-09-20,22910,1878.0,1753.0,11,2179
2011-09-21,22910,1854.0,1753.0,11,2179
2011-09-22,22910,1703.0,1753.0,11,2179
2011-09-23,22910,1580.0,1753.0,11,2179
2011-09-24,22910,1580.0,1753.0,11,2179
2011-09-25,22910,1430.0,1753.0,11,2179
2011-09-26,22910,1412.0,1753.0,11,2179
2011-09-27,22910,1354.0,1753.0,11,2179
2011-09-28,22910,1347.0,1753.0,11,2179
2011-09-29,22910,1308.0,1753.0,11,2179
2011-09-30,22910,1285.0,1753.0,11,2179
2011-10-01,22910,3038.0,0.0,11,2179
2011-10-02,22910,3024.0,0.0,11,2179
2011-10-03,22910,2955.0,0.0,11,2179
2011-10-04,22910,2648.0,0.0,11,2179
2011-10-05,22910,2584.0,0.0,11,2179
2011-10-06,22910,2535.0,0.0,11,2179
2011-10-07,22910,2519.0,0.0,11,2179
2011-10-08,22910,2519.0,0.0,11,2179
2011-10-09,22910,2519.0,0.0,11,2179
2011-10-10,22910,2401.0,0.0,11,2179
2011-10-11,22910,2295.0,0.0,11,2179
2011-10-12,22910,2261.0,0.0,11,2179
2011-10-13,22910,2196.0,0.0,11,2179
2011-10-14,22910,2152.0,1479.0,11,2179
2011-10-15,22910,2152.0,1479.0,11,2179
2011-10-16,22910,2083.0,1479.0,11,2179
2011-10-17,22910,2021.0,1479.0,11,2179
2011-10-18,22910,2011.0,1479.0,11,2179
2011-10-19,22910,1964.0,1479.0,11,2179
2011-10-20,22910,1845.0,1479.0,11,2179
2011-10-21,22910,1763.0,1479.0,11,2179
2011-10-22,22910,1763.0,1479.0,11,2179
2011-10-23,22910,1757.0,1479.0,11,2179
2011-10-24,22910,1702.0,1479.0,11,2179
2011-10-25,22910,3129.0,0.0,11,2179
2011-10-26,22910,3086.0,0.0,11,2179
2011-10-27,22910,3026.0,0.0,11,2179
2011-10-28,22910,2998.0,0.0,11,2179
2011-10-29,22910,2998.0,0.0,11,2179
2011-10-30,22910,2914.0,0.0,11,2179
2011-10-31,22910,2870.0,0.0,11,2179
2011-11-01,22910,2693.0,0.0,11,2179
2011-11-02,22910,2528.0,0.0,11,2179
2011-11-03,22910,2490.0,0.0,11,2179
2011-11-04,22910,2403.0,0.0,11,2179
2011-11-05,22910,2403.0,0.0,11,2179
2011-11-06,22910,2355.0,0.0,11,2179
2011-11-07,22910,2151.0,1480.0,11,2179
2011-11-08,22910,2075.0,1480.0,11,2179
2011-11-09,22910,1922.0,1480.0,11,2179
2011-11-10,22910,1755.0,1480.0,11,2179
2011-11-11,22910,1697.0,1480.0,11,2179
2011-11-12,22910,1697.0,1480.0,11,2179
2011-11-13,22910,1675.0,1480.0,11,2179
2011-11-14,22910,1258.0,1480.0,11,2179
2011-11-15,22910,1079.0,1480.0,11,2179
2011-11-16,22910,960.0,1480.0,11,2179
2011-11-17,22910,801.0,1480.0,11,2179
2011-11-18,22910,2067.0,0.0,11,2179
2011-11-19,22910,2067.0,1564.0,11,2179
2011-11-20,22910,1939.0,1564.0,11,2179
2011-11-21,22910,1857.0,1564.0,11,2179
2011-11-22,22910,1611.0,1564.0,11,2179
2011-11-23,22910,1304.0,1564.0,11,2179
2011-11-24,22910,1164.0,1564.0,11,2179
2011-11-25,22910,979.0,1564.0,11,2179
2011-11-26,22910,979.0,1564.0,11,2179
2011-11-27,22910,941.0,1564.0,11,2179
2011-11-28,22910,790.0,1564.0,11,2179
2011-11-29,22910,628.0,1564.0,11,2179
2011-11-30,22910,2133.0,0.0,11,2179
2011-12-01,22910,2034.0,1597.0,11,2179
2011-12-02,22910,1938.0,1597.0,11,2179
2011-12-03,22910,1938.0,1597.0,11,2179
2011-12-04,22910,1908.0,1597.0,11,2179
2011-12-05,22910,1748.0,1597.0,11,2179
2011-12-06,22910,1661.0,1597.0,11,2179
2011-12-07,22910,1474.0,1597.0,11,2179
2011-12-08,22910,1308.0,1597.0,11,2179
2011-12-09,22910,1272.0,1597.0,11,2179
2011-08-11,22941,315.0,0.0,4,155
2011-08-12,22941,313.0,0.0,4,155
2011-08-13,22941,313.0,0.0,4,155
2011-08-14,22941,313.0,0.0,4,155
2011-08-15,22941,313.0,0.0,4,155
2011-08-16,22941,313.0,0.0,4,155
2011-08-17,22941,313.0,0.0,4,155
2011-08-18,22941,313.0,0.0,4,155
2011-08-19,22941,313.0,0.0,4,155
2011-08-20,22941,313.0,0.0,4,155
2011-08-21,22941,313.0,0.0,4,155
2011-08-22,22941,313.0,0.0,4,155
2011-08-23,22941,313.0,0.0,4,155
2011-08-24,22941,312.0,0.0,4,155
2011-08-25,22941,312.0,0.0,4,155
2011-08-26,22941,312.0,0.0,4,155
2011-08-27,22941,312.0,0.0,4,155
2011-08-28,22941,312.0,0.0,4,155
2011-08-29,22941,312.0,0.0,4,155
2011-08-30,22941,312.0,0.0,4,155
2011-08-31,22941,311.0,0.0,4,155
2011-09-01,22941,311.0,0.0,4,155
2011-09-02,22941,191.0,0.0,4,155
2011-09-03,22941,191.0,0.0,4,155
2011-09-04,22941,190.0,0.0,4,155
2011-09-05,22941,188.0,0.0,4,155
2011-09-06,22941,188.0,0.0,4,155
2011-09-07,22941,188.0,0.0,4,155
2011-09-08,22941,184.0,0.0,4,155
2011-09-09,22941,160.0,0.0,4,155
2011-09-10,22941,160.0,0.0,4,155
2011-09-11,22941,160.0,0.0,4,155
2011-09-12,22941,125.0,328.0,4,155
2011-09-13,22941,123.0,328.0,4,155
2011-09-14,22941,119.0,328.0,4,155
2011-09-15,22941,109.0,328.0,4,155
2011-09-16,22941,437.0,0.0,4,155
2011-09-17,22941,437.0,0.0,4,155
2011-09-18,22941,437.0,0.0,4,155
2011-09-19,22941,435.0,0.0,4,155
2011-09-20,22941,432.0,0.0,4,155
2011-09-21,22941,430.0,0.0,4,155
2011-09-22,22941,414.0,0.0,4,155
2011-09-23,22941,403.0,0.0,4,155
2011-09-24,22941,403.0,0.0,4,155
2011-09-25,22941,393.0,0.0,4,155
2011-09-26,22941,391.0,0.0,4,155
2011-09-27,22941,386.0,0.0,4,155
2011-09-28,22941,384.0,0.0,4,155
2011-09-29,22941,372.0,0.0,4,155
2011-09-30,22941,0.0,453.0,4,155
2011-10-01,22941,0.0,453.0,4,155
2011-10-02,22941,0.0,453.0,4,155
2011-10-03,22941,0.0,453.0,4,155
2011-10-04,22941,449.0,0.0,4,155
2011-10-05,22941,442.0,0.0,4,155
2011-10-06,22941,431.0,0.0,4,155
2011-10-07,22941,422.0,0.0,4,155
2011-10-08,22941,422.0,0.0,4,155
2011-10-09,22941,422.0,0.0,4,155
2011-10-10,22941,418.0,0.0,4,155
2011-10-11,22941,396.0,0.0,4,155
2011-10-12,22941,388.0,0.0,4,155
2011-10-13,22941,382.0,0.0,4,155
2011-10-14,22941,372.0,0.0,4,155
2011-10-15,22941,372.0,0.0,4,155
2011-10-16,22941,370.0,0.0,4,155
2011-10-17,22941,365.0,0.0,4,155
2011-10-18,22941,353.0,0.0,4,155
2011-10-19,22941,352.0,0.0,4,155
2011-10-20,22941,345.0,0.0,4,155
2011-10-21,22941,309.0,0.0,4,155
2011-10-22,22941,309.0,0.0,4,155
2011-10-23,22941,309.0,0.0,4,155
2011-10-24,22941,309.0,0.0,4,155
2011-10-25,22941,295.0,0.0,4,155
2011-10-26,22941,292.0,0.0,4,155
2011-10-27,22941,284.0,0.0,4,155
2011-10-28,22941,278.0,0.0,4,155
2011-10-29,22941,278.0,0.0,4,155
2011-10-30,22941,265.0,0.0,4,155
2011-10-31,22941,250.0,0.0,4,155
2011-11-01,22941,243.0,0.0,4,155
2011-11-02,22941,194.0,0.0,4,155
2011-11-03,22941,190.0,0.0,4,155
2011-11-04,22941,180.0,0.0,4,155
2011-11-05,22941,180.0,0.0,4,155
2011-11-06,22941,161.0,0.0,4,155
2011-11-07,22941,161.0,0.0,4,155
2011-11-08,22941,130.0,323.0,4,155
2011-11-09,22941,113.0,323.0,4,155
2011-11-10,22941,105.0,323.0,4,155
2011-11-11,22941,95.0,323.0,4,155
2011-11-12,22941,418.0,0.0,4,155
2011-11-13,22941,416.0,0.0,4,155
2011-11-14,22941,410.0,0.0,4,155
2011-11-15,22941,366.0,0.0,4,155
2011-11-16,22941,316.0,0.0,4,155
2011-11-17,22941,295.0,0.0,4,155
2011-11-18,22941,274.0,0.0,4,155
2011-11-19,22941,274.0,0.0,4,155
2011-11-20,22941,258.0,0.0,4,155
2011-11-21,22941,244.0,0.0,4,155
2011-11-22,22941,238.0,0.0,4,155
2011-11-23,22941,217.0,0.0,4,155
2011-11-24,22941,210.0,0.0,4,155
2011-11-25,22941,203.0,0.0,4,155
2011-11-26,22941,203.0,0.0,4,155
2011-11-27,22941,197.0,0.0,4,155
2011-11-28,22941,182.0,0.0,4,155
2011-11-29,22941,162.0,0.0,4,155
2011-11-30,22941,145.0,308.0,4,155
2011-12-01,22941,110.0,308.0,4,155
2011-12-02,22941,107.0,308.0,4,155
2011-12-03,22941,107.0,308.0,4,155
2011-12-04,22941,390.0,0.0,4,155
2011-12-05,22941,355.0,0.0,4,155
2011-12-06,22941,301.0,0.0,4,155
2011-12-07,22941,294.0,0.0,4,155
2011-12-08,22941,280.0,0.0,4,155
2011-12-09,22941,274.0,0.0,4,155
2011-08-11,22960,366.0,456.0,12,513
2011-08-12,22960,800.0,0.0,12,513
2011-08-13,22960,800.0,0.0,12,513
2011-08-14,22960,800.0,0.0,12,513
2011-08-15,22960,794.0,0.0,12,513
2011-08-16,22960,788.0,0.0,12,513
2011-08-17,22960,543.0,0.0,12,513
2011-08-18,22960,531.0,0.0,12,513
2011-08-19,22960,525.0,0.0,12,513
2011-08-20,22960,525.0,0.0,12,513
2011-08-21,22960,506.0,447.0,12,513
2011-08-22,22960,498.0,447.0,12,513
2011-08-23,22960,480.0,447.0,12,513
2011-08-24,22960,475.0,447.0,12,513
2011-08-25,22960,462.0,447.0,12,513
2011-08-26,22960,462.0,447.0,12,513
2011-08-27,22960,462.0,447.0,12,513
2011-08-28,22960,461.0,447.0,12,513
2011-08-29,22960,461.0,447.0,12,513
2011-08-30,22960,449.0,447.0,12,513
2011-08-31,22960,447.0,447.0,12,513
2011-09-01,22960,429.0,447.0,12,513
2011-09-02,22960,852.0,0.0,12,513
2011-09-03,22960,852.0,0.0,12,513
2011-09-04,22960,821.0,0.0,12,513
2011-09-05,22960,767.0,0.0,12,513
2011-09-06,22960,766.0,0.0,12,513
2011-09-07,22960,755.0,0.0,12,513
2011-09-08,22960,731.0,0.0,12,513
2011-09-09,22960,724.0,0.0,12,513
2011-09-10,22960,724.0,0.0,12,513
2011-09-11,22960,707.0,0.0,12,513
2011-09-12,22960,696.0,0.0,12,513
2011-09-13,22960,640.0,0.0,12,513
2011-09-14,22960,596.0,0.0,12,513
2011-09-15,22960,545.0,0.0,12,513
2011-09-16,22960,528.0,0.0,12,513
2011-09-17,22960,528.0,0.0,12,513
2011-09-18,22960,500.0,453.0,12,513
2011-09-19,22960,484.0,453.0,12,513
2011-09-20,22960,394.0,453.0,12,513
2011-09-21,22960,385.0,453.0,12,513
2011-09-22,22960,258.0,453.0,12,513
2011-09-23,22960,230.0,453.0,12,513
2011-09-24,22960,230.0,453.0,12,513
2011-09-25,22960,227.0,453.0,12,513
2011-09-26,22960,174.0,453.0,12,513
2011-09-27,22960,102.0,453.0,12,513
2011-09-28,22960,85.0,453.0,12,513
2011-09-29,22960,72.0,453.0,12,513
2011-09-30,22960,495.0,0.0,12,513
2011-10-01,22960,495.0,458.0,12,513
2011-10-02,22960,494.0,458.0,12,513
2011-10-03,22960,485.0,458.0,12,513
2011-10-04,22960,462.0,458.0,12,513
2011-10-05,22960,449.0,458.0,12,513
2011-10-06,22960,410.0,458.0,12,513
2011-10-07,22960,394.0,458.0,12,513
2011-10-08,22960,394.0,458.0,12,513
2011-10-09,22960,390.0,458.0,12,513
2011-10-10,22960,369.0,458.0,12,513
2011-10-11,22960,283.0,458.0,12,513
2011-10-12,22960,251.0,458.0,12,513
2011-10-13,22960,684.0,0.0,12,513
2011-10-14,22960,666.0,0.0,12,513
2011-10-15,22960,666.0,0.0,12,513
2011-10-16,22960,588.0,0.0,12,513
2011-10-17,22960,578.0,0.0,12,513
2011-10-18,22960,553.0,0.0,12,513
2011-10-19,22960,543.0,0.0,12,513
2011-10-20,22960,531.0,0.0,12,513
2011-10-21,22960,531.0,0.0,12,513
2011-10-22,22960,531.0,0.0,12,513
2011-10-23,22960,522.0,0.0,12,513
2011-10-24,22960,519.0,0.0,12,513
2011-10-25,22960,483.0,470.0,12,513
2011-10-26,22960,475.0,470.0,12,513
2011-10-27,22960,450.0,470.0,12,513
2011-10-28,22960,432.0,470.0,12,513
2011-10-29,22960,432.0,470.0,12,513
2011-10-30,22960,402.0,470.0,12,513
2011-10-31,22960,329.0,470.0,12,513
2011-11-01,22960,327.0,470.0,12,513
2011-11-02,22960,320.0,470.0,12,513
2011-11-03,22960,159.0,470.0,12,513
2011-11-04,22960,102.0,470.0,12,513
2011-11-05,22960,102.0,470.0,12,513
2011-11-06,22960,572.0,0.0,12,513
2011-11-07,22960,545.0,0.0,12,513
2011-11-08,22960,545.0,0.0,12,513
2011-11-09,22960,537.0,0.0,12,513
2011-11-10,22960,477.0,476.0,12,513
2011-11-11,22960,472.0,476.0,12,513
2011-11-12,22960,472.0,476.0,12,513
2011-11-13,22960,439.0,476.0,12,513
2011-11-14,22960,424.0,476.0,12,513
2011-11-15,22960,419.0,476.0,12,513
2011-11-16,22960,337.0,476.0,12,513
2011-11-17,22960,317.0,476.0,12,513
2011-11-18,22960,292.0,476.0,12,513
2011-11-19,22960,292.0,476.0,12,513
2011-11-20,22960,288.0,476.0,12,513
2011-11-21,22960,231.0,476.0,12,513
2011-11-22,22960,669.0,0.0,12,513
2011-11-23,22960,609.0,0.0,12,513
2011-11-24,22960,594.0,0.0,12,513
2011-11-25,22960,581.0,0.0,12,513
2011-11-26,22960,581.0,0.0,12,513
2011-11-27,22960,578.0,0.0,12,513
2011-11-28,22960,533.0,0.0,12,513
2011-11-29,22960,310.0,643.0,12,513
2011-11-30,22960,266.0,643.0,12,513
2011-12-01,22960,258.0,643.0,12,513
2011-12-02,22960,231.0,643.0,12,513
2011-12-03,22960,231.0,643.0,12,513
2011-12-04,22960,228.0,643.0,12,513
2011-12-05,22960,199.0,643.0,12,513
2011-12-06,22960,121.0,643.0,12,513
2011-12-07,22960,64.0,643.0,12,513
2011-12-08,22960,20.0,643.0,12,513
2011-12-09,22960,13.0,643.0,12,513
2011-08-11,22961,0.0,22.0,14,12
2011-08-12,22961,0.0,22.0,14,12
2011-08-13,22961,0.0,22.0,14,12
2011-08-14,22961,0.0,22.0,14,12
2011-08-15,22961,0.0,22.0,14,12
2011-08-16,22961,0.0,22.0,14,12
2011-08-17,22961,0.0,22.0,14,12
2011-08-18,22961,0.0,22.0,14,12
2011-08-19,22961,0.0,22.0,14,12
2011-08-20,22961,0.0,22.0,14,12
2011-08-21,22961,0.0,22.0,14,12
2011-08-22,22961,0.0,22.0,14,12
2011-08-23,22961,0.0,22.0,14,12
2011-08-24,22961,0.0,0.0,14,12
2011-08-25,22961,0.0,22.0,14,12
2011-08-26,22961,0.0,22.0,14,12
2011-08-27,22961,0.0,22.0,14,12
2011-08-28,22961,0.0,22.0,14,12
2011-08-29,22961,0.0,22.0,14,12
2011-08-30,22961,0.0,22.0,14,12
2011-08-31,22961,0.0,22.0,14,12
2011-09-01,22961,0.0,22.0,14,12
2011-09-02,22961,0.0,22.0,14,12
2011-09-03,22961,0.0,22.0,14,12
2011-09-04,22961,0.0,22.0,14,12
2011-09-05,22961,0.0,22.0,14,12
2011-09-06,22961,0.0,22.0,14,12
2011-09-07,22961,0.0,22.0,14,12
2011-09-08,22961,0.0,0.0,14,12
2011-09-09,22961,0.0,22.0,14,12
2011-09-10,22961,0.0,22.0,14,12
2011-09-11,22961,0.0,22.0,14,12
2011-09-12,22961,0.0,22.0,14,12
2011-09-13,22961,0.0,22.0,14,12
2011-09-14,22961,0.0,22.0,14,12
2011-09-15,22961,0.0,22.0,14,12
2011-09-16,22961,0.0,22.0,14,12
2011-09-17,22961,0.0,22.0,14,12
2011-09-18,22961,0.0,22.0,14,12
2011-09-19,22961,0.0,22.0,14,12
2011-09-20,22961,0.0,22.0,14,12
2011-09-21,22961,0.0,22.0,14,12
2011-09-22,22961,0.0,22.0,14,12
2011-09-23,22961,0.0,0.0,14,12
2011-09-24,22961,0.0,22.0,14,12
2011-09-25,22961,0.0,22.0,14,12
2011-09-26,22961,0.0,22.0,14,12
2011-09-27,22961,0.0,22.0,14,12
2011-09-28,22961,0.0,22.0,14,12
2011-09-29,22961,0.0,22.0,14,12
2011-09-30,22961,0.0,22.0,14,12
2011-10-01,22961,0.0,22.0,14,12
2011-10-02,22961,0.0,22.0,14,12
2011-10-03,22961,0.0,22.0,14,12
2011-10-04,22961,0.0,22.0,14,12
2011-10-05,22961,0.0,22.0,14,12
2011-10-06,22961,0.0,22.0,14,12
2011-10-07,22961,0.0,22.0,14,12
2011-10-08,22961,22.0,0.0,14,12
2011-10-09,22961,18.0,0.0,14,12
2011-10-10,22961,0.0,22.0,14,12
2011-10-11,22961,0.0,22.0,14,12
2011-10-12,22961,0.0,22.0,14,12
2011-10-13,22961,0.0,22.0,14,12
2011-10-14,22961,0.0,22.0,14,12
2011-10-15,22961,0.0,22.0,14,12
2011-10-16,22961,0.0,22.0,14,12
2011-10-17,22961,0.0,22.0,14,12
2011-10-18,22961,0.0,22.0,14,12
2011-10-19,22961,0.0,22.0,14,12
2011-10-20,22961,0.0,22.0,14,12
2011-10-21,22961,0.0,22.0,14,12
2011-10-22,22961,0.0,22.0,14,12
2011-10-23,22961,0.0,22.0,14,12
2011-10-24,22961,16.0,0.0,14,12
2011-10-25,22961,0.0,22.0,14,12
2011-10-26,22961,0.0,22.0,14,12
2011-10-27,22961,0.0,22.0,14,12
2011-10-28,22961,0.0,22.0,14,12
2011-10-29,22961,0.0,22.0,14,12
2011-10-30,22961,0.0,22.0,14,12
2011-10-31,22961,0.0,22.0,14,12
2011-11-01,22961,0.0,22.0,14,12
2011-11-02,22961,0.0,22.0,14,12
2011-11-03,22961,0.0,22.0,14,12
2011-11-04,22961,0.0,22.0,14,12
2011-11-05,22961,0.0,22.0,14,12
2011-11-06,22961,0.0,22.0,14,12
2011-11-07,22961,0.0,22.0,14,12
2011-11-08,22961,0.0,0.0,14,12
2011-11-09,22961,0.0,22.0,14,12
2011-11-10,22961,0.0,22.0,14,12
2011-11-11,22961,0.0,22.0,14,12
2011-11-12,22961,0.0,22.0,14,12
2011-11-13,22961,0.0,22.0,14,12
2011-11-14,22961,0.0,22.0,14,12
2011-11-15,22961,0.0,22.0,14,12
2011-11-16,22961,0.0,22.0,14,12
2011-11-17,22961,0.0,22.0,14,12
2011-11-18,22961,0.0,22.0,14,12
2011-11-19,22961,0.0,22.0,14,12
2011-11-20,22961,0.0,22.0,14,12
2011-11-21,22961,0.0,22.0,14,12
2011-11-22,22961,0.0,22.0,14,12
2011-11-23,22961,0.0,0.0,14,12
2011-11-24,22961,0.0,22.0,14,12
2011-11-25,22961,0.0,22.0,14,12
2011-11-26,22961,0.0,22.0,14,12
2011-11-27,22961,0.0,22.0,14,12
2011-11-28,22961,0.0,22.0,14,12
2011-11-29,22961,0.0,22.0,14,12
2011-11-30,22961,0.0,22.0,14,12
2011-12-01,22961,0.0,22.0,14,12
2011-12-02,22961,0.0,22.0,14,12
2011-12-03,22961,0.0,22.0,14,12
2011-12-04,22961,0.0,22.0,14,12
2011-12-05,22961,0.0,22.0,14,12
2011-12-06,22961,0.0,22.0,14,12
2011-12-07,22961,0.0,22.0,14,12
2011-12-08,22961,0.0,0.0,14,12
2011-12-09,22961,0.0,22.0,14,12
2011-08-11,22969,1073.0,0.0,8,725
2011-08-12,22969,1061.0,0.0,8,725
2011-08-13,22969,1061.0,0.0,8,725
2011-08-14,22969,1049.0,0.0,8,725
2011-08-15,22969,1037.0,0.0,8,725
2011-08-16,22969,1025.0,0.0,8,725
2011-08-17,22969,305.0,1424.0,8,725
2011-08-18,22969,281.0,1424.0,8,725
2011-08-19,22969,257.0,1424.0,8,725
2011-08-20,22969,257.0,1424.0,8,725
2011-08-21,22969,233.0,1424.0,8,725
2011-08-22,22969,209.0,1424.0,8,725
2011-08-23,22969,209.0,1424.0,8,725
2011-08-24,22969,197.0,1424.0,8,725
2011-08-25,22969,1573.0,0.0,8,725
2011-08-26,22969,1573.0,0.0,8,725
2011-08-27,22969,1573.0,0.0,8,725
2011-08-28,22969,1573.0,0.0,8,725
2011-08-29,22969,1573.0,0.0,8,725
2011-08-30,22969,1569.0,0.0,8,725
2011-08-31,22969,1557.0,0.0,8,725
2011-09-01,22969,1509.0,0.0,8,725
2011-09-02,22969,1509.0,0.0,8,725
2011-09-03,22969,1509.0,0.0,8,725
2011-09-04,22969,1497.0,0.0,8,725
2011-09-05,22969,1495.0,0.0,8,725
2011-09-06,22969,1483.0,0.0,8,725
2011-09-07,22969,1481.0,0.0,8,725
2011-09-08,22969,1457.0,0.0,8,725
2011-09-09,22969,1433.0,0.0,8,725
2011-09-10,22969,1433.0,0.0,8,725
2011-09-11,22969,1397.0,0.0,8,725
2011-09-12,22969,1397.0,0.0,8,725
2011-09-13,22969,1347.0,0.0,8,725
2011-09-14,22969,1311.0,0.0,8,725
2011-09-15,22969,1311.0,0.0,8,725
2011-09-16,22969,1275.0,0.0,8,725
2011-09-17,22969,1275.0,0.0,8,725
2011-09-18,22969,1275.0,0.0,8,725
2011-09-19,22969,1251.0,0.0,8,725
2011-09-20,22969,0.0,1729.0,8,725
2011-09-21,22969,0.0,1729.0,8,725
2011-09-22,22969,0.0,1729.0,8,725
2011-09-23,22969,0.0,1729.0,8,725
2011-09-24,22969,0.0,1729.0,8,725
2011-09-25,22969,0.0,1729.0,8,725
2011-09-26,22969,0.0,1729.0,8,725
2011-09-27,22969,0.0,1729.0,8,725
2011-09-28,22969,1716.0,0.0,8,725
2011-09-29,22969,1704.0,0.0,8,725
2011-09-30,22969,1656.0,0.0,8,725
2011-10-01,22969,1656.0,0.0,8,725
2011-10-02,22969,1656.0,0.0,8,725
2011-10-03,22969,1593.0,0.0,8,725
2011-10-04,22969,1580.0,0.0,8,725
2011-10-05,22969,1376.0,0.0,8,725
2011-10-06,22969,1328.0,0.0,8,725
2011-10-07,22969,1328.0,0.0,8,725
2011-10-08,22969,1328.0,0.0,8,725
2011-10-09,22969,1292.0,0.0,8,725
2011-10-10,22969,1267.0,0.0,8,725
2011-10-11,22969,1217.0,0.0,8,725
2011-10-12,22969,1203.0,0.0,8,725
2011-10-13,22969,1119.0,0.0,8,725
2011-10-14,22969,1107.0,0.0,8,725
2011-10-15,22969,1107.0,0.0,8,725
2011-10-16,22969,1107.0,0.0,8,725
2011-10-17,22969,1084.0,0.0,8,725
2011-10-18,22969,1047.0,0.0,8,725
2011-10-19,22969,1023.0,0.0,8,725
2011-10-20,22969,1011.0,0.0,8,725
2011-10-21,22969,1011.0,0.0,8,725
2011-10-22,22969,1011.0,0.0,8,725
2011-10-23,22969,1011.0,0.0,8,725
2011-10-24,22969,1011.0,0.0,8,725
2011-10-25,22969,903.0,0.0,8,725
2011-10-26,22969,891.0,0.0,8,725
2011-10-27,22969,855.0,0.0,8,725
2011-10-28,22969,855.0,0.0,8,725
2011-10-29,22969,855.0,0.0,8,725
2011-10-30,22969,843.0,0.0,8,725
2011-10-31,22969,825.0,0.0,8,725
2011-11-01,22969,825.0,0.0,8,725
2011-11-02,22969,807.0,0.0,8,725
2011-11-03,22969,794.0,0.0,8,725
2011-11-04,22969,782.0,0.0,8,725
2011-11-05,22969,782.0,0.0,8,725
2011-11-06,22969,650.0,1079.0,8,725
2011-11-07,22969,638.0,1079.0,8,725
2011-11-08,22969,620.0,1079.0,8,725
2011-11-09,22969,619.0,1079.0,8,725
2011-11-10,22969,607.0,1079.0,8,725
2011-11-11,22969,592.0,1079.0,8,725
2011-11-12,22969,592.0,1079.0,8,725
2011-11-13,22969,544.0,1079.0,8,725
2011-11-14,22969,1622.0,0.0,8,725
2011-11-15,22969,1593.0,0.0,8,725
2011-11-16,22969,1528.0,0.0,8,725
2011-11-17,22969,1527.0,0.0,8,725
2011-11-18,22969,1479.0,0.0,8,725
2011-11-19,22969,1479.0,0.0,8,725
2011-11-20,22969,1455.0,0.0,8,725
2011-11-21,22969,1428.0,0.0,8,725
2011-11-22,22969,1415.0,0.0,8,725
2011-11-23,22969,1415.0,0.0,8,725
2011-11-24,22969,1412.0,0.0,8,725
2011-11-25,22969,1374.0,0.0,8,725
2011-11-26,22969,1374.0,0.0,8,725
2011-11-27,22969,1362.0,0.0,8,725
2011-11-28,22969,1345.0,0.0,8,725
2011-11-29,22969,1311.0,0.0,8,725
2011-11-30,22969,1296.0,0.0,8,725
2011-12-01,22969,1285.0,0.0,8,725
2011-12-02,22969,1269.0,0.0,8,725
2011-12-03,22969,1269.0,0.0,8,725
2011-12-04,22969,1221.0,0.0,8,725
2011-12-05,22969,1200.0,0.0,8,725
2011-12-06,22969,1197.0,0.0,8,725
2011-12-07,22969,1185.0,0.0,8,725
2011-12-08,22969,1073.0,0.0,8,725
2011-12-09,22969,1067.0,0.0,8,725
2011-08-11,23084,1495.0,0.0,9,1006
2011-08-12,23084,1495.0,0.0,9,1006
2011-08-13,23084,1495.0,0.0,9,1006
2011-08-14,23084,1495.0,0.0,9,1006
2011-08-15,23084,1495.0,0.0,9,1006
2011-08-16,23084,1495.0,0.0,9,1006
2011-08-17,23084,1494.0,0.0,9,1006
2011-08-18,23084,1494.0,0.0,9,1006
2011-08-19,23084,1494.0,0.0,9,1006
2011-08-20,23084,1494.0,0.0,9,1006
2011-08-21,23084,1494.0,0.0,9,1006
2011-08-22,23084,1494.0,0.0,9,1006
2011-08-23,23084,1494.0,0.0,9,1006
2011-08-24,23084,1487.0,0.0,9,1006
2011-08-25,23084,1485.0,0.0,9,1006
2011-08-26,23084,1005.0,1095.0,9,1006
2011-08-27,23084,1005.0,1095.0,9,1006
2011-08-28,23084,726.0,1095.0,9,1006
2011-08-29,23084,726.0,1095.0,9,1006
2011-08-30,23084,453.0,1095.0,9,1006
2011-08-31,23084,0.0,1095.0,9,1006
2011-09-01,23084,0.0,1095.0,9,1006
2011-09-02,23084,0.0,1095.0,9,1006
2011-09-03,23084,0.0,1095.0,9,1006
2011-09-04,23084,1095.0,0.0,9,1006
2011-09-05,23084,1093.0,0.0,9,1006
2011-09-06,23084,1093.0,0.0,9,1006
2011-09-07,23084,1087.0,0.0,9,1006
2011-09-08,23084,1087.0,0.0,9,1006
2011-09-09,23084,1085.0,0.0,9,1006
2011-09-10,23084,1085.0,0.0,9,1006
2011-09-11,23084,1085.0,0.0,9,1006
2011-09-12,23084,1081.0,0.0,9,1006
2011-09-13,23084,1079.0,0.0,9,1006
2011-09-14,23084,1079.0,0.0,9,1006
2011-09-15,23084,1074.0,0.0,9,1006
2011-09-16,23084,1072.0,0.0,9,1006
2011-09-17,23084,1072.0,0.0,9,1006
2011-09-18,23084,1072.0,0.0,9,1006
2011-09-19,23084,1072.0,0.0,9,1006
2011-09-20,23084,1065.0,0.0,9,1006
2011-09-21,23084,1062.0,0.0,9,1006
2011-09-22,23084,1053.0,0.0,9,1006
2011-09-23,23084,1037.0,0.0,9,1006
2011-09-24,23084,1037.0,0.0,9,1006
2011-09-25,23084,1037.0,0.0,9,1006
2011-09-26,23084,1019.0,0.0,9,1006
2011-09-27,23084,1009.0,0.0,9,1006
2011-09-28,23084,985.0,1115.0,9,1006
2011-09-29,23084,985.0,1115.0,9,1006
2011-09-30,23084,979.0,1115.0,9,1006
2011-10-01,23084,979.0,1115.0,9,1006
2011-10-02,23084,979.0,1115.0,9,1006
2011-10-03,23084,614.0,1115.0,9,1006
2011-10-04,23084,609.0,1115.0,9,1006
2011-10-05,23084,607.0,1115.0,9,1006
2011-10-06,23084,607.0,1115.0,9,1006
2011-10-07,23084,1722.0,0.0,9,1006
2011-10-08,23084,1722.0,0.0,9,1006
2011-10-09,23084,1722.0,0.0,9,1006
2011-10-10,23084,1720.0,0.0,9,1006
2011-10-11,23084,1719.0,0.0,9,1006
2011-10-12,23084,1719.0,0.0,9,1006
2011-10-13,23084,1719.0,0.0,9,1006
2011-10-14,23084,1719.0,0.0,9,1006
2011-10-15,23084,1719.0,0.0,9,1006
2011-10-16,23084,1719.0,0.0,9,1006
2011-10-17,23084,1719.0,0.0,9,1006
2011-10-18,23084,1705.0,0.0,9,1006
2011-10-19,23084,1705.0,0.0,9,1006
2011-10-20,23084,1705.0,0.0,9,1006
2011-10-21,23084,1705.0,0.0,9,1006
2011-10-22,23084,1705.0,0.0,9,1006
2011-10-23,23084,1705.0,0.0,9,1006
2011-10-24,23084,1705.0,0.0,9,1006
2011-10-25,23084,1705.0,0.0,9,1006
2011-10-26,23084,548.0,1552.0,9,1006
2011-10-27,23084,0.0,1552.0,9,1006
2011-10-28,23084,0.0,1552.0,9,1006
2011-10-29,23084,0.0,1552.0,9,1006
2011-10-30,23084,0.0,1552.0,9,1006
2011-10-31,23084,0.0,1552.0,9,1006
2011-11-01,23084,0.0,1552.0,9,1006
2011-11-02,23084,0.0,1552.0,9,1006
2011-11-03,23084,0.0,1552.0,9,1006
2011-11-04,23084,1004.0,0.0,9,1006
2011-11-05,23084,1004.0,1096.0,9,1006
2011-11-06,23084,653.0,1096.0,9,1006
2011-11-07,23084,0.0,1096.0,9,1006
2011-11-08,23084,0.0,1096.0,9,1006
2011-11-09,23084,0.0,1096.0,9,1006
2011-11-10,23084,0.0,1096.0,9,1006
2011-11-11,23084,0.0,1096.0,9,1006
2011-11-12,23084,0.0,1096.0,9,1006
2011-11-13,23084,0.0,1096.0,9,1006
2011-11-14,23084,412.0,0.0,9,1006
2011-11-15,23084,0.0,2100.0,9,1006
2011-11-16,23084,0.0,2100.0,9,1006
2011-11-17,23084,0.0,2100.0,9,1006
2011-11-18,23084,0.0,2100.0,9,1006
2011-11-19,23084,0.0,2100.0,9,1006
2011-11-20,23084,0.0,2100.0,9,1006
2011-11-21,23084,0.0,2100.0,9,1006
2011-11-22,23084,0.0,2100.0,9,1006
2011-11-23,23084,0.0,2100.0,9,1006
2011-11-24,23084,1848.0,0.0,9,1006
2011-11-25,23084,1302.0,0.0,9,1006
2011-11-26,23084,1302.0,0.0,9,1006
2011-11-27,23084,987.0,1113.0,9,1006
2011-11-28,23084,606.0,1113.0,9,1006
2011-11-29,23084,0.0,1113.0,9,1006
2011-11-30,23084,0.0,1113.0,9,1006
2011-12-01,23084,0.0,1113.0,9,1006
2011-12-02,23084,0.0,1113.0,9,1006
2011-12-03,23084,0.0,1113.0,9,1006
2011-12-04,23084,0.0,1113.0,9,1006
2011-12-05,23084,0.0,1113.0,9,1006
2011-12-06,23084,852.0,0.0,9,1006
2011-12-07,23084,0.0,2100.0,9,1006
2011-12-08,23084,0.0,2100.0,9,1006
2011-12-09,23084,0.0,2100.0,9,1006
2011-08-11,23173,654.0,0.0,12,437
2011-08-12,23173,646.0,0.0,12,437
2011-08-13,23173,646.0,0.0,12,437
2011-08-14,23173,644.0,0.0,12,437
2011-08-15,23173,634.0,0.0,12,437
2011-08-16,23173,630.0,0.0,12,437
2011-08-17,23173,624.0,0.0,12,437
2011-08-18,23173,620.0,0.0,12,437
2011-08-19,23173,620.0,0.0,12,437
2011-08-20,23173,620.0,0.0,12,437
2011-08-21,23173,594.0,0.0,12,437
2011-08-22,23173,592.0,0.0,12,437
2011-08-23,23173,590.0,0.0,12,437
2011-08-24,23173,588.0,0.0,12,437
2011-08-25,23173,584.0,0.0,12,437
2011-08-26,23173,584.0,0.0,12,437
2011-08-27,23173,584.0,0.0,12,437
2011-08-28,23173,578.0,0.0,12,437
2011-08-29,23173,578.0,0.0,12,437
2011-08-30,23173,575.0,0.0,12,437
2011-08-31,23173,569.0,0.0,12,437
2011-09-01,23173,521.0,0.0,12,437
2011-09-02,23173,517.0,0.0,12,437
2011-09-03,23173,517.0,0.0,12,437
2011-09-04,23173,515.0,0.0,12,437
2011-09-05,23173,513.0,0.0,12,437
2011-09-06,23173,463.0,0.0,12,437
2011-09-07,23173,455.0,0.0,12,437
2011-09-08,23173,455.0,0.0,12,437
2011-09-09,23173,449.0,0.0,12,437
2011-09-10,23173,449.0,0.0,12,437
2011-09-11,23173,435.0,300.0,12,437
2011-09-12,23173,407.0,300.0,12,437
2011-09-13,23173,394.0,300.0,12,437
2011-09-14,23173,374.0,300.0,12,437
2011-09-15,23173,350.0,300.0,12,437
2011-09-16,23173,316.0,300.0,12,437
2011-09-17,23173,316.0,300.0,12,437
2011-09-18,23173,316.0,300.0,12,437
2011-09-19,23173,314.0,300.0,12,437
2011-09-20,23173,311.0,300.0,12,437
2011-09-21,23173,309.0,300.0,12,437
2011-09-22,23173,303.0,300.0,12,437
2011-09-23,23173,603.0,0.0,12,437
2011-09-24,23173,603.0,0.0,12,437
2011-09-25,23173,593.0,0.0,12,437
2011-09-26,23173,593.0,0.0,12,437
2011-09-27,23173,591.0,0.0,12,437
2011-09-28,23173,569.0,0.0,12,437
2011-09-29,23173,525.0,0.0,12,437
2011-09-30,23173,522.0,0.0,12,437
2011-10-01,23173,522.0,0.0,12,437
2011-10-02,23173,520.0,0.0,12,437
2011-10-03,23173,516.0,0.0,12,437
2011-10-04,23173,514.0,0.0,12,437
2011-10-05,23173,512.0,0.0,12,437
2011-10-06,23173,510.0,0.0,12,437
2011-10-07,23173,510.0,0.0,12,437
2011-10-08,23173,510.0,0.0,12,437
2011-10-09,23173,502.0,0.0,12,437
2011-10-10,23173,497.0,0.0,12,437
2011-10-11,23173,489.0,0.0,12,437
2011-10-12,23173,475.0,0.0,12,437
2011-10-13,23173,461.0,0.0,12,437
2011-10-14,23173,460.0,0.0,12,437
2011-10-15,23173,460.0,0.0,12,437
2011-10-16,23173,456.0,0.0,12,437
2011-10-17,23173,417.0,318.0,12,437
2011-10-18,23173,417.0,318.0,12,437
2011-10-19,23173,416.0,318.0,12,437
2011-10-20,23173,385.0,318.0,12,437
2011-10-21,23173,379.0,318.0,12,437
2011-10-22,23173,379.0,318.0,12,437
2011-10-23,23173,379.0,318.0,12,437
2011-10-24,23173,379.0,318.0,12,437
2011-10-25,23173,376.0,318.0,12,437
2011-10-26,23173,376.0,318.0,12,437
2011-10-27,23173,373.0,318.0,12,437
2011-10-28,23173,369.0,318.0,12,437
2011-10-29,23173,687.0,0.0,12,437
2011-10-30,23173,672.0,0.0,12,437
2011-10-31,23173,654.0,0.0,12,437
2011-11-01,23173,647.0,0.0,12,437
2011-11-02,23173,646.0,0.0,12,437
2011-11-03,23173,634.0,0.0,12,437
2011-11-04,23173,630.0,0.0,12,437
2011-11-05,23173,630.0,0.0,12,437
2011-11-06,23173,627.0,0.0,12,437
2011-11-07,23173,625.0,0.0,12,437
2011-11-08,23173,621.0,0.0,12,437
2011-11-09,23173,612.0,0.0,12,437
2011-11-10,23173,612.0,0.0,12,437
2011-11-11,23173,612.0,0.0,12,437
2011-11-12,23173,612.0,0.0,12,437
2011-11-13,23173,607.0,0.0,12,437
2011-11-14,23173,605.0,0.0,12,437
2011-11-15,23173,603.0,0.0,12,437
2011-11-16,23173,599.0,0.0,12,437
2011-11-17,23173,591.0,0.0,12,437
2011-11-18,23173,587.0,0.0,12,437
2011-11-19,23173,587.0,0.0,12,437
2011-11-20,23173,584.0,0.0,12,437
2011-11-21,23173,576.0,0.0,12,437
2011-11-22,23173,571.0,0.0,12,437
2011-11-23,23173,559.0,0.0,12,437
2011-11-24,23173,554.0,0.0,12,437
2011-11-25,23173,550.0,0.0,12,437
2011-11-26,23173,550.0,0.0,12,437
2011-11-27,23173,549.0,0.0,12,437
2011-11-28,23173,546.0,0.0,12,437
2011-11-29,23173,545.0,0.0,12,437
2011-11-30,23173,540.0,0.0,12,437
2011-12-01,23173,536.0,0.0,12,437
2011-12-02,23173,535.0,0.0,12,437
2011-12-03,23173,535.0,0.0,12,437
2011-12-04,23173,535.0,0.0,12,437
2011-12-05,23173,525.0,0.0,12,437
2011-12-06,23173,523.0,0.0,12,437
2011-12-07,23173,511.0,0.0,12,437
2011-12-08,23173,508.0,0.0,12,437
2011-12-09,23173,501.0,0.0,12,437
2011-08-11,23199,953.0,1001.0,7,1302
2011-08-12,23199,932.0,1001.0,7,1302
2011-08-13,23199,932.0,1001.0,7,1302
2011-08-14,23199,923.0,1001.0,7,1302
2011-08-15,23199,857.0,1001.0,7,1302
2011-08-16,23199,1851.0,0.0,7,1302
2011-08-17,23199,1825.0,0.0,7,1302
2011-08-18,23199,1572.0,0.0,7,1302
2011-08-19,23199,1492.0,0.0,7,1302
2011-08-20,23199,1492.0,0.0,7,1302
2011-08-21,23199,1260.0,910.0,7,1302
2011-08-22,23199,1170.0,910.0,7,1302
2011-08-23,23199,1143.0,910.0,7,1302
2011-08-24,23199,89.0,2081.0,7,1302
2011-08-25,23199,49.0,2081.0,7,1302
2011-08-26,23199,17.0,2081.0,7,1302
2011-08-27,23199,17.0,2081.0,7,1302
2011-08-28,23199,915.0,1171.0,7,1302
2011-08-29,23199,915.0,1171.0,7,1302
2011-08-30,23199,902.0,1171.0,7,1302
2011-08-31,23199,1945.0,0.0,7,1302
2011-09-01,23199,1919.0,0.0,7,1302
2011-09-02,23199,1851.0,0.0,7,1302
2011-09-03,23199,1851.0,0.0,7,1302
2011-09-04,23199,1829.0,0.0,7,1302
2011-09-05,23199,1753.0,0.0,7,1302
2011-09-06,23199,1732.0,0.0,7,1302
2011-09-07,23199,1651.0,0.0,7,1302
2011-09-08,23199,1647.0,0.0,7,1302
2011-09-09,23199,1621.0,0.0,7,1302
2011-09-10,23199,1621.0,0.0,7,1302
2011-09-11,23199,1595.0,0.0,7,1302
2011-09-12,23199,1572.0,0.0,7,1302
2011-09-13,23199,1405.0,0.0,7,1302
2011-09-14,23199,1394.0,0.0,7,1302
2011-09-15,23199,1234.0,936.0,7,1302
2011-09-16,23199,1206.0,936.0,7,1302
2011-09-17,23199,1206.0,936.0,7,1302
2011-09-18,23199,1097.0,936.0,7,1302
2011-09-19,23199,1047.0,936.0,7,1302
2011-09-20,23199,1019.0,936.0,7,1302
2011-09-21,23199,1003.0,936.0,7,1302
2011-09-22,23199,1785.0,0.0,7,1302
2011-09-23,23199,1772.0,0.0,7,1302
2011-09-24,23199,1772.0,0.0,7,1302
2011-09-25,23199,1742.0,0.0,7,1302
2011-09-26,23199,1742.0,0.0,7,1302
2011-09-27,23199,1709.0,0.0,7,1302
2011-09-28,23199,1672.0,0.0,7,1302
2011-09-29,23199,1556.0,0.0,7,1302
2011-09-30,23199,1513.0,0.0,7,1302
2011-10-01,23199,1513.0,0.0,7,1302
2011-10-02,23199,1509.0,0.0,7,1302
2011-10-03,23199,1485.0,0.0,7,1302
2011-10-04,23199,1449.0,0.0,7,1302
2011-10-05,23199,1389.0,0.0,7,1302
2011-10-06,23199,939.0,1231.0,7,1302
2011-10-07,23199,930.0,1231.0,7,1302
2011-10-08,23199,930.0,1231.0,7,1302
2011-10-09,23199,923.0,1231.0,7,1302
2011-10-10,23199,890.0,1231.0,7,1302
2011-10-11,23199,865.0,1231.0,7,1302
2011-10-12,23199,852.0,1231.0,7,1302
2011-10-13,23199,2029.0,0.0,7,1302
2011-10-14,23199,2010.0,0.0,7,1302
2011-10-15,23199,2010.0,0.0,7,1302
2011-10-16,23199,2006.0,0.0,7,1302
2011-10-17,23199,1652.0,0.0,7,1302
2011-10-18,23199,1620.0,0.0,7,1302
2011-10-19,23199,1581.0,0.0,7,1302
2011-10-20,23199,1469.0,0.0,7,1302
2011-10-21,23199,1454.0,0.0,7,1302
2011-10-22,23199,1454.0,0.0,7,1302
2011-10-23,23199,1451.0,0.0,7,1302
2011-10-24,23199,1331.0,0.0,7,1302
2011-10-25,23199,1301.0,869.0,7,1302
2011-10-26,23199,1271.0,869.0,7,1302
2011-10-27,23199,1271.0,869.0,7,1302
2011-10-28,23199,1269.0,869.0,7,1302
2011-10-29,23199,1269.0,869.0,7,1302
2011-10-30,23199,1257.0,869.0,7,1302
2011-10-31,23199,1236.0,869.0,7,1302
2011-11-01,23199,2074.0,0.0,7,1302
2011-11-02,23199,2050.0,0.0,7,1302
2011-11-03,23199,2049.0,0.0,7,1302
2011-11-04,23199,2036.0,0.0,7,1302
2011-11-05,23199,2036.0,0.0,7,1302
2011-11-06,23199,2026.0,0.0,7,1302
2011-11-07,23199,1987.0,0.0,7,1302
2011-11-08,23199,1903.0,0.0,7,1302
2011-11-09,23199,1538.0,0.0,7,1302
2011-11-10,23199,1491.0,0.0,7,1302
2011-11-11,23199,1479.0,0.0,7,1302
2011-11-12,23199,1479.0,0.0,7,1302
2011-11-13,23199,1440.0,0.0,7,1302
2011-11-14,23199,1236.0,934.0,7,1302
2011-11-15,23199,1210.0,934.0,7,1302
2011-11-16,23199,1167.0,934.0,7,1302
2011-11-17,23199,1096.0,934.0,7,1302
2011-11-18,23199,1085.0,934.0,7,1302
2011-11-19,23199,1085.0,934.0,7,1302
2011-11-20,23199,1053.0,934.0,7,1302
2011-11-21,23199,1957.0,0.0,7,1302
2011-11-22,23199,1834.0,0.0,7,1302
2011-11-23,23199,1813.0,0.0,7,1302
2011-11-24,23199,1746.0,0.0,7,1302
2011-11-25,23199,1720.0,0.0,7,1302
2011-11-26,23199,1720.0,0.0,7,1302
2011-11-27,23199,1712.0,0.0,7,1302
2011-11-28,23199,1693.0,0.0,7,1302
2011-11-29,23199,1655.0,0.0,7,1302
2011-11-30,23199,1588.0,0.0,7,1302
2011-12-01,23199,1542.0,0.0,7,1302
2011-12-02,23199,1528.0,0.0,7,1302
2011-12-03,23199,1528.0,0.0,7,1302
2011-12-04,23199,1496.0,0.0,7,1302
2011-12-05,23199,1484.0,0.0,7,1302
2011-12-06,23199,1461.0,0.0,7,1302
2011-12-07,23199,1431.0,0.0,7,1302
2011-12-08,23199,1401.0,0.0,7,1302
2011-12-09,23199,1353.0,0.0,7,1302
2011-08-11,23201,325.0,921.0,13,1121
2011-08-12,23201,305.0,921.0,13,1121
2011-08-13,23201,305.0,921.0,13,1121
2011-08-14,23201,292.0,921.0,13,1121
2011-08-15,23201,225.0,921.0,13,1121
2011-08-16,23201,184.0,1778.0,13,1121
2011-08-17,23201,1075.0,857.0,13,1121
2011-08-18,23201,954.0,857.0,13,1121
2011-08-19,23201,932.0,857.0,13,1121
2011-08-20,23201,932.0,857.0,13,1121
2011-08-21,23201,930.0,857.0,13,1121
2011-08-22,23201,830.0,857.0,13,1121
2011-08-23,23201,748.0,857.0,13,1121
2011-08-24,23201,26.0,1936.0,13,1121
2011-08-25,23201,0.0,1936.0,13,1121
2011-08-26,23201,0.0,1936.0,13,1121
2011-08-27,23201,0.0,1936.0,13,1121
2011-08-28,23201,0.0,1936.0,13,1121
2011-08-29,23201,857.0,1079.0,13,1121
2011-08-30,23201,846.0,1079.0,13,1121
2011-08-31,23201,846.0,1079.0,13,1121
2011-09-01,23201,794.0,1079.0,13,1121
2011-09-02,23201,716.0,1079.0,13,1121
2011-09-03,23201,716.0,1079.0,13,1121
2011-09-04,23201,701.0,1079.0,13,1121
2011-09-05,23201,669.0,1079.0,13,1121
2011-09-06,23201,1708.0,0.0,13,1121
2011-09-07,23201,1650.0,0.0,13,1121
2011-09-08,23201,1608.0,0.0,13,1121
2011-09-09,23201,1546.0,0.0,13,1121
2011-09-10,23201,1546.0,0.0,13,1121
2011-09-11,23201,1511.0,0.0,13,1121
2011-09-12,23201,1478.0,0.0,13,1121
2011-09-13,23201,1406.0,0.0,13,1121
2011-09-14,23201,1374.0,0.0,13,1121
2011-09-15,23201,1301.0,0.0,13,1121
2011-09-16,23201,1270.0,0.0,13,1121
2011-09-17,23201,1270.0,0.0,13,1121
2011-09-18,23201,1170.0,0.0,13,1121
2011-09-19,23201,1100.0,862.0,13,1121
2011-09-20,23201,1073.0,862.0,13,1121
2011-09-21,23201,753.0,862.0,13,1121
2011-09-22,23201,638.0,862.0,13,1121
2011-09-23,23201,611.0,862.0,13,1121
2011-09-24,23201,611.0,862.0,13,1121
2011-09-25,23201,489.0,862.0,13,1121
2011-09-26,23201,468.0,862.0,13,1121
2011-09-27,23201,420.0,862.0,13,1121
2011-09-28,23201,371.0,862.0,13,1121
2011-09-29,23201,231.0,1731.0,13,1121
2011-09-30,23201,206.0,1731.0,13,1121
2011-10-01,23201,206.0,1731.0,13,1121
2011-10-02,23201,1067.0,869.0,13,1121
2011-10-03,23201,1053.0,869.0,13,1121
2011-10-04,23201,1007.0,869.0,13,1121
2011-10-05,23201,984.0,869.0,13,1121
2011-10-06,23201,713.0,869.0,13,1121
2011-10-07,23201,678.0,869.0,13,1121
2011-10-08,23201,678.0,869.0,13,1121
2011-10-09,23201,667.0,869.0,13,1121
2011-10-10,23201,643.0,869.0,13,1121
2011-10-11,23201,589.0,869.0,13,1121
2011-10-12,23201,1426.0,0.0,13,1121
2011-10-13,23201,1369.0,0.0,13,1121
2011-10-14,23201,1349.0,0.0,13,1121
2011-10-15,23201,1349.0,0.0,13,1121
2011-10-16,23201,1347.0,0.0,13,1121
2011-10-17,23201,1128.0,0.0,13,1121
2011-10-18,23201,1068.0,894.0,13,1121
2011-10-19,23201,1030.0,894.0,13,1121
2011-10-20,23201,998.0,894.0,13,1121
2011-10-21,23201,971.0,894.0,13,1121
2011-10-22,23201,971.0,894.0,13,1121
2011-10-23,23201,971.0,894.0,13,1121
2011-10-24,23201,815.0,894.0,13,1121
2011-10-25,23201,752.0,894.0,13,1121
2011-10-26,23201,741.0,894.0,13,1121
2011-10-27,23201,720.0,894.0,13,1121
2011-10-28,23201,709.0,894.0,13,1121
2011-10-29,23201,709.0,894.0,13,1121
2011-10-30,23201,666.0,894.0,13,1121
2011-10-31,23201,1533.0,0.0,13,1121
2011-11-01,23201,1510.0,0.0,13,1121
2011-11-02,23201,1493.0,0.0,13,1121
2011-11-03,23201,1476.0,0.0,13,1121
2011-11-04,23201,1455.0,0.0,13,1121
2011-11-05,23201,1455.0,0.0,13,1121
2011-11-06,23201,1411.0,0.0,13,1121
2011-11-07,23201,1081.0,881.0,13,1121
2011-11-08,23201,1052.0,881.0,13,1121
2011-11-09,23201,609.0,881.0,13,1121
2011-11-10,23201,548.0,881.0,13,1121
2011-11-11,23201,538.0,881.0,13,1121
2011-11-12,23201,538.0,881.0,13,1121
2011-11-13,23201,499.0,881.0,13,1121
2011-11-14,23201,237.0,1725.0,13,1121
2011-11-15,23201,145.0,1725.0,13,1121
2011-11-16,23201,119.0,1725.0,13,1121
2011-11-17,23201,54.0,1725.0,13,1121
2011-11-18,23201,41.0,1725.0,13,1121
2011-11-19,23201,41.0,1725.0,13,1121
2011-11-20,23201,897.0,844.0,13,1121
2011-11-21,23201,894.0,844.0,13,1121
2011-11-22,23201,883.0,844.0,13,1121
2011-11-23,23201,873.0,844.0,13,1121
2011-11-24,23201,840.0,844.0,13,1121
2011-11-25,23201,764.0,844.0,13,1121
2011-11-26,23201,764.0,844.0,13,1121
2011-11-27,23201,1603.0,0.0,13,1121
2011-11-28,23201,1568.0,0.0,13,1121
2011-11-29,23201,1404.0,0.0,13,1121
2011-11-30,23201,1307.0,0.0,13,1121
2011-12-01,23201,1164.0,0.0,13,1121
2011-12-02,23201,837.0,1125.0,13,1121
2011-12-03,23201,837.0,1125.0,13,1121
2011-12-04,23201,836.0,1125.0,13,1121
2011-12-05,23201,803.0,1125.0,13,1121
2011-12-06,23201,788.0,1125.0,13,1121
2011-12-07,23201,784.0,1125.0,13,1121
2011-12-08,23201,742.0,1125.0,13,1121
2011-12-09,23201,686.0,1125.0,13,1121
2011-08-11,23202,609.0,958.0,12,1303
2011-08-12,23202,578.0,958.0,12,1303
2011-08-13,23202,1536.0,0.0,12,1303
2011-08-14,23202,1533.0,0.0,12,1303
2011-08-15,23202,1470.0,0.0,12,1303
2011-08-16,23202,1434.0,0.0,12,1303
2011-08-17,23202,1294.0,739.0,12,1303
2011-08-18,23202,953.0,739.0,12,1303
2011-08-19,23202,923.0,739.0,12,1303
2011-08-20,23202,923.0,739.0,12,1303
2011-08-21,23202,885.0,739.0,12,1303
2011-08-22,23202,795.0,739.0,12,1303
2011-08-23,23202,752.0,739.0,12,1303
2011-08-24,23202,633.0,739.0,12,1303
2011-08-25,23202,612.0,739.0,12,1303
2011-08-26,23202,559.0,1474.0,12,1303
2011-08-27,23202,559.0,1474.0,12,1303
2011-08-28,23202,540.0,1474.0,12,1303
2011-08-29,23202,1279.0,735.0,12,1303
2011-08-30,23202,1273.0,735.0,12,1303
2011-08-31,23202,1162.0,735.0,12,1303
2011-09-01,23202,1114.0,735.0,12,1303
2011-09-02,23202,1032.0,735.0,12,1303
2011-09-03,23202,1032.0,735.0,12,1303
2011-09-04,23202,1006.0,735.0,12,1303
2011-09-05,23202,922.0,735.0,12,1303
2011-09-06,23202,873.0,735.0,12,1303
2011-09-07,23202,1468.0,0.0,12,1303
2011-09-08,23202,1433.0,0.0,12,1303
2011-09-09,23202,1403.0,0.0,12,1303
2011-09-10,23202,1403.0,0.0,12,1303
2011-09-11,23202,1387.0,0.0,12,1303
2011-09-12,23202,1366.0,0.0,12,1303
2011-09-13,23202,1201.0,832.0,12,1303
2011-09-14,23202,1191.0,832.0,12,1303
2011-09-15,23202,1126.0,832.0,12,1303
2011-09-16,23202,1109.0,832.0,12,1303
2011-09-17,23202,1109.0,832.0,12,1303
2011-09-18,23202,1097.0,832.0,12,1303
2011-09-19,23202,1047.0,832.0,12,1303
2011-09-20,23202,1017.0,832.0,12,1303
2011-09-21,23202,891.0,832.0,12,1303
2011-09-22,23202,784.0,832.0,12,1303
2011-09-23,23202,772.0,832.0,12,1303
2011-09-24,23202,772.0,832.0,12,1303
2011-09-25,23202,1564.0,0.0,12,1303
2011-09-26,23202,1563.0,0.0,12,1303
2011-09-27,23202,1540.0,0.0,12,1303
2011-09-28,23202,1522.0,0.0,12,1303
2011-09-29,23202,1355.0,0.0,12,1303
2011-09-30,23202,1339.0,0.0,12,1303
2011-10-01,23202,1339.0,0.0,12,1303
2011-10-02,23202,1338.0,0.0,12,1303
2011-10-03,23202,1309.0,0.0,12,1303
2011-10-04,23202,1244.0,789.0,12,1303
2011-10-05,23202,1084.0,789.0,12,1303
2011-10-06,23202,1014.0,789.0,12,1303
2011-10-07,23202,894.0,789.0,12,1303
2011-10-08,23202,894.0,789.0,12,1303
2011-10-09,23202,879.0,789.0,12,1303
2011-10-10,23202,847.0,789.0,12,1303
2011-10-11,23202,811.0,789.0,12,1303
2011-10-12,23202,764.0,789.0,12,1303
2011-10-13,23202,713.0,789.0,12,1303
2011-10-14,23202,703.0,789.0,12,1303
2011-10-15,23202,703.0,789.0,12,1303
2011-10-16,23202,1490.0,0.0,12,1303
2011-10-17,23202,1456.0,0.0,12,1303
2011-10-18,23202,1422.0,0.0,12,1303
2011-10-19,23202,1400.0,0.0,12,1303
2011-10-20,23202,1371.0,0.0,12,1303
2011-10-21,23202,1349.0,0.0,12,1303
2011-10-22,23202,1349.0,0.0,12,1303
2011-10-23,23202,1344.0,0.0,12,1303
2011-10-24,23202,1312.0,0.0,12,1303
2011-10-25,23202,1279.0,754.0,12,1303
2011-10-26,23202,1279.0,754.0,12,1303
2011-10-27,23202,1258.0,754.0,12,1303
2011-10-28,23202,1248.0,754.0,12,1303
2011-10-29,23202,1248.0,754.0,12,1303
2011-10-30,23202,1233.0,754.0,12,1303
2011-10-31,23202,1208.0,754.0,12,1303
2011-11-01,23202,1193.0,754.0,12,1303
2011-11-02,23202,1165.0,754.0,12,1303
2011-11-03,23202,1128.0,754.0,12,1303
2011-11-04,23202,1111.0,754.0,12,1303
2011-11-05,23202,1111.0,754.0,12,1303
2011-11-06,23202,1798.0,0.0,12,1303
2011-11-07,23202,1770.0,0.0,12,1303
2011-11-08,23202,1728.0,0.0,12,1303
2011-11-09,23202,1570.0,0.0,12,1303
2011-11-10,23202,1533.0,0.0,12,1303
2011-11-11,23202,1519.0,0.0,12,1303
2011-11-12,23202,1519.0,0.0,12,1303
2011-11-13,23202,1491.0,0.0,12,1303
2011-11-14,23202,1277.0,756.0,12,1303
2011-11-15,23202,1190.0,756.0,12,1303
2011-11-16,23202,1148.0,756.0,12,1303
2011-11-17,23202,1091.0,756.0,12,1303
2011-11-18,23202,1058.0,756.0,12,1303
2011-11-19,23202,1058.0,756.0,12,1303
2011-11-20,23202,1053.0,756.0,12,1303
2011-11-21,23202,1040.0,756.0,12,1303
2011-11-22,23202,1024.0,756.0,12,1303
2011-11-23,23202,900.0,756.0,12,1303
2011-11-24,23202,785.0,756.0,12,1303
2011-11-25,23202,778.0,756.0,12,1303
2011-11-26,23202,1534.0,0.0,12,1303
2011-11-27,23202,1496.0,0.0,12,1303
2011-11-28,23202,1455.0,0.0,12,1303
2011-11-29,23202,1410.0,0.0,12,1303
2011-11-30,23202,1245.0,788.0,12,1303
2011-12-01,23202,1200.0,788.0,12,1303
2011-12-02,23202,1167.0,788.0,12,1303
2011-12-03,23202,1167.0,788.0,12,1303
2011-12-04,23202,1155.0,788.0,12,1303
2011-12-05,23202,904.0,788.0,12,1303
2011-12-06,23202,887.0,788.0,12,1303
2011-12-07,23202,847.0,788.0,12,1303
2011-12-08,23202,777.0,788.0,12,1303
2011-12-09,23202,775.0,788.0,12,1303
2011-08-11,23203,305.0,2197.0,4,1065
2011-08-12,23203,228.0,2197.0,4,1065
2011-08-13,23203,2425.0,0.0,4,1065
2011-08-14,23203,2403.0,0.0,4,1065
2011-08-15,23203,2314.0,0.0,4,1065
2011-08-16,23203,2267.0,0.0,4,1065
2011-08-17,23203,2089.0,0.0,4,1065
2011-08-18,23203,1799.0,0.0,4,1065
2011-08-19,23203,1699.0,0.0,4,1065
2011-08-20,23203,1699.0,0.0,4,1065
2011-08-21,23203,1677.0,0.0,4,1065
2011-08-22,23203,1585.0,0.0,4,1065
2011-08-23,23203,1311.0,0.0,4,1065
2011-08-24,23203,1276.0,0.0,4,1065
2011-08-25,23203,1125.0,0.0,4,1065
2011-08-26,23203,1081.0,0.0,4,1065
2011-08-27,23203,1081.0,0.0,4,1065
2011-08-28,23203,1067.0,0.0,4,1065
2011-08-29,23203,1067.0,0.0,4,1065
2011-08-30,23203,1038.0,2086.0,4,1065
2011-08-31,23203,1017.0,2086.0,4,1065
2011-09-01,23203,923.0,2086.0,4,1065
2011-09-02,23203,829.0,2086.0,4,1065
2011-09-03,23203,2915.0,0.0,4,1065
2011-09-04,23203,2893.0,0.0,4,1065
2011-09-05,23203,2768.0,0.0,4,1065
2011-09-06,23203,2724.0,0.0,4,1065
2011-09-07,23203,2515.0,0.0,4,1065
2011-09-08,23203,2441.0,0.0,4,1065
2011-09-09,23203,2407.0,0.0,4,1065
2011-09-10,23203,2407.0,0.0,4,1065
2011-09-11,23203,2380.0,0.0,4,1065
2011-09-12,23203,2329.0,0.0,4,1065
2011-09-13,23203,2137.0,0.0,4,1065
2011-09-14,23203,2107.0,0.0,4,1065
2011-09-15,23203,1888.0,0.0,4,1065
2011-09-16,23203,1796.0,0.0,4,1065
2011-09-17,23203,1796.0,0.0,4,1065
2011-09-18,23203,1686.0,0.0,4,1065
2011-09-19,23203,1636.0,0.0,4,1065
2011-09-20,23203,1596.0,0.0,4,1065
2011-09-21,23203,1245.0,0.0,4,1065
2011-09-22,23203,1065.0,2059.0,4,1065
2011-09-23,23203,1042.0,2059.0,4,1065
2011-09-24,23203,1042.0,2059.0,4,1065
2011-09-25,23203,920.0,2059.0,4,1065
2011-09-26,23203,2938.0,0.0,4,1065
2011-09-27,23203,2874.0,0.0,4,1065
2011-09-28,23203,2563.0,0.0,4,1065
2011-09-29,23203,2466.0,0.0,4,1065
2011-09-30,23203,2423.0,0.0,4,1065
2011-10-01,23203,2423.0,0.0,4,1065
2011-10-02,23203,2410.0,0.0,4,1065
2011-10-03,23203,2385.0,0.0,4,1065
2011-10-04,23203,2341.0,0.0,4,1065
2011-10-05,23203,1780.0,0.0,4,1065
2011-10-06,23203,1692.0,0.0,4,1065
2011-10-07,23203,1652.0,0.0,4,1065
2011-10-08,23203,1652.0,0.0,4,1065
2011-10-09,23203,1612.0,0.0,4,1065
2011-10-10,23203,1577.0,0.0,4,1065
2011-10-11,23203,1428.0,0.0,4,1065
2011-10-12,23203,1388.0,0.0,4,1065
2011-10-13,23203,1328.0,0.0,4,1065
2011-10-14,23203,1193.0,0.0,4,1065
2011-10-15,23203,1193.0,0.0,4,1065
2011-10-16,23203,1192.0,0.0,4,1065
2011-10-17,23203,1140.0,0.0,4,1065
2011-10-18,23203,1083.0,0.0,4,1065
2011-10-19,23203,1036.0,2088.0,4,1065
2011-10-20,23203,999.0,2088.0,4,1065
2011-10-21,23203,983.0,2088.0,4,1065
2011-10-22,23203,983.0,2088.0,4,1065
2011-10-23,23203,3061.0,0.0,4,1065
2011-10-24,23203,2996.0,0.0,4,1065
2011-10-25,23203,2936.0,0.0,4,1065
2011-10-26,23203,2925.0,0.0,4,1065
2011-10-27,23203,2852.0,0.0,4,1065
2011-10-28,23203,2548.0,0.0,4,1065
2011-10-29,23203,2548.0,0.0,4,1065
2011-10-30,23203,2505.0,0.0,4,1065
2011-10-31,23203,2445.0,0.0,4,1065
2011-11-01,23203,2336.0,0.0,4,1065
2011-11-02,23203,2265.0,0.0,4,1065
2011-11-03,23203,2166.0,0.0,4,1065
2011-11-04,23203,2091.0,0.0,4,1065
2011-11-05,23203,2091.0,0.0,4,1065
2011-11-06,23203,2010.0,0.0,4,1065
2011-11-07,23203,1626.0,0.0,4,1065
2011-11-08,23203,1566.0,0.0,4,1065
2011-11-09,23203,773.0,2351.0,4,1065
2011-11-10,23203,618.0,2351.0,4,1065
2011-11-11,23203,455.0,2351.0,4,1065
2011-11-12,23203,455.0,2351.0,4,1065
2011-11-13,23203,2748.0,0.0,4,1065
2011-11-14,23203,2152.0,0.0,4,1065
2011-11-15,23203,2081.0,0.0,4,1065
2011-11-16,23203,1984.0,0.0,4,1065
2011-11-17,23203,1750.0,0.0,4,1065
2011-11-18,23203,1683.0,0.0,4,1065
2011-11-19,23203,1683.0,0.0,4,1065
2011-11-20,23203,1630.0,0.0,4,1065
2011-11-21,23203,1616.0,0.0,4,1065
2011-11-22,23203,1587.0,0.0,4,1065
2011-11-23,23203,1365.0,0.0,4,1065
2011-11-24,23203,1197.0,0.0,4,1065
2011-11-25,23203,1152.0,0.0,4,1065
2011-11-26,23203,1152.0,0.0,4,1065
2011-11-27,23203,1110.0,0.0,4,1065
2011-11-28,23203,1053.0,2071.0,4,1065
2011-11-29,23203,987.0,2071.0,4,1065
2011-11-30,23203,909.0,2071.0,4,1065
2011-12-01,23203,841.0,2071.0,4,1065
2011-12-02,23203,2878.0,0.0,4,1065
2011-12-03,23203,2878.0,0.0,4,1065
2011-12-04,23203,2846.0,0.0,4,1065
2011-12-05,23203,2612.0,0.0,4,1065
2011-12-06,23203,2551.0,0.0,4,1065
2011-12-07,23203,2363.0,0.0,4,1065
2011-12-08,23203,2335.0,0.0,4,1065
2011-12-09,23203,2315.0,0.0,4,1065
2011-08-11,23206,703.0,1010.0,3,869
2011-08-12,23206,681.0,1010.0,3,869
2011-08-13,23206,1691.0,0.0,3,869
2011-08-14,23206,1691.0,0.0,3,869
2011-08-15,23206,1631.0,0.0,3,869
2011-08-16,23206,1561.0,0.0,3,869
2011-08-17,23206,1348.0,0.0,3,869
2011-08-18,23206,1285.0,0.0,3,869
2011-08-19,23206,1265.0,0.0,3,869
2011-08-20,23206,1265.0,0.0,3,869
2011-08-21,23206,1242.0,0.0,3,869
2011-08-22,23206,1198.0,0.0,3,869
2011-08-23,23206,1111.0,0.0,3,869
2011-08-24,23206,1027.0,0.0,3,869
2011-08-25,23206,957.0,0.0,3,869
2011-08-26,23206,916.0,0.0,3,869
2011-08-27,23206,916.0,0.0,3,869
2011-08-28,23206,905.0,0.0,3,869
2011-08-29,23206,905.0,0.0,3,869
2011-08-30,23206,871.0,0.0,3,869
2011-08-31,23206,828.0,1035.0,3,869
2011-09-01,23206,786.0,1035.0,3,869
2011-09-02,23206,714.0,1035.0,3,869
2011-09-03,23206,1749.0,0.0,3,869
2011-09-04,23206,1738.0,0.0,3,869
2011-09-05,23206,1651.0,0.0,3,869
2011-09-06,23206,1619.0,0.0,3,869
2011-09-07,23206,1530.0,0.0,3,869
2011-09-08,23206,1504.0,0.0,3,869
2011-09-09,23206,1463.0,0.0,3,869
2011-09-10,23206,1463.0,0.0,3,869
2011-09-11,23206,1337.0,0.0,3,869
2011-09-12,23206,1305.0,0.0,3,869
2011-09-13,23206,1248.0,0.0,3,869
2011-09-14,23206,1217.0,0.0,3,869
2011-09-15,23206,1106.0,0.0,3,869
2011-09-16,23206,1084.0,0.0,3,869
2011-09-17,23206,1084.0,0.0,3,869
2011-09-18,23206,1076.0,0.0,3,869
2011-09-19,23206,1015.0,0.0,3,869
2011-09-20,23206,957.0,0.0,3,869
2011-09-21,23206,931.0,0.0,3,869
2011-09-22,23206,915.0,0.0,3,869
2011-09-23,23206,879.0,0.0,3,869
2011-09-24,23206,879.0,0.0,3,869
2011-09-25,23206,849.0,1014.0,3,869
2011-09-26,23206,848.0,1014.0,3,869
2011-09-27,23206,816.0,1014.0,3,869
2011-09-28,23206,1809.0,0.0,3,869
2011-09-29,23206,1761.0,0.0,3,869
2011-09-30,23206,1711.0,0.0,3,869
2011-10-01,23206,1711.0,0.0,3,869
2011-10-02,23206,1709.0,0.0,3,869
2011-10-03,23206,1678.0,0.0,3,869
2011-10-04,23206,1654.0,0.0,3,869
2011-10-05,23206,1233.0,0.0,3,869
2011-10-06,23206,1177.0,0.0,3,869
2011-10-07,23206,1163.0,0.0,3,869
2011-10-08,23206,1163.0,0.0,3,869
2011-10-09,23206,1163.0,0.0,3,869
2011-10-10,23206,1154.0,0.0,3,869
2011-10-11,23206,1116.0,0.0,3,869
2011-10-12,23206,1095.0,0.0,3,869
2011-10-13,23206,1064.0,0.0,3,869
2011-10-14,23206,928.0,0.0,3,869
2011-10-15,23206,928.0,0.0,3,869
2011-10-16,23206,925.0,0.0,3,869
2011-10-17,23206,873.0,0.0,3,869
2011-10-18,23206,806.0,1057.0,3,869
2011-10-19,23206,776.0,1057.0,3,869
2011-10-20,23206,766.0,1057.0,3,869
2011-10-21,23206,1803.0,0.0,3,869
2011-10-22,23206,1803.0,0.0,3,869
2011-10-23,23206,1800.0,0.0,3,869
2011-10-24,23206,1795.0,0.0,3,869
2011-10-25,23206,1766.0,0.0,3,869
2011-10-26,23206,1748.0,0.0,3,869
2011-10-27,23206,1748.0,0.0,3,869
2011-10-28,23206,1739.0,0.0,3,869
2011-10-29,23206,1739.0,0.0,3,869
2011-10-30,23206,1667.0,0.0,3,869
2011-10-31,23206,1660.0,0.0,3,869
2011-11-01,23206,1598.0,0.0,3,869
2011-11-02,23206,1558.0,0.0,3,869
2011-11-03,23206,1558.0,0.0,3,869
2011-11-04,23206,1521.0,0.0,3,869
2011-11-05,23206,1521.0,0.0,3,869
2011-11-06,23206,1487.0,0.0,3,869
2011-11-07,23206,1476.0,0.0,3,869
2011-11-08,23206,1434.0,0.0,3,869
2011-11-09,23206,1294.0,0.0,3,869
2011-11-10,23206,1148.0,0.0,3,869
2011-11-11,23206,1130.0,0.0,3,869
2011-11-12,23206,1130.0,0.0,3,869
2011-11-13,23206,1105.0,0.0,3,869
2011-11-14,23206,952.0,0.0,3,869
2011-11-15,23206,829.0,1034.0,3,869
2011-11-16,23206,775.0,1034.0,3,869
2011-11-17,23206,746.0,1034.0,3,869
2011-11-18,23206,1750.0,0.0,3,869
2011-11-19,23206,1750.0,0.0,3,869
2011-11-20,23206,1736.0,0.0,3,869
2011-11-21,23206,1717.0,0.0,3,869
2011-11-22,23206,1680.0,0.0,3,869
2011-11-23,23206,1646.0,0.0,3,869
2011-11-24,23206,1596.0,0.0,3,869
2011-11-25,23206,1573.0,0.0,3,869
2011-11-26,23206,1573.0,0.0,3,869
2011-11-27,23206,1551.0,0.0,3,869
2011-11-28,23206,1489.0,0.0,3,869
2011-11-29,23206,1454.0,0.0,3,869
2011-11-30,23206,1436.0,0.0,3,869
2011-12-01,23206,1420.0,0.0,3,869
2011-12-02,23206,1378.0,0.0,3,869
2011-12-03,23206,1378.0,0.0,3,869
2011-12-04,23206,1361.0,0.0,3,869
2011-12-05,23206,1341.0,0.0,3,869
2011-12-06,23206,1317.0,0.0,3,869
2011-12-07,23206,1294.0,0.0,3,869
2011-12-08,23206,1249.0,0.0,3,869
2011-12-09,23206,1242.0,0.0,3,869
2011-08-11,23209,757.0,1079.0,10,1364
2011-08-12,23209,652.0,1079.0,10,1364
2011-08-13,23209,652.0,1079.0,10,1364
2011-08-14,23209,1730.0,0.0,10,1364
2011-08-15,23209,1670.0,0.0,10,1364
2011-08-16,23209,1522.0,0.0,10,1364
2011-08-17,23209,1486.0,0.0,10,1364
2011-08-18,23209,1213.0,1126.0,10,1364
2011-08-19,23209,1183.0,1126.0,10,1364
2011-08-20,23209,1183.0,1126.0,10,1364
2011-08-21,23209,1133.0,1126.0,10,1364
2011-08-22,23209,1028.0,1126.0,10,1364
2011-08-23,23209,870.0,1126.0,10,1364
2011-08-24,23209,817.0,1126.0,10,1364
2011-08-25,23209,738.0,1126.0,10,1364
2011-08-26,23209,704.0,1126.0,10,1364
2011-08-27,23209,704.0,1126.0,10,1364
2011-08-28,23209,1801.0,0.0,10,1364
2011-08-29,23209,1801.0,0.0,10,1364
2011-08-30,23209,1768.0,0.0,10,1364
2011-08-31,23209,1637.0,0.0,10,1364
2011-09-01,23209,1554.0,0.0,10,1364
2011-09-02,23209,1512.0,0.0,10,1364
2011-09-03,23209,1512.0,0.0,10,1364
2011-09-04,23209,1471.0,0.0,10,1364
2011-09-05,23209,1382.0,0.0,10,1364
2011-09-06,23209,1332.0,1007.0,10,1364
2011-09-07,23209,1142.0,1007.0,10,1364
2011-09-08,23209,1127.0,1007.0,10,1364
2011-09-09,23209,1072.0,1007.0,10,1364
2011-09-10,23209,1072.0,1007.0,10,1364
2011-09-11,23209,1055.0,1007.0,10,1364
2011-09-12,23209,1015.0,1007.0,10,1364
2011-09-13,23209,918.0,1007.0,10,1364
2011-09-14,23209,857.0,1007.0,10,1364
2011-09-15,23209,552.0,1007.0,10,1364
2011-09-16,23209,1512.0,0.0,10,1364
2011-09-17,23209,1512.0,0.0,10,1364
2011-09-18,23209,1492.0,0.0,10,1364
2011-09-19,23209,1302.0,1037.0,10,1364
2011-09-20,23209,1270.0,1037.0,10,1364
2011-09-21,23209,1217.0,1037.0,10,1364
2011-09-22,23209,1154.0,1037.0,10,1364
2011-09-23,23209,1123.0,1037.0,10,1364
2011-09-24,23209,1123.0,1037.0,10,1364
2011-09-25,23209,1083.0,1037.0,10,1364
2011-09-26,23209,1083.0,1037.0,10,1364
2011-09-27,23209,1042.0,1037.0,10,1364
2011-09-28,23209,991.0,1037.0,10,1364
2011-09-29,23209,1951.0,0.0,10,1364
2011-09-30,23209,1897.0,0.0,10,1364
2011-10-01,23209,1897.0,0.0,10,1364
2011-10-02,23209,1894.0,0.0,10,1364
2011-10-03,23209,1857.0,0.0,10,1364
2011-10-04,23209,1807.0,0.0,10,1364
2011-10-05,23209,1715.0,0.0,10,1364
2011-10-06,23209,1573.0,0.0,10,1364
2011-10-07,23209,1556.0,0.0,10,1364
2011-10-08,23209,1556.0,0.0,10,1364
2011-10-09,23209,1529.0,0.0,10,1364
2011-10-10,23209,1472.0,0.0,10,1364
2011-10-11,23209,1374.0,0.0,10,1364
2011-10-12,23209,1342.0,997.0,10,1364
2011-10-13,23209,1327.0,997.0,10,1364
2011-10-14,23209,1297.0,997.0,10,1364
2011-10-15,23209,1297.0,997.0,10,1364
2011-10-16,23209,1287.0,997.0,10,1364
2011-10-17,23209,1247.0,997.0,10,1364
2011-10-18,23209,1200.0,997.0,10,1364
2011-10-19,23209,1160.0,997.0,10,1364
2011-10-20,23209,1027.0,997.0,10,1364
2011-10-21,23209,1002.0,997.0,10,1364
2011-10-22,23209,1999.0,0.0,10,1364
2011-10-23,23209,1991.0,0.0,10,1364
2011-10-24,23209,1948.0,0.0,10,1364
2011-10-25,23209,1890.0,0.0,10,1364
2011-10-26,23209,1868.0,0.0,10,1364
2011-10-27,23209,1853.0,0.0,10,1364
2011-10-28,23209,1753.0,0.0,10,1364
2011-10-29,23209,1753.0,0.0,10,1364
2011-10-30,23209,1696.0,0.0,10,1364
2011-10-31,23209,1649.0,0.0,10,1364
2011-11-01,23209,1624.0,0.0,10,1364
2011-11-02,23209,1598.0,0.0,10,1364
2011-11-03,23209,1587.0,0.0,10,1364
2011-11-04,23209,1542.0,0.0,10,1364
2011-11-05,23209,1542.0,0.0,10,1364
2011-11-06,23209,1385.0,0.0,10,1364
2011-11-07,23209,1351.0,988.0,10,1364
2011-11-08,23209,1307.0,988.0,10,1364
2011-11-09,23209,1116.0,988.0,10,1364
2011-11-10,23209,971.0,988.0,10,1364
2011-11-11,23209,813.0,988.0,10,1364
2011-11-12,23209,813.0,988.0,10,1364
2011-11-13,23209,769.0,988.0,10,1364
2011-11-14,23209,673.0,988.0,10,1364
2011-11-15,23209,636.0,988.0,10,1364
2011-11-16,23209,585.0,988.0,10,1364
2011-11-17,23209,1555.0,0.0,10,1364
2011-11-18,23209,1498.0,0.0,10,1364
2011-11-19,23209,1498.0,0.0,10,1364
2011-11-20,23209,1474.0,0.0,10,1364
2011-11-21,23209,1444.0,0.0,10,1364
2011-11-22,23209,1427.0,0.0,10,1364
2011-11-23,23209,1384.0,0.0,10,1364
2011-11-24,23209,1292.0,1047.0,10,1364
2011-11-25,23209,1265.0,1047.0,10,1364
2011-11-26,23209,1265.0,1047.0,10,1364
2011-11-27,23209,1242.0,1047.0,10,1364
2011-11-28,23209,1162.0,1047.0,10,1364
2011-11-29,23209,1129.0,1047.0,10,1364
2011-11-30,23209,1028.0,1047.0,10,1364
2011-12-01,23209,956.0,1047.0,10,1364
2011-12-02,23209,914.0,1047.0,10,1364
2011-12-03,23209,914.0,1047.0,10,1364
2011-12-04,23209,1960.0,0.0,10,1364
2011-12-05,23209,1859.0,0.0,10,1364
2011-12-06,23209,1793.0,0.0,10,1364
2011-12-07,23209,1657.0,0.0,10,1364
2011-12-08,23209,1639.0,0.0,10,1364
2011-12-09,23209,1639.0,0.0,10,1364
2011-08-11,23243,962.0,0.0,11,499
2011-08-12,23243,918.0,0.0,11,499
2011-08-13,23243,918.0,0.0,11,499
2011-08-14,23243,918.0,0.0,11,499
2011-08-15,23243,910.0,0.0,11,499
2011-08-16,23243,906.0,0.0,11,499
2011-08-17,23243,541.0,0.0,11,499
2011-08-18,23243,510.0,0.0,11,499
2011-08-19,23243,502.0,0.0,11,499
2011-08-20,23243,502.0,0.0,11,499
2011-08-21,23243,493.0,568.0,11,499
2011-08-22,23243,485.0,568.0,11,499
2011-08-23,23243,472.0,568.0,11,499
2011-08-24,23243,450.0,568.0,11,499
2011-08-25,23243,443.0,568.0,11,499
2011-08-26,23243,439.0,568.0,11,499
2011-08-27,23243,439.0,568.0,11,499
2011-08-28,23243,439.0,568.0,11,499
2011-08-29,23243,439.0,568.0,11,499
2011-08-30,23243,432.0,568.0,11,499
2011-08-31,23243,426.0,568.0,11,499
2011-09-01,23243,978.0,0.0,11,499
2011-09-02,23243,973.0,0.0,11,499
2011-09-03,23243,973.0,0.0,11,499
2011-09-04,23243,946.0,0.0,11,499
2011-09-05,23243,946.0,0.0,11,499
2011-09-06,23243,935.0,0.0,11,499
2011-09-07,23243,933.0,0.0,11,499
2011-09-08,23243,899.0,0.0,11,499
2011-09-09,23243,855.0,0.0,11,499
2011-09-10,23243,855.0,0.0,11,499
2011-09-11,23243,849.0,0.0,11,499
2011-09-12,23243,837.0,0.0,11,499
2011-09-13,23243,820.0,0.0,11,499
2011-09-14,23243,817.0,0.0,11,499
2011-09-15,23243,809.0,0.0,11,499
2011-09-16,23243,800.0,0.0,11,499
2011-09-17,23243,800.0,0.0,11,499
2011-09-18,23243,784.0,0.0,11,499
2011-09-19,23243,780.0,0.0,11,499
2011-09-20,23243,0.0,1061.0,11,499
2011-09-21,23243,0.0,1061.0,11,499
2011-09-22,23243,0.0,1061.0,11,499
2011-09-23,23243,0.0,1061.0,11,499
2011-09-24,23243,0.0,1061.0,11,499
2011-09-25,23243,0.0,1061.0,11,499
2011-09-26,23243,0.0,1061.0,11,499
2011-09-27,23243,0.0,1061.0,11,499
2011-09-28,23243,0.0,1061.0,11,499
2011-09-29,23243,0.0,1061.0,11,499
2011-09-30,23243,0.0,1061.0,11,499
2011-10-01,23243,1061.0,0.0,11,499
2011-10-02,23243,1059.0,0.0,11,499
2011-10-03,23243,1055.0,0.0,11,499
2011-10-04,23243,1050.0,0.0,11,499
2011-10-05,23243,1045.0,0.0,11,499
2011-10-06,23243,1045.0,0.0,11,499
2011-10-07,23243,1003.0,0.0,11,499
2011-10-08,23243,1003.0,0.0,11,499
2011-10-09,23243,1002.0,0.0,11,499
2011-10-10,23243,978.0,0.0,11,499
2011-10-11,23243,928.0,0.0,11,499
2011-10-12,23243,925.0,0.0,11,499
2011-10-13,23243,913.0,0.0,11,499
2011-10-14,23243,884.0,0.0,11,499
2011-10-15,23243,884.0,0.0,11,499
2011-10-16,23243,883.0,0.0,11,499
2011-10-17,23243,875.0,0.0,11,499
2011-10-18,23243,866.0,0.0,11,499
2011-10-19,23243,856.0,0.0,11,499
2011-10-20,23243,851.0,0.0,11,499
2011-10-21,23243,851.0,0.0,11,499
2011-10-22,23243,851.0,0.0,11,499
2011-10-23,23243,843.0,0.0,11,499
2011-10-24,23243,840.0,0.0,11,499
2011-10-25,23243,834.0,0.0,11,499
2011-10-26,23243,825.0,0.0,11,499
2011-10-27,23243,817.0,0.0,11,499
2011-10-28,23243,817.0,0.0,11,499
2011-10-29,23243,817.0,0.0,11,499
2011-10-30,23243,790.0,0.0,11,499
2011-10-31,23243,775.0,0.0,11,499
2011-11-01,23243,726.0,0.0,11,499
2011-11-02,23243,713.0,0.0,11,499
2011-11-03,23243,707.0,0.0,11,499
2011-11-04,23243,701.0,0.0,11,499
2011-11-05,23243,701.0,0.0,11,499
2011-11-06,23243,697.0,0.0,11,499
2011-11-07,23243,688.0,0.0,11,499
2011-11-08,23243,676.0,0.0,11,499
2011-11-09,23243,662.0,0.0,11,499
2011-11-10,23243,658.0,0.0,11,499
2011-11-11,23243,653.0,0.0,11,499
2011-11-12,23243,653.0,0.0,11,499
2011-11-13,23243,628.0,0.0,11,499
2011-11-14,23243,576.0,0.0,11,499
2011-11-15,23243,569.0,0.0,11,499
2011-11-16,23243,560.0,0.0,11,499
2011-11-17,23243,536.0,0.0,11,499
2011-11-18,23243,536.0,0.0,11,499
2011-11-19,23243,536.0,0.0,11,499
2011-11-20,23243,534.0,0.0,11,499
2011-11-21,23243,530.0,0.0,11,499
2011-11-22,23243,522.0,0.0,11,499
2011-11-23,23243,513.0,0.0,11,499
2011-11-24,23243,503.0,0.0,11,499
2011-11-25,23243,502.0,0.0,11,499
2011-11-26,23243,502.0,0.0,11,499
2011-11-27,23243,502.0,0.0,11,499
2011-11-28,23243,496.0,565.0,11,499
2011-11-29,23243,331.0,565.0,11,499
2011-11-30,23243,321.0,565.0,11,499
2011-12-01,23243,316.0,565.0,11,499
2011-12-02,23243,288.0,565.0,11,499
2011-12-03,23243,288.0,565.0,11,499
2011-12-04,23243,286.0,565.0,11,499
2011-12-05,23243,286.0,565.0,11,499
2011-12-06,23243,274.0,565.0,11,499
2011-12-07,23243,269.0,565.0,11,499
2011-12-08,23243,268.0,565.0,11,499
2011-12-09,23243,820.0,0.0,11,499
2011-08-11,23245,703.0,0.0,3,453
2011-08-12,23245,656.0,0.0,3,453
2011-08-13,23245,656.0,0.0,3,453
2011-08-14,23245,656.0,0.0,3,453
2011-08-15,23245,634.0,0.0,3,453
2011-08-16,23245,620.0,0.0,3,453
2011-08-17,23245,606.0,0.0,3,453
2011-08-18,23245,566.0,0.0,3,453
2011-08-19,23245,558.0,0.0,3,453
2011-08-20,23245,558.0,0.0,3,453
2011-08-21,23245,518.0,0.0,3,453
2011-08-22,23245,490.0,0.0,3,453
2011-08-23,23245,464.0,0.0,3,453
2011-08-24,23245,427.0,797.0,3,453
2011-08-25,23245,390.0,797.0,3,453
2011-08-26,23245,326.0,797.0,3,453
2011-08-27,23245,1123.0,0.0,3,453
2011-08-28,23245,1115.0,0.0,3,453
2011-08-29,23245,1115.0,0.0,3,453
2011-08-30,23245,1098.0,0.0,3,453
2011-08-31,23245,1085.0,0.0,3,453
2011-09-01,23245,1058.0,0.0,3,453
2011-09-02,23245,1043.0,0.0,3,453
2011-09-03,23245,1043.0,0.0,3,453
2011-09-04,23245,1032.0,0.0,3,453
2011-09-05,23245,1023.0,0.0,3,453
2011-09-06,23245,971.0,0.0,3,453
2011-09-07,23245,955.0,0.0,3,453
2011-09-08,23245,950.0,0.0,3,453
2011-09-09,23245,938.0,0.0,3,453
2011-09-10,23245,938.0,0.0,3,453
2011-09-11,23245,907.0,0.0,3,453
2011-09-12,23245,848.0,0.0,3,453
2011-09-13,23245,803.0,0.0,3,453
2011-09-14,23245,788.0,0.0,3,453
2011-09-15,23245,734.0,0.0,3,453
2011-09-16,23245,709.0,0.0,3,453
2011-09-17,23245,709.0,0.0,3,453
2011-09-18,23245,705.0,0.0,3,453
2011-09-19,23245,645.0,0.0,3,453
2011-09-20,23245,632.0,0.0,3,453
2011-09-21,23245,613.0,0.0,3,453
2011-09-22,23245,514.0,0.0,3,453
2011-09-23,23245,507.0,0.0,3,453
2011-09-24,23245,507.0,0.0,3,453
2011-09-25,23245,469.0,0.0,3,453
2011-09-26,23245,445.0,779.0,3,453
2011-09-27,23245,426.0,779.0,3,453
2011-09-28,23245,377.0,779.0,3,453
2011-09-29,23245,1142.0,0.0,3,453
2011-09-30,23245,1073.0,0.0,3,453
2011-10-01,23245,1073.0,0.0,3,453
2011-10-02,23245,1068.0,0.0,3,453
2011-10-03,23245,1042.0,0.0,3,453
2011-10-04,23245,1022.0,0.0,3,453
2011-10-05,23245,728.0,0.0,3,453
2011-10-06,23245,704.0,0.0,3,453
2011-10-07,23245,667.0,0.0,3,453
2011-10-08,23245,667.0,0.0,3,453
2011-10-09,23245,659.0,0.0,3,453
2011-10-10,23245,633.0,0.0,3,453
2011-10-11,23245,609.0,0.0,3,453
2011-10-12,23245,585.0,0.0,3,453
2011-10-13,23245,541.0,0.0,3,453
2011-10-14,23245,512.0,0.0,3,453
2011-10-15,23245,512.0,0.0,3,453
2011-10-16,23245,512.0,0.0,3,453
2011-10-17,23245,410.0,814.0,3,453
2011-10-18,23245,395.0,814.0,3,453
2011-10-19,23245,385.0,814.0,3,453
2011-10-20,23245,1071.0,0.0,3,453
2011-10-21,23245,1037.0,0.0,3,453
2011-10-22,23245,1037.0,0.0,3,453
2011-10-23,23245,1035.0,0.0,3,453
2011-10-24,23245,1026.0,0.0,3,453
2011-10-25,23245,1017.0,0.0,3,453
2011-10-26,23245,1003.0,0.0,3,453
2011-10-27,23245,979.0,0.0,3,453
2011-10-28,23245,971.0,0.0,3,453
2011-10-29,23245,971.0,0.0,3,453
2011-10-30,23245,952.0,0.0,3,453
2011-10-31,23245,918.0,0.0,3,453
2011-11-01,23245,882.0,0.0,3,453
2011-11-02,23245,857.0,0.0,3,453
2011-11-03,23245,813.0,0.0,3,453
2011-11-04,23245,804.0,0.0,3,453
2011-11-05,23245,804.0,0.0,3,453
2011-11-06,23245,784.0,0.0,3,453
2011-11-07,23245,778.0,0.0,3,453
2011-11-08,23245,760.0,0.0,3,453
2011-11-09,23245,686.0,0.0,3,453
2011-11-10,23245,617.0,0.0,3,453
2011-11-11,23245,592.0,0.0,3,453
2011-11-12,23245,592.0,0.0,3,453
2011-11-13,23245,574.0,0.0,3,453
2011-11-14,23245,562.0,0.0,3,453
2011-11-15,23245,554.0,0.0,3,453
2011-11-16,23245,537.0,0.0,3,453
2011-11-17,23245,425.0,799.0,3,453
2011-11-18,23245,399.0,799.0,3,453
2011-11-19,23245,399.0,799.0,3,453
2011-11-20,23245,1183.0,0.0,3,453
2011-11-21,23245,1155.0,0.0,3,453
2011-11-22,23245,1155.0,0.0,3,453
2011-11-23,23245,1126.0,0.0,3,453
2011-11-24,23245,1090.0,0.0,3,453
2011-11-25,23245,1049.0,0.0,3,453
2011-11-26,23245,1049.0,0.0,3,453
2011-11-27,23245,1042.0,0.0,3,453
2011-11-28,23245,1024.0,0.0,3,453
2011-11-29,23245,981.0,0.0,3,453
2011-11-30,23245,959.0,0.0,3,453
2011-12-01,23245,936.0,0.0,3,453
2011-12-02,23245,901.0,0.0,3,453
2011-12-03,23245,901.0,0.0,3,453
2011-12-04,23245,887.0,0.0,3,453
2011-12-05,23245,809.0,0.0,3,453
2011-12-06,23245,801.0,0.0,3,453
2011-12-07,23245,730.0,0.0,3,453
2011-12-08,23245,715.0,0.0,3,453
2011-12-09,23245,699.0,0.0,3,453
2011-08-11,23284,939.0,0.0,8,351
2011-08-12,23284,939.0,0.0,8,351
2011-08-13,23284,939.0,0.0,8,351
2011-08-14,23284,939.0,0.0,8,351
2011-08-15,23284,939.0,0.0,8,351
2011-08-16,23284,939.0,0.0,8,351
2011-08-17,23284,939.0,0.0,8,351
2011-08-18,23284,939.0,0.0,8,351
2011-08-19,23284,939.0,0.0,8,351
2011-08-20,23284,939.0,0.0,8,351
2011-08-21,23284,939.0,0.0,8,351
2011-08-22,23284,939.0,0.0,8,351
2011-08-23,23284,939.0,0.0,8,351
2011-08-24,23284,938.0,0.0,8,351
2011-08-25,23284,938.0,0.0,8,351
2011-08-26,23284,938.0,0.0,8,351
2011-08-27,23284,938.0,0.0,8,351
2011-08-28,23284,938.0,0.0,8,351
2011-08-29,23284,938.0,0.0,8,351
2011-08-30,23284,938.0,0.0,8,351
2011-08-31,23284,938.0,0.0,8,351
2011-09-01,23284,938.0,0.0,8,351
2011-09-02,23284,938.0,0.0,8,351
2011-09-03,23284,938.0,0.0,8,351
2011-09-04,23284,938.0,0.0,8,351
2011-09-05,23284,938.0,0.0,8,351
2011-09-06,23284,938.0,0.0,8,351
2011-09-07,23284,938.0,0.0,8,351
2011-09-08,23284,938.0,0.0,8,351
2011-09-09,23284,938.0,0.0,8,351
2011-09-10,23284,938.0,0.0,8,351
2011-09-11,23284,938.0,0.0,8,351
2011-09-12,23284,938.0,0.0,8,351
2011-09-13,23284,938.0,0.0,8,351
2011-09-14,23284,938.0,0.0,8,351
2011-09-15,23284,938.0,0.0,8,351
2011-09-16,23284,938.0,0.0,8,351
2011-09-17,23284,938.0,0.0,8,351
2011-09-18,23284,938.0,0.0,8,351
2011-09-19,23284,937.0,0.0,8,351
2011-09-20,23284,937.0,0.0,8,351
2011-09-21,23284,937.0,0.0,8,351
2011-09-22,23284,936.0,0.0,8,351
2011-09-23,23284,936.0,0.0,8,351
2011-09-24,23284,936.0,0.0,8,351
2011-09-25,23284,936.0,0.0,8,351
2011-09-26,23284,936.0,0.0,8,351
2011-09-27,23284,936.0,0.0,8,351
2011-09-28,23284,403.0,0.0,8,351
2011-09-29,23284,248.0,780.0,8,351
2011-09-30,23284,201.0,780.0,8,351
2011-10-01,23284,201.0,780.0,8,351
2011-10-02,23284,133.0,780.0,8,351
2011-10-03,23284,0.0,780.0,8,351
2011-10-04,23284,0.0,780.0,8,351
2011-10-05,23284,0.0,780.0,8,351
2011-10-06,23284,0.0,780.0,8,351
2011-10-07,23284,766.0,0.0,8,351
2011-10-08,23284,766.0,0.0,8,351
2011-10-09,23284,749.0,0.0,8,351
2011-10-10,23284,671.0,0.0,8,351
2011-10-11,23284,624.0,0.0,8,351
2011-10-12,23284,605.0,0.0,8,351
2011-10-13,23284,581.0,0.0,8,351
2011-10-14,23284,536.0,0.0,8,351
2011-10-15,23284,536.0,0.0,8,351
2011-10-16,23284,477.0,0.0,8,351
2011-10-17,23284,430.0,0.0,8,351
2011-10-18,23284,402.0,0.0,8,351
2011-10-19,23284,367.0,0.0,8,351
2011-10-20,23284,321.0,707.0,8,351
2011-10-21,23284,317.0,707.0,8,351
2011-10-22,23284,317.0,707.0,8,351
2011-10-23,23284,303.0,707.0,8,351
2011-10-24,23284,260.0,707.0,8,351
2011-10-25,23284,258.0,707.0,8,351
2011-10-26,23284,245.0,707.0,8,351
2011-10-27,23284,192.0,707.0,8,351
2011-10-28,23284,870.0,0.0,8,351
2011-10-29,23284,870.0,0.0,8,351
2011-10-30,23284,863.0,0.0,8,351
2011-10-31,23284,839.0,0.0,8,351
2011-11-01,23284,812.0,0.0,8,351
2011-11-02,23284,775.0,0.0,8,351
2011-11-03,23284,743.0,0.0,8,351
2011-11-04,23284,743.0,0.0,8,351
2011-11-05,23284,743.0,0.0,8,351
2011-11-06,23284,687.0,0.0,8,351
2011-11-07,23284,655.0,0.0,8,351
2011-11-08,23284,645.0,0.0,8,351
2011-11-09,23284,594.0,0.0,8,351
2011-11-10,23284,561.0,0.0,8,351
2011-11-11,23284,548.0,0.0,8,351
2011-11-12,23284,548.0,0.0,8,351
2011-11-13,23284,542.0,0.0,8,351
2011-11-14,23284,529.0,0.0,8,351
2011-11-15,23284,509.0,0.0,8,351
2011-11-16,23284,499.0,0.0,8,351
2011-11-17,23284,486.0,0.0,8,351
2011-11-18,23284,416.0,0.0,8,351
2011-11-19,23284,416.0,0.0,8,351
2011-11-20,23284,381.0,0.0,8,351
2011-11-21,23284,375.0,0.0,8,351
2011-11-22,23284,328.0,700.0,8,351
2011-11-23,23284,249.0,700.0,8,351
2011-11-24,23284,208.0,700.0,8,351
2011-11-25,23284,204.0,700.0,8,351
2011-11-26,23284,204.0,700.0,8,351
2011-11-27,23284,193.0,700.0,8,351
2011-11-28,23284,191.0,700.0,8,351
2011-11-29,23284,181.0,700.0,8,351
2011-11-30,23284,816.0,0.0,8,351
2011-12-01,23284,806.0,0.0,8,351
2011-12-02,23284,781.0,0.0,8,351
2011-12-03,23284,781.0,0.0,8,351
2011-12-04,23284,754.0,0.0,8,351
2011-12-05,23284,705.0,0.0,8,351
2011-12-06,23284,697.0,0.0,8,351
2011-12-07,23284,665.0,0.0,8,351
2011-12-08,23284,633.0,0.0,8,351
2011-12-09,23284,632.0,0.0,8,351
2011-08-11,23298,1417.0,0.0,12,1205
2011-08-12,23298,1408.0,0.0,12,1205
2011-08-13,23298,1408.0,0.0,12,1205
2011-08-14,23298,1399.0,0.0,12,1205
2011-08-15,23298,1362.0,0.0,12,1205
2011-08-16,23298,1332.0,0.0,12,1205
2011-08-17,23298,1074.0,951.0,12,1205
2011-08-18,23298,940.0,951.0,12,1205
2011-08-19,23298,898.0,951.0,12,1205
2011-08-20,23298,898.0,951.0,12,1205
2011-08-21,23298,860.0,951.0,12,1205
2011-08-22,23298,808.0,951.0,12,1205
2011-08-23,23298,725.0,951.0,12,1205
2011-08-24,23298,543.0,951.0,12,1205
2011-08-25,23298,509.0,951.0,12,1205
2011-08-26,23298,469.0,951.0,12,1205
2011-08-27,23298,469.0,951.0,12,1205
2011-08-28,23298,463.0,951.0,12,1205
2011-08-29,23298,1414.0,0.0,12,1205
2011-08-30,23298,1365.0,0.0,12,1205
2011-08-31,23298,1344.0,0.0,12,1205
2011-09-01,23298,1309.0,0.0,12,1205
2011-09-02,23298,1272.0,0.0,12,1205
2011-09-03,23298,1272.0,0.0,12,1205
2011-09-04,23298,1250.0,0.0,12,1205
2011-09-05,23298,1231.0,0.0,12,1205
2011-09-06,23298,1206.0,0.0,12,1205
2011-09-07,23298,1177.0,848.0,12,1205
2011-09-08,23298,1165.0,848.0,12,1205
2011-09-09,23298,1121.0,848.0,12,1205
2011-09-10,23298,1121.0,848.0,12,1205
2011-09-11,23298,1111.0,848.0,12,1205
2011-09-12,23298,1111.0,848.0,12,1205
2011-09-13,23298,1057.0,848.0,12,1205
2011-09-14,23298,1057.0,848.0,12,1205
2011-09-15,23298,1040.0,848.0,12,1205
2011-09-16,23298,1001.0,848.0,12,1205
2011-09-17,23298,1001.0,848.0,12,1205
2011-09-18,23298,992.0,848.0,12,1205
2011-09-19,23298,1821.0,0.0,12,1205
2011-09-20,23298,1773.0,0.0,12,1205
2011-09-21,23298,1754.0,0.0,12,1205
2011-09-22,23298,1622.0,0.0,12,1205
2011-09-23,23298,1566.0,0.0,12,1205
2011-09-24,23298,1566.0,0.0,12,1205
2011-09-25,23298,1531.0,0.0,12,1205
2011-09-26,23298,1512.0,0.0,12,1205
2011-09-27,23298,1495.0,0.0,12,1205
2011-09-28,23298,1471.0,0.0,12,1205
2011-09-29,23298,1444.0,0.0,12,1205
2011-09-30,23298,1228.0,0.0,12,1205
2011-10-01,23298,1228.0,0.0,12,1205
2011-10-02,23298,1218.0,0.0,12,1205
2011-10-03,23298,1193.0,832.0,12,1205
2011-10-04,23298,1157.0,832.0,12,1205
2011-10-05,23298,1082.0,832.0,12,1205
2011-10-06,23298,1066.0,832.0,12,1205
2011-10-07,23298,1050.0,832.0,12,1205
2011-10-08,23298,1050.0,832.0,12,1205
2011-10-09,23298,1050.0,832.0,12,1205
2011-10-10,23298,1011.0,832.0,12,1205
2011-10-11,23298,986.0,832.0,12,1205
2011-10-12,23298,983.0,832.0,12,1205
2011-10-13,23298,947.0,832.0,12,1205
2011-10-14,23298,913.0,832.0,12,1205
2011-10-15,23298,1745.0,0.0,12,1205
2011-10-16,23298,1729.0,0.0,12,1205
2011-10-17,23298,1710.0,0.0,12,1205
2011-10-18,23298,1681.0,0.0,12,1205
2011-10-19,23298,1673.0,0.0,12,1205
2011-10-20,23298,1646.0,0.0,12,1205
2011-10-21,23298,1629.0,0.0,12,1205
2011-10-22,23298,1629.0,0.0,12,1205
2011-10-23,23298,1623.0,0.0,12,1205
2011-10-24,23298,1617.0,0.0,12,1205
2011-10-25,23298,1597.0,0.0,12,1205
2011-10-26,23298,1593.0,0.0,12,1205
2011-10-27,23298,1567.0,0.0,12,1205
2011-10-28,23298,1543.0,0.0,12,1205
2011-10-29,23298,1543.0,0.0,12,1205
2011-10-30,23298,1534.0,0.0,12,1205
2011-10-31,23298,1529.0,0.0,12,1205
2011-11-01,23298,1518.0,0.0,12,1205
2011-11-02,23298,1516.0,0.0,12,1205
2011-11-03,23298,1508.0,0.0,12,1205
2011-11-04,23298,1467.0,0.0,12,1205
2011-11-05,23298,1467.0,0.0,12,1205
2011-11-06,23298,1431.0,0.0,12,1205
2011-11-07,23298,1422.0,0.0,12,1205
2011-11-08,23298,1399.0,0.0,12,1205
2011-11-09,23298,1391.0,0.0,12,1205
2011-11-10,23298,1335.0,0.0,12,1205
2011-11-11,23298,1305.0,0.0,12,1205
2011-11-12,23298,1305.0,0.0,12,1205
2011-11-13,23298,1302.0,0.0,12,1205
2011-11-14,23298,1289.0,0.0,12,1205
2011-11-15,23298,1274.0,0.0,12,1205
2011-11-16,23298,1262.0,0.0,12,1205
2011-11-17,23298,1209.0,0.0,12,1205
2011-11-18,23298,1185.0,840.0,12,1205
2011-11-19,23298,1185.0,840.0,12,1205
2011-11-20,23298,1168.0,840.0,12,1205
2011-11-21,23298,841.0,840.0,12,1205
2011-11-22,23298,817.0,840.0,12,1205
2011-11-23,23298,746.0,840.0,12,1205
2011-11-24,23298,726.0,840.0,12,1205
2011-11-25,23298,714.0,840.0,12,1205
2011-11-26,23298,714.0,840.0,12,1205
2011-11-27,23298,712.0,840.0,12,1205
2011-11-28,23298,706.0,840.0,12,1205
2011-11-29,23298,693.0,840.0,12,1205
2011-11-30,23298,1482.0,0.0,12,1205
2011-12-01,23298,1457.0,0.0,12,1205
2011-12-02,23298,1452.0,0.0,12,1205
2011-12-03,23298,1452.0,0.0,12,1205
2011-12-04,23298,1440.0,0.0,12,1205
2011-12-05,23298,1396.0,0.0,12,1205
2011-12-06,23298,1390.0,0.0,12,1205
2011-12-07,23298,1374.0,0.0,12,1205
2011-12-08,23298,1359.0,0.0,12,1205
2011-12-09,23298,1344.0,0.0,12,1205
2011-08-11,23344,333.0,0.0,3,193
2011-08-12,23344,312.0,0.0,3,193
2011-08-13,23344,312.0,0.0,3,193
2011-08-14,23344,308.0,0.0,3,193
2011-08-15,23344,308.0,0.0,3,193
2011-08-16,23344,298.0,0.0,3,193
2011-08-17,23344,278.0,0.0,3,193
2011-08-18,23344,258.0,0.0,3,193
2011-08-19,23344,238.0,0.0,3,193
2011-08-20,23344,238.0,0.0,3,193
2011-08-21,23344,234.0,0.0,3,193
2011-08-22,23344,184.0,214.0,3,193
2011-08-23,23344,44.0,214.0,3,193
2011-08-24,23344,41.0,214.0,3,193
2011-08-25,23344,205.0,0.0,3,193
2011-08-26,23344,175.0,223.0,3,193
2011-08-27,23344,175.0,223.0,3,193
2011-08-28,23344,162.0,223.0,3,193
2011-08-29,23344,385.0,0.0,3,193
2011-08-30,23344,355.0,0.0,3,193
2011-08-31,23344,345.0,0.0,3,193
2011-09-01,23344,314.0,0.0,3,193
2011-09-02,23344,290.0,0.0,3,193
2011-09-03,23344,290.0,0.0,3,193
2011-09-04,23344,280.0,0.0,3,193
2011-09-05,23344,205.0,0.0,3,193
2011-09-06,23344,195.0,0.0,3,193
2011-09-07,23344,161.0,237.0,3,193
2011-09-08,23344,126.0,237.0,3,193
2011-09-09,23344,102.0,237.0,3,193
2011-09-10,23344,339.0,0.0,3,193
2011-09-11,23344,123.0,275.0,3,193
2011-09-12,23344,83.0,275.0,3,193
2011-09-13,23344,0.0,275.0,3,193
2011-09-14,23344,245.0,0.0,3,193
2011-09-15,23344,173.0,225.0,3,193
2011-09-16,23344,93.0,225.0,3,193
2011-09-17,23344,93.0,225.0,3,193
2011-09-18,23344,318.0,0.0,3,193
2011-09-19,23344,288.0,0.0,3,193
2011-09-20,23344,178.0,220.0,3,193
2011-09-21,23344,139.0,220.0,3,193
2011-09-22,23344,99.0,220.0,3,193
2011-09-23,23344,278.0,0.0,3,193
2011-09-24,23344,278.0,0.0,3,193
2011-09-25,23344,268.0,0.0,3,193
2011-09-26,23344,253.0,0.0,3,193
2011-09-27,23344,131.0,267.0,3,193
2011-09-28,23344,0.0,267.0,3,193
2011-09-29,23344,0.0,267.0,3,193
2011-09-30,23344,241.0,0.0,3,193
2011-10-01,23344,241.0,0.0,3,193
2011-10-02,23344,238.0,0.0,3,193
2011-10-03,23344,154.0,244.0,3,193
2011-10-04,23344,93.0,244.0,3,193
2011-10-05,23344,1.0,244.0,3,193
2011-10-06,23344,174.0,0.0,3,193
2011-10-07,23344,21.0,377.0,3,193
2011-10-08,23344,21.0,377.0,3,193
2011-10-09,23344,7.0,377.0,3,193
2011-10-10,23344,298.0,0.0,3,193
2011-10-11,23344,259.0,0.0,3,193
2011-10-12,23344,176.0,222.0,3,193
2011-10-13,23344,121.0,222.0,3,193
2011-10-14,23344,86.0,222.0,3,193
2011-10-15,23344,308.0,0.0,3,193
2011-10-16,23344,308.0,0.0,3,193
2011-10-17,23344,123.0,275.0,3,193
2011-10-18,23344,58.0,275.0,3,193
2011-10-19,23344,1.0,275.0,3,193
2011-10-20,23344,78.0,0.0,3,193
2011-10-21,23344,13.0,385.0,3,193
2011-10-22,23344,13.0,385.0,3,193
2011-10-23,23344,0.0,385.0,3,193
2011-10-24,23344,275.0,0.0,3,193
2011-10-25,23344,170.0,228.0,3,193
2011-10-26,23344,61.0,228.0,3,193
2011-10-27,23344,0.0,228.0,3,193
2011-10-28,23344,13.0,0.0,3,193
2011-10-29,23344,13.0,385.0,3,193
2011-10-30,23344,0.0,385.0,3,193
2011-10-31,23344,0.0,385.0,3,193
2011-11-01,23344,264.0,0.0,3,193
2011-11-02,23344,211.0,0.0,3,193
2011-11-03,23344,148.0,250.0,3,193
2011-11-04,23344,124.0,250.0,3,193
2011-11-05,23344,124.0,250.0,3,193
2011-11-06,23344,277.0,0.0,3,193
2011-11-07,23344,0.0,398.0,3,193
2011-11-08,23344,0.0,398.0,3,193
2011-11-09,23344,0.0,398.0,3,193
2011-11-10,23344,334.0,0.0,3,193
2011-11-11,23344,283.0,0.0,3,193
2011-11-12,23344,283.0,0.0,3,193
2011-11-13,23344,258.0,0.0,3,193
2011-11-14,23344,0.0,398.0,3,193
2011-11-15,23344,0.0,398.0,3,193
2011-11-16,23344,0.0,398.0,3,193
2011-11-17,23344,249.0,0.0,3,193
2011-11-18,23344,139.0,259.0,3,193
2011-11-19,23344,139.0,259.0,3,193
2011-11-20,23344,70.0,259.0,3,193
2011-11-21,23344,279.0,0.0,3,193
2011-11-22,23344,165.0,233.0,3,193
2011-11-23,23344,103.0,233.0,3,193
2011-11-24,23344,0.0,233.0,3,193
2011-11-25,23344,163.0,0.0,3,193
2011-11-26,23344,163.0,235.0,3,193
2011-11-27,23344,145.0,235.0,3,193
2011-11-28,23344,66.0,235.0,3,193
2011-11-29,23344,93.0,0.0,3,193
2011-11-30,23344,0.0,398.0,3,193
2011-12-01,23344,0.0,398.0,3,193
2011-12-02,23344,0.0,398.0,3,193
2011-12-03,23344,398.0,0.0,3,193
2011-12-04,23344,364.0,0.0,3,193
2011-12-05,23344,310.0,0.0,3,193
2011-12-06,23344,45.0,353.0,3,193
2011-12-07,23344,0.0,353.0,3,193
2011-12-08,23344,0.0,353.0,3,193
2011-12-09,23344,308.0,0.0,3,193
2011-08-22,23355,1264.0,0.0,10,803
2011-08-23,23355,1260.0,0.0,10,803
2011-08-24,23355,1255.0,0.0,10,803
2011-08-25,23355,1227.0,0.0,10,803
2011-08-26,23355,1166.0,0.0,10,803
2011-08-27,23355,1166.0,0.0,10,803
2011-08-28,23355,1162.0,0.0,10,803
2011-08-29,23355,1162.0,0.0,10,803
2011-08-30,23355,1147.0,0.0,10,803
2011-08-31,23355,1144.0,0.0,10,803
2011-09-01,23355,1088.0,0.0,10,803
2011-09-02,23355,1029.0,0.0,10,803
2011-09-03,23355,1029.0,0.0,10,803
2011-09-04,23355,1015.0,0.0,10,803
2011-09-05,23355,960.0,0.0,10,803
2011-09-06,23355,932.0,0.0,10,803
2011-09-07,23355,893.0,0.0,10,803
2011-09-08,23355,865.0,0.0,10,803
2011-09-09,23355,816.0,0.0,10,803
2011-09-10,23355,816.0,0.0,10,803
2011-09-11,23355,771.0,501.0,10,803
2011-09-12,23355,696.0,501.0,10,803
2011-09-13,23355,671.0,501.0,10,803
2011-09-14,23355,663.0,501.0,10,803
2011-09-15,23355,518.0,501.0,10,803
2011-09-16,23355,460.0,501.0,10,803
2011-09-17,23355,460.0,501.0,10,803
2011-09-18,23355,442.0,501.0,10,803
2011-09-19,23355,382.0,501.0,10,803
2011-09-20,23355,329.0,501.0,10,803
2011-09-21,23355,781.0,0.0,10,803
2011-09-22,23355,739.0,533.0,10,803
2011-09-23,23355,691.0,533.0,10,803
2011-09-24,23355,691.0,533.0,10,803
2011-09-25,23355,623.0,533.0,10,803
2011-09-26,23355,568.0,533.0,10,803
2011-09-27,23355,524.0,533.0,10,803
2011-09-28,23355,422.0,533.0,10,803
2011-09-29,23355,352.0,533.0,10,803
2011-09-30,23355,320.0,533.0,10,803
2011-10-01,23355,320.0,533.0,10,803
2011-10-02,23355,818.0,0.0,10,803
2011-10-03,23355,749.0,523.0,10,803
2011-10-04,23355,723.0,523.0,10,803
2011-10-05,23355,406.0,523.0,10,803
2011-10-06,23355,369.0,523.0,10,803
2011-10-07,23355,289.0,523.0,10,803
2011-10-08,23355,289.0,523.0,10,803
2011-10-09,23355,278.0,994.0,10,803
2011-10-10,23355,256.0,994.0,10,803
2011-10-11,23355,203.0,994.0,10,803
2011-10-12,23355,190.0,994.0,10,803
2011-10-13,23355,686.0,471.0,10,803
2011-10-14,23355,660.0,471.0,10,803
2011-10-15,23355,660.0,471.0,10,803
2011-10-16,23355,616.0,471.0,10,803
2011-10-17,23355,598.0,471.0,10,803
2011-10-18,23355,531.0,471.0,10,803
2011-10-19,23355,917.0,0.0,10,803
2011-10-20,23355,882.0,0.0,10,803
2011-10-21,23355,840.0,0.0,10,803
2011-10-22,23355,840.0,0.0,10,803
2011-10-23,23355,823.0,0.0,10,803
2011-10-24,23355,820.0,0.0,10,803
2011-10-25,23355,787.0,485.0,10,803
2011-10-26,23355,757.0,485.0,10,803
2011-10-27,23355,726.0,485.0,10,803
2011-10-28,23355,664.0,485.0,10,803
2011-10-29,23355,664.0,485.0,10,803
2011-10-30,23355,608.0,485.0,10,803
2011-10-31,23355,532.0,485.0,10,803
2011-11-01,23355,496.0,485.0,10,803
2011-11-02,23355,403.0,485.0,10,803
2011-11-03,23355,377.0,485.0,10,803
2011-11-04,23355,481.0,0.0,10,803
2011-11-05,23355,481.0,791.0,10,803
2011-11-06,23355,387.0,791.0,10,803
2011-11-07,23355,246.0,791.0,10,803
2011-11-08,23355,160.0,791.0,10,803
2011-11-09,23355,89.0,791.0,10,803
2011-11-10,23355,3.0,1269.0,10,803
2011-11-11,23355,0.0,1269.0,10,803
2011-11-12,23355,0.0,1269.0,10,803
2011-11-13,23355,0.0,1269.0,10,803
2011-11-14,23355,0.0,1269.0,10,803
2011-11-15,23355,707.0,478.0,10,803
2011-11-16,23355,656.0,478.0,10,803
2011-11-17,23355,605.0,478.0,10,803
2011-11-18,23355,429.0,478.0,10,803
2011-11-19,23355,429.0,478.0,10,803
2011-11-20,23355,857.0,0.0,10,803
2011-11-21,23355,769.0,503.0,10,803
2011-11-22,23355,678.0,503.0,10,803
2011-11-23,23355,593.0,503.0,10,803
2011-11-24,23355,544.0,503.0,10,803
2011-11-25,23355,489.0,503.0,10,803
2011-11-26,23355,489.0,503.0,10,803
2011-11-27,23355,462.0,503.0,10,803
2011-11-28,23355,386.0,503.0,10,803
2011-11-29,23355,285.0,987.0,10,803
2011-11-30,23355,234.0,987.0,10,803
2011-12-01,23355,648.0,484.0,10,803
2011-12-02,23355,537.0,484.0,10,803
2011-12-03,23355,537.0,484.0,10,803
2011-12-04,23355,489.0,484.0,10,803
2011-12-05,23355,405.0,484.0,10,803
2011-12-06,23355,266.0,1006.0,10,803
2011-12-07,23355,216.0,1006.0,10,803
2011-12-08,23355,121.0,1006.0,10,803
2011-12-09,23355,541.0,522.0,10,803
2011-08-11,37449,60.0,0.0,3,39
2011-08-12,37449,60.0,0.0,3,39
2011-08-13,37449,60.0,0.0,3,39
2011-08-14,37449,60.0,0.0,3,39
2011-08-15,37449,58.0,0.0,3,39
2011-08-16,37449,58.0,0.0,3,39
2011-08-17,37449,54.0,0.0,3,39
2011-08-18,37449,54.0,0.0,3,39
2011-08-19,37449,54.0,0.0,3,39
2011-08-20,37449,54.0,0.0,3,39
2011-08-21,37449,54.0,0.0,3,39
2011-08-22,37449,6.0,112.0,3,39
2011-08-23,37449,6.0,112.0,3,39
2011-08-24,37449,5.0,112.0,3,39
2011-08-25,37449,117.0,0.0,3,39
2011-08-26,37449,117.0,0.0,3,39
2011-08-27,37449,117.0,0.0,3,39
2011-08-28,37449,117.0,0.0,3,39
2011-08-29,37449,117.0,0.0,3,39
2011-08-30,37449,117.0,0.0,3,39
2011-08-31,37449,115.0,0.0,3,39
2011-09-01,37449,113.0,0.0,3,39
2011-09-02,37449,113.0,0.0,3,39
2011-09-03,37449,113.0,0.0,3,39
2011-09-04,37449,112.0,0.0,3,39
2011-09-05,37449,112.0,0.0,3,39
2011-09-06,37449,111.0,0.0,3,39
2011-09-07,37449,111.0,0.0,3,39
2011-09-08,37449,111.0,0.0,3,39
2011-09-09,37449,111.0,0.0,3,39
2011-09-10,37449,111.0,0.0,3,39
2011-09-11,37449,110.0,0.0,3,39
2011-09-12,37449,110.0,0.0,3,39
2011-09-13,37449,110.0,0.0,3,39
2011-09-14,37449,107.0,0.0,3,39
2011-09-15,37449,107.0,0.0,3,39
2011-09-16,37449,107.0,0.0,3,39
2011-09-17,37449,107.0,0.0,3,39
2011-09-18,37449,107.0,0.0,3,39
2011-09-19,37449,107.0,0.0,3,39
2011-09-20,37449,107.0,0.0,3,39
2011-09-21,37449,107.0,0.0,3,39
2011-09-22,37449,107.0,0.0,3,39
2011-09-23,37449,107.0,0.0,3,39
2011-09-24,37449,107.0,0.0,3,39
2011-09-25,37449,107.0,0.0,3,39
2011-09-26,37449,107.0,0.0,3,39
2011-09-27,37449,107.0,0.0,3,39
2011-09-28,37449,107.0,0.0,3,39
2011-09-29,37449,107.0,0.0,3,39
2011-09-30,37449,107.0,0.0,3,39
2011-10-01,37449,107.0,0.0,3,39
2011-10-02,37449,107.0,0.0,3,39
2011-10-03,37449,107.0,0.0,3,39
2011-10-04,37449,107.0,0.0,3,39
2011-10-05,37449,103.0,0.0,3,39
2011-10-06,37449,103.0,0.0,3,39
2011-10-07,37449,100.0,0.0,3,39
2011-10-08,37449,100.0,0.0,3,39
2011-10-09,37449,100.0,0.0,3,39
2011-10-10,37449,100.0,0.0,3,39
2011-10-11,37449,100.0,0.0,3,39
2011-10-12,37449,100.0,0.0,3,39
2011-10-13,37449,100.0,0.0,3,39
2011-10-14,37449,99.0,0.0,3,39
2011-10-15,37449,99.0,0.0,3,39
2011-10-16,37449,98.0,0.0,3,39
2011-10-17,37449,80.0,0.0,3,39
2011-10-18,37449,40.0,0.0,3,39
2011-10-19,37449,40.0,0.0,3,39
2011-10-20,37449,40.0,0.0,3,39
2011-10-21,37449,40.0,0.0,3,39
2011-10-22,37449,40.0,0.0,3,39
2011-10-23,37449,40.0,0.0,3,39
2011-10-24,37449,40.0,0.0,3,39
2011-10-25,37449,40.0,0.0,3,39
2011-10-26,37449,40.0,0.0,3,39
2011-10-27,37449,37.0,81.0,3,39
2011-10-28,37449,37.0,81.0,3,39
2011-10-29,37449,37.0,81.0,3,39
2011-10-30,37449,118.0,0.0,3,39
2011-10-31,37449,117.0,0.0,3,39
2011-11-01,37449,114.0,0.0,3,39
2011-11-02,37449,112.0,0.0,3,39
2011-11-03,37449,110.0,0.0,3,39
2011-11-04,37449,108.0,0.0,3,39
2011-11-05,37449,108.0,0.0,3,39
2011-11-06,37449,100.0,0.0,3,39
2011-11-07,37449,98.0,0.0,3,39
2011-11-08,37449,98.0,0.0,3,39
2011-11-09,37449,98.0,0.0,3,39
2011-11-10,37449,98.0,0.0,3,39
2011-11-11,37449,98.0,0.0,3,39
2011-11-12,37449,98.0,0.0,3,39
2011-11-13,37449,96.0,0.0,3,39
2011-11-14,37449,96.0,0.0,3,39
2011-11-15,37449,94.0,0.0,3,39
2011-11-16,37449,94.0,0.0,3,39
2011-11-17,37449,92.0,0.0,3,39
2011-11-18,37449,88.0,0.0,3,39
2011-11-19,37449,88.0,0.0,3,39
2011-11-20,37449,88.0,0.0,3,39
2011-11-21,37449,84.0,0.0,3,39
2011-11-22,37449,84.0,0.0,3,39
2011-11-23,37449,84.0,0.0,3,39
2011-11-24,37449,84.0,0.0,3,39
2011-11-25,37449,84.0,0.0,3,39
2011-11-26,37449,84.0,0.0,3,39
2011-11-27,37449,83.0,0.0,3,39
2011-11-28,37449,82.0,0.0,3,39
2011-11-29,37449,80.0,0.0,3,39
2011-11-30,37449,76.0,0.0,3,39
2011-12-01,37449,76.0,0.0,3,39
2011-12-02,37449,74.0,0.0,3,39
2011-12-03,37449,74.0,0.0,3,39
2011-12-04,37449,74.0,0.0,3,39
2011-12-05,37449,74.0,0.0,3,39
2011-12-06,37449,74.0,0.0,3,39
2011-12-07,37449,74.0,0.0,3,39
2011-12-08,37449,74.0,0.0,3,39
2011-12-09,37449,74.0,0.0,3,39
2011-08-11,47566,0.0,232.0,3,143
2011-08-12,47566,223.0,0.0,3,143
2011-08-13,47566,223.0,0.0,3,143
2011-08-14,47566,223.0,0.0,3,143
2011-08-15,47566,207.0,0.0,3,143
2011-08-16,47566,137.0,211.0,3,143
2011-08-17,47566,22.0,211.0,3,143
2011-08-18,47566,0.0,211.0,3,143
2011-08-19,47566,165.0,0.0,3,143
2011-08-20,47566,165.0,0.0,3,143
2011-08-21,47566,122.0,226.0,3,143
2011-08-22,47566,94.0,226.0,3,143
2011-08-23,47566,0.0,226.0,3,143
2011-08-24,47566,89.0,0.0,3,143
2011-08-25,47566,0.0,348.0,3,143
2011-08-26,47566,0.0,348.0,3,143
2011-08-27,47566,0.0,348.0,3,143
2011-08-28,47566,339.0,0.0,3,143
2011-08-29,47566,339.0,0.0,3,143
2011-08-30,47566,279.0,0.0,3,143
2011-08-31,47566,278.0,0.0,3,143
2011-09-01,47566,214.0,0.0,3,143
2011-09-02,47566,172.0,0.0,3,143
2011-09-03,47566,172.0,0.0,3,143
2011-09-04,47566,133.0,215.0,3,143
2011-09-05,47566,23.0,215.0,3,143
2011-09-06,47566,0.0,215.0,3,143
2011-09-07,47566,203.0,0.0,3,143
2011-09-08,47566,195.0,0.0,3,143
2011-09-09,47566,144.0,0.0,3,143
2011-09-10,47566,144.0,0.0,3,143
2011-09-11,47566,117.0,231.0,3,143
2011-09-12,47566,106.0,231.0,3,143
2011-09-13,47566,17.0,231.0,3,143
2011-09-14,47566,223.0,0.0,3,143
2011-09-15,47566,63.0,285.0,3,143
2011-09-16,47566,41.0,285.0,3,143
2011-09-17,47566,41.0,285.0,3,143
2011-09-18,47566,311.0,0.0,3,143
2011-09-19,47566,304.0,0.0,3,143
2011-09-20,47566,279.0,0.0,3,143
2011-09-21,47566,262.0,0.0,3,143
2011-09-22,47566,209.0,0.0,3,143
2011-09-23,47566,183.0,0.0,3,143
2011-09-24,47566,183.0,0.0,3,143
2011-09-25,47566,153.0,0.0,3,143
2011-09-26,47566,142.0,206.0,3,143
2011-09-27,47566,94.0,206.0,3,143
2011-09-28,47566,16.0,206.0,3,143
2011-09-29,47566,222.0,0.0,3,143
2011-09-30,47566,192.0,0.0,3,143
2011-10-01,47566,192.0,0.0,3,143
2011-10-02,47566,182.0,0.0,3,143
2011-10-03,47566,153.0,0.0,3,143
2011-10-04,47566,116.0,232.0,3,143
2011-10-05,47566,93.0,232.0,3,143
2011-10-06,47566,93.0,232.0,3,143
2011-10-07,47566,261.0,0.0,3,143
2011-10-08,47566,261.0,0.0,3,143
2011-10-09,47566,261.0,0.0,3,143
2011-10-10,47566,259.0,0.0,3,143
2011-10-11,47566,231.0,0.0,3,143
2011-10-12,47566,215.0,0.0,3,143
2011-10-13,47566,186.0,0.0,3,143
2011-10-14,47566,169.0,0.0,3,143
2011-10-15,47566,169.0,0.0,3,143
2011-10-16,47566,155.0,0.0,3,143
2011-10-17,47566,140.0,208.0,3,143
2011-10-18,47566,4.0,208.0,3,143
2011-10-19,47566,0.0,208.0,3,143
2011-10-20,47566,184.0,0.0,3,143
2011-10-21,47566,158.0,0.0,3,143
2011-10-22,47566,158.0,0.0,3,143
2011-10-23,47566,158.0,0.0,3,143
2011-10-24,47566,156.0,0.0,3,143
2011-10-25,47566,129.0,219.0,3,143
2011-10-26,47566,122.0,219.0,3,143
2011-10-27,47566,94.0,219.0,3,143
2011-10-28,47566,304.0,0.0,3,143
2011-10-29,47566,304.0,0.0,3,143
2011-10-30,47566,299.0,0.0,3,143
2011-10-31,47566,267.0,0.0,3,143
2011-11-01,47566,262.0,0.0,3,143
2011-11-02,47566,254.0,0.0,3,143
2011-11-03,47566,250.0,0.0,3,143
2011-11-04,47566,211.0,0.0,3,143
2011-11-05,47566,211.0,0.0,3,143
2011-11-06,47566,197.0,0.0,3,143
2011-11-07,47566,179.0,0.0,3,143
2011-11-08,47566,165.0,0.0,3,143
2011-11-09,47566,136.0,212.0,3,143
2011-11-10,47566,96.0,212.0,3,143
2011-11-11,47566,68.0,212.0,3,143
2011-11-12,47566,280.0,0.0,3,143
2011-11-13,47566,274.0,0.0,3,143
2011-11-14,47566,271.0,0.0,3,143
2011-11-15,47566,213.0,0.0,3,143
2011-11-16,47566,105.0,243.0,3,143
2011-11-17,47566,87.0,243.0,3,143
2011-11-18,47566,66.0,243.0,3,143
2011-11-19,47566,309.0,0.0,3,143
2011-11-20,47566,299.0,0.0,3,143
2011-11-21,47566,0.0,348.0,3,143
2011-11-22,47566,0.0,348.0,3,143
2011-11-23,47566,0.0,348.0,3,143
2011-11-24,47566,292.0,0.0,3,143
2011-11-25,47566,271.0,0.0,3,143
2011-11-26,47566,271.0,0.0,3,143
2011-11-27,47566,268.0,0.0,3,143
2011-11-28,47566,259.0,0.0,3,143
2011-11-29,47566,249.0,0.0,3,143
2011-11-30,47566,230.0,0.0,3,143
2011-12-01,47566,222.0,0.0,3,143
2011-12-02,47566,182.0,0.0,3,143
2011-12-03,47566,182.0,0.0,3,143
2011-12-04,47566,163.0,0.0,3,143
2011-12-05,47566,147.0,0.0,3,143
2011-12-06,47566,126.0,222.0,3,143
2011-12-07,47566,123.0,222.0,3,143
2011-12-08,47566,101.0,222.0,3,143
2011-12-09,47566,316.0,0.0,3,143
2011-08-11,47566B,101.0,0.0,14,86
2011-08-12,47566B,101.0,0.0,14,86
2011-08-13,47566B,101.0,0.0,14,86
2011-08-14,47566B,96.0,0.0,14,86
2011-08-15,47566B,88.0,0.0,14,86
2011-08-16,47566B,83.0,95.0,14,86
2011-08-17,47566B,80.0,95.0,14,86
2011-08-18,47566B,80.0,95.0,14,86
2011-08-19,47566B,80.0,95.0,14,86
2011-08-20,47566B,80.0,95.0,14,86
2011-08-21,47566B,76.0,95.0,14,86
2011-08-22,47566B,76.0,95.0,14,86
2011-08-23,47566B,76.0,95.0,14,86
2011-08-24,47566B,69.0,95.0,14,86
2011-08-25,47566B,69.0,95.0,14,86
2011-08-26,47566B,69.0,95.0,14,86
2011-08-27,47566B,69.0,95.0,14,86
2011-08-28,47566B,66.0,95.0,14,86
2011-08-29,47566B,66.0,95.0,14,86
2011-08-30,47566B,161.0,0.0,14,86
2011-08-31,47566B,161.0,0.0,14,86
2011-09-01,47566B,153.0,0.0,14,86
2011-09-02,47566B,149.0,0.0,14,86
2011-09-03,47566B,149.0,0.0,14,86
2011-09-04,47566B,149.0,0.0,14,86
2011-09-05,47566B,149.0,0.0,14,86
2011-09-06,47566B,149.0,0.0,14,86
2011-09-07,47566B,136.0,0.0,14,86
2011-09-08,47566B,135.0,0.0,14,86
2011-09-09,47566B,135.0,0.0,14,86
2011-09-10,47566B,135.0,0.0,14,86
2011-09-11,47566B,133.0,0.0,14,86
2011-09-12,47566B,133.0,0.0,14,86
2011-09-13,47566B,130.0,0.0,14,86
2011-09-14,47566B,127.0,0.0,14,86
2011-09-15,47566B,124.0,0.0,14,86
2011-09-16,47566B,120.0,0.0,14,86
2011-09-17,47566B,120.0,0.0,14,86
2011-09-18,47566B,116.0,0.0,14,86
2011-09-19,47566B,115.0,0.0,14,86
2011-09-20,47566B,113.0,0.0,14,86
2011-09-21,47566B,113.0,0.0,14,86
2011-09-22,47566B,106.0,0.0,14,86
2011-09-23,47566B,104.0,0.0,14,86
2011-09-24,47566B,104.0,0.0,14,86
2011-09-25,47566B,104.0,0.0,14,86
2011-09-26,47566B,104.0,0.0,14,86
2011-09-27,47566B,104.0,0.0,14,86
2011-09-28,47566B,103.0,0.0,14,86
2011-09-29,47566B,103.0,0.0,14,86
2011-09-30,47566B,103.0,0.0,14,86
2011-10-01,47566B,103.0,0.0,14,86
2011-10-02,47566B,99.0,0.0,14,86
2011-10-03,47566B,99.0,0.0,14,86
2011-10-04,47566B,99.0,0.0,14,86
2011-10-05,47566B,99.0,0.0,14,86
2011-10-06,47566B,99.0,0.0,14,86
2011-10-07,47566B,99.0,0.0,14,86
2011-10-08,47566B,99.0,0.0,14,86
2011-10-09,47566B,99.0,0.0,14,86
2011-10-10,47566B,95.0,0.0,14,86
2011-10-11,47566B,95.0,0.0,14,86
2011-10-12,47566B,95.0,0.0,14,86
2011-10-13,47566B,95.0,0.0,14,86
2011-10-14,47566B,95.0,0.0,14,86
2011-10-15,47566B,95.0,0.0,14,86
2011-10-16,47566B,92.0,0.0,14,86
2011-10-17,47566B,88.0,0.0,14,86
2011-10-18,47566B,86.0,92.0,14,86
2011-10-19,47566B,81.0,92.0,14,86
2011-10-20,47566B,81.0,92.0,14,86
2011-10-21,47566B,78.0,92.0,14,86
2011-10-22,47566B,78.0,92.0,14,86
2011-10-23,47566B,73.0,92.0,14,86
2011-10-24,47566B,72.0,92.0,14,86
2011-10-25,47566B,72.0,92.0,14,86
2011-10-26,47566B,72.0,92.0,14,86
2011-10-27,47566B,62.0,92.0,14,86
2011-10-28,47566B,62.0,92.0,14,86
2011-10-29,47566B,62.0,92.0,14,86
2011-10-30,47566B,62.0,92.0,14,86
2011-10-31,47566B,58.0,92.0,14,86
2011-11-01,47566B,149.0,0.0,14,86
2011-11-02,47566B,146.0,0.0,14,86
2011-11-03,47566B,146.0,0.0,14,86
2011-11-04,47566B,146.0,0.0,14,86
2011-11-05,47566B,146.0,0.0,14,86
2011-11-06,47566B,144.0,0.0,14,86
2011-11-07,47566B,144.0,0.0,14,86
2011-11-08,47566B,141.0,0.0,14,86
2011-11-09,47566B,134.0,0.0,14,86
2011-11-10,47566B,134.0,0.0,14,86
2011-11-11,47566B,133.0,0.0,14,86
2011-11-12,47566B,133.0,0.0,14,86
2011-11-13,47566B,133.0,0.0,14,86
2011-11-14,47566B,132.0,0.0,14,86
2011-11-15,47566B,132.0,0.0,14,86
2011-11-16,47566B,132.0,0.0,14,86
2011-11-17,47566B,132.0,0.0,14,86
2011-11-18,47566B,132.0,0.0,14,86
2011-11-19,47566B,132.0,0.0,14,86
2011-11-20,47566B,130.0,0.0,14,86
2011-11-21,47566B,130.0,0.0,14,86
2011-11-22,47566B,130.0,0.0,14,86
2011-11-23,47566B,130.0,0.0,14,86
2011-11-24,47566B,130.0,0.0,14,86
2011-11-25,47566B,130.0,0.0,14,86
2011-11-26,47566B,130.0,0.0,14,86
2011-11-27,47566B,130.0,0.0,14,86
2011-11-28,47566B,130.0,0.0,14,86
2011-11-29,47566B,129.0,0.0,14,86
2011-11-30,47566B,129.0,0.0,14,86
2011-12-01,47566B,129.0,0.0,14,86
2011-12-02,47566B,129.0,0.0,14,86
2011-12-03,47566B,129.0,0.0,14,86
2011-12-04,47566B,128.0,0.0,14,86
2011-12-05,47566B,128.0,0.0,14,86
2011-12-06,47566B,128.0,0.0,14,86
2011-12-07,47566B,128.0,0.0,14,86
2011-12-08,47566B,128.0,0.0,14,86
2011-12-09,47566B,128.0,0.0,14,86
2011-08-11,47590A,117.0,0.0,5,40
2011-08-12,47590A,114.0,0.0,5,40
2011-08-13,47590A,114.0,0.0,5,40
2011-08-14,47590A,114.0,0.0,5,40
2011-08-15,47590A,114.0,0.0,5,40
2011-08-16,47590A,108.0,0.0,5,40
2011-08-17,47590A,102.0,0.0,5,40
2011-08-18,47590A,52.0,0.0,5,40
2011-08-19,47590A,43.0,0.0,5,40
2011-08-20,47590A,43.0,0.0,5,40
2011-08-21,47590A,39.0,90.0,5,40
2011-08-22,47590A,27.0,90.0,5,40
2011-08-23,47590A,21.0,90.0,5,40
2011-08-24,47590A,19.0,90.0,5,40
2011-08-25,47590A,19.0,90.0,5,40
2011-08-26,47590A,109.0,0.0,5,40
2011-08-27,47590A,109.0,0.0,5,40
2011-08-28,47590A,100.0,0.0,5,40
2011-08-29,47590A,100.0,0.0,5,40
2011-08-30,47590A,89.0,0.0,5,40
2011-08-31,47590A,89.0,0.0,5,40
2011-09-01,47590A,80.0,0.0,5,40
2011-09-02,47590A,71.0,0.0,5,40
2011-09-03,47590A,71.0,0.0,5,40
2011-09-04,47590A,29.0,100.0,5,40
2011-09-05,47590A,22.0,100.0,5,40
2011-09-06,47590A,13.0,100.0,5,40
2011-09-07,47590A,12.0,100.0,5,40
2011-09-08,47590A,12.0,100.0,5,40
2011-09-09,47590A,112.0,0.0,5,40
2011-09-10,47590A,112.0,0.0,5,40
2011-09-11,47590A,99.0,0.0,5,40
2011-09-12,47590A,99.0,0.0,5,40
2011-09-13,47590A,84.0,0.0,5,40
2011-09-14,47590A,83.0,0.0,5,40
2011-09-15,47590A,83.0,0.0,5,40
2011-09-16,47590A,75.0,0.0,5,40
2011-09-17,47590A,75.0,0.0,5,40
2011-09-18,47590A,69.0,0.0,5,40
2011-09-19,47590A,66.0,0.0,5,40
2011-09-20,47590A,63.0,0.0,5,40
2011-09-21,47590A,58.0,0.0,5,40
2011-09-22,47590A,46.0,0.0,5,40
2011-09-23,47590A,42.0,0.0,5,40
2011-09-24,47590A,42.0,0.0,5,40
2011-09-25,47590A,42.0,0.0,5,40
2011-09-26,47590A,39.0,90.0,5,40
2011-09-27,47590A,29.0,90.0,5,40
2011-09-28,47590A,21.0,90.0,5,40
2011-09-29,47590A,0.0,90.0,5,40
2011-09-30,47590A,0.0,90.0,5,40
2011-10-01,47590A,90.0,0.0,5,40
2011-10-02,47590A,87.0,0.0,5,40
2011-10-03,47590A,80.0,0.0,5,40
2011-10-04,47590A,78.0,0.0,5,40
2011-10-05,47590A,78.0,0.0,5,40
2011-10-06,47590A,25.0,104.0,5,40
2011-10-07,47590A,16.0,104.0,5,40
2011-10-08,47590A,16.0,104.0,5,40
2011-10-09,47590A,16.0,104.0,5,40
2011-10-10,47590A,11.0,104.0,5,40
2011-10-11,47590A,91.0,0.0,5,40
2011-10-12,47590A,85.0,0.0,5,40
2011-10-13,47590A,85.0,0.0,5,40
2011-10-14,47590A,83.0,0.0,5,40
2011-10-15,47590A,83.0,0.0,5,40
2011-10-16,47590A,83.0,0.0,5,40
2011-10-17,47590A,81.0,0.0,5,40
2011-10-18,47590A,76.0,0.0,5,40
2011-10-19,47590A,76.0,0.0,5,40
2011-10-20,47590A,57.0,0.0,5,40
2011-10-21,47590A,57.0,0.0,5,40
2011-10-22,47590A,57.0,0.0,5,40
2011-10-23,47590A,55.0,0.0,5,40
2011-10-24,47590A,54.0,0.0,5,40
2011-10-25,47590A,54.0,0.0,5,40
2011-10-26,47590A,54.0,0.0,5,40
2011-10-27,47590A,53.0,0.0,5,40
2011-10-28,47590A,53.0,0.0,5,40
2011-10-29,47590A,53.0,0.0,5,40
2011-10-30,47590A,50.0,0.0,5,40
2011-10-31,47590A,48.0,0.0,5,40
2011-11-01,47590A,45.0,0.0,5,40
2011-11-02,47590A,45.0,0.0,5,40
2011-11-03,47590A,42.0,0.0,5,40
2011-11-04,47590A,26.0,103.0,5,40
2011-11-05,47590A,26.0,103.0,5,40
2011-11-06,47590A,23.0,103.0,5,40
2011-11-07,47590A,23.0,103.0,5,40
2011-11-08,47590A,14.0,103.0,5,40
2011-11-09,47590A,117.0,0.0,5,40
2011-11-10,47590A,107.0,0.0,5,40
2011-11-11,47590A,101.0,0.0,5,40
2011-11-12,47590A,101.0,0.0,5,40
2011-11-13,47590A,97.0,0.0,5,40
2011-11-14,47590A,97.0,0.0,5,40
2011-11-15,47590A,47.0,0.0,5,40
2011-11-16,47590A,44.0,0.0,5,40
2011-11-17,47590A,41.0,0.0,5,40
2011-11-18,47590A,38.0,91.0,5,40
2011-11-19,47590A,38.0,91.0,5,40
2011-11-20,47590A,38.0,91.0,5,40
2011-11-21,47590A,35.0,91.0,5,40
2011-11-22,47590A,35.0,91.0,5,40
2011-11-23,47590A,124.0,0.0,5,40
2011-11-24,47590A,120.0,0.0,5,40
2011-11-25,47590A,120.0,0.0,5,40
2011-11-26,47590A,120.0,0.0,5,40
2011-11-27,47590A,120.0,0.0,5,40
2011-11-28,47590A,120.0,0.0,5,40
2011-11-29,47590A,117.0,0.0,5,40
2011-11-30,47590A,117.0,0.0,5,40
2011-12-01,47590A,117.0,0.0,5,40
2011-12-02,47590A,113.0,0.0,5,40
2011-12-03,47590A,113.0,0.0,5,40
2011-12-04,47590A,113.0,0.0,5,40
2011-12-05,47590A,113.0,0.0,5,40
2011-12-06,47590A,111.0,0.0,5,40
2011-12-07,47590A,111.0,0.0,5,40
2011-12-08,47590A,111.0,0.0,5,40
2011-12-09,47590A,111.0,0.0,5,40
2011-08-11,47590B,148.0,0.0,5,44
2011-08-12,47590B,148.0,0.0,5,44
2011-08-13,47590B,148.0,0.0,5,44
2011-08-14,47590B,148.0,0.0,5,44
2011-08-15,47590B,148.0,0.0,5,44
2011-08-16,47590B,138.0,0.0,5,44
2011-08-17,47590B,131.0,0.0,5,44
2011-08-18,47590B,81.0,0.0,5,44
2011-08-19,47590B,78.0,0.0,5,44
2011-08-20,47590B,78.0,0.0,5,44
2011-08-21,47590B,76.0,0.0,5,44
2011-08-22,47590B,61.0,0.0,5,44
2011-08-23,47590B,58.0,0.0,5,44
2011-08-24,47590B,56.0,0.0,5,44
2011-08-25,47590B,56.0,0.0,5,44
2011-08-26,47590B,56.0,0.0,5,44
2011-08-27,47590B,56.0,0.0,5,44
2011-08-28,47590B,47.0,0.0,5,44
2011-08-29,47590B,47.0,0.0,5,44
2011-08-30,47590B,36.0,113.0,5,44
2011-08-31,47590B,36.0,113.0,5,44
2011-09-01,47590B,0.0,113.0,5,44
2011-09-02,47590B,0.0,113.0,5,44
2011-09-03,47590B,0.0,113.0,5,44
2011-09-04,47590B,89.0,0.0,5,44
2011-09-05,47590B,82.0,0.0,5,44
2011-09-06,47590B,73.0,0.0,5,44
2011-09-07,47590B,70.0,0.0,5,44
2011-09-08,47590B,64.0,0.0,5,44
2011-09-09,47590B,64.0,0.0,5,44
2011-09-10,47590B,64.0,0.0,5,44
2011-09-11,47590B,61.0,0.0,5,44
2011-09-12,47590B,60.0,0.0,5,44
2011-09-13,47590B,39.0,110.0,5,44
2011-09-14,47590B,39.0,110.0,5,44
2011-09-15,47590B,39.0,110.0,5,44
2011-09-16,47590B,39.0,110.0,5,44
2011-09-17,47590B,39.0,110.0,5,44
2011-09-18,47590B,143.0,0.0,5,44
2011-09-19,47590B,137.0,0.0,5,44
2011-09-20,47590B,137.0,0.0,5,44
2011-09-21,47590B,137.0,0.0,5,44
2011-09-22,47590B,124.0,0.0,5,44
2011-09-23,47590B,119.0,0.0,5,44
2011-09-24,47590B,119.0,0.0,5,44
2011-09-25,47590B,108.0,0.0,5,44
2011-09-26,47590B,105.0,0.0,5,44
2011-09-27,47590B,95.0,0.0,5,44
2011-09-28,47590B,88.0,0.0,5,44
2011-09-29,47590B,61.0,0.0,5,44
2011-09-30,47590B,60.0,0.0,5,44
2011-10-01,47590B,60.0,0.0,5,44
2011-10-02,47590B,59.0,0.0,5,44
2011-10-03,47590B,50.0,0.0,5,44
2011-10-04,47590B,49.0,0.0,5,44
2011-10-05,47590B,49.0,0.0,5,44
2011-10-06,47590B,46.0,0.0,5,44
2011-10-07,47590B,22.0,127.0,5,44
2011-10-08,47590B,22.0,127.0,5,44
2011-10-09,47590B,21.0,127.0,5,44
2011-10-10,47590B,14.0,127.0,5,44
2011-10-11,47590B,14.0,127.0,5,44
2011-10-12,47590B,133.0,0.0,5,44
2011-10-13,47590B,130.0,0.0,5,44
2011-10-14,47590B,128.0,0.0,5,44
2011-10-15,47590B,128.0,0.0,5,44
2011-10-16,47590B,127.0,0.0,5,44
2011-10-17,47590B,126.0,0.0,5,44
2011-10-18,47590B,71.0,0.0,5,44
2011-10-19,47590B,71.0,0.0,5,44
2011-10-20,47590B,65.0,0.0,5,44
2011-10-21,47590B,65.0,0.0,5,44
2011-10-22,47590B,65.0,0.0,5,44
2011-10-23,47590B,63.0,0.0,5,44
2011-10-24,47590B,63.0,0.0,5,44
2011-10-25,47590B,63.0,0.0,5,44
2011-10-26,47590B,62.0,0.0,5,44
2011-10-27,47590B,49.0,0.0,5,44
2011-10-28,47590B,49.0,0.0,5,44
2011-10-29,47590B,49.0,0.0,5,44
2011-10-30,47590B,46.0,0.0,5,44
2011-10-31,47590B,42.0,107.0,5,44
2011-11-01,47590B,40.0,107.0,5,44
2011-11-02,47590B,40.0,107.0,5,44
2011-11-03,47590B,40.0,107.0,5,44
2011-11-04,47590B,23.0,107.0,5,44
2011-11-05,47590B,130.0,0.0,5,44
2011-11-06,47590B,127.0,0.0,5,44
2011-11-07,47590B,127.0,0.0,5,44
2011-11-08,47590B,119.0,0.0,5,44
2011-11-09,47590B,119.0,0.0,5,44
2011-11-10,47590B,109.0,0.0,5,44
2011-11-11,47590B,100.0,0.0,5,44
2011-11-12,47590B,100.0,0.0,5,44
2011-11-13,47590B,95.0,0.0,5,44
2011-11-14,47590B,95.0,0.0,5,44
2011-11-15,47590B,45.0,0.0,5,44
2011-11-16,47590B,42.0,107.0,5,44
2011-11-17,47590B,39.0,107.0,5,44
2011-11-18,47590B,36.0,107.0,5,44
2011-11-19,47590B,36.0,107.0,5,44
2011-11-20,47590B,36.0,107.0,5,44
2011-11-21,47590B,140.0,0.0,5,44
2011-11-22,47590B,139.0,0.0,5,44
2011-11-23,47590B,138.0,0.0,5,44
2011-11-24,47590B,135.0,0.0,5,44
2011-11-25,47590B,135.0,0.0,5,44
2011-11-26,47590B,135.0,0.0,5,44
2011-11-27,47590B,135.0,0.0,5,44
2011-11-28,47590B,134.0,0.0,5,44
2011-11-29,47590B,131.0,0.0,5,44
2011-11-30,47590B,130.0,0.0,5,44
2011-12-01,47590B,127.0,0.0,5,44
2011-12-02,47590B,119.0,0.0,5,44
2011-12-03,47590B,119.0,0.0,5,44
2011-12-04,47590B,119.0,0.0,5,44
2011-12-05,47590B,118.0,0.0,5,44
2011-12-06,47590B,118.0,0.0,5,44
2011-12-07,47590B,115.0,0.0,5,44
2011-12-08,47590B,115.0,0.0,5,44
2011-12-09,47590B,114.0,0.0,5,44
2011-08-11,48111,408.0,0.0,12,320
2011-08-12,48111,408.0,0.0,12,320
2011-08-13,48111,408.0,0.0,12,320
2011-08-14,48111,404.0,0.0,12,320
2011-08-15,48111,400.0,0.0,12,320
2011-08-16,48111,393.0,0.0,12,320
2011-08-17,48111,393.0,0.0,12,320
2011-08-18,48111,383.0,0.0,12,320
2011-08-19,48111,382.0,0.0,12,320
2011-08-20,48111,382.0,0.0,12,320
2011-08-21,48111,382.0,0.0,12,320
2011-08-22,48111,382.0,0.0,12,320
2011-08-23,48111,378.0,0.0,12,320
2011-08-24,48111,376.0,0.0,12,320
2011-08-25,48111,376.0,0.0,12,320
2011-08-26,48111,375.0,0.0,12,320
2011-08-27,48111,375.0,0.0,12,320
2011-08-28,48111,375.0,0.0,12,320
2011-08-29,48111,375.0,0.0,12,320
2011-08-30,48111,374.0,0.0,12,320
2011-08-31,48111,374.0,0.0,12,320
2011-09-01,48111,374.0,0.0,12,320
2011-09-02,48111,374.0,0.0,12,320
2011-09-03,48111,374.0,0.0,12,320
2011-09-04,48111,373.0,0.0,12,320
2011-09-05,48111,373.0,0.0,12,320
2011-09-06,48111,373.0,0.0,12,320
2011-09-07,48111,371.0,0.0,12,320
2011-09-08,48111,371.0,0.0,12,320
2011-09-09,48111,371.0,0.0,12,320
2011-09-10,48111,371.0,0.0,12,320
2011-09-11,48111,371.0,0.0,12,320
2011-09-12,48111,371.0,0.0,12,320
2011-09-13,48111,368.0,0.0,12,320
2011-09-14,48111,368.0,0.0,12,320
2011-09-15,48111,0.0,664.0,12,320
2011-09-16,48111,0.0,664.0,12,320
2011-09-17,48111,0.0,664.0,12,320
2011-09-18,48111,0.0,664.0,12,320
2011-09-19,48111,0.0,664.0,12,320
2011-09-20,48111,0.0,664.0,12,320
2011-09-21,48111,0.0,664.0,12,320
2011-09-22,48111,0.0,664.0,12,320
2011-09-23,48111,0.0,664.0,12,320
2011-09-24,48111,0.0,664.0,12,320
2011-09-25,48111,0.0,664.0,12,320
2011-09-26,48111,0.0,664.0,12,320
2011-09-27,48111,664.0,0.0,12,320
2011-09-28,48111,662.0,0.0,12,320
2011-09-29,48111,660.0,0.0,12,320
2011-09-30,48111,659.0,0.0,12,320
2011-10-01,48111,659.0,0.0,12,320
2011-10-02,48111,659.0,0.0,12,320
2011-10-03,48111,648.0,0.0,12,320
2011-10-04,48111,645.0,0.0,12,320
2011-10-05,48111,645.0,0.0,12,320
2011-10-06,48111,645.0,0.0,12,320
2011-10-07,48111,644.0,0.0,12,320
2011-10-08,48111,644.0,0.0,12,320
2011-10-09,48111,642.0,0.0,12,320
2011-10-10,48111,640.0,0.0,12,320
2011-10-11,48111,636.0,0.0,12,320
2011-10-12,48111,636.0,0.0,12,320
2011-10-13,48111,636.0,0.0,12,320
2011-10-14,48111,636.0,0.0,12,320
2011-10-15,48111,636.0,0.0,12,320
2011-10-16,48111,632.0,0.0,12,320
2011-10-17,48111,632.0,0.0,12,320
2011-10-18,48111,631.0,0.0,12,320
2011-10-19,48111,631.0,0.0,12,320
2011-10-20,48111,631.0,0.0,12,320
2011-10-21,48111,631.0,0.0,12,320
2011-10-22,48111,631.0,0.0,12,320
2011-10-23,48111,630.0,0.0,12,320
2011-10-24,48111,628.0,0.0,12,320
2011-10-25,48111,628.0,0.0,12,320
2011-10-26,48111,628.0,0.0,12,320
2011-10-27,48111,618.0,0.0,12,320
2011-10-28,48111,618.0,0.0,12,320
2011-10-29,48111,618.0,0.0,12,320
2011-10-30,48111,618.0,0.0,12,320
2011-10-31,48111,616.0,0.0,12,320
2011-11-01,48111,615.0,0.0,12,320
2011-11-02,48111,614.0,0.0,12,320
2011-11-03,48111,606.0,0.0,12,320
2011-11-04,48111,605.0,0.0,12,320
2011-11-05,48111,605.0,0.0,12,320
2011-11-06,48111,603.0,0.0,12,320
2011-11-07,48111,602.0,0.0,12,320
2011-11-08,48111,600.0,0.0,12,320
2011-11-09,48111,598.0,0.0,12,320
2011-11-10,48111,598.0,0.0,12,320
2011-11-11,48111,587.0,0.0,12,320
2011-11-12,48111,587.0,0.0,12,320
2011-11-13,48111,582.0,0.0,12,320
2011-11-14,48111,581.0,0.0,12,320
2011-11-15,48111,581.0,0.0,12,320
2011-11-16,48111,571.0,0.0,12,320
2011-11-17,48111,571.0,0.0,12,320
2011-11-18,48111,571.0,0.0,12,320
2011-11-19,48111,571.0,0.0,12,320
2011-11-20,48111,571.0,0.0,12,320
2011-11-21,48111,568.0,0.0,12,320
2011-11-22,48111,566.0,0.0,12,320
2011-11-23,48111,566.0,0.0,12,320
2011-11-24,48111,558.0,0.0,12,320
2011-11-25,48111,558.0,0.0,12,320
2011-11-26,48111,558.0,0.0,12,320
2011-11-27,48111,558.0,0.0,12,320
2011-11-28,48111,555.0,0.0,12,320
2011-11-29,48111,551.0,0.0,12,320
2011-11-30,48111,550.0,0.0,12,320
2011-12-01,48111,550.0,0.0,12,320
2011-12-02,48111,550.0,0.0,12,320
2011-12-03,48111,550.0,0.0,12,320
2011-12-04,48111,547.0,0.0,12,320
2011-12-05,48111,546.0,0.0,12,320
2011-12-06,48111,546.0,0.0,12,320
2011-12-07,48111,546.0,0.0,12,320
2011-12-08,48111,545.0,0.0,12,320
2011-12-09,48111,535.0,0.0,12,320
2011-08-11,48116,193.0,0.0,4,108
2011-08-12,48116,193.0,0.0,4,108
2011-08-13,48116,193.0,0.0,4,108
2011-08-14,48116,193.0,0.0,4,108
2011-08-15,48116,191.0,0.0,4,108
2011-08-16,48116,191.0,0.0,4,108
2011-08-17,48116,191.0,0.0,4,108
2011-08-18,48116,181.0,0.0,4,108
2011-08-19,48116,181.0,0.0,4,108
2011-08-20,48116,181.0,0.0,4,108
2011-08-21,48116,181.0,0.0,4,108
2011-08-22,48116,180.0,0.0,4,108
2011-08-23,48116,180.0,0.0,4,108
2011-08-24,48116,180.0,0.0,4,108
2011-08-25,48116,180.0,0.0,4,108
2011-08-26,48116,180.0,0.0,4,108
2011-08-27,48116,180.0,0.0,4,108
2011-08-28,48116,180.0,0.0,4,108
2011-08-29,48116,180.0,0.0,4,108
2011-08-30,48116,180.0,0.0,4,108
2011-08-31,48116,180.0,0.0,4,108
2011-09-01,48116,180.0,0.0,4,108
2011-09-02,48116,180.0,0.0,4,108
2011-09-03,48116,180.0,0.0,4,108
2011-09-04,48116,180.0,0.0,4,108
2011-09-05,48116,180.0,0.0,4,108
2011-09-06,48116,180.0,0.0,4,108
2011-09-07,48116,180.0,0.0,4,108
2011-09-08,48116,180.0,0.0,4,108
2011-09-09,48116,180.0,0.0,4,108
2011-09-10,48116,180.0,0.0,4,108
2011-09-11,48116,180.0,0.0,4,108
2011-09-12,48116,180.0,0.0,4,108
2011-09-13,48116,177.0,0.0,4,108
2011-09-14,48116,177.0,0.0,4,108
2011-09-15,48116,0.0,291.0,4,108
2011-09-16,48116,0.0,291.0,4,108
2011-09-17,48116,0.0,291.0,4,108
2011-09-18,48116,0.0,291.0,4,108
2011-09-19,48116,291.0,0.0,4,108
2011-09-20,48116,291.0,0.0,4,108
2011-09-21,48116,291.0,0.0,4,108
2011-09-22,48116,290.0,0.0,4,108
2011-09-23,48116,290.0,0.0,4,108
2011-09-24,48116,290.0,0.0,4,108
2011-09-25,48116,290.0,0.0,4,108
2011-09-26,48116,290.0,0.0,4,108
2011-09-27,48116,290.0,0.0,4,108
2011-09-28,48116,289.0,0.0,4,108
2011-09-29,48116,279.0,0.0,4,108
2011-09-30,48116,275.0,0.0,4,108
2011-10-01,48116,275.0,0.0,4,108
2011-10-02,48116,275.0,0.0,4,108
2011-10-03,48116,275.0,0.0,4,108
2011-10-04,48116,274.0,0.0,4,108
2011-10-05,48116,270.0,0.0,4,108
2011-10-06,48116,248.0,0.0,4,108
2011-10-07,48116,238.0,0.0,4,108
2011-10-08,48116,238.0,0.0,4,108
2011-10-09,48116,238.0,0.0,4,108
2011-10-10,48116,238.0,0.0,4,108
2011-10-11,48116,238.0,0.0,4,108
2011-10-12,48116,238.0,0.0,4,108
2011-10-13,48116,238.0,0.0,4,108
2011-10-14,48116,238.0,0.0,4,108
2011-10-15,48116,238.0,0.0,4,108
2011-10-16,48116,238.0,0.0,4,108
2011-10-17,48116,238.0,0.0,4,108
2011-10-18,48116,238.0,0.0,4,108
2011-10-19,48116,238.0,0.0,4,108
2011-10-20,48116,238.0,0.0,4,108
2011-10-21,48116,238.0,0.0,4,108
2011-10-22,48116,238.0,0.0,4,108
2011-10-23,48116,237.0,0.0,4,108
2011-10-24,48116,237.0,0.0,4,108
2011-10-25,48116,237.0,0.0,4,108
2011-10-26,48116,237.0,0.0,4,108
2011-10-27,48116,237.0,0.0,4,108
2011-10-28,48116,237.0,0.0,4,108
2011-10-29,48116,237.0,0.0,4,108
2011-10-30,48116,237.0,0.0,4,108
2011-10-31,48116,237.0,0.0,4,108
2011-11-01,48116,237.0,0.0,4,108
2011-11-02,48116,237.0,0.0,4,108
2011-11-03,48116,237.0,0.0,4,108
2011-11-04,48116,237.0,0.0,4,108
2011-11-05,48116,237.0,0.0,4,108
2011-11-06,48116,237.0,0.0,4,108
2011-11-07,48116,232.0,0.0,4,108
2011-11-08,48116,230.0,0.0,4,108
2011-11-09,48116,230.0,0.0,4,108
2011-11-10,48116,229.0,0.0,4,108
2011-11-11,48116,229.0,0.0,4,108
2011-11-12,48116,229.0,0.0,4,108
2011-11-13,48116,227.0,0.0,4,108
2011-11-14,48116,227.0,0.0,4,108
2011-11-15,48116,227.0,0.0,4,108
2011-11-16,48116,226.0,0.0,4,108
2011-11-17,48116,225.0,0.0,4,108
2011-11-18,48116,225.0,0.0,4,108
2011-11-19,48116,225.0,0.0,4,108
2011-11-20,48116,224.0,0.0,4,108
2011-11-21,48116,224.0,0.0,4,108
2011-11-22,48116,222.0,0.0,4,108
2011-11-23,48116,221.0,0.0,4,108
2011-11-24,48116,219.0,0.0,4,108
2011-11-25,48116,219.0,0.0,4,108
2011-11-26,48116,219.0,0.0,4,108
2011-11-27,48116,219.0,0.0,4,108
2011-11-28,48116,218.0,0.0,4,108
2011-11-29,48116,217.0,0.0,4,108
2011-11-30,48116,215.0,0.0,4,108
2011-12-01,48116,215.0,0.0,4,108
2011-12-02,48116,215.0,0.0,4,108
2011-12-03,48116,215.0,0.0,4,108
2011-12-04,48116,215.0,0.0,4,108
2011-12-05,48116,206.0,0.0,4,108
2011-12-06,48116,203.0,0.0,4,108
2011-12-07,48116,201.0,0.0,4,108
2011-12-08,48116,197.0,0.0,4,108
2011-12-09,48116,197.0,0.0,4,108
2011-08-11,48138,405.0,519.0,11,436
2011-08-12,48138,405.0,519.0,11,436
2011-08-13,48138,405.0,519.0,11,436
2011-08-14,48138,399.0,519.0,11,436
2011-08-15,48138,916.0,0.0,11,436
2011-08-16,48138,905.0,0.0,11,436
2011-08-17,48138,885.0,0.0,11,436
2011-08-18,48138,881.0,0.0,11,436
2011-08-19,48138,859.0,0.0,11,436
2011-08-20,48138,859.0,0.0,11,436
2011-08-21,48138,859.0,0.0,11,436
2011-08-22,48138,858.0,0.0,11,436
2011-08-23,48138,853.0,0.0,11,436
2011-08-24,48138,843.0,0.0,11,436
2011-08-25,48138,843.0,0.0,11,436
2011-08-26,48138,843.0,0.0,11,436
2011-08-27,48138,843.0,0.0,11,436
2011-08-28,48138,843.0,0.0,11,436
2011-08-29,48138,843.0,0.0,11,436
2011-08-30,48138,841.0,0.0,11,436
2011-08-31,48138,841.0,0.0,11,436
2011-09-01,48138,832.0,0.0,11,436
2011-09-02,48138,822.0,0.0,11,436
2011-09-03,48138,822.0,0.0,11,436
2011-09-04,48138,822.0,0.0,11,436
2011-09-05,48138,822.0,0.0,11,436
2011-09-06,48138,816.0,0.0,11,436
2011-09-07,48138,815.0,0.0,11,436
2011-09-08,48138,813.0,0.0,11,436
2011-09-09,48138,798.0,0.0,11,436
2011-09-10,48138,798.0,0.0,11,436
2011-09-11,48138,793.0,0.0,11,436
2011-09-12,48138,761.0,0.0,11,436
2011-09-13,48138,758.0,0.0,11,436
2011-09-14,48138,757.0,0.0,11,436
2011-09-15,48138,241.0,685.0,11,436
2011-09-16,48138,237.0,685.0,11,436
2011-09-17,48138,237.0,685.0,11,436
2011-09-18,48138,237.0,685.0,11,436
2011-09-19,48138,236.0,685.0,11,436
2011-09-20,48138,234.0,685.0,11,436
2011-09-21,48138,230.0,685.0,11,436
2011-09-22,48138,227.0,685.0,11,436
2011-09-23,48138,227.0,685.0,11,436
2011-09-24,48138,227.0,685.0,11,436
2011-09-25,48138,211.0,685.0,11,436
2011-09-26,48138,802.0,0.0,11,436
2011-09-27,48138,802.0,0.0,11,436
2011-09-28,48138,794.0,0.0,11,436
2011-09-29,48138,792.0,0.0,11,436
2011-09-30,48138,741.0,0.0,11,436
2011-10-01,48138,741.0,0.0,11,436
2011-10-02,48138,720.0,0.0,11,436
2011-10-03,48138,718.0,0.0,11,436
2011-10-04,48138,712.0,0.0,11,436
2011-10-05,48138,710.0,0.0,11,436
2011-10-06,48138,698.0,0.0,11,436
2011-10-07,48138,691.0,0.0,11,436
2011-10-08,48138,691.0,0.0,11,436
2011-10-09,48138,690.0,0.0,11,436
2011-10-10,48138,690.0,0.0,11,436
2011-10-11,48138,678.0,0.0,11,436
2011-10-12,48138,668.0,0.0,11,436
2011-10-13,48138,662.0,0.0,11,436
2011-10-14,48138,630.0,0.0,11,436
2011-10-15,48138,630.0,0.0,11,436
2011-10-16,48138,623.0,0.0,11,436
2011-10-17,48138,618.0,0.0,11,436
2011-10-18,48138,612.0,0.0,11,436
2011-10-19,48138,608.0,0.0,11,436
2011-10-20,48138,607.0,0.0,11,436
2011-10-21,48138,607.0,0.0,11,436
2011-10-22,48138,607.0,0.0,11,436
2011-10-23,48138,607.0,0.0,11,436
2011-10-24,48138,607.0,0.0,11,436
2011-10-25,48138,607.0,0.0,11,436
2011-10-26,48138,607.0,0.0,11,436
2011-10-27,48138,595.0,0.0,11,436
2011-10-28,48138,592.0,0.0,11,436
2011-10-29,48138,592.0,0.0,11,436
2011-10-30,48138,588.0,0.0,11,436
2011-10-31,48138,575.0,0.0,11,436
2011-11-01,48138,574.0,0.0,11,436
2011-11-02,48138,568.0,0.0,11,436
2011-11-03,48138,563.0,0.0,11,436
2011-11-04,48138,563.0,0.0,11,436
2011-11-05,48138,563.0,0.0,11,436
2011-11-06,48138,556.0,0.0,11,436
2011-11-07,48138,549.0,0.0,11,436
2011-11-08,48138,549.0,0.0,11,436
2011-11-09,48138,547.0,0.0,11,436
2011-11-10,48138,533.0,0.0,11,436
2011-11-11,48138,527.0,0.0,11,436
2011-11-12,48138,527.0,0.0,11,436
2011-11-13,48138,526.0,0.0,11,436
2011-11-14,48138,526.0,0.0,11,436
2011-11-15,48138,519.0,0.0,11,436
2011-11-16,48138,517.0,0.0,11,436
2011-11-17,48138,515.0,0.0,11,436
2011-11-18,48138,482.0,0.0,11,436
2011-11-19,48138,482.0,0.0,11,436
2011-11-20,48138,481.0,0.0,11,436
2011-11-21,48138,426.0,500.0,11,436
2011-11-22,48138,401.0,500.0,11,436
2011-11-23,48138,395.0,500.0,11,436
2011-11-24,48138,394.0,500.0,11,436
2011-11-25,48138,392.0,500.0,11,436
2011-11-26,48138,392.0,500.0,11,436
2011-11-27,48138,391.0,500.0,11,436
2011-11-28,48138,389.0,500.0,11,436
2011-11-29,48138,382.0,500.0,11,436
2011-11-30,48138,376.0,500.0,11,436
2011-12-01,48138,374.0,500.0,11,436
2011-12-02,48138,859.0,0.0,11,436
2011-12-03,48138,859.0,0.0,11,436
2011-12-04,48138,856.0,0.0,11,436
2011-12-05,48138,852.0,0.0,11,436
2011-12-06,48138,847.0,0.0,11,436
2011-12-07,48138,834.0,0.0,11,436
2011-12-08,48138,812.0,0.0,11,436
2011-12-09,48138,801.0,0.0,11,436
2011-08-11,48173C,285.0,0.0,8,116
2011-08-12,48173C,285.0,0.0,8,116
2011-08-13,48173C,285.0,0.0,8,116
2011-08-14,48173C,283.0,0.0,8,116
2011-08-15,48173C,282.0,0.0,8,116
2011-08-16,48173C,282.0,0.0,8,116
2011-08-17,48173C,282.0,0.0,8,116
2011-08-18,48173C,279.0,0.0,8,116
2011-08-19,48173C,269.0,0.0,8,116
2011-08-20,48173C,269.0,0.0,8,116
2011-08-21,48173C,269.0,0.0,8,116
2011-08-22,48173C,267.0,0.0,8,116
2011-08-23,48173C,266.0,0.0,8,116
2011-08-24,48173C,266.0,0.0,8,116
2011-08-25,48173C,266.0,0.0,8,116
2011-08-26,48173C,266.0,0.0,8,116
2011-08-27,48173C,266.0,0.0,8,116
2011-08-28,48173C,266.0,0.0,8,116
2011-08-29,48173C,266.0,0.0,8,116
2011-08-30,48173C,264.0,0.0,8,116
2011-08-31,48173C,258.0,0.0,8,116
2011-09-01,48173C,258.0,0.0,8,116
2011-09-02,48173C,258.0,0.0,8,116
2011-09-03,48173C,258.0,0.0,8,116
2011-09-04,48173C,258.0,0.0,8,116
2011-09-05,48173C,252.0,0.0,8,116
2011-09-06,48173C,252.0,0.0,8,116
2011-09-07,48173C,250.0,0.0,8,116
2011-09-08,48173C,250.0,0.0,8,116
2011-09-09,48173C,248.0,0.0,8,116
2011-09-10,48173C,248.0,0.0,8,116
2011-09-11,48173C,248.0,0.0,8,116
2011-09-12,48173C,248.0,0.0,8,116
2011-09-13,48173C,244.0,0.0,8,116
2011-09-14,48173C,244.0,0.0,8,116
2011-09-15,48173C,131.0,0.0,8,116
2011-09-16,48173C,131.0,0.0,8,116
2011-09-17,48173C,131.0,0.0,8,116
2011-09-18,48173C,131.0,0.0,8,116
2011-09-19,48173C,131.0,0.0,8,116
2011-09-20,48173C,131.0,0.0,8,116
2011-09-21,48173C,131.0,0.0,8,116
2011-09-22,48173C,131.0,0.0,8,116
2011-09-23,48173C,131.0,0.0,8,116
2011-09-24,48173C,131.0,0.0,8,116
2011-09-25,48173C,130.0,0.0,8,116
2011-09-26,48173C,130.0,0.0,8,116
2011-09-27,48173C,130.0,0.0,8,116
2011-09-28,48173C,130.0,0.0,8,116
2011-09-29,48173C,130.0,0.0,8,116
2011-09-30,48173C,127.0,0.0,8,116
2011-10-01,48173C,127.0,0.0,8,116
2011-10-02,48173C,127.0,0.0,8,116
2011-10-03,48173C,127.0,0.0,8,116
2011-10-04,48173C,121.0,0.0,8,116
2011-10-05,48173C,121.0,0.0,8,116
2011-10-06,48173C,108.0,196.0,8,116
2011-10-07,48173C,108.0,196.0,8,116
2011-10-08,48173C,108.0,196.0,8,116
2011-10-09,48173C,108.0,196.0,8,116
2011-10-10,48173C,108.0,196.0,8,116
2011-10-11,48173C,104.0,196.0,8,116
2011-10-12,48173C,104.0,196.0,8,116
2011-10-13,48173C,104.0,196.0,8,116
2011-10-14,48173C,290.0,0.0,8,116
2011-10-15,48173C,290.0,0.0,8,116
2011-10-16,48173C,281.0,0.0,8,116
2011-10-17,48173C,278.0,0.0,8,116
2011-10-18,48173C,278.0,0.0,8,116
2011-10-19,48173C,275.0,0.0,8,116
2011-10-20,48173C,271.0,0.0,8,116
2011-10-21,48173C,271.0,0.0,8,116
2011-10-22,48173C,271.0,0.0,8,116
2011-10-23,48173C,268.0,0.0,8,116
2011-10-24,48173C,268.0,0.0,8,116
2011-10-25,48173C,268.0,0.0,8,116
2011-10-26,48173C,264.0,0.0,8,116
2011-10-27,48173C,247.0,0.0,8,116
2011-10-28,48173C,246.0,0.0,8,116
2011-10-29,48173C,246.0,0.0,8,116
2011-10-30,48173C,245.0,0.0,8,116
2011-10-31,48173C,243.0,0.0,8,116
2011-11-01,48173C,238.0,0.0,8,116
2011-11-02,48173C,238.0,0.0,8,116
2011-11-03,48173C,238.0,0.0,8,116
2011-11-04,48173C,226.0,0.0,8,116
2011-11-05,48173C,226.0,0.0,8,116
2011-11-06,48173C,226.0,0.0,8,116
2011-11-07,48173C,226.0,0.0,8,116
2011-11-08,48173C,224.0,0.0,8,116
2011-11-09,48173C,224.0,0.0,8,116
2011-11-10,48173C,223.0,0.0,8,116
2011-11-11,48173C,223.0,0.0,8,116
2011-11-12,48173C,223.0,0.0,8,116
2011-11-13,48173C,222.0,0.0,8,116
2011-11-14,48173C,220.0,0.0,8,116
2011-11-15,48173C,220.0,0.0,8,116
2011-11-16,48173C,220.0,0.0,8,116
2011-11-17,48173C,220.0,0.0,8,116
2011-11-18,48173C,220.0,0.0,8,116
2011-11-19,48173C,220.0,0.0,8,116
2011-11-20,48173C,218.0,0.0,8,116
2011-11-21,48173C,170.0,0.0,8,116
2011-11-22,48173C,160.0,0.0,8,116
2011-11-23,48173C,146.0,0.0,8,116
2011-11-24,48173C,143.0,0.0,8,116
2011-11-25,48173C,143.0,0.0,8,116
2011-11-26,48173C,143.0,0.0,8,116
2011-11-27,48173C,143.0,0.0,8,116
2011-11-28,48173C,143.0,0.0,8,116
2011-11-29,48173C,143.0,0.0,8,116
2011-11-30,48173C,133.0,0.0,8,116
2011-12-01,48173C,133.0,0.0,8,116
2011-12-02,48173C,130.0,0.0,8,116
2011-12-03,48173C,130.0,0.0,8,116
2011-12-04,48173C,129.0,0.0,8,116
2011-12-05,48173C,129.0,0.0,8,116
2011-12-06,48173C,127.0,0.0,8,116
2011-12-07,48173C,127.0,0.0,8,116
2011-12-08,48173C,126.0,0.0,8,116
2011-12-09,48173C,126.0,0.0,8,116
2011-08-11,48184,137.0,0.0,5,74
2011-08-12,48184,137.0,0.0,5,74
2011-08-13,48184,137.0,0.0,5,74
2011-08-14,48184,121.0,0.0,5,74
2011-08-15,48184,119.0,0.0,5,74
2011-08-16,48184,111.0,0.0,5,74
2011-08-17,48184,90.0,0.0,5,74
2011-08-18,48184,69.0,105.0,5,74
2011-08-19,48184,68.0,105.0,5,74
2011-08-20,48184,68.0,105.0,5,74
2011-08-21,48184,66.0,105.0,5,74
2011-08-22,48184,61.0,105.0,5,74
2011-08-23,48184,161.0,0.0,5,74
2011-08-24,48184,161.0,0.0,5,74
2011-08-25,48184,158.0,0.0,5,74
2011-08-26,48184,154.0,0.0,5,74
2011-08-27,48184,154.0,0.0,5,74
2011-08-28,48184,154.0,0.0,5,74
2011-08-29,48184,154.0,0.0,5,74
2011-08-30,48184,154.0,0.0,5,74
2011-08-31,48184,154.0,0.0,5,74
2011-09-01,48184,154.0,0.0,5,74
2011-09-02,48184,144.0,0.0,5,74
2011-09-03,48184,144.0,0.0,5,74
2011-09-04,48184,134.0,0.0,5,74
2011-09-05,48184,134.0,0.0,5,74
2011-09-06,48184,134.0,0.0,5,74
2011-09-07,48184,132.0,0.0,5,74
2011-09-08,48184,128.0,0.0,5,74
2011-09-09,48184,126.0,0.0,5,74
2011-09-10,48184,126.0,0.0,5,74
2011-09-11,48184,113.0,0.0,5,74
2011-09-12,48184,103.0,0.0,5,74
2011-09-13,48184,102.0,0.0,5,74
2011-09-14,48184,102.0,0.0,5,74
2011-09-15,48184,0.0,174.0,5,74
2011-09-16,48184,0.0,174.0,5,74
2011-09-17,48184,0.0,174.0,5,74
2011-09-18,48184,0.0,174.0,5,74
2011-09-19,48184,0.0,174.0,5,74
2011-09-20,48184,172.0,0.0,5,74
2011-09-21,48184,168.0,0.0,5,74
2011-09-22,48184,167.0,0.0,5,74
2011-09-23,48184,166.0,0.0,5,74
2011-09-24,48184,166.0,0.0,5,74
2011-09-25,48184,165.0,0.0,5,74
2011-09-26,48184,165.0,0.0,5,74
2011-09-27,48184,85.0,0.0,5,74
2011-09-28,48184,85.0,0.0,5,74
2011-09-29,48184,83.0,0.0,5,74
2011-09-30,48184,39.0,135.0,5,74
2011-10-01,48184,39.0,135.0,5,74
2011-10-02,48184,39.0,135.0,5,74
2011-10-03,48184,39.0,135.0,5,74
2011-10-04,48184,29.0,135.0,5,74
2011-10-05,48184,163.0,0.0,5,74
2011-10-06,48184,161.0,0.0,5,74
2011-10-07,48184,161.0,0.0,5,74
2011-10-08,48184,161.0,0.0,5,74
2011-10-09,48184,160.0,0.0,5,74
2011-10-10,48184,159.0,0.0,5,74
2011-10-11,48184,145.0,0.0,5,74
2011-10-12,48184,135.0,0.0,5,74
2011-10-13,48184,134.0,0.0,5,74
2011-10-14,48184,132.0,0.0,5,74
2011-10-15,48184,132.0,0.0,5,74
2011-10-16,48184,121.0,0.0,5,74
2011-10-17,48184,121.0,0.0,5,74
2011-10-18,48184,121.0,0.0,5,74
2011-10-19,48184,114.0,0.0,5,74
2011-10-20,48184,113.0,0.0,5,74
2011-10-21,48184,113.0,0.0,5,74
2011-10-22,48184,113.0,0.0,5,74
2011-10-23,48184,111.0,0.0,5,74
2011-10-24,48184,110.0,0.0,5,74
2011-10-25,48184,104.0,0.0,5,74
2011-10-26,48184,102.0,0.0,5,74
2011-10-27,48184,91.0,0.0,5,74
2011-10-28,48184,91.0,0.0,5,74
2011-10-29,48184,91.0,0.0,5,74
2011-10-30,48184,91.0,0.0,5,74
2011-10-31,48184,81.0,0.0,5,74
2011-11-01,48184,71.0,103.0,5,74
2011-11-02,48184,71.0,103.0,5,74
2011-11-03,48184,67.0,103.0,5,74
2011-11-04,48184,66.0,103.0,5,74
2011-11-05,48184,66.0,103.0,5,74
2011-11-06,48184,157.0,0.0,5,74
2011-11-07,48184,157.0,0.0,5,74
2011-11-08,48184,152.0,0.0,5,74
2011-11-09,48184,148.0,0.0,5,74
2011-11-10,48184,148.0,0.0,5,74
2011-11-11,48184,148.0,0.0,5,74
2011-11-12,48184,148.0,0.0,5,74
2011-11-13,48184,144.0,0.0,5,74
2011-11-14,48184,144.0,0.0,5,74
2011-11-15,48184,144.0,0.0,5,74
2011-11-16,48184,144.0,0.0,5,74
2011-11-17,48184,134.0,0.0,5,74
2011-11-18,48184,133.0,0.0,5,74
2011-11-19,48184,133.0,0.0,5,74
2011-11-20,48184,131.0,0.0,5,74
2011-11-21,48184,76.0,0.0,5,74
2011-11-22,48184,54.0,120.0,5,74
2011-11-23,48184,54.0,120.0,5,74
2011-11-24,48184,48.0,120.0,5,74
2011-11-25,48184,48.0,120.0,5,74
2011-11-26,48184,48.0,120.0,5,74
2011-11-27,48184,167.0,0.0,5,74
2011-11-28,48184,165.0,0.0,5,74
2011-11-29,48184,165.0,0.0,5,74
2011-11-30,48184,155.0,0.0,5,74
2011-12-01,48184,152.0,0.0,5,74
2011-12-02,48184,145.0,0.0,5,74
2011-12-03,48184,145.0,0.0,5,74
2011-12-04,48184,143.0,0.0,5,74
2011-12-05,48184,142.0,0.0,5,74
2011-12-06,48184,140.0,0.0,5,74
2011-12-07,48184,120.0,0.0,5,74
2011-12-08,48184,107.0,0.0,5,74
2011-12-09,48184,107.0,0.0,5,74
2011-08-11,48185,269.0,0.0,11,210
2011-08-12,48185,269.0,0.0,11,210
2011-08-13,48185,269.0,0.0,11,210
2011-08-14,48185,267.0,0.0,11,210
2011-08-15,48185,265.0,0.0,11,210
2011-08-16,48185,259.0,0.0,11,210
2011-08-17,48185,235.0,0.0,11,210
2011-08-18,48185,235.0,0.0,11,210
2011-08-19,48185,234.0,0.0,11,210
2011-08-20,48185,234.0,0.0,11,210
2011-08-21,48185,233.0,0.0,11,210
2011-08-22,48185,232.0,0.0,11,210
2011-08-23,48185,227.0,0.0,11,210
2011-08-24,48185,225.0,0.0,11,210
2011-08-25,48185,223.0,0.0,11,210
2011-08-26,48185,223.0,0.0,11,210
2011-08-27,48185,223.0,0.0,11,210
2011-08-28,48185,223.0,0.0,11,210
2011-08-29,48185,223.0,0.0,11,210
2011-08-30,48185,223.0,0.0,11,210
2011-08-31,48185,218.0,0.0,11,210
2011-09-01,48185,214.0,0.0,11,210
2011-09-02,48185,213.0,0.0,11,210
2011-09-03,48185,213.0,0.0,11,210
2011-09-04,48185,213.0,0.0,11,210
2011-09-05,48185,213.0,0.0,11,210
2011-09-06,48185,213.0,0.0,11,210
2011-09-07,48185,211.0,0.0,11,210
2011-09-08,48185,211.0,0.0,11,210
2011-09-09,48185,209.0,221.0,11,210
2011-09-10,48185,209.0,221.0,11,210
2011-09-11,48185,199.0,221.0,11,210
2011-09-12,48185,199.0,221.0,11,210
2011-09-13,48185,194.0,221.0,11,210
2011-09-14,48185,194.0,221.0,11,210
2011-09-15,48185,0.0,221.0,11,210
2011-09-16,48185,0.0,221.0,11,210
2011-09-17,48185,0.0,221.0,11,210
2011-09-18,48185,0.0,221.0,11,210
2011-09-19,48185,0.0,221.0,11,210
2011-09-20,48185,220.0,0.0,11,210
2011-09-21,48185,220.0,0.0,11,210
2011-09-22,48185,219.0,0.0,11,210
2011-09-23,48185,217.0,0.0,11,210
2011-09-24,48185,217.0,0.0,11,210
2011-09-25,48185,204.0,226.0,11,210
2011-09-26,48185,204.0,226.0,11,210
2011-09-27,48185,203.0,226.0,11,210
2011-09-28,48185,201.0,226.0,11,210
2011-09-29,48185,199.0,226.0,11,210
2011-09-30,48185,156.0,226.0,11,210
2011-10-01,48185,156.0,226.0,11,210
2011-10-02,48185,156.0,226.0,11,210
2011-10-03,48185,145.0,226.0,11,210
2011-10-04,48185,145.0,226.0,11,210
2011-10-05,48185,143.0,226.0,11,210
2011-10-06,48185,367.0,0.0,11,210
2011-10-07,48185,363.0,0.0,11,210
2011-10-08,48185,363.0,0.0,11,210
2011-10-09,48185,348.0,0.0,11,210
2011-10-10,48185,345.0,0.0,11,210
2011-10-11,48185,345.0,0.0,11,210
2011-10-12,48185,345.0,0.0,11,210
2011-10-13,48185,340.0,0.0,11,210
2011-10-14,48185,330.0,0.0,11,210
2011-10-15,48185,330.0,0.0,11,210
2011-10-16,48185,330.0,0.0,11,210
2011-10-17,48185,327.0,0.0,11,210
2011-10-18,48185,317.0,0.0,11,210
2011-10-19,48185,317.0,0.0,11,210
2011-10-20,48185,315.0,0.0,11,210
2011-10-21,48185,315.0,0.0,11,210
2011-10-22,48185,315.0,0.0,11,210
2011-10-23,48185,314.0,0.0,11,210
2011-10-24,48185,309.0,0.0,11,210
2011-10-25,48185,309.0,0.0,11,210
2011-10-26,48185,309.0,0.0,11,210
2011-10-27,48185,309.0,0.0,11,210
2011-10-28,48185,307.0,0.0,11,210
2011-10-29,48185,307.0,0.0,11,210
2011-10-30,48185,305.0,0.0,11,210
2011-10-31,48185,302.0,0.0,11,210
2011-11-01,48185,302.0,0.0,11,210
2011-11-02,48185,298.0,0.0,11,210
2011-11-03,48185,298.0,0.0,11,210
2011-11-04,48185,298.0,0.0,11,210
2011-11-05,48185,298.0,0.0,11,210
2011-11-06,48185,296.0,0.0,11,210
2011-11-07,48185,293.0,0.0,11,210
2011-11-08,48185,290.0,0.0,11,210
2011-11-09,48185,288.0,0.0,11,210
2011-11-10,48185,287.0,0.0,11,210
2011-11-11,48185,285.0,0.0,11,210
2011-11-12,48185,285.0,0.0,11,210
2011-11-13,48185,274.0,0.0,11,210
2011-11-14,48185,274.0,0.0,11,210
2011-11-15,48185,274.0,0.0,11,210
2011-11-16,48185,269.0,0.0,11,210
2011-11-17,48185,263.0,0.0,11,210
2011-11-18,48185,263.0,0.0,11,210
2011-11-19,48185,263.0,0.0,11,210
2011-11-20,48185,252.0,0.0,11,210
2011-11-21,48185,197.0,233.0,11,210
2011-11-22,48185,197.0,233.0,11,210
2011-11-23,48185,197.0,233.0,11,210
2011-11-24,48185,195.0,233.0,11,210
2011-11-25,48185,195.0,233.0,11,210
2011-11-26,48185,195.0,233.0,11,210
2011-11-27,48185,195.0,233.0,11,210
2011-11-28,48185,190.0,233.0,11,210
2011-11-29,48185,188.0,233.0,11,210
2011-11-30,48185,163.0,233.0,11,210
2011-12-01,48185,163.0,233.0,11,210
2011-12-02,48185,396.0,0.0,11,210
2011-12-03,48185,396.0,0.0,11,210
2011-12-04,48185,395.0,0.0,11,210
2011-12-05,48185,395.0,0.0,11,210
2011-12-06,48185,393.0,0.0,11,210
2011-12-07,48185,393.0,0.0,11,210
2011-12-08,48185,383.0,0.0,11,210
2011-12-09,48185,383.0,0.0,11,210
2011-08-11,48187,319.0,0.0,11,213
2011-08-12,48187,313.0,0.0,11,213
2011-08-13,48187,313.0,0.0,11,213
2011-08-14,48187,312.0,0.0,11,213
2011-08-15,48187,309.0,0.0,11,213
2011-08-16,48187,301.0,0.0,11,213
2011-08-17,48187,279.0,0.0,11,213
2011-08-18,48187,277.0,0.0,11,213
2011-08-19,48187,263.0,0.0,11,213
2011-08-20,48187,263.0,0.0,11,213
2011-08-21,48187,261.0,0.0,11,213
2011-08-22,48187,261.0,0.0,11,213
2011-08-23,48187,255.0,0.0,11,213
2011-08-24,48187,250.0,0.0,11,213
2011-08-25,48187,250.0,0.0,11,213
2011-08-26,48187,250.0,0.0,11,213
2011-08-27,48187,250.0,0.0,11,213
2011-08-28,48187,240.0,0.0,11,213
2011-08-29,48187,240.0,0.0,11,213
2011-08-30,48187,236.0,0.0,11,213
2011-08-31,48187,226.0,0.0,11,213
2011-09-01,48187,221.0,0.0,11,213
2011-09-02,48187,211.0,246.0,11,213
2011-09-03,48187,211.0,246.0,11,213
2011-09-04,48187,197.0,246.0,11,213
2011-09-05,48187,185.0,246.0,11,213
2011-09-06,48187,185.0,246.0,11,213
2011-09-07,48187,184.0,246.0,11,213
2011-09-08,48187,173.0,246.0,11,213
2011-09-09,48187,169.0,246.0,11,213
2011-09-10,48187,169.0,246.0,11,213
2011-09-11,48187,164.0,246.0,11,213
2011-09-12,48187,151.0,246.0,11,213
2011-09-13,48187,388.0,0.0,11,213
2011-09-14,48187,386.0,0.0,11,213
2011-09-15,48187,0.0,457.0,11,213
2011-09-16,48187,0.0,457.0,11,213
2011-09-17,48187,0.0,457.0,11,213
2011-09-18,48187,0.0,457.0,11,213
2011-09-19,48187,0.0,457.0,11,213
2011-09-20,48187,0.0,457.0,11,213
2011-09-21,48187,0.0,457.0,11,213
2011-09-22,48187,0.0,457.0,11,213
2011-09-23,48187,0.0,457.0,11,213
2011-09-24,48187,0.0,457.0,11,213
2011-09-25,48187,0.0,457.0,11,213
2011-09-26,48187,454.0,0.0,11,213
2011-09-27,48187,366.0,0.0,11,213
2011-09-28,48187,360.0,0.0,11,213
2011-09-29,48187,358.0,0.0,11,213
2011-09-30,48187,317.0,0.0,11,213
2011-10-01,48187,317.0,0.0,11,213
2011-10-02,48187,307.0,0.0,11,213
2011-10-03,48187,305.0,0.0,11,213
2011-10-04,48187,291.0,0.0,11,213
2011-10-05,48187,289.0,0.0,11,213
2011-10-06,48187,288.0,0.0,11,213
2011-10-07,48187,275.0,0.0,11,213
2011-10-08,48187,275.0,0.0,11,213
2011-10-09,48187,268.0,0.0,11,213
2011-10-10,48187,264.0,0.0,11,213
2011-10-11,48187,254.0,0.0,11,213
2011-10-12,48187,254.0,0.0,11,213
2011-10-13,48187,251.0,0.0,11,213
2011-10-14,48187,246.0,0.0,11,213
2011-10-15,48187,246.0,0.0,11,213
2011-10-16,48187,245.0,0.0,11,213
2011-10-17,48187,237.0,0.0,11,213
2011-10-18,48187,237.0,0.0,11,213
2011-10-19,48187,222.0,0.0,11,213
2011-10-20,48187,221.0,0.0,11,213
2011-10-21,48187,219.0,0.0,11,213
2011-10-22,48187,219.0,0.0,11,213
2011-10-23,48187,215.0,0.0,11,213
2011-10-24,48187,215.0,0.0,11,213
2011-10-25,48187,212.0,245.0,11,213
2011-10-26,48187,211.0,245.0,11,213
2011-10-27,48187,199.0,245.0,11,213
2011-10-28,48187,199.0,245.0,11,213
2011-10-29,48187,199.0,245.0,11,213
2011-10-30,48187,199.0,245.0,11,213
2011-10-31,48187,188.0,245.0,11,213
2011-11-01,48187,186.0,245.0,11,213
2011-11-02,48187,184.0,245.0,11,213
2011-11-03,48187,182.0,245.0,11,213
2011-11-04,48187,182.0,245.0,11,213
2011-11-05,48187,427.0,0.0,11,213
2011-11-06,48187,410.0,0.0,11,213
2011-11-07,48187,406.0,0.0,11,213
2011-11-08,48187,400.0,0.0,11,213
2011-11-09,48187,398.0,0.0,11,213
2011-11-10,48187,392.0,0.0,11,213
2011-11-11,48187,388.0,0.0,11,213
2011-11-12,48187,388.0,0.0,11,213
2011-11-13,48187,386.0,0.0,11,213
2011-11-14,48187,381.0,0.0,11,213
2011-11-15,48187,378.0,0.0,11,213
2011-11-16,48187,375.0,0.0,11,213
2011-11-17,48187,374.0,0.0,11,213
2011-11-18,48187,372.0,0.0,11,213
2011-11-19,48187,372.0,0.0,11,213
2011-11-20,48187,365.0,0.0,11,213
2011-11-21,48187,317.0,0.0,11,213
2011-11-22,48187,296.0,0.0,11,213
2011-11-23,48187,281.0,0.0,11,213
2011-11-24,48187,274.0,0.0,11,213
2011-11-25,48187,273.0,0.0,11,213
2011-11-26,48187,273.0,0.0,11,213
2011-11-27,48187,269.0,0.0,11,213
2011-11-28,48187,266.0,0.0,11,213
2011-11-29,48187,214.0,0.0,11,213
2011-11-30,48187,190.0,267.0,11,213
2011-12-01,48187,190.0,267.0,11,213
2011-12-02,48187,190.0,267.0,11,213
2011-12-03,48187,190.0,267.0,11,213
2011-12-04,48187,188.0,267.0,11,213
2011-12-05,48187,184.0,267.0,11,213
2011-12-06,48187,162.0,267.0,11,213
2011-12-07,48187,162.0,267.0,11,213
2011-12-08,48187,151.0,267.0,11,213
2011-12-09,48187,148.0,267.0,11,213
2011-08-11,48188,266.0,0.0,4,160
2011-08-12,48188,264.0,0.0,4,160
2011-08-13,48188,264.0,0.0,4,160
2011-08-14,48188,261.0,0.0,4,160
2011-08-15,48188,257.0,0.0,4,160
2011-08-16,48188,257.0,0.0,4,160
2011-08-17,48188,237.0,0.0,4,160
2011-08-18,48188,237.0,0.0,4,160
2011-08-19,48188,235.0,0.0,4,160
2011-08-20,48188,235.0,0.0,4,160
2011-08-21,48188,235.0,0.0,4,160
2011-08-22,48188,232.0,0.0,4,160
2011-08-23,48188,226.0,0.0,4,160
2011-08-24,48188,222.0,0.0,4,160
2011-08-25,48188,222.0,0.0,4,160
2011-08-26,48188,222.0,0.0,4,160
2011-08-27,48188,222.0,0.0,4,160
2011-08-28,48188,222.0,0.0,4,160
2011-08-29,48188,222.0,0.0,4,160
2011-08-30,48188,221.0,0.0,4,160
2011-08-31,48188,217.0,0.0,4,160
2011-09-01,48188,217.0,0.0,4,160
2011-09-02,48188,217.0,0.0,4,160
2011-09-03,48188,217.0,0.0,4,160
2011-09-04,48188,215.0,0.0,4,160
2011-09-05,48188,213.0,0.0,4,160
2011-09-06,48188,213.0,0.0,4,160
2011-09-07,48188,211.0,0.0,4,160
2011-09-08,48188,211.0,0.0,4,160
2011-09-09,48188,211.0,0.0,4,160
2011-09-10,48188,211.0,0.0,4,160
2011-09-11,48188,207.0,0.0,4,160
2011-09-12,48188,207.0,0.0,4,160
2011-09-13,48188,205.0,0.0,4,160
2011-09-14,48188,205.0,0.0,4,160
2011-09-15,48188,35.0,322.0,4,160
2011-09-16,48188,35.0,322.0,4,160
2011-09-17,48188,35.0,322.0,4,160
2011-09-18,48188,34.0,322.0,4,160
2011-09-19,48188,356.0,0.0,4,160
2011-09-20,48188,356.0,0.0,4,160
2011-09-21,48188,356.0,0.0,4,160
2011-09-22,48188,356.0,0.0,4,160
2011-09-23,48188,356.0,0.0,4,160
2011-09-24,48188,356.0,0.0,4,160
2011-09-25,48188,356.0,0.0,4,160
2011-09-26,48188,354.0,0.0,4,160
2011-09-27,48188,354.0,0.0,4,160
2011-09-28,48188,354.0,0.0,4,160
2011-09-29,48188,347.0,0.0,4,160
2011-09-30,48188,347.0,0.0,4,160
2011-10-01,48188,347.0,0.0,4,160
2011-10-02,48188,347.0,0.0,4,160
2011-10-03,48188,337.0,0.0,4,160
2011-10-04,48188,324.0,0.0,4,160
2011-10-05,48188,324.0,0.0,4,160
2011-10-06,48188,322.0,0.0,4,160
2011-10-07,48188,322.0,0.0,4,160
2011-10-08,48188,322.0,0.0,4,160
2011-10-09,48188,320.0,0.0,4,160
2011-10-10,48188,318.0,0.0,4,160
2011-10-11,48188,318.0,0.0,4,160
2011-10-12,48188,318.0,0.0,4,160
2011-10-13,48188,318.0,0.0,4,160
2011-10-14,48188,312.0,0.0,4,160
2011-10-15,48188,312.0,0.0,4,160
2011-10-16,48188,310.0,0.0,4,160
2011-10-17,48188,308.0,0.0,4,160
2011-10-18,48188,308.0,0.0,4,160
2011-10-19,48188,298.0,0.0,4,160
2011-10-20,48188,298.0,0.0,4,160
2011-10-21,48188,298.0,0.0,4,160
2011-10-22,48188,298.0,0.0,4,160
2011-10-23,48188,296.0,0.0,4,160
2011-10-24,48188,290.0,0.0,4,160
2011-10-25,48188,288.0,0.0,4,160
2011-10-26,48188,288.0,0.0,4,160
2011-10-27,48188,274.0,0.0,4,160
2011-10-28,48188,267.0,0.0,4,160
2011-10-29,48188,267.0,0.0,4,160
2011-10-30,48188,251.0,0.0,4,160
2011-10-31,48188,238.0,0.0,4,160
2011-11-01,48188,238.0,0.0,4,160
2011-11-02,48188,238.0,0.0,4,160
2011-11-03,48188,238.0,0.0,4,160
2011-11-04,48188,228.0,0.0,4,160
2011-11-05,48188,228.0,0.0,4,160
2011-11-06,48188,224.0,0.0,4,160
2011-11-07,48188,224.0,0.0,4,160
2011-11-08,48188,222.0,0.0,4,160
2011-11-09,48188,221.0,0.0,4,160
2011-11-10,48188,214.0,0.0,4,160
2011-11-11,48188,212.0,0.0,4,160
2011-11-12,48188,212.0,0.0,4,160
2011-11-13,48188,212.0,0.0,4,160
2011-11-14,48188,209.0,0.0,4,160
2011-11-15,48188,209.0,0.0,4,160
2011-11-16,48188,208.0,0.0,4,160
2011-11-17,48188,202.0,0.0,4,160
2011-11-18,48188,202.0,0.0,4,160
2011-11-19,48188,202.0,0.0,4,160
2011-11-20,48188,202.0,0.0,4,160
2011-11-21,48188,202.0,0.0,4,160
2011-11-22,48188,202.0,0.0,4,160
2011-11-23,48188,202.0,0.0,4,160
2011-11-24,48188,199.0,0.0,4,160
2011-11-25,48188,199.0,0.0,4,160
2011-11-26,48188,199.0,0.0,4,160
2011-11-27,48188,199.0,0.0,4,160
2011-11-28,48188,199.0,0.0,4,160
2011-11-29,48188,198.0,0.0,4,160
2011-11-30,48188,198.0,0.0,4,160
2011-12-01,48188,198.0,0.0,4,160
2011-12-02,48188,198.0,0.0,4,160
2011-12-03,48188,198.0,0.0,4,160
2011-12-04,48188,198.0,0.0,4,160
2011-12-05,48188,198.0,0.0,4,160
2011-12-06,48188,197.0,0.0,4,160
2011-12-07,48188,197.0,0.0,4,160
2011-12-08,48188,197.0,0.0,4,160
2011-12-09,48188,197.0,0.0,4,160
2011-08-11,48194,452.0,0.0,4,254
2011-08-12,48194,452.0,0.0,4,254
2011-08-13,48194,452.0,0.0,4,254
2011-08-14,48194,448.0,0.0,4,254
2011-08-15,48194,441.0,0.0,4,254
2011-08-16,48194,426.0,0.0,4,254
2011-08-17,48194,403.0,0.0,4,254
2011-08-18,48194,391.0,0.0,4,254
2011-08-19,48194,391.0,0.0,4,254
2011-08-20,48194,391.0,0.0,4,254
2011-08-21,48194,390.0,0.0,4,254
2011-08-22,48194,383.0,0.0,4,254
2011-08-23,48194,375.0,0.0,4,254
2011-08-24,48194,369.0,0.0,4,254
2011-08-25,48194,362.0,0.0,4,254
2011-08-26,48194,360.0,0.0,4,254
2011-08-27,48194,360.0,0.0,4,254
2011-08-28,48194,360.0,0.0,4,254
2011-08-29,48194,360.0,0.0,4,254
2011-08-30,48194,359.0,0.0,4,254
2011-08-31,48194,350.0,0.0,4,254
2011-09-01,48194,346.0,0.0,4,254
2011-09-02,48194,343.0,0.0,4,254
2011-09-03,48194,343.0,0.0,4,254
2011-09-04,48194,341.0,0.0,4,254
2011-09-05,48194,339.0,0.0,4,254
2011-09-06,48194,339.0,0.0,4,254
2011-09-07,48194,331.0,0.0,4,254
2011-09-08,48194,329.0,0.0,4,254
2011-09-09,48194,326.0,0.0,4,254
2011-09-10,48194,326.0,0.0,4,254
2011-09-11,48194,316.0,0.0,4,254
2011-09-12,48194,315.0,0.0,4,254
2011-09-13,48194,313.0,0.0,4,254
2011-09-14,48194,313.0,0.0,4,254
2011-09-15,48194,0.0,627.0,4,254
2011-09-16,48194,0.0,627.0,4,254
2011-09-17,48194,0.0,627.0,4,254
2011-09-18,48194,0.0,627.0,4,254
2011-09-19,48194,627.0,0.0,4,254
2011-09-20,48194,624.0,0.0,4,254
2011-09-21,48194,622.0,0.0,4,254
2011-09-22,48194,620.0,0.0,4,254
2011-09-23,48194,620.0,0.0,4,254
2011-09-24,48194,620.0,0.0,4,254
2011-09-25,48194,620.0,0.0,4,254
2011-09-26,48194,613.0,0.0,4,254
2011-09-27,48194,612.0,0.0,4,254
2011-09-28,48194,611.0,0.0,4,254
2011-09-29,48194,587.0,0.0,4,254
2011-09-30,48194,545.0,0.0,4,254
2011-10-01,48194,545.0,0.0,4,254
2011-10-02,48194,534.0,0.0,4,254
2011-10-03,48194,533.0,0.0,4,254
2011-10-04,48194,528.0,0.0,4,254
2011-10-05,48194,528.0,0.0,4,254
2011-10-06,48194,524.0,0.0,4,254
2011-10-07,48194,523.0,0.0,4,254
2011-10-08,48194,523.0,0.0,4,254
2011-10-09,48194,523.0,0.0,4,254
2011-10-10,48194,519.0,0.0,4,254
2011-10-11,48194,515.0,0.0,4,254
2011-10-12,48194,501.0,0.0,4,254
2011-10-13,48194,496.0,0.0,4,254
2011-10-14,48194,484.0,0.0,4,254
2011-10-15,48194,484.0,0.0,4,254
2011-10-16,48194,463.0,0.0,4,254
2011-10-17,48194,451.0,0.0,4,254
2011-10-18,48194,449.0,0.0,4,254
2011-10-19,48194,449.0,0.0,4,254
2011-10-20,48194,449.0,0.0,4,254
2011-10-21,48194,449.0,0.0,4,254
2011-10-22,48194,449.0,0.0,4,254
2011-10-23,48194,447.0,0.0,4,254
2011-10-24,48194,442.0,0.0,4,254
2011-10-25,48194,440.0,0.0,4,254
2011-10-26,48194,436.0,0.0,4,254
2011-10-27,48194,434.0,0.0,4,254
2011-10-28,48194,422.0,0.0,4,254
2011-10-29,48194,422.0,0.0,4,254
2011-10-30,48194,412.0,0.0,4,254
2011-10-31,48194,411.0,0.0,4,254
2011-11-01,48194,409.0,0.0,4,254
2011-11-02,48194,402.0,0.0,4,254
2011-11-03,48194,398.0,0.0,4,254
2011-11-04,48194,398.0,0.0,4,254
2011-11-05,48194,398.0,0.0,4,254
2011-11-06,48194,385.0,0.0,4,254
2011-11-07,48194,374.0,0.0,4,254
2011-11-08,48194,372.0,0.0,4,254
2011-11-09,48194,372.0,0.0,4,254
2011-11-10,48194,366.0,0.0,4,254
2011-11-11,48194,366.0,0.0,4,254
2011-11-12,48194,366.0,0.0,4,254
2011-11-13,48194,360.0,0.0,4,254
2011-11-14,48194,360.0,0.0,4,254
2011-11-15,48194,347.0,0.0,4,254
2011-11-16,48194,345.0,0.0,4,254
2011-11-17,48194,335.0,0.0,4,254
2011-11-18,48194,331.0,0.0,4,254
2011-11-19,48194,331.0,0.0,4,254
2011-11-20,48194,327.0,0.0,4,254
2011-11-21,48194,261.0,0.0,4,254
2011-11-22,48194,259.0,0.0,4,254
2011-11-23,48194,228.0,399.0,4,254
2011-11-24,48194,216.0,399.0,4,254
2011-11-25,48194,215.0,399.0,4,254
2011-11-26,48194,215.0,399.0,4,254
2011-11-27,48194,614.0,0.0,4,254
2011-11-28,48194,610.0,0.0,4,254
2011-11-29,48194,608.0,0.0,4,254
2011-11-30,48194,604.0,0.0,4,254
2011-12-01,48194,600.0,0.0,4,254
2011-12-02,48194,600.0,0.0,4,254
2011-12-03,48194,600.0,0.0,4,254
2011-12-04,48194,598.0,0.0,4,254
2011-12-05,48194,586.0,0.0,4,254
2011-12-06,48194,585.0,0.0,4,254
2011-12-07,48194,583.0,0.0,4,254
2011-12-08,48194,574.0,0.0,4,254
2011-12-09,48194,574.0,0.0,4,254
2011-08-11,71459,649.0,0.0,3,376
2011-08-12,71459,533.0,0.0,3,376
2011-08-13,71459,533.0,0.0,3,376
2011-08-14,71459,509.0,0.0,3,376
2011-08-15,71459,473.0,0.0,3,376
2011-08-16,71459,473.0,0.0,3,376
2011-08-17,71459,377.0,0.0,3,376
2011-08-18,71459,365.0,596.0,3,376
2011-08-19,71459,353.0,596.0,3,376
2011-08-20,71459,353.0,596.0,3,376
2011-08-21,71459,889.0,0.0,3,376
2011-08-22,71459,781.0,0.0,3,376
2011-08-23,71459,781.0,0.0,3,376
2011-08-24,71459,781.0,0.0,3,376
2011-08-25,71459,769.0,0.0,3,376
2011-08-26,71459,769.0,0.0,3,376
2011-08-27,71459,769.0,0.0,3,376
2011-08-28,71459,769.0,0.0,3,376
2011-08-29,71459,769.0,0.0,3,376
2011-08-30,71459,753.0,0.0,3,376
2011-08-31,71459,729.0,0.0,3,376
2011-09-01,71459,729.0,0.0,3,376
2011-09-02,71459,669.0,0.0,3,376
2011-09-03,71459,669.0,0.0,3,376
2011-09-04,71459,669.0,0.0,3,376
2011-09-05,71459,573.0,0.0,3,376
2011-09-06,71459,477.0,0.0,3,376
2011-09-07,71459,365.0,596.0,3,376
2011-09-08,71459,341.0,596.0,3,376
2011-09-09,71459,341.0,596.0,3,376
2011-09-10,71459,937.0,0.0,3,376
2011-09-11,71459,925.0,0.0,3,376
2011-09-12,71459,829.0,0.0,3,376
2011-09-13,71459,829.0,0.0,3,376
2011-09-14,71459,337.0,624.0,3,376
2011-09-15,71459,333.0,624.0,3,376
2011-09-16,71459,333.0,624.0,3,376
2011-09-17,71459,957.0,0.0,3,376
2011-09-18,71459,945.0,0.0,3,376
2011-09-19,71459,945.0,0.0,3,376
2011-09-20,71459,945.0,0.0,3,376
2011-09-21,71459,945.0,0.0,3,376
2011-09-22,71459,933.0,0.0,3,376
2011-09-23,71459,837.0,0.0,3,376
2011-09-24,71459,837.0,0.0,3,376
2011-09-25,71459,825.0,0.0,3,376
2011-09-26,71459,813.0,0.0,3,376
2011-09-27,71459,573.0,0.0,3,376
2011-09-28,71459,549.0,0.0,3,376
2011-09-29,71459,549.0,0.0,3,376
2011-09-30,71459,549.0,0.0,3,376
2011-10-01,71459,549.0,0.0,3,376
2011-10-02,71459,549.0,0.0,3,376
2011-10-03,71459,537.0,0.0,3,376
2011-10-04,71459,537.0,0.0,3,376
2011-10-05,71459,405.0,0.0,3,376
2011-10-06,71459,369.0,592.0,3,376
2011-10-07,71459,369.0,592.0,3,376
2011-10-08,71459,369.0,592.0,3,376
2011-10-09,71459,949.0,0.0,3,376
2011-10-10,71459,933.0,0.0,3,376
2011-10-11,71459,933.0,0.0,3,376
2011-10-12,71459,833.0,0.0,3,376
2011-10-13,71459,821.0,0.0,3,376
2011-10-14,71459,821.0,0.0,3,376
2011-10-15,71459,821.0,0.0,3,376
2011-10-16,71459,820.0,0.0,3,376
2011-10-17,71459,820.0,0.0,3,376
2011-10-18,71459,816.0,0.0,3,376
2011-10-19,71459,768.0,0.0,3,376
2011-10-20,71459,768.0,0.0,3,376
2011-10-21,71459,768.0,0.0,3,376
2011-10-22,71459,768.0,0.0,3,376
2011-10-23,71459,768.0,0.0,3,376
2011-10-24,71459,696.0,0.0,3,376
2011-10-25,71459,684.0,0.0,3,376
2011-10-26,71459,684.0,0.0,3,376
2011-10-27,71459,672.0,0.0,3,376
2011-10-28,71459,672.0,0.0,3,376
2011-10-29,71459,672.0,0.0,3,376
2011-10-30,71459,672.0,0.0,3,376
2011-10-31,71459,668.0,0.0,3,376
2011-11-01,71459,668.0,0.0,3,376
2011-11-02,71459,644.0,0.0,3,376
2011-11-03,71459,608.0,0.0,3,376
2011-11-04,71459,596.0,0.0,3,376
2011-11-05,71459,596.0,0.0,3,376
2011-11-06,71459,572.0,0.0,3,376
2011-11-07,71459,476.0,0.0,3,376
2011-11-08,71459,443.0,0.0,3,376
2011-11-09,71459,431.0,0.0,3,376
2011-11-10,71459,371.0,590.0,3,376
2011-11-11,71459,343.0,590.0,3,376
2011-11-12,71459,343.0,590.0,3,376
2011-11-13,71459,933.0,0.0,3,376
2011-11-14,71459,925.0,0.0,3,376
2011-11-15,71459,913.0,0.0,3,376
2011-11-16,71459,889.0,0.0,3,376
2011-11-17,71459,877.0,0.0,3,376
2011-11-18,71459,849.0,0.0,3,376
2011-11-19,71459,849.0,0.0,3,376
2011-11-20,71459,549.0,0.0,3,376
2011-11-21,71459,537.0,0.0,3,376
2011-11-22,71459,533.0,0.0,3,376
2011-11-23,71459,525.0,0.0,3,376
2011-11-24,71459,489.0,0.0,3,376
2011-11-25,71459,489.0,0.0,3,376
2011-11-26,71459,489.0,0.0,3,376
2011-11-27,71459,489.0,0.0,3,376
2011-11-28,71459,477.0,0.0,3,376
2011-11-29,71459,369.0,592.0,3,376
2011-11-30,71459,369.0,592.0,3,376
2011-12-01,71459,365.0,592.0,3,376
2011-12-02,71459,957.0,0.0,3,376
2011-12-03,71459,957.0,0.0,3,376
2011-12-04,71459,957.0,0.0,3,376
2011-12-05,71459,945.0,0.0,3,376
2011-12-06,71459,889.0,0.0,3,376
2011-12-07,71459,877.0,0.0,3,376
2011-12-08,71459,869.0,0.0,3,376
2011-12-09,71459,857.0,0.0,3,376
2011-08-11,71477,127.0,0.0,6,111
2011-08-12,71477,0.0,364.0,6,111
2011-08-13,71477,0.0,364.0,6,111
2011-08-14,71477,0.0,364.0,6,111
2011-08-15,71477,0.0,364.0,6,111
2011-08-16,71477,0.0,364.0,6,111
2011-08-17,71477,0.0,364.0,6,111
2011-08-18,71477,338.0,0.0,6,111
2011-08-19,71477,330.0,0.0,6,111
2011-08-20,71477,330.0,0.0,6,111
2011-08-21,71477,302.0,0.0,6,111
2011-08-22,71477,302.0,0.0,6,111
2011-08-23,71477,302.0,0.0,6,111
2011-08-24,71477,278.0,0.0,6,111
2011-08-25,71477,254.0,0.0,6,111
2011-08-26,71477,254.0,0.0,6,111
2011-08-27,71477,254.0,0.0,6,111
2011-08-28,71477,254.0,0.0,6,111
2011-08-29,71477,254.0,0.0,6,111
2011-08-30,71477,252.0,0.0,6,111
2011-08-31,71477,174.0,0.0,6,111
2011-09-01,71477,150.0,0.0,6,111
2011-09-02,71477,0.0,364.0,6,111
2011-09-03,71477,0.0,364.0,6,111
2011-09-04,71477,0.0,364.0,6,111
2011-09-05,71477,0.0,364.0,6,111
2011-09-06,71477,0.0,364.0,6,111
2011-09-07,71477,0.0,364.0,6,111
2011-09-08,71477,316.0,0.0,6,111
2011-09-09,71477,316.0,0.0,6,111
2011-09-10,71477,316.0,0.0,6,111
2011-09-11,71477,314.0,0.0,6,111
2011-09-12,71477,282.0,0.0,6,111
2011-09-13,71477,262.0,0.0,6,111
2011-09-14,71477,190.0,0.0,6,111
2011-09-15,71477,166.0,0.0,6,111
2011-09-16,71477,166.0,0.0,6,111
2011-09-17,71477,166.0,0.0,6,111
2011-09-18,71477,166.0,0.0,6,111
2011-09-19,71477,166.0,0.0,6,111
2011-09-20,71477,166.0,0.0,6,111
2011-09-21,71477,164.0,0.0,6,111
2011-09-22,71477,150.0,0.0,6,111
2011-09-23,71477,150.0,0.0,6,111
2011-09-24,71477,150.0,0.0,6,111
2011-09-25,71477,150.0,0.0,6,111
2011-09-26,71477,145.0,0.0,6,111
2011-09-27,71477,144.0,0.0,6,111
2011-09-28,71477,108.0,256.0,6,111
2011-09-29,71477,104.0,256.0,6,111
2011-09-30,71477,104.0,256.0,6,111
2011-10-01,71477,104.0,256.0,6,111
2011-10-02,71477,101.0,256.0,6,111
2011-10-03,71477,99.0,256.0,6,111
2011-10-04,71477,355.0,0.0,6,111
2011-10-05,71477,355.0,0.0,6,111
2011-10-06,71477,347.0,0.0,6,111
2011-10-07,71477,347.0,0.0,6,111
2011-10-08,71477,347.0,0.0,6,111
2011-10-09,71477,347.0,0.0,6,111
2011-10-10,71477,342.0,0.0,6,111
2011-10-11,71477,338.0,0.0,6,111
2011-10-12,71477,338.0,0.0,6,111
2011-10-13,71477,328.0,0.0,6,111
2011-10-14,71477,320.0,0.0,6,111
2011-10-15,71477,320.0,0.0,6,111
2011-10-16,71477,314.0,0.0,6,111
2011-10-17,71477,312.0,0.0,6,111
2011-10-18,71477,282.0,0.0,6,111
2011-10-19,71477,230.0,0.0,6,111
2011-10-20,71477,228.0,0.0,6,111
2011-10-21,71477,228.0,0.0,6,111
2011-10-22,71477,228.0,0.0,6,111
2011-10-23,71477,228.0,0.0,6,111
2011-10-24,71477,217.0,0.0,6,111
2011-10-25,71477,212.0,0.0,6,111
2011-10-26,71477,0.0,364.0,6,111
2011-10-27,71477,0.0,364.0,6,111
2011-10-28,71477,0.0,364.0,6,111
2011-10-29,71477,0.0,364.0,6,111
2011-10-30,71477,0.0,364.0,6,111
2011-10-31,71477,0.0,364.0,6,111
2011-11-01,71477,364.0,0.0,6,111
2011-11-02,71477,350.0,0.0,6,111
2011-11-03,71477,317.0,0.0,6,111
2011-11-04,71477,304.0,0.0,6,111
2011-11-05,71477,304.0,0.0,6,111
2011-11-06,71477,291.0,0.0,6,111
2011-11-07,71477,263.0,0.0,6,111
2011-11-08,71477,260.0,0.0,6,111
2011-11-09,71477,236.0,0.0,6,111
2011-11-10,71477,210.0,0.0,6,111
2011-11-11,71477,148.0,0.0,6,111
2011-11-12,71477,148.0,0.0,6,111
2011-11-13,71477,144.0,0.0,6,111
2011-11-14,71477,135.0,0.0,6,111
2011-11-15,71477,108.0,256.0,6,111
2011-11-16,71477,97.0,256.0,6,111
2011-11-17,71477,97.0,256.0,6,111
2011-11-18,71477,16.0,256.0,6,111
2011-11-19,71477,16.0,256.0,6,111
2011-11-20,71477,12.0,256.0,6,111
2011-11-21,71477,0.0,0.0,6,111
2011-11-22,71477,0.0,364.0,6,111
2011-11-23,71477,0.0,364.0,6,111
2011-11-24,71477,0.0,364.0,6,111
2011-11-25,71477,0.0,364.0,6,111
2011-11-26,71477,0.0,364.0,6,111
2011-11-27,71477,0.0,364.0,6,111
2011-11-28,71477,233.0,0.0,6,111
2011-11-29,71477,233.0,0.0,6,111
2011-11-30,71477,224.0,0.0,6,111
2011-12-01,71477,218.0,0.0,6,111
2011-12-02,71477,74.0,290.0,6,111
2011-12-03,71477,74.0,290.0,6,111
2011-12-04,71477,74.0,290.0,6,111
2011-12-05,71477,7.0,290.0,6,111
2011-12-06,71477,0.0,290.0,6,111
2011-12-07,71477,0.0,290.0,6,111
2011-12-08,71477,282.0,0.0,6,111
2011-12-09,71477,282.0,0.0,6,111
2011-08-11,72741,1057.0,0.0,9,694
2011-08-12,72741,1057.0,0.0,9,694
2011-08-13,72741,1057.0,0.0,9,694
2011-08-14,72741,1057.0,0.0,9,694
2011-08-15,72741,1057.0,0.0,9,694
2011-08-16,72741,1048.0,0.0,9,694
2011-08-17,72741,1030.0,0.0,9,694
2011-08-18,72741,1012.0,0.0,9,694
2011-08-19,72741,1003.0,0.0,9,694
2011-08-20,72741,1003.0,0.0,9,694
2011-08-21,72741,994.0,0.0,9,694
2011-08-22,72741,976.0,0.0,9,694
2011-08-23,72741,976.0,0.0,9,694
2011-08-24,72741,976.0,0.0,9,694
2011-08-25,72741,967.0,0.0,9,694
2011-08-26,72741,967.0,0.0,9,694
2011-08-27,72741,967.0,0.0,9,694
2011-08-28,72741,967.0,0.0,9,694
2011-08-29,72741,967.0,0.0,9,694
2011-08-30,72741,964.0,0.0,9,694
2011-08-31,72741,964.0,0.0,9,694
2011-09-01,72741,901.0,0.0,9,694
2011-09-02,72741,885.0,0.0,9,694
2011-09-03,72741,885.0,0.0,9,694
2011-09-04,72741,885.0,0.0,9,694
2011-09-05,72741,885.0,0.0,9,694
2011-09-06,72741,876.0,0.0,9,694
2011-09-07,72741,876.0,0.0,9,694
2011-09-08,72741,876.0,0.0,9,694
2011-09-09,72741,876.0,0.0,9,694
2011-09-10,72741,876.0,0.0,9,694
2011-09-11,72741,795.0,0.0,9,694
2011-09-12,72741,579.0,870.0,9,694
2011-09-13,72741,570.0,870.0,9,694
2011-09-14,72741,552.0,870.0,9,694
2011-09-15,72741,552.0,870.0,9,694
2011-09-16,72741,530.0,870.0,9,694
2011-09-17,72741,530.0,870.0,9,694
2011-09-18,72741,512.0,870.0,9,694
2011-09-19,72741,512.0,870.0,9,694
2011-09-20,72741,467.0,870.0,9,694
2011-09-21,72741,1334.0,0.0,9,694
2011-09-22,72741,1334.0,0.0,9,694
2011-09-23,72741,1334.0,0.0,9,694
2011-09-24,72741,1334.0,0.0,9,694
2011-09-25,72741,1334.0,0.0,9,694
2011-09-26,72741,1325.0,0.0,9,694
2011-09-27,72741,1325.0,0.0,9,694
2011-09-28,72741,1298.0,0.0,9,694
2011-09-29,72741,1217.0,0.0,9,694
2011-09-30,72741,1214.0,0.0,9,694
2011-10-01,72741,1214.0,0.0,9,694
2011-10-02,72741,1205.0,0.0,9,694
2011-10-03,72741,1196.0,0.0,9,694
2011-10-04,72741,1151.0,0.0,9,694
2011-10-05,72741,1142.0,0.0,9,694
2011-10-06,72741,1124.0,0.0,9,694
2011-10-07,72741,1106.0,0.0,9,694
2011-10-08,72741,1106.0,0.0,9,694
2011-10-09,72741,1097.0,0.0,9,694
2011-10-10,72741,1088.0,0.0,9,694
2011-10-11,72741,1044.0,0.0,9,694
2011-10-12,72741,1044.0,0.0,9,694
2011-10-13,72741,972.0,0.0,9,694
2011-10-14,72741,963.0,0.0,9,694
2011-10-15,72741,963.0,0.0,9,694
2011-10-16,72741,918.0,0.0,9,694
2011-10-17,72741,675.0,774.0,9,694
2011-10-18,72741,660.0,774.0,9,694
2011-10-19,72741,651.0,774.0,9,694
2011-10-20,72741,642.0,774.0,9,694
2011-10-21,72741,633.0,774.0,9,694
2011-10-22,72741,633.0,774.0,9,694
2011-10-23,72741,633.0,774.0,9,694
2011-10-24,72741,633.0,774.0,9,694
2011-10-25,72741,615.0,774.0,9,694
2011-10-26,72741,1380.0,0.0,9,694
2011-10-27,72741,1371.0,0.0,9,694
2011-10-28,72741,1362.0,0.0,9,694
2011-10-29,72741,1362.0,0.0,9,694
2011-10-30,72741,1353.0,0.0,9,694
2011-10-31,72741,1353.0,0.0,9,694
2011-11-01,72741,1353.0,0.0,9,694
2011-11-02,72741,1350.0,0.0,9,694
2011-11-03,72741,1338.0,0.0,9,694
2011-11-04,72741,1338.0,0.0,9,694
2011-11-05,72741,1338.0,0.0,9,694
2011-11-06,72741,1248.0,0.0,9,694
2011-11-07,72741,1239.0,0.0,9,694
2011-11-08,72741,1239.0,0.0,9,694
2011-11-09,72741,1239.0,0.0,9,694
2011-11-10,72741,1230.0,0.0,9,694
2011-11-11,72741,1227.0,0.0,9,694
2011-11-12,72741,1227.0,0.0,9,694
2011-11-13,72741,1137.0,0.0,9,694
2011-11-14,72741,1101.0,0.0,9,694
2011-11-15,72741,1083.0,0.0,9,694
2011-11-16,72741,1074.0,0.0,9,694
2011-11-17,72741,994.0,0.0,9,694
2011-11-18,72741,922.0,0.0,9,694
2011-11-19,72741,922.0,0.0,9,694
2011-11-20,72741,904.0,0.0,9,694
2011-11-21,72741,904.0,0.0,9,694
2011-11-22,72741,814.0,0.0,9,694
2011-11-23,72741,799.0,0.0,9,694
2011-11-24,72741,781.0,0.0,9,694
2011-11-25,72741,640.0,809.0,9,694
2011-11-26,72741,640.0,809.0,9,694
2011-11-27,72741,631.0,809.0,9,694
2011-11-28,72741,622.0,809.0,9,694
2011-11-29,72741,466.0,809.0,9,694
2011-11-30,72741,457.0,809.0,9,694
2011-12-01,72741,433.0,809.0,9,694
2011-12-02,72741,415.0,809.0,9,694
2011-12-03,72741,415.0,809.0,9,694
2011-12-04,72741,1206.0,0.0,9,694
2011-12-05,72741,1206.0,0.0,9,694
2011-12-06,72741,1206.0,0.0,9,694
2011-12-07,72741,1179.0,0.0,9,694
2011-12-08,72741,1170.0,0.0,9,694
2011-12-09,72741,1167.0,0.0,9,694
2011-08-11,79321,54.0,84.0,10,118
2011-08-12,79321,0.0,201.0,10,118
2011-08-13,79321,0.0,201.0,10,118
2011-08-14,79321,81.0,117.0,10,118
2011-08-15,79321,81.0,117.0,10,118
2011-08-16,79321,73.0,117.0,10,118
2011-08-17,79321,68.0,117.0,10,118
2011-08-18,79321,20.0,117.0,10,118
2011-08-19,79321,20.0,117.0,10,118
2011-08-20,79321,20.0,117.0,10,118
2011-08-21,79321,19.0,117.0,10,118
2011-08-22,79321,123.0,0.0,10,118
2011-08-23,79321,120.0,0.0,10,118
2011-08-24,79321,112.0,89.0,10,118
2011-08-25,79321,104.0,89.0,10,118
2011-08-26,79321,77.0,89.0,10,118
2011-08-27,79321,77.0,89.0,10,118
2011-08-28,79321,26.0,175.0,10,118
2011-08-29,79321,26.0,175.0,10,118
2011-08-30,79321,22.0,175.0,10,118
2011-08-31,79321,22.0,175.0,10,118
2011-09-01,79321,0.0,175.0,10,118
2011-09-02,79321,0.0,175.0,10,118
2011-09-03,79321,89.0,86.0,10,118
2011-09-04,79321,89.0,86.0,10,118
2011-09-05,79321,87.0,86.0,10,118
2011-09-06,79321,80.0,86.0,10,118
2011-09-07,79321,166.0,0.0,10,118
2011-09-08,79321,154.0,0.0,10,118
2011-09-09,79321,153.0,0.0,10,118
2011-09-10,79321,153.0,0.0,10,118
2011-09-11,79321,104.0,97.0,10,118
2011-09-12,79321,70.0,97.0,10,118
2011-09-13,79321,0.0,201.0,10,118
2011-09-14,79321,0.0,201.0,10,118
2011-09-15,79321,0.0,201.0,10,118
2011-09-16,79321,0.0,201.0,10,118
2011-09-17,79321,0.0,201.0,10,118
2011-09-18,79321,0.0,201.0,10,118
2011-09-19,79321,0.0,201.0,10,118
2011-09-20,79321,0.0,201.0,10,118
2011-09-21,79321,92.0,104.0,10,118
2011-09-22,79321,86.0,104.0,10,118
2011-09-23,79321,188.0,0.0,10,118
2011-09-24,79321,188.0,0.0,10,118
2011-09-25,79321,184.0,0.0,10,118
2011-09-26,79321,176.0,0.0,10,118
2011-09-27,79321,169.0,0.0,10,118
2011-09-28,79321,158.0,0.0,10,118
2011-09-29,79321,80.0,121.0,10,118
2011-09-30,79321,76.0,121.0,10,118
2011-10-01,79321,76.0,121.0,10,118
2011-10-02,79321,22.0,121.0,10,118
2011-10-03,79321,22.0,121.0,10,118
2011-10-04,79321,5.0,121.0,10,118
2011-10-05,79321,0.0,121.0,10,118
2011-10-06,79321,0.0,121.0,10,118
2011-10-07,79321,0.0,121.0,10,118
2011-10-08,79321,0.0,121.0,10,118
2011-10-09,79321,121.0,0.0,10,118
2011-10-10,79321,45.0,156.0,10,118
2011-10-11,79321,35.0,156.0,10,118
2011-10-12,79321,21.0,156.0,10,118
2011-10-13,79321,17.0,156.0,10,118
2011-10-14,79321,0.0,156.0,10,118
2011-10-15,79321,0.0,156.0,10,118
2011-10-16,79321,0.0,156.0,10,118
2011-10-17,79321,0.0,156.0,10,118
2011-10-18,79321,0.0,156.0,10,118
2011-10-19,79321,0.0,156.0,10,118
2011-10-20,79321,131.0,0.0,10,118
2011-10-21,79321,117.0,84.0,10,118
2011-10-22,79321,117.0,84.0,10,118
2011-10-23,79321,112.0,84.0,10,118
2011-10-24,79321,64.0,84.0,10,118
2011-10-25,79321,47.0,84.0,10,118
2011-10-26,79321,0.0,201.0,10,118
2011-10-27,79321,0.0,201.0,10,118
2011-10-28,79321,0.0,201.0,10,118
2011-10-29,79321,0.0,201.0,10,118
2011-10-30,79321,0.0,201.0,10,118
2011-10-31,79321,51.0,117.0,10,118
2011-11-01,79321,30.0,117.0,10,118
2011-11-02,79321,0.0,201.0,10,118
2011-11-03,79321,0.0,201.0,10,118
2011-11-04,79321,0.0,201.0,10,118
2011-11-05,79321,117.0,84.0,10,118
2011-11-06,79321,112.0,84.0,10,118
2011-11-07,79321,0.0,201.0,10,118
2011-11-08,79321,0.0,201.0,10,118
2011-11-09,79321,0.0,201.0,10,118
2011-11-10,79321,0.0,201.0,10,118
2011-11-11,79321,0.0,201.0,10,118
2011-11-12,79321,84.0,117.0,10,118
2011-11-13,79321,80.0,117.0,10,118
2011-11-14,79321,0.0,201.0,10,118
2011-11-15,79321,0.0,201.0,10,118
2011-11-16,79321,0.0,201.0,10,118
2011-11-17,79321,106.0,84.0,10,118
2011-11-18,79321,0.0,201.0,10,118
2011-11-19,79321,0.0,201.0,10,118
2011-11-20,79321,0.0,201.0,10,118
2011-11-21,79321,0.0,201.0,10,118
2011-11-22,79321,0.0,201.0,10,118
2011-11-23,79321,0.0,201.0,10,118
2011-11-24,79321,58.0,117.0,10,118
2011-11-25,79321,20.0,117.0,10,118
2011-11-26,79321,20.0,117.0,10,118
2011-11-27,79321,4.0,117.0,10,118
2011-11-28,79321,89.0,0.0,10,118
2011-11-29,79321,7.0,194.0,10,118
2011-11-30,79321,0.0,194.0,10,118
2011-12-01,79321,0.0,194.0,10,118
2011-12-02,79321,0.0,194.0,10,118
2011-12-03,79321,0.0,194.0,10,118
2011-12-04,79321,0.0,194.0,10,118
2011-12-05,79321,0.0,194.0,10,118
2011-12-06,79321,0.0,194.0,10,118
2011-12-07,79321,0.0,194.0,10,118
2011-12-08,79321,0.0,194.0,10,118
2011-12-09,79321,181.0,0.0,10,118
2011-08-11,82482,389.0,0.0,3,251
2011-08-12,82482,369.0,0.0,3,251
2011-08-13,82482,369.0,0.0,3,251
2011-08-14,82482,333.0,0.0,3,251
2011-08-15,82482,327.0,0.0,3,251
2011-08-16,82482,303.0,0.0,3,251
2011-08-17,82482,280.0,0.0,3,251
2011-08-18,82482,274.0,0.0,3,251
2011-08-19,82482,262.0,0.0,3,251
2011-08-20,82482,262.0,0.0,3,251
2011-08-21,82482,247.0,255.0,3,251
2011-08-22,82482,215.0,255.0,3,251
2011-08-23,82482,179.0,255.0,3,251
2011-08-24,82482,289.0,0.0,3,251
2011-08-25,82482,248.0,254.0,3,251
2011-08-26,82482,248.0,254.0,3,251
2011-08-27,82482,248.0,254.0,3,251
2011-08-28,82482,482.0,0.0,3,251
2011-08-29,82482,482.0,0.0,3,251
2011-08-30,82482,445.0,0.0,3,251
2011-08-31,82482,438.0,0.0,3,251
2011-09-01,82482,436.0,0.0,3,251
2011-09-02,82482,98.0,404.0,3,251
2011-09-03,82482,98.0,404.0,3,251
2011-09-04,82482,92.0,404.0,3,251
2011-09-05,82482,475.0,0.0,3,251
2011-09-06,82482,475.0,0.0,3,251
2011-09-07,82482,464.0,0.0,3,251
2011-09-08,82482,458.0,0.0,3,251
2011-09-09,82482,422.0,0.0,3,251
2011-09-10,82482,422.0,0.0,3,251
2011-09-11,82482,386.0,0.0,3,251
2011-09-12,82482,368.0,0.0,3,251
2011-09-13,82482,315.0,0.0,3,251
2011-09-14,82482,301.0,0.0,3,251
2011-09-15,82482,289.0,0.0,3,251
2011-09-16,82482,252.0,0.0,3,251
2011-09-17,82482,252.0,0.0,3,251
2011-09-18,82482,198.0,304.0,3,251
2011-09-19,82482,178.0,304.0,3,251
2011-09-20,82482,154.0,304.0,3,251
2011-09-21,82482,458.0,0.0,3,251
2011-09-22,82482,429.0,0.0,3,251
2011-09-23,82482,326.0,0.0,3,251
2011-09-24,82482,326.0,0.0,3,251
2011-09-25,82482,294.0,0.0,3,251
2011-09-26,82482,282.0,0.0,3,251
2011-09-27,82482,264.0,0.0,3,251
2011-09-28,82482,208.0,294.0,3,251
2011-09-29,82482,187.0,294.0,3,251
2011-09-30,82482,176.0,294.0,3,251
2011-10-01,82482,470.0,0.0,3,251
2011-10-02,82482,445.0,0.0,3,251
2011-10-03,82482,440.0,0.0,3,251
2011-10-04,82482,386.0,0.0,3,251
2011-10-05,82482,374.0,0.0,3,251
2011-10-06,82482,308.0,0.0,3,251
2011-10-07,82482,299.0,0.0,3,251
2011-10-08,82482,299.0,0.0,3,251
2011-10-09,82482,299.0,0.0,3,251
2011-10-10,82482,274.0,0.0,3,251
2011-10-11,82482,261.0,0.0,3,251
2011-10-12,82482,254.0,0.0,3,251
2011-10-13,82482,250.0,252.0,3,251
2011-10-14,82482,171.0,252.0,3,251
2011-10-15,82482,171.0,252.0,3,251
2011-10-16,82482,421.0,0.0,3,251
2011-10-17,82482,421.0,0.0,3,251
2011-10-18,82482,421.0,0.0,3,251
2011-10-19,82482,371.0,0.0,3,251
2011-10-20,82482,344.0,0.0,3,251
2011-10-21,82482,182.0,320.0,3,251
2011-10-22,82482,182.0,320.0,3,251
2011-10-23,82482,167.0,320.0,3,251
2011-10-24,82482,485.0,0.0,3,251
2011-10-25,82482,470.0,0.0,3,251
2011-10-26,82482,454.0,0.0,3,251
2011-10-27,82482,411.0,0.0,3,251
2011-10-28,82482,392.0,0.0,3,251
2011-10-29,82482,392.0,0.0,3,251
2011-10-30,82482,359.0,0.0,3,251
2011-10-31,82482,295.0,0.0,3,251
2011-11-01,82482,280.0,0.0,3,251
2011-11-02,82482,210.0,292.0,3,251
2011-11-03,82482,118.0,292.0,3,251
2011-11-04,82482,0.0,292.0,3,251
2011-11-05,82482,292.0,0.0,3,251
2011-11-06,82482,254.0,0.0,3,251
2011-11-07,82482,246.0,256.0,3,251
2011-11-08,82482,218.0,256.0,3,251
2011-11-09,82482,206.0,256.0,3,251
2011-11-10,82482,408.0,0.0,3,251
2011-11-11,82482,372.0,0.0,3,251
2011-11-12,82482,372.0,0.0,3,251
2011-11-13,82482,326.0,0.0,3,251
2011-11-14,82482,208.0,294.0,3,251
2011-11-15,82482,206.0,294.0,3,251
2011-11-16,82482,198.0,294.0,3,251
2011-11-17,82482,474.0,0.0,3,251
2011-11-18,82482,460.0,0.0,3,251
2011-11-19,82482,460.0,0.0,3,251
2011-11-20,82482,439.0,0.0,3,251
2011-11-21,82482,418.0,0.0,3,251
2011-11-22,82482,408.0,0.0,3,251
2011-11-23,82482,368.0,0.0,3,251
2011-11-24,82482,333.0,0.0,3,251
2011-11-25,82482,320.0,0.0,3,251
2011-11-26,82482,320.0,0.0,3,251
2011-11-27,82482,303.0,0.0,3,251
2011-11-28,82482,230.0,272.0,3,251
2011-11-29,82482,207.0,272.0,3,251
2011-11-30,82482,157.0,272.0,3,251
2011-12-01,82482,380.0,0.0,3,251
2011-12-02,82482,374.0,0.0,3,251
2011-12-03,82482,374.0,0.0,3,251
2011-12-04,82482,359.0,0.0,3,251
2011-12-05,82482,344.0,0.0,3,251
2011-12-06,82482,336.0,0.0,3,251
2011-12-07,82482,294.0,0.0,3,251
2011-12-08,82482,285.0,0.0,3,251
2011-12-09,82482,281.0,0.0,3,251
2011-08-11,82483,232.0,0.0,3,74
2011-08-12,82483,226.0,0.0,3,74
2011-08-13,82483,226.0,0.0,3,74
2011-08-14,82483,220.0,0.0,3,74
2011-08-15,82483,220.0,0.0,3,74
2011-08-16,82483,216.0,0.0,3,74
2011-08-17,82483,184.0,0.0,3,74
2011-08-18,82483,184.0,0.0,3,74
2011-08-19,82483,170.0,0.0,3,74
2011-08-20,82483,170.0,0.0,3,74
2011-08-21,82483,159.0,0.0,3,74
2011-08-22,82483,155.0,0.0,3,74
2011-08-23,82483,151.0,0.0,3,74
2011-08-24,82483,129.0,0.0,3,74
2011-08-25,82483,129.0,0.0,3,74
2011-08-26,82483,129.0,0.0,3,74
2011-08-27,82483,129.0,0.0,3,74
2011-08-28,82483,123.0,0.0,3,74
2011-08-29,82483,123.0,0.0,3,74
2011-08-30,82483,102.0,0.0,3,74
2011-08-31,82483,94.0,0.0,3,74
2011-09-01,82483,76.0,0.0,3,74
2011-09-02,82483,41.0,239.0,3,74
2011-09-03,82483,41.0,239.0,3,74
2011-09-04,82483,41.0,239.0,3,74
2011-09-05,82483,279.0,0.0,3,74
2011-09-06,82483,263.0,0.0,3,74
2011-09-07,82483,261.0,0.0,3,74
2011-09-08,82483,261.0,0.0,3,74
2011-09-09,82483,259.0,0.0,3,74
2011-09-10,82483,259.0,0.0,3,74
2011-09-11,82483,251.0,0.0,3,74
2011-09-12,82483,249.0,0.0,3,74
2011-09-13,82483,236.0,0.0,3,74
2011-09-14,82483,234.0,0.0,3,74
2011-09-15,82483,230.0,0.0,3,74
2011-09-16,82483,224.0,0.0,3,74
2011-09-17,82483,224.0,0.0,3,74
2011-09-18,82483,210.0,0.0,3,74
2011-09-19,82483,208.0,0.0,3,74
2011-09-20,82483,174.0,0.0,3,74
2011-09-21,82483,172.0,0.0,3,74
2011-09-22,82483,159.0,0.0,3,74
2011-09-23,82483,158.0,0.0,3,74
2011-09-24,82483,158.0,0.0,3,74
2011-09-25,82483,142.0,0.0,3,74
2011-09-26,82483,141.0,0.0,3,74
2011-09-27,82483,138.0,0.0,3,74
2011-09-28,82483,128.0,0.0,3,74
2011-09-29,82483,126.0,0.0,3,74
2011-09-30,82483,126.0,0.0,3,74
2011-10-01,82483,126.0,0.0,3,74
2011-10-02,82483,116.0,0.0,3,74
2011-10-03,82483,112.0,0.0,3,74
2011-10-04,82483,110.0,0.0,3,74
2011-10-05,82483,109.0,0.0,3,74
2011-10-06,82483,108.0,0.0,3,74
2011-10-07,82483,108.0,0.0,3,74
2011-10-08,82483,108.0,0.0,3,74
2011-10-09,82483,108.0,0.0,3,74
2011-10-10,82483,103.0,0.0,3,74
2011-10-11,82483,103.0,0.0,3,74
2011-10-12,82483,103.0,0.0,3,74
2011-10-13,82483,101.0,0.0,3,74
2011-10-14,82483,32.0,248.0,3,74
2011-10-15,82483,32.0,248.0,3,74
2011-10-16,82483,30.0,248.0,3,74
2011-10-17,82483,278.0,0.0,3,74
2011-10-18,82483,278.0,0.0,3,74
2011-10-19,82483,277.0,0.0,3,74
2011-10-20,82483,258.0,0.0,3,74
2011-10-21,82483,256.0,0.0,3,74
2011-10-22,82483,256.0,0.0,3,74
2011-10-23,82483,247.0,0.0,3,74
2011-10-24,82483,246.0,0.0,3,74
2011-10-25,82483,242.0,0.0,3,74
2011-10-26,82483,239.0,0.0,3,74
2011-10-27,82483,235.0,0.0,3,74
2011-10-28,82483,224.0,0.0,3,74
2011-10-29,82483,224.0,0.0,3,74
2011-10-30,82483,209.0,0.0,3,74
2011-10-31,82483,201.0,0.0,3,74
2011-11-01,82483,164.0,0.0,3,74
2011-11-02,82483,154.0,0.0,3,74
2011-11-03,82483,116.0,0.0,3,74
2011-11-04,82483,116.0,0.0,3,74
2011-11-05,82483,116.0,0.0,3,74
2011-11-06,82483,106.0,0.0,3,74
2011-11-07,82483,106.0,0.0,3,74
2011-11-08,82483,102.0,0.0,3,74
2011-11-09,82483,96.0,0.0,3,74
2011-11-10,82483,74.0,206.0,3,74
2011-11-11,82483,54.0,206.0,3,74
2011-11-12,82483,54.0,206.0,3,74
2011-11-13,82483,252.0,0.0,3,74
2011-11-14,82483,233.0,0.0,3,74
2011-11-15,82483,231.0,0.0,3,74
2011-11-16,82483,229.0,0.0,3,74
2011-11-17,82483,219.0,0.0,3,74
2011-11-18,82483,217.0,0.0,3,74
2011-11-19,82483,217.0,0.0,3,74
2011-11-20,82483,207.0,0.0,3,74
2011-11-21,82483,199.0,0.0,3,74
2011-11-22,82483,177.0,0.0,3,74
2011-11-23,82483,129.0,0.0,3,74
2011-11-24,82483,127.0,0.0,3,74
2011-11-25,82483,123.0,0.0,3,74
2011-11-26,82483,123.0,0.0,3,74
2011-11-27,82483,115.0,0.0,3,74
2011-11-28,82483,111.0,0.0,3,74
2011-11-29,82483,106.0,0.0,3,74
2011-11-30,82483,95.0,0.0,3,74
2011-12-01,82483,54.0,226.0,3,74
2011-12-02,82483,29.0,226.0,3,74
2011-12-03,82483,29.0,226.0,3,74
2011-12-04,82483,238.0,0.0,3,74
2011-12-05,82483,217.0,0.0,3,74
2011-12-06,82483,215.0,0.0,3,74
2011-12-07,82483,213.0,0.0,3,74
2011-12-08,82483,211.0,0.0,3,74
2011-12-09,82483,211.0,0.0,3,74
2011-08-11,82484,0.0,17.0,8,10
2011-08-12,82484,0.0,17.0,8,10
2011-08-13,82484,0.0,17.0,8,10
2011-08-14,82484,0.0,17.0,8,10
2011-08-15,82484,0.0,17.0,8,10
2011-08-16,82484,0.0,17.0,8,10
2011-08-17,82484,0.0,0.0,8,10
2011-08-18,82484,0.0,20.0,8,10
2011-08-19,82484,0.0,20.0,8,10
2011-08-20,82484,0.0,20.0,8,10
2011-08-21,82484,0.0,20.0,8,10
2011-08-22,82484,0.0,20.0,8,10
2011-08-23,82484,0.0,20.0,8,10
2011-08-24,82484,0.0,20.0,8,10
2011-08-25,82484,0.0,20.0,8,10
2011-08-26,82484,16.0,0.0,8,10
2011-08-27,82484,16.0,0.0,8,10
2011-08-28,82484,12.0,0.0,8,10
2011-08-29,82484,12.0,0.0,8,10
2011-08-30,82484,1.0,19.0,8,10
2011-08-31,82484,0.0,19.0,8,10
2011-09-01,82484,0.0,19.0,8,10
2011-09-02,82484,0.0,19.0,8,10
2011-09-03,82484,0.0,19.0,8,10
2011-09-04,82484,0.0,19.0,8,10
2011-09-05,82484,0.0,19.0,8,10
2011-09-06,82484,0.0,19.0,8,10
2011-09-07,82484,15.0,0.0,8,10
2011-09-08,82484,4.0,16.0,8,10
2011-09-09,82484,0.0,16.0,8,10
2011-09-10,82484,0.0,16.0,8,10
2011-09-11,82484,0.0,16.0,8,10
2011-09-12,82484,0.0,16.0,8,10
2011-09-13,82484,0.0,16.0,8,10
2011-09-14,82484,0.0,16.0,8,10
2011-09-15,82484,0.0,16.0,8,10
2011-09-16,82484,14.0,0.0,8,10
2011-09-17,82484,14.0,0.0,8,10
2011-09-18,82484,0.0,20.0,8,10
2011-09-19,82484,0.0,20.0,8,10
2011-09-20,82484,0.0,20.0,8,10
2011-09-21,82484,0.0,20.0,8,10
2011-09-22,82484,0.0,20.0,8,10
2011-09-23,82484,0.0,20.0,8,10
2011-09-24,82484,0.0,20.0,8,10
2011-09-25,82484,0.0,20.0,8,10
2011-09-26,82484,20.0,0.0,8,10
2011-09-27,82484,18.0,0.0,8,10
2011-09-28,82484,18.0,0.0,8,10
2011-09-29,82484,17.0,0.0,8,10
2011-09-30,82484,17.0,0.0,8,10
2011-10-01,82484,17.0,0.0,8,10
2011-10-02,82484,16.0,0.0,8,10
2011-10-03,82484,14.0,0.0,8,10
2011-10-04,82484,0.0,20.0,8,10
2011-10-05,82484,0.0,20.0,8,10
2011-10-06,82484,0.0,20.0,8,10
2011-10-07,82484,0.0,20.0,8,10
2011-10-08,82484,0.0,20.0,8,10
2011-10-09,82484,0.0,20.0,8,10
2011-10-10,82484,0.0,20.0,8,10
2011-10-11,82484,0.0,20.0,8,10
2011-10-12,82484,17.0,0.0,8,10
2011-10-13,82484,13.0,0.0,8,10
2011-10-14,82484,9.0,11.0,8,10
2011-10-15,82484,9.0,11.0,8,10
2011-10-16,82484,5.0,11.0,8,10
2011-10-17,82484,0.0,11.0,8,10
2011-10-18,82484,0.0,11.0,8,10
2011-10-19,82484,0.0,11.0,8,10
2011-10-20,82484,0.0,11.0,8,10
2011-10-21,82484,0.0,11.0,8,10
2011-10-22,82484,11.0,0.0,8,10
2011-10-23,82484,10.0,10.0,8,10
2011-10-24,82484,7.0,10.0,8,10
2011-10-25,82484,0.0,20.0,8,10
2011-10-26,82484,0.0,20.0,8,10
2011-10-27,82484,0.0,20.0,8,10
2011-10-28,82484,0.0,20.0,8,10
2011-10-29,82484,0.0,20.0,8,10
2011-10-30,82484,0.0,20.0,8,10
2011-10-31,82484,0.0,10.0,8,10
2011-11-01,82484,0.0,20.0,8,10
2011-11-02,82484,0.0,10.0,8,10
2011-11-03,82484,0.0,20.0,8,10
2011-11-04,82484,0.0,20.0,8,10
2011-11-05,82484,0.0,20.0,8,10
2011-11-06,82484,0.0,20.0,8,10
2011-11-07,82484,0.0,20.0,8,10
2011-11-08,82484,0.0,20.0,8,10
2011-11-09,82484,0.0,10.0,8,10
2011-11-10,82484,0.0,20.0,8,10
2011-11-11,82484,10.0,10.0,8,10
2011-11-12,82484,10.0,10.0,8,10
2011-11-13,82484,9.0,10.0,8,10
2011-11-14,82484,3.0,10.0,8,10
2011-11-15,82484,0.0,20.0,8,10
2011-11-16,82484,0.0,20.0,8,10
2011-11-17,82484,0.0,20.0,8,10
2011-11-18,82484,4.0,10.0,8,10
2011-11-19,82484,4.0,10.0,8,10
2011-11-20,82484,0.0,20.0,8,10
2011-11-21,82484,0.0,20.0,8,10
2011-11-22,82484,0.0,20.0,8,10
2011-11-23,82484,0.0,10.0,8,10
2011-11-24,82484,0.0,20.0,8,10
2011-11-25,82484,0.0,20.0,8,10
2011-11-26,82484,0.0,20.0,8,10
2011-11-27,82484,0.0,20.0,8,10
2011-11-28,82484,8.0,10.0,8,10
2011-11-29,82484,0.0,20.0,8,10
2011-11-30,82484,0.0,20.0,8,10
2011-12-01,82484,0.0,20.0,8,10
2011-12-02,82484,0.0,10.0,8,10
2011-12-03,82484,0.0,20.0,8,10
2011-12-04,82484,0.0,20.0,8,10
2011-12-05,82484,0.0,20.0,8,10
2011-12-06,82484,0.0,20.0,8,10
2011-12-07,82484,0.0,10.0,8,10
2011-12-08,82484,0.0,20.0,8,10
2011-12-09,82484,0.0,20.0,8,10
2011-08-11,82486,189.0,0.0,5,106
2011-08-12,82486,185.0,0.0,5,106
2011-08-13,82486,185.0,0.0,5,106
2011-08-14,82486,177.0,0.0,5,106
2011-08-15,82486,172.0,0.0,5,106
2011-08-16,82486,170.0,0.0,5,106
2011-08-17,82486,138.0,0.0,5,106
2011-08-18,82486,134.0,0.0,5,106
2011-08-19,82486,120.0,0.0,5,106
2011-08-20,82486,120.0,0.0,5,106
2011-08-21,82486,111.0,0.0,5,106
2011-08-22,82486,107.0,0.0,5,106
2011-08-23,82486,101.0,127.0,5,106
2011-08-24,82486,80.0,127.0,5,106
2011-08-25,82486,78.0,127.0,5,106
2011-08-26,82486,78.0,127.0,5,106
2011-08-27,82486,78.0,127.0,5,106
2011-08-28,82486,202.0,0.0,5,106
2011-08-29,82486,202.0,0.0,5,106
2011-08-30,82486,192.0,0.0,5,106
2011-08-31,82486,170.0,0.0,5,106
2011-09-01,82486,166.0,0.0,5,106
2011-09-02,82486,156.0,0.0,5,106
2011-09-03,82486,156.0,0.0,5,106
2011-09-04,82486,156.0,0.0,5,106
2011-09-05,82486,140.0,0.0,5,106
2011-09-06,82486,138.0,0.0,5,106
2011-09-07,82486,134.0,0.0,5,106
2011-09-08,82486,128.0,0.0,5,106
2011-09-09,82486,128.0,0.0,5,106
2011-09-10,82486,128.0,0.0,5,106
2011-09-11,82486,114.0,0.0,5,106
2011-09-12,82486,104.0,124.0,5,106
2011-09-13,82486,92.0,124.0,5,106
2011-09-14,82486,89.0,124.0,5,106
2011-09-15,82486,87.0,124.0,5,106
2011-09-16,82486,83.0,124.0,5,106
2011-09-17,82486,207.0,0.0,5,106
2011-09-18,82486,195.0,0.0,5,106
2011-09-19,82486,195.0,0.0,5,106
2011-09-20,82486,171.0,0.0,5,106
2011-09-21,82486,170.0,0.0,5,106
2011-09-22,82486,158.0,0.0,5,106
2011-09-23,82486,154.0,0.0,5,106
2011-09-24,82486,154.0,0.0,5,106
2011-09-25,82486,138.0,0.0,5,106
2011-09-26,82486,134.0,0.0,5,106
2011-09-27,82486,134.0,0.0,5,106
2011-09-28,82486,131.0,0.0,5,106
2011-09-29,82486,131.0,0.0,5,106
2011-09-30,82486,131.0,0.0,5,106
2011-10-01,82486,131.0,0.0,5,106
2011-10-02,82486,121.0,0.0,5,106
2011-10-03,82486,117.0,0.0,5,106
2011-10-04,82486,114.0,0.0,5,106
2011-10-05,82486,114.0,0.0,5,106
2011-10-06,82486,106.0,122.0,5,106
2011-10-07,82486,98.0,122.0,5,106
2011-10-08,82486,98.0,122.0,5,106
2011-10-09,82486,98.0,122.0,5,106
2011-10-10,82486,92.0,122.0,5,106
2011-10-11,82486,204.0,0.0,5,106
2011-10-12,82486,202.0,0.0,5,106
2011-10-13,82486,201.0,0.0,5,106
2011-10-14,82486,185.0,0.0,5,106
2011-10-15,82486,185.0,0.0,5,106
2011-10-16,82486,185.0,0.0,5,106
2011-10-17,82486,185.0,0.0,5,106
2011-10-18,82486,185.0,0.0,5,106
2011-10-19,82486,185.0,0.0,5,106
2011-10-20,82486,154.0,0.0,5,106
2011-10-21,82486,148.0,0.0,5,106
2011-10-22,82486,148.0,0.0,5,106
2011-10-23,82486,139.0,0.0,5,106
2011-10-24,82486,133.0,0.0,5,106
2011-10-25,82486,129.0,0.0,5,106
2011-10-26,82486,125.0,0.0,5,106
2011-10-27,82486,125.0,0.0,5,106
2011-10-28,82486,111.0,0.0,5,106
2011-10-29,82486,111.0,0.0,5,106
2011-10-30,82486,100.0,128.0,5,106
2011-10-31,82486,92.0,128.0,5,106
2011-11-01,82486,71.0,128.0,5,106
2011-11-02,82486,69.0,128.0,5,106
2011-11-03,82486,41.0,128.0,5,106
2011-11-04,82486,169.0,0.0,5,106
2011-11-05,82486,169.0,0.0,5,106
2011-11-06,82486,161.0,0.0,5,106
2011-11-07,82486,157.0,0.0,5,106
2011-11-08,82486,154.0,0.0,5,106
2011-11-09,82486,141.0,0.0,5,106
2011-11-10,82486,123.0,0.0,5,106
2011-11-11,82486,117.0,0.0,5,106
2011-11-12,82486,117.0,0.0,5,106
2011-11-13,82486,109.0,0.0,5,106
2011-11-14,82486,93.0,135.0,5,106
2011-11-15,82486,71.0,135.0,5,106
2011-11-16,82486,67.0,135.0,5,106
2011-11-17,82486,57.0,135.0,5,106
2011-11-18,82486,55.0,135.0,5,106
2011-11-19,82486,190.0,0.0,5,106
2011-11-20,82486,182.0,0.0,5,106
2011-11-21,82486,174.0,0.0,5,106
2011-11-22,82486,152.0,0.0,5,106
2011-11-23,82486,120.0,0.0,5,106
2011-11-24,82486,118.0,0.0,5,106
2011-11-25,82486,117.0,0.0,5,106
2011-11-26,82486,117.0,0.0,5,106
2011-11-27,82486,111.0,0.0,5,106
2011-11-28,82486,103.0,125.0,5,106
2011-11-29,82486,101.0,125.0,5,106
2011-11-30,82486,69.0,125.0,5,106
2011-12-01,82486,35.0,125.0,5,106
2011-12-02,82486,35.0,125.0,5,106
2011-12-03,82486,160.0,0.0,5,106
2011-12-04,82486,137.0,0.0,5,106
2011-12-05,82486,123.0,0.0,5,106
2011-12-06,82486,121.0,0.0,5,106
2011-12-07,82486,119.0,0.0,5,106
2011-12-08,82486,109.0,0.0,5,106
2011-12-09,82486,105.0,123.0,5,106
2011-08-11,82494L,357.0,447.0,12,395
2011-08-12,82494L,336.0,447.0,12,395
2011-08-13,82494L,336.0,447.0,12,395
2011-08-14,82494L,308.0,447.0,12,395
2011-08-15,82494L,296.0,447.0,12,395
2011-08-16,82494L,296.0,447.0,12,395
2011-08-17,82494L,290.0,447.0,12,395
2011-08-18,82494L,272.0,447.0,12,395
2011-08-19,82494L,254.0,447.0,12,395
2011-08-20,82494L,254.0,447.0,12,395
2011-08-21,82494L,676.0,0.0,12,395
2011-08-22,82494L,606.0,0.0,12,395
2011-08-23,82494L,571.0,0.0,12,395
2011-08-24,82494L,457.0,0.0,12,395
2011-08-25,82494L,427.0,0.0,12,395
2011-08-26,82494L,427.0,0.0,12,395
2011-08-27,82494L,427.0,0.0,12,395
2011-08-28,82494L,417.0,0.0,12,395
2011-08-29,82494L,417.0,0.0,12,395
2011-08-30,82494L,384.0,450.0,12,395
2011-08-31,82494L,373.0,450.0,12,395
2011-09-01,82494L,336.0,450.0,12,395
2011-09-02,82494L,267.0,450.0,12,395
2011-09-03,82494L,267.0,450.0,12,395
2011-09-04,82494L,261.0,450.0,12,395
2011-09-05,82494L,235.0,450.0,12,395
2011-09-06,82494L,235.0,450.0,12,395
2011-09-07,82494L,224.0,450.0,12,395
2011-09-08,82494L,201.0,450.0,12,395
2011-09-09,82494L,177.0,450.0,12,395
2011-09-10,82494L,177.0,450.0,12,395
2011-09-11,82494L,546.0,0.0,12,395
2011-09-12,82494L,534.0,0.0,12,395
2011-09-13,82494L,459.0,0.0,12,395
2011-09-14,82494L,420.0,0.0,12,395
2011-09-15,82494L,404.0,0.0,12,395
2011-09-16,82494L,383.0,451.0,12,395
2011-09-17,82494L,383.0,451.0,12,395
2011-09-18,82494L,335.0,451.0,12,395
2011-09-19,82494L,303.0,451.0,12,395
2011-09-20,82494L,279.0,451.0,12,395
2011-09-21,82494L,274.0,451.0,12,395
2011-09-22,82494L,242.0,451.0,12,395
2011-09-23,82494L,222.0,451.0,12,395
2011-09-24,82494L,222.0,451.0,12,395
2011-09-25,82494L,205.0,451.0,12,395
2011-09-26,82494L,198.0,451.0,12,395
2011-09-27,82494L,129.0,451.0,12,395
2011-09-28,82494L,530.0,0.0,12,395
2011-09-29,82494L,514.0,0.0,12,395
2011-09-30,82494L,500.0,0.0,12,395
2011-10-01,82494L,500.0,0.0,12,395
2011-10-02,82494L,466.0,0.0,12,395
2011-10-03,82494L,465.0,0.0,12,395
2011-10-04,82494L,420.0,0.0,12,395
2011-10-05,82494L,400.0,0.0,12,395
2011-10-06,82494L,400.0,0.0,12,395
2011-10-07,82494L,399.0,0.0,12,395
2011-10-08,82494L,399.0,0.0,12,395
2011-10-09,82494L,399.0,0.0,12,395
2011-10-10,82494L,374.0,460.0,12,395
2011-10-11,82494L,359.0,460.0,12,395
2011-10-12,82494L,359.0,460.0,12,395
2011-10-13,82494L,305.0,460.0,12,395
2011-10-14,82494L,221.0,460.0,12,395
2011-10-15,82494L,221.0,460.0,12,395
2011-10-16,82494L,206.0,460.0,12,395
2011-10-17,82494L,206.0,460.0,12,395
2011-10-18,82494L,194.0,460.0,12,395
2011-10-19,82494L,169.0,460.0,12,395
2011-10-20,82494L,118.0,460.0,12,395
2011-10-21,82494L,110.0,460.0,12,395
2011-10-22,82494L,570.0,0.0,12,395
2011-10-23,82494L,552.0,0.0,12,395
2011-10-24,82494L,547.0,0.0,12,395
2011-10-25,82494L,526.0,0.0,12,395
2011-10-26,82494L,516.0,0.0,12,395
2011-10-27,82494L,494.0,0.0,12,395
2011-10-28,82494L,470.0,0.0,12,395
2011-10-29,82494L,470.0,0.0,12,395
2011-10-30,82494L,415.0,0.0,12,395
2011-10-31,82494L,389.0,445.0,12,395
2011-11-01,82494L,338.0,445.0,12,395
2011-11-02,82494L,266.0,445.0,12,395
2011-11-03,82494L,205.0,445.0,12,395
2011-11-04,82494L,205.0,445.0,12,395
2011-11-05,82494L,205.0,445.0,12,395
2011-11-06,82494L,154.0,445.0,12,395
2011-11-07,82494L,144.0,445.0,12,395
2011-11-08,82494L,114.0,445.0,12,395
2011-11-09,82494L,102.0,445.0,12,395
2011-11-10,82494L,54.0,445.0,12,395
2011-11-11,82494L,48.0,445.0,12,395
2011-11-12,82494L,493.0,0.0,12,395
2011-11-13,82494L,458.0,0.0,12,395
2011-11-14,82494L,337.0,497.0,12,395
2011-11-15,82494L,325.0,497.0,12,395
2011-11-16,82494L,315.0,497.0,12,395
2011-11-17,82494L,294.0,497.0,12,395
2011-11-18,82494L,232.0,497.0,12,395
2011-11-19,82494L,232.0,497.0,12,395
2011-11-20,82494L,212.0,497.0,12,395
2011-11-21,82494L,182.0,497.0,12,395
2011-11-22,82494L,182.0,497.0,12,395
2011-11-23,82494L,118.0,497.0,12,395
2011-11-24,82494L,43.0,497.0,12,395
2011-11-25,82494L,4.0,497.0,12,395
2011-11-26,82494L,501.0,0.0,12,395
2011-11-27,82494L,484.0,0.0,12,395
2011-11-28,82494L,445.0,0.0,12,395
2011-11-29,82494L,398.0,0.0,12,395
2011-11-30,82494L,320.0,514.0,12,395
2011-12-01,82494L,245.0,514.0,12,395
2011-12-02,82494L,233.0,514.0,12,395
2011-12-03,82494L,233.0,514.0,12,395
2011-12-04,82494L,203.0,514.0,12,395
2011-12-05,82494L,170.0,514.0,12,395
2011-12-06,82494L,162.0,514.0,12,395
2011-12-07,82494L,110.0,514.0,12,395
2011-12-08,82494L,96.0,514.0,12,395
2011-12-09,82494L,96.0,514.0,12,395
2011-08-11,82583,342.0,0.0,14,278
2011-08-12,82583,342.0,0.0,14,278
2011-08-13,82583,342.0,0.0,14,278
2011-08-14,82583,342.0,0.0,14,278
2011-08-15,82583,342.0,0.0,14,278
2011-08-16,82583,325.0,0.0,14,278
2011-08-17,82583,325.0,0.0,14,278
2011-08-18,82583,325.0,0.0,14,278
2011-08-19,82583,325.0,0.0,14,278
2011-08-20,82583,325.0,0.0,14,278
2011-08-21,82583,325.0,0.0,14,278
2011-08-22,82583,325.0,0.0,14,278
2011-08-23,82583,295.0,0.0,14,278
2011-08-24,82583,276.0,245.0,14,278
2011-08-25,82583,276.0,245.0,14,278
2011-08-26,82583,271.0,245.0,14,278
2011-08-27,82583,271.0,245.0,14,278
2011-08-28,82583,271.0,245.0,14,278
2011-08-29,82583,271.0,245.0,14,278
2011-08-30,82583,264.0,245.0,14,278
2011-08-31,82583,264.0,245.0,14,278
2011-09-01,82583,264.0,245.0,14,278
2011-09-02,82583,254.0,245.0,14,278
2011-09-03,82583,254.0,245.0,14,278
2011-09-04,82583,254.0,245.0,14,278
2011-09-05,82583,72.0,245.0,14,278
2011-09-06,82583,10.0,511.0,14,278
2011-09-07,82583,156.0,266.0,14,278
2011-09-08,82583,144.0,266.0,14,278
2011-09-09,82583,45.0,266.0,14,278
2011-09-10,82583,45.0,266.0,14,278
2011-09-11,82583,18.0,266.0,14,278
2011-09-12,82583,6.0,515.0,14,278
2011-09-13,82583,0.0,515.0,14,278
2011-09-14,82583,0.0,515.0,14,278
2011-09-15,82583,0.0,515.0,14,278
2011-09-16,82583,0.0,515.0,14,278
2011-09-17,82583,0.0,515.0,14,278
2011-09-18,82583,0.0,515.0,14,278
2011-09-19,82583,0.0,515.0,14,278
2011-09-20,82583,0.0,249.0,14,278
2011-09-21,82583,0.0,521.0,14,278
2011-09-22,82583,0.0,521.0,14,278
2011-09-23,82583,0.0,521.0,14,278
2011-09-24,82583,0.0,521.0,14,278
2011-09-25,82583,0.0,521.0,14,278
2011-09-26,82583,249.0,272.0,14,278
2011-09-27,82583,220.0,272.0,14,278
2011-09-28,82583,206.0,272.0,14,278
2011-09-29,82583,201.0,272.0,14,278
2011-09-30,82583,152.0,272.0,14,278
2011-10-01,82583,152.0,272.0,14,278
2011-10-02,82583,151.0,272.0,14,278
2011-10-03,82583,0.0,521.0,14,278
2011-10-04,82583,0.0,521.0,14,278
2011-10-05,82583,236.0,249.0,14,278
2011-10-06,82583,231.0,249.0,14,278
2011-10-07,82583,147.0,249.0,14,278
2011-10-08,82583,147.0,249.0,14,278
2011-10-09,82583,146.0,249.0,14,278
2011-10-10,82583,128.0,249.0,14,278
2011-10-11,82583,82.0,249.0,14,278
2011-10-12,82583,79.0,249.0,14,278
2011-10-13,82583,62.0,249.0,14,278
2011-10-14,82583,0.0,521.0,14,278
2011-10-15,82583,0.0,521.0,14,278
2011-10-16,82583,0.0,521.0,14,278
2011-10-17,82583,248.0,272.0,14,278
2011-10-18,82583,219.0,272.0,14,278
2011-10-19,82583,219.0,272.0,14,278
2011-10-20,82583,207.0,272.0,14,278
2011-10-21,82583,0.0,521.0,14,278
2011-10-22,82583,0.0,521.0,14,278
2011-10-23,82583,0.0,521.0,14,278
2011-10-24,82583,0.0,521.0,14,278
2011-10-25,82583,0.0,521.0,14,278
2011-10-26,82583,0.0,521.0,14,278
2011-10-27,82583,0.0,521.0,14,278
2011-10-28,82583,266.0,249.0,14,278
2011-10-29,82583,266.0,249.0,14,278
2011-10-30,82583,238.0,249.0,14,278
2011-10-31,82583,227.0,249.0,14,278
2011-11-01,82583,175.0,249.0,14,278
2011-11-02,82583,161.0,249.0,14,278
2011-11-03,82583,149.0,249.0,14,278
2011-11-04,82583,293.0,0.0,14,278
2011-11-05,82583,293.0,0.0,14,278
2011-11-06,82583,271.0,250.0,14,278
2011-11-07,82583,254.0,250.0,14,278
2011-11-08,82583,228.0,250.0,14,278
2011-11-09,82583,202.0,250.0,14,278
2011-11-10,82583,199.0,250.0,14,278
2011-11-11,82583,158.0,250.0,14,278
2011-11-12,82583,158.0,250.0,14,278
2011-11-13,82583,63.0,250.0,14,278
2011-11-14,82583,59.0,250.0,14,278
2011-11-15,82583,45.0,250.0,14,278
2011-11-16,82583,20.0,501.0,14,278
2011-11-17,82583,5.0,501.0,14,278
2011-11-18,82583,0.0,501.0,14,278
2011-11-19,82583,0.0,501.0,14,278
2011-11-20,82583,250.0,251.0,14,278
2011-11-21,82583,0.0,521.0,14,278
2011-11-22,82583,0.0,521.0,14,278
2011-11-23,82583,0.0,521.0,14,278
2011-11-24,82583,0.0,521.0,14,278
2011-11-25,82583,0.0,521.0,14,278
2011-11-26,82583,0.0,521.0,14,278
2011-11-27,82583,0.0,521.0,14,278
2011-11-28,82583,0.0,521.0,14,278
2011-11-29,82583,0.0,521.0,14,278
2011-11-30,82583,225.0,270.0,14,278
2011-12-01,82583,126.0,270.0,14,278
2011-12-02,82583,0.0,521.0,14,278
2011-12-03,82583,0.0,521.0,14,278
2011-12-04,82583,0.0,521.0,14,278
2011-12-05,82583,243.0,251.0,14,278
2011-12-06,82583,233.0,251.0,14,278
2011-12-07,82583,233.0,251.0,14,278
2011-12-08,82583,219.0,251.0,14,278
2011-12-09,82583,215.0,251.0,14,278
2011-08-11,82600,436.0,0.0,9,319
2011-08-12,82600,388.0,0.0,9,319
2011-08-13,82600,388.0,0.0,9,319
2011-08-14,82600,384.0,0.0,9,319
2011-08-15,82600,384.0,0.0,9,319
2011-08-16,82600,346.0,0.0,9,319
2011-08-17,82600,316.0,277.0,9,319
2011-08-18,82600,312.0,277.0,9,319
2011-08-19,82600,246.0,277.0,9,319
2011-08-20,82600,246.0,277.0,9,319
2011-08-21,82600,244.0,277.0,9,319
2011-08-22,82600,244.0,277.0,9,319
2011-08-23,82600,196.0,277.0,9,319
2011-08-24,82600,178.0,277.0,9,319
2011-08-25,82600,104.0,277.0,9,319
2011-08-26,82600,365.0,0.0,9,319
2011-08-27,82600,365.0,0.0,9,319
2011-08-28,82600,336.0,0.0,9,319
2011-08-29,82600,336.0,0.0,9,319
2011-08-30,82600,335.0,0.0,9,319
2011-08-31,82600,332.0,0.0,9,319
2011-09-01,82600,307.0,286.0,9,319
2011-09-02,82600,306.0,286.0,9,319
2011-09-03,82600,306.0,286.0,9,319
2011-09-04,82600,291.0,286.0,9,319
2011-09-05,82600,254.0,286.0,9,319
2011-09-06,82600,216.0,286.0,9,319
2011-09-07,82600,179.0,286.0,9,319
2011-09-08,82600,166.0,286.0,9,319
2011-09-09,82600,82.0,286.0,9,319
2011-09-10,82600,368.0,0.0,9,319
2011-09-11,82600,364.0,0.0,9,319
2011-09-12,82600,328.0,0.0,9,319
2011-09-13,82600,302.0,291.0,9,319
2011-09-14,82600,300.0,291.0,9,319
2011-09-15,82600,300.0,291.0,9,319
2011-09-16,82600,283.0,291.0,9,319
2011-09-17,82600,283.0,291.0,9,319
2011-09-18,82600,279.0,291.0,9,319
2011-09-19,82600,266.0,291.0,9,319
2011-09-20,82600,0.0,593.0,9,319
2011-09-21,82600,0.0,593.0,9,319
2011-09-22,82600,267.0,302.0,9,319
2011-09-23,82600,265.0,302.0,9,319
2011-09-24,82600,265.0,302.0,9,319
2011-09-25,82600,258.0,302.0,9,319
2011-09-26,82600,240.0,302.0,9,319
2011-09-27,82600,198.0,302.0,9,319
2011-09-28,82600,183.0,302.0,9,319
2011-09-29,82600,478.0,0.0,9,319
2011-09-30,82600,478.0,0.0,9,319
2011-10-01,82600,478.0,0.0,9,319
2011-10-02,82600,478.0,0.0,9,319
2011-10-03,82600,477.0,0.0,9,319
2011-10-04,82600,477.0,0.0,9,319
2011-10-05,82600,477.0,0.0,9,319
2011-10-06,82600,477.0,0.0,9,319
2011-10-07,82600,474.0,0.0,9,319
2011-10-08,82600,474.0,0.0,9,319
2011-10-09,82600,474.0,0.0,9,319
2011-10-10,82600,474.0,0.0,9,319
2011-10-11,82600,474.0,0.0,9,319
2011-10-12,82600,474.0,0.0,9,319
2011-10-13,82600,474.0,0.0,9,319
2011-10-14,82600,474.0,0.0,9,319
2011-10-15,82600,474.0,0.0,9,319
2011-10-16,82600,474.0,0.0,9,319
2011-10-17,82600,474.0,0.0,9,319
2011-10-18,82600,474.0,0.0,9,319
2011-10-19,82600,474.0,0.0,9,319
2011-10-20,82600,474.0,0.0,9,319
2011-10-21,82600,474.0,0.0,9,319
2011-10-22,82600,474.0,0.0,9,319
2011-10-23,82600,474.0,0.0,9,319
2011-10-24,82600,474.0,0.0,9,319
2011-10-25,82600,474.0,0.0,9,319
2011-10-26,82600,474.0,0.0,9,319
2011-10-27,82600,474.0,0.0,9,319
2011-10-28,82600,474.0,0.0,9,319
2011-10-29,82600,474.0,0.0,9,319
2011-10-30,82600,474.0,0.0,9,319
2011-10-31,82600,474.0,0.0,9,319
2011-11-01,82600,474.0,0.0,9,319
2011-11-02,82600,474.0,0.0,9,319
2011-11-03,82600,474.0,0.0,9,319
2011-11-04,82600,474.0,0.0,9,319
2011-11-05,82600,474.0,0.0,9,319
2011-11-06,82600,474.0,0.0,9,319
2011-11-07,82600,474.0,0.0,9,319
2011-11-08,82600,474.0,0.0,9,319
2011-11-09,82600,474.0,0.0,9,319
2011-11-10,82600,474.0,0.0,9,319
2011-11-11,82600,474.0,0.0,9,319
2011-11-12,82600,474.0,0.0,9,319
2011-11-13,82600,474.0,0.0,9,319
2011-11-14,82600,474.0,0.0,9,319
2011-11-15,82600,474.0,0.0,9,319
2011-11-16,82600,474.0,0.0,9,319
2011-11-17,82600,474.0,0.0,9,319
2011-11-18,82600,474.0,0.0,9,319
2011-11-19,82600,474.0,0.0,9,319
2011-11-20,82600,474.0,0.0,9,319
2011-11-21,82600,474.0,0.0,9,319
2011-11-22,82600,474.0,0.0,9,319
2011-11-23,82600,474.0,0.0,9,319
2011-11-24,82600,474.0,0.0,9,319
2011-11-25,82600,474.0,0.0,9,319
2011-11-26,82600,474.0,0.0,9,319
2011-11-27,82600,465.0,0.0,9,319
2011-11-28,82600,0.0,593.0,9,319
2011-11-29,82600,0.0,593.0,9,319
2011-11-30,82600,0.0,593.0,9,319
2011-12-01,82600,0.0,593.0,9,319
2011-12-02,82600,0.0,593.0,9,319
2011-12-03,82600,0.0,593.0,9,319
2011-12-04,82600,0.0,593.0,9,319
2011-12-05,82600,0.0,593.0,9,319
2011-12-06,82600,0.0,593.0,9,319
2011-12-07,82600,545.0,0.0,9,319
2011-12-08,82600,502.0,0.0,9,319
2011-12-09,82600,449.0,0.0,9,319
2011-08-11,84029E,1232.0,0.0,10,632
2011-08-12,84029E,1232.0,0.0,10,632
2011-08-13,84029E,1232.0,0.0,10,632
2011-08-14,84029E,1232.0,0.0,10,632
2011-08-15,84029E,1232.0,0.0,10,632
2011-08-16,84029E,1229.0,0.0,10,632
2011-08-17,84029E,1229.0,0.0,10,632
2011-08-18,84029E,1229.0,0.0,10,632
2011-08-19,84029E,1229.0,0.0,10,632
2011-08-20,84029E,1229.0,0.0,10,632
2011-08-21,84029E,1229.0,0.0,10,632
2011-08-22,84029E,1229.0,0.0,10,632
2011-08-23,84029E,1223.0,0.0,10,632
2011-08-24,84029E,1214.0,0.0,10,632
2011-08-25,84029E,1214.0,0.0,10,632
2011-08-26,84029E,1213.0,0.0,10,632
2011-08-27,84029E,1213.0,0.0,10,632
2011-08-28,84029E,1209.0,0.0,10,632
2011-08-29,84029E,1209.0,0.0,10,632
2011-08-30,84029E,1209.0,0.0,10,632
2011-08-31,84029E,1209.0,0.0,10,632
2011-09-01,84029E,1209.0,0.0,10,632
2011-09-02,84029E,1147.0,0.0,10,632
2011-09-03,84029E,1147.0,0.0,10,632
2011-09-04,84029E,1146.0,0.0,10,632
2011-09-05,84029E,1146.0,0.0,10,632
2011-09-06,84029E,1139.0,0.0,10,632
2011-09-07,84029E,1136.0,0.0,10,632
2011-09-08,84029E,1132.0,0.0,10,632
2011-09-09,84029E,1115.0,0.0,10,632
2011-09-10,84029E,1115.0,0.0,10,632
2011-09-11,84029E,1072.0,0.0,10,632
2011-09-12,84029E,1072.0,0.0,10,632
2011-09-13,84029E,1063.0,0.0,10,632
2011-09-14,84029E,1011.0,0.0,10,632
2011-09-15,84029E,931.0,0.0,10,632
2011-09-16,84029E,923.0,0.0,10,632
2011-09-17,84029E,923.0,0.0,10,632
2011-09-18,84029E,923.0,0.0,10,632
2011-09-19,84029E,919.0,0.0,10,632
2011-09-20,84029E,896.0,0.0,10,632
2011-09-21,84029E,896.0,0.0,10,632
2011-09-22,84029E,860.0,0.0,10,632
2011-09-23,84029E,848.0,0.0,10,632
2011-09-24,84029E,848.0,0.0,10,632
2011-09-25,84029E,819.0,0.0,10,632
2011-09-26,84029E,771.0,0.0,10,632
2011-09-27,84029E,763.0,0.0,10,632
2011-09-28,84029E,763.0,0.0,10,632
2011-09-29,84029E,759.0,0.0,10,632
2011-09-30,84029E,734.0,0.0,10,632
2011-10-01,84029E,734.0,0.0,10,632
2011-10-02,84029E,730.0,0.0,10,632
2011-10-03,84029E,726.0,0.0,10,632
2011-10-04,84029E,695.0,0.0,10,632
2011-10-05,84029E,691.0,0.0,10,632
2011-10-06,84029E,691.0,0.0,10,632
2011-10-07,84029E,682.0,0.0,10,632
2011-10-08,84029E,682.0,0.0,10,632
2011-10-09,84029E,676.0,0.0,10,632
2011-10-10,84029E,657.0,0.0,10,632
2011-10-11,84029E,629.0,635.0,10,632
2011-10-12,84029E,605.0,635.0,10,632
2011-10-13,84029E,373.0,635.0,10,632
2011-10-14,84029E,370.0,635.0,10,632
2011-10-15,84029E,370.0,635.0,10,632
2011-10-16,84029E,353.0,635.0,10,632
2011-10-17,84029E,329.0,635.0,10,632
2011-10-18,84029E,303.0,635.0,10,632
2011-10-19,84029E,240.0,635.0,10,632
2011-10-20,84029E,235.0,635.0,10,632
2011-10-21,84029E,861.0,0.0,10,632
2011-10-22,84029E,861.0,0.0,10,632
2011-10-23,84029E,859.0,0.0,10,632
2011-10-24,84029E,854.0,0.0,10,632
2011-10-25,84029E,830.0,0.0,10,632
2011-10-26,84029E,830.0,0.0,10,632
2011-10-27,84029E,814.0,0.0,10,632
2011-10-28,84029E,810.0,0.0,10,632
2011-10-29,84029E,810.0,0.0,10,632
2011-10-30,84029E,802.0,0.0,10,632
2011-10-31,84029E,783.0,0.0,10,632
2011-11-01,84029E,753.0,0.0,10,632
2011-11-02,84029E,725.0,0.0,10,632
2011-11-03,84029E,630.0,634.0,10,632
2011-11-04,84029E,596.0,634.0,10,632
2011-11-05,84029E,596.0,634.0,10,632
2011-11-06,84029E,542.0,634.0,10,632
2011-11-07,84029E,535.0,634.0,10,632
2011-11-08,84029E,517.0,634.0,10,632
2011-11-09,84029E,483.0,634.0,10,632
2011-11-10,84029E,439.0,634.0,10,632
2011-11-11,84029E,368.0,634.0,10,632
2011-11-12,84029E,368.0,634.0,10,632
2011-11-13,84029E,995.0,0.0,10,632
2011-11-14,84029E,917.0,0.0,10,632
2011-11-15,84029E,478.0,786.0,10,632
2011-11-16,84029E,454.0,786.0,10,632
2011-11-17,84029E,418.0,786.0,10,632
2011-11-18,84029E,334.0,786.0,10,632
2011-11-19,84029E,334.0,786.0,10,632
2011-11-20,84029E,322.0,786.0,10,632
2011-11-21,84029E,320.0,786.0,10,632
2011-11-22,84029E,320.0,786.0,10,632
2011-11-23,84029E,294.0,786.0,10,632
2011-11-24,84029E,285.0,786.0,10,632
2011-11-25,84029E,1038.0,0.0,10,632
2011-11-26,84029E,1038.0,0.0,10,632
2011-11-27,84029E,1029.0,0.0,10,632
2011-11-28,84029E,1020.0,0.0,10,632
2011-11-29,84029E,996.0,0.0,10,632
2011-11-30,84029E,956.0,0.0,10,632
2011-12-01,84029E,765.0,0.0,10,632
2011-12-02,84029E,724.0,0.0,10,632
2011-12-03,84029E,724.0,0.0,10,632
2011-12-04,84029E,702.0,0.0,10,632
2011-12-05,84029E,661.0,0.0,10,632
2011-12-06,84029E,649.0,0.0,10,632
2011-12-07,84029E,594.0,670.0,10,632
2011-12-08,84029E,567.0,670.0,10,632
2011-12-09,84029E,555.0,670.0,10,632
2011-08-11,84029G,431.0,0.0,8,212
2011-08-12,84029G,407.0,0.0,8,212
2011-08-13,84029G,407.0,0.0,8,212
2011-08-14,84029G,407.0,0.0,8,212
2011-08-15,84029G,407.0,0.0,8,212
2011-08-16,84029G,407.0,0.0,8,212
2011-08-17,84029G,405.0,0.0,8,212
2011-08-18,84029G,405.0,0.0,8,212
2011-08-19,84029G,405.0,0.0,8,212
2011-08-20,84029G,405.0,0.0,8,212
2011-08-21,84029G,401.0,0.0,8,212
2011-08-22,84029G,397.0,0.0,8,212
2011-08-23,84029G,391.0,0.0,8,212
2011-08-24,84029G,380.0,0.0,8,212
2011-08-25,84029G,379.0,0.0,8,212
2011-08-26,84029G,355.0,0.0,8,212
2011-08-27,84029G,355.0,0.0,8,212
2011-08-28,84029G,343.0,0.0,8,212
2011-08-29,84029G,343.0,0.0,8,212
2011-08-30,84029G,343.0,0.0,8,212
2011-08-31,84029G,339.0,0.0,8,212
2011-09-01,84029G,339.0,0.0,8,212
2011-09-02,84029G,323.0,0.0,8,212
2011-09-03,84029G,323.0,0.0,8,212
2011-09-04,84029G,323.0,0.0,8,212
2011-09-05,84029G,323.0,0.0,8,212
2011-09-06,84029G,303.0,0.0,8,212
2011-09-07,84029G,298.0,0.0,8,212
2011-09-08,84029G,271.0,0.0,8,212
2011-09-09,84029G,271.0,0.0,8,212
2011-09-10,84029G,271.0,0.0,8,212
2011-09-11,84029G,263.0,0.0,8,212
2011-09-12,84029G,263.0,0.0,8,212
2011-09-13,84029G,253.0,0.0,8,212
2011-09-14,84029G,252.0,0.0,8,212
2011-09-15,84029G,232.0,0.0,8,212
2011-09-16,84029G,224.0,0.0,8,212
2011-09-17,84029G,224.0,0.0,8,212
2011-09-18,84029G,218.0,0.0,8,212
2011-09-19,84029G,186.0,283.0,8,212
2011-09-20,84029G,176.0,283.0,8,212
2011-09-21,84029G,166.0,283.0,8,212
2011-09-22,84029G,164.0,283.0,8,212
2011-09-23,84029G,151.0,283.0,8,212
2011-09-24,84029G,151.0,283.0,8,212
2011-09-25,84029G,151.0,283.0,8,212
2011-09-26,84029G,63.0,283.0,8,212
2011-09-27,84029G,340.0,0.0,8,212
2011-09-28,84029G,340.0,0.0,8,212
2011-09-29,84029G,336.0,0.0,8,212
2011-09-30,84029G,299.0,0.0,8,212
2011-10-01,84029G,299.0,0.0,8,212
2011-10-02,84029G,298.0,0.0,8,212
2011-10-03,84029G,298.0,0.0,8,212
2011-10-04,84029G,292.0,0.0,8,212
2011-10-05,84029G,264.0,0.0,8,212
2011-10-06,84029G,259.0,0.0,8,212
2011-10-07,84029G,235.0,0.0,8,212
2011-10-08,84029G,235.0,0.0,8,212
2011-10-09,84029G,233.0,0.0,8,212
2011-10-10,84029G,233.0,0.0,8,212
2011-10-11,84029G,197.0,272.0,8,212
2011-10-12,84029G,191.0,272.0,8,212
2011-10-13,84029G,180.0,272.0,8,212
2011-10-14,84029G,180.0,272.0,8,212
2011-10-15,84029G,180.0,272.0,8,212
2011-10-16,84029G,151.0,272.0,8,212
2011-10-17,84029G,145.0,272.0,8,212
2011-10-18,84029G,134.0,272.0,8,212
2011-10-19,84029G,399.0,0.0,8,212
2011-10-20,84029G,395.0,0.0,8,212
2011-10-21,84029G,393.0,0.0,8,212
2011-10-22,84029G,393.0,0.0,8,212
2011-10-23,84029G,390.0,0.0,8,212
2011-10-24,84029G,387.0,0.0,8,212
2011-10-25,84029G,387.0,0.0,8,212
2011-10-26,84029G,386.0,0.0,8,212
2011-10-27,84029G,363.0,0.0,8,212
2011-10-28,84029G,353.0,0.0,8,212
2011-10-29,84029G,353.0,0.0,8,212
2011-10-30,84029G,349.0,0.0,8,212
2011-10-31,84029G,338.0,0.0,8,212
2011-11-01,84029G,288.0,0.0,8,212
2011-11-02,84029G,284.0,0.0,8,212
2011-11-03,84029G,175.0,294.0,8,212
2011-11-04,84029G,158.0,294.0,8,212
2011-11-05,84029G,158.0,294.0,8,212
2011-11-06,84029G,100.0,294.0,8,212
2011-11-07,84029G,87.0,294.0,8,212
2011-11-08,84029G,57.0,294.0,8,212
2011-11-09,84029G,49.0,294.0,8,212
2011-11-10,84029G,0.0,294.0,8,212
2011-11-11,84029G,255.0,0.0,8,212
2011-11-12,84029G,255.0,0.0,8,212
2011-11-13,84029G,251.0,0.0,8,212
2011-11-14,84029G,249.0,0.0,8,212
2011-11-15,84029G,217.0,0.0,8,212
2011-11-16,84029G,212.0,257.0,8,212
2011-11-17,84029G,158.0,257.0,8,212
2011-11-18,84029G,104.0,257.0,8,212
2011-11-19,84029G,104.0,257.0,8,212
2011-11-20,84029G,101.0,257.0,8,212
2011-11-21,84029G,94.0,257.0,8,212
2011-11-22,84029G,63.0,257.0,8,212
2011-11-23,84029G,51.0,257.0,8,212
2011-11-24,84029G,302.0,0.0,8,212
2011-11-25,84029G,286.0,0.0,8,212
2011-11-26,84029G,286.0,0.0,8,212
2011-11-27,84029G,272.0,0.0,8,212
2011-11-28,84029G,267.0,0.0,8,212
2011-11-29,84029G,251.0,0.0,8,212
2011-11-30,84029G,212.0,257.0,8,212
2011-12-01,84029G,207.0,257.0,8,212
2011-12-02,84029G,164.0,257.0,8,212
2011-12-03,84029G,164.0,257.0,8,212
2011-12-04,84029G,149.0,257.0,8,212
2011-12-05,84029G,128.0,257.0,8,212
2011-12-06,84029G,93.0,257.0,8,212
2011-12-07,84029G,53.0,257.0,8,212
2011-12-08,84029G,220.0,0.0,8,212
2011-12-09,84029G,189.0,280.0,8,212
2011-08-11,84077,2242.0,0.0,14,1694
2011-08-12,84077,2194.0,0.0,14,1694
2011-08-13,84077,2194.0,0.0,14,1694
2011-08-14,84077,2194.0,0.0,14,1694
2011-08-15,84077,2050.0,0.0,14,1694
2011-08-16,84077,1906.0,0.0,14,1694
2011-08-17,84077,1858.0,0.0,14,1694
2011-08-18,84077,1858.0,0.0,14,1694
2011-08-19,84077,1714.0,0.0,14,1694
2011-08-20,84077,1714.0,0.0,14,1694
2011-08-21,84077,1666.0,1299.0,14,1694
2011-08-22,84077,1618.0,1299.0,14,1694
2011-08-23,84077,1378.0,1299.0,14,1694
2011-08-24,84077,802.0,1299.0,14,1694
2011-08-25,84077,802.0,1299.0,14,1694
2011-08-26,84077,706.0,1299.0,14,1694
2011-08-27,84077,706.0,1299.0,14,1694
2011-08-28,84077,610.0,1299.0,14,1694
2011-08-29,84077,610.0,1299.0,14,1694
2011-08-30,84077,608.0,1299.0,14,1694
2011-08-31,84077,608.0,1299.0,14,1694
2011-09-01,84077,464.0,1299.0,14,1694
2011-09-02,84077,416.0,1299.0,14,1694
2011-09-03,84077,416.0,1299.0,14,1694
2011-09-04,84077,1619.0,0.0,14,1694
2011-09-05,84077,1475.0,1490.0,14,1694
2011-09-06,84077,1475.0,1490.0,14,1694
2011-09-07,84077,1427.0,1490.0,14,1694
2011-09-08,84077,1379.0,1490.0,14,1694
2011-09-09,84077,1331.0,1490.0,14,1694
2011-09-10,84077,1331.0,1490.0,14,1694
2011-09-11,84077,1187.0,1490.0,14,1694
2011-09-12,84077,1139.0,1490.0,14,1694
2011-09-13,84077,755.0,1490.0,14,1694
2011-09-14,84077,755.0,1490.0,14,1694
2011-09-15,84077,131.0,2834.0,14,1694
2011-09-16,84077,0.0,2834.0,14,1694
2011-09-17,84077,0.0,2834.0,14,1694
2011-09-18,84077,0.0,2834.0,14,1694
2011-09-19,84077,1442.0,1344.0,14,1694
2011-09-20,84077,1346.0,1344.0,14,1694
2011-09-21,84077,1335.0,1344.0,14,1694
2011-09-22,84077,1095.0,1344.0,14,1694
2011-09-23,84077,999.0,1344.0,14,1694
2011-09-24,84077,999.0,1344.0,14,1694
2011-09-25,84077,903.0,1344.0,14,1694
2011-09-26,84077,802.0,1344.0,14,1694
2011-09-27,84077,658.0,1344.0,14,1694
2011-09-28,84077,474.0,1344.0,14,1694
2011-09-29,84077,1674.0,0.0,14,1694
2011-09-30,84077,1335.0,1630.0,14,1694
2011-10-01,84077,1335.0,1630.0,14,1694
2011-10-02,84077,1239.0,1630.0,14,1694
2011-10-03,84077,1088.0,1630.0,14,1694
2011-10-04,84077,970.0,1630.0,14,1694
2011-10-05,84077,586.0,1630.0,14,1694
2011-10-06,84077,586.0,1630.0,14,1694
2011-10-07,84077,490.0,1630.0,14,1694
2011-10-08,84077,490.0,1630.0,14,1694
2011-10-09,84077,346.0,1630.0,14,1694
2011-10-10,84077,150.0,1630.0,14,1694
2011-10-11,84077,5.0,2960.0,14,1694
2011-10-12,84077,0.0,2960.0,14,1694
2011-10-13,84077,0.0,2960.0,14,1694
2011-10-14,84077,1582.0,1330.0,14,1694
2011-10-15,84077,1582.0,1330.0,14,1694
2011-10-16,84077,1438.0,1330.0,14,1694
2011-10-17,84077,1375.0,1330.0,14,1694
2011-10-18,84077,1327.0,1330.0,14,1694
2011-10-19,84077,1135.0,1330.0,14,1694
2011-10-20,84077,943.0,1330.0,14,1694
2011-10-21,84077,511.0,1330.0,14,1694
2011-10-22,84077,511.0,1330.0,14,1694
2011-10-23,84077,463.0,1330.0,14,1694
2011-10-24,84077,223.0,2742.0,14,1694
2011-10-25,84077,1505.0,1412.0,14,1694
2011-10-26,84077,1361.0,1412.0,14,1694
2011-10-27,84077,0.0,2965.0,14,1694
2011-10-28,84077,0.0,2965.0,14,1694
2011-10-29,84077,0.0,2965.0,14,1694
2011-10-30,84077,0.0,2965.0,14,1694
2011-10-31,84077,0.0,2965.0,14,1694
2011-11-01,84077,0.0,2965.0,14,1694
2011-11-02,84077,0.0,2965.0,14,1694
2011-11-03,84077,0.0,2965.0,14,1694
2011-11-04,84077,0.0,2965.0,14,1694
2011-11-05,84077,0.0,2965.0,14,1694
2011-11-06,84077,0.0,2965.0,14,1694
2011-11-07,84077,1412.0,1553.0,14,1694
2011-11-08,84077,1028.0,1553.0,14,1694
2011-11-09,84077,884.0,1553.0,14,1694
2011-11-10,84077,2192.0,0.0,14,1694
2011-11-11,84077,1942.0,0.0,14,1694
2011-11-12,84077,1942.0,0.0,14,1694
2011-11-13,84077,1798.0,0.0,14,1694
2011-11-14,84077,1458.0,1507.0,14,1694
2011-11-15,84077,1357.0,1507.0,14,1694
2011-11-16,84077,1064.0,1507.0,14,1694
2011-11-17,84077,872.0,1507.0,14,1694
2011-11-18,84077,724.0,1507.0,14,1694
2011-11-19,84077,724.0,1507.0,14,1694
2011-11-20,84077,628.0,1507.0,14,1694
2011-11-21,84077,280.0,1507.0,14,1694
2011-11-22,84077,183.0,2782.0,14,1694
2011-11-23,84077,0.0,2782.0,14,1694
2011-11-24,84077,0.0,2782.0,14,1694
2011-11-25,84077,0.0,2782.0,14,1694
2011-11-26,84077,0.0,2782.0,14,1694
2011-11-27,84077,0.0,2782.0,14,1694
2011-11-28,84077,1449.0,1275.0,14,1694
2011-11-29,84077,1353.0,1275.0,14,1694
2011-11-30,84077,1112.0,1275.0,14,1694
2011-12-01,84077,914.0,1275.0,14,1694
2011-12-02,84077,818.0,1275.0,14,1694
2011-12-03,84077,818.0,1275.0,14,1694
2011-12-04,84077,818.0,1275.0,14,1694
2011-12-05,84077,613.0,1275.0,14,1694
2011-12-06,84077,1645.0,0.0,14,1694
2011-12-07,84077,1405.0,1560.0,14,1694
2011-12-08,84077,1069.0,1560.0,14,1694
2011-12-09,84077,1020.0,1560.0,14,1694
2011-08-11,84078A,25.0,0.0,8,22
2011-08-12,84078A,25.0,0.0,8,22
2011-08-13,84078A,25.0,0.0,8,22
2011-08-14,84078A,23.0,0.0,8,22
2011-08-15,84078A,23.0,0.0,8,22
2011-08-16,84078A,23.0,0.0,8,22
2011-08-17,84078A,22.0,26.0,8,22
2011-08-18,84078A,22.0,26.0,8,22
2011-08-19,84078A,21.0,26.0,8,22
2011-08-20,84078A,21.0,26.0,8,22
2011-08-21,84078A,21.0,26.0,8,22
2011-08-22,84078A,21.0,26.0,8,22
2011-08-23,84078A,21.0,26.0,8,22
2011-08-24,84078A,17.0,26.0,8,22
2011-08-25,84078A,29.0,0.0,8,22
2011-08-26,84078A,29.0,0.0,8,22
2011-08-27,84078A,29.0,0.0,8,22
2011-08-28,84078A,28.0,0.0,8,22
2011-08-29,84078A,28.0,0.0,8,22
2011-08-30,84078A,26.0,0.0,8,22
2011-08-31,84078A,26.0,0.0,8,22
2011-09-01,84078A,26.0,0.0,8,22
2011-09-02,84078A,26.0,0.0,8,22
2011-09-03,84078A,26.0,0.0,8,22
2011-09-04,84078A,26.0,0.0,8,22
2011-09-05,84078A,26.0,0.0,8,22
2011-09-06,84078A,26.0,0.0,8,22
2011-09-07,84078A,26.0,0.0,8,22
2011-09-08,84078A,26.0,0.0,8,22
2011-09-09,84078A,26.0,0.0,8,22
2011-09-10,84078A,26.0,0.0,8,22
2011-09-11,84078A,26.0,0.0,8,22
2011-09-12,84078A,26.0,0.0,8,22
2011-09-13,84078A,26.0,0.0,8,22
2011-09-14,84078A,26.0,0.0,8,22
2011-09-15,84078A,25.0,0.0,8,22
2011-09-16,84078A,25.0,0.0,8,22
2011-09-17,84078A,25.0,0.0,8,22
2011-09-18,84078A,25.0,0.0,8,22
2011-09-19,84078A,25.0,0.0,8,22
2011-09-20,84078A,25.0,0.0,8,22
2011-09-21,84078A,25.0,0.0,8,22
2011-09-22,84078A,24.0,0.0,8,22
2011-09-23,84078A,23.0,0.0,8,22
2011-09-24,84078A,23.0,0.0,8,22
2011-09-25,84078A,23.0,0.0,8,22
2011-09-26,84078A,23.0,0.0,8,22
2011-09-27,84078A,23.0,0.0,8,22
2011-09-28,84078A,23.0,0.0,8,22
2011-09-29,84078A,22.0,26.0,8,22
2011-09-30,84078A,19.0,26.0,8,22
2011-10-01,84078A,19.0,26.0,8,22
2011-10-02,84078A,19.0,26.0,8,22
2011-10-03,84078A,18.0,26.0,8,22
2011-10-04,84078A,17.0,26.0,8,22
2011-10-05,84078A,17.0,26.0,8,22
2011-10-06,84078A,15.0,26.0,8,22
2011-10-07,84078A,41.0,0.0,8,22
2011-10-08,84078A,41.0,0.0,8,22
2011-10-09,84078A,41.0,0.0,8,22
2011-10-10,84078A,41.0,0.0,8,22
2011-10-11,84078A,40.0,0.0,8,22
2011-10-12,84078A,39.0,0.0,8,22
2011-10-13,84078A,37.0,0.0,8,22
2011-10-14,84078A,37.0,0.0,8,22
2011-10-15,84078A,37.0,0.0,8,22
2011-10-16,84078A,36.0,0.0,8,22
2011-10-17,84078A,36.0,0.0,8,22
2011-10-18,84078A,35.0,0.0,8,22
2011-10-19,84078A,35.0,0.0,8,22
2011-10-20,84078A,35.0,0.0,8,22
2011-10-21,84078A,35.0,0.0,8,22
2011-10-22,84078A,35.0,0.0,8,22
2011-10-23,84078A,35.0,0.0,8,22
2011-10-24,84078A,33.0,0.0,8,22
2011-10-25,84078A,30.0,0.0,8,22
2011-10-26,84078A,25.0,0.0,8,22
2011-10-27,84078A,25.0,0.0,8,22
2011-10-28,84078A,24.0,0.0,8,22
2011-10-29,84078A,24.0,0.0,8,22
2011-10-30,84078A,24.0,0.0,8,22
2011-10-31,84078A,24.0,0.0,8,22
2011-11-01,84078A,23.0,0.0,8,22
2011-11-02,84078A,22.0,26.0,8,22
2011-11-03,84078A,22.0,26.0,8,22
2011-11-04,84078A,21.0,26.0,8,22
2011-11-05,84078A,21.0,26.0,8,22
2011-11-06,84078A,20.0,26.0,8,22
2011-11-07,84078A,12.0,26.0,8,22
2011-11-08,84078A,9.0,26.0,8,22
2011-11-09,84078A,9.0,26.0,8,22
2011-11-10,84078A,34.0,0.0,8,22
2011-11-11,84078A,34.0,0.0,8,22
2011-11-12,84078A,34.0,0.0,8,22
2011-11-13,84078A,33.0,0.0,8,22
2011-11-14,84078A,32.0,0.0,8,22
2011-11-15,84078A,32.0,0.0,8,22
2011-11-16,84078A,29.0,0.0,8,22
2011-11-17,84078A,29.0,0.0,8,22
2011-11-18,84078A,27.0,0.0,8,22
2011-11-19,84078A,27.0,0.0,8,22
2011-11-20,84078A,27.0,0.0,8,22
2011-11-21,84078A,26.0,0.0,8,22
2011-11-22,84078A,26.0,0.0,8,22
2011-11-23,84078A,26.0,0.0,8,22
2011-11-24,84078A,26.0,0.0,8,22
2011-11-25,84078A,26.0,0.0,8,22
2011-11-26,84078A,26.0,0.0,8,22
2011-11-27,84078A,26.0,0.0,8,22
2011-11-28,84078A,25.0,0.0,8,22
2011-11-29,84078A,24.0,0.0,8,22
2011-11-30,84078A,24.0,0.0,8,22
2011-12-01,84078A,24.0,0.0,8,22
2011-12-02,84078A,23.0,0.0,8,22
2011-12-03,84078A,23.0,0.0,8,22
2011-12-04,84078A,21.0,27.0,8,22
2011-12-05,84078A,21.0,27.0,8,22
2011-12-06,84078A,21.0,27.0,8,22
2011-12-07,84078A,21.0,27.0,8,22
2011-12-08,84078A,20.0,27.0,8,22
2011-12-09,84078A,20.0,27.0,8,22
2011-08-11,84347,874.0,0.0,11,383
2011-08-12,84347,868.0,0.0,11,383
2011-08-13,84347,868.0,0.0,11,383
2011-08-14,84347,868.0,0.0,11,383
2011-08-15,84347,862.0,0.0,11,383
2011-08-16,84347,862.0,0.0,11,383
2011-08-17,84347,862.0,0.0,11,383
2011-08-18,84347,862.0,0.0,11,383
2011-08-19,84347,856.0,0.0,11,383
2011-08-20,84347,856.0,0.0,11,383
2011-08-21,84347,851.0,0.0,11,383
2011-08-22,84347,851.0,0.0,11,383
2011-08-23,84347,845.0,0.0,11,383
2011-08-24,84347,845.0,0.0,11,383
2011-08-25,84347,845.0,0.0,11,383
2011-08-26,84347,833.0,0.0,11,383
2011-08-27,84347,833.0,0.0,11,383
2011-08-28,84347,833.0,0.0,11,383
2011-08-29,84347,833.0,0.0,11,383
2011-08-30,84347,830.0,0.0,11,383
2011-08-31,84347,770.0,0.0,11,383
2011-09-01,84347,770.0,0.0,11,383
2011-09-02,84347,769.0,0.0,11,383
2011-09-03,84347,769.0,0.0,11,383
2011-09-04,84347,769.0,0.0,11,383
2011-09-05,84347,769.0,0.0,11,383
2011-09-06,84347,757.0,0.0,11,383
2011-09-07,84347,750.0,0.0,11,383
2011-09-08,84347,720.0,0.0,11,383
2011-09-09,84347,719.0,0.0,11,383
2011-09-10,84347,719.0,0.0,11,383
2011-09-11,84347,713.0,0.0,11,383
2011-09-12,84347,703.0,0.0,11,383
2011-09-13,84347,702.0,0.0,11,383
2011-09-14,84347,702.0,0.0,11,383
2011-09-15,84347,426.0,0.0,11,383
2011-09-16,84347,419.0,0.0,11,383
2011-09-17,84347,419.0,0.0,11,383
2011-09-18,84347,419.0,0.0,11,383
2011-09-19,84347,377.0,517.0,11,383
2011-09-20,84347,376.0,517.0,11,383
2011-09-21,84347,252.0,517.0,11,383
2011-09-22,84347,216.0,517.0,11,383
2011-09-23,84347,81.0,517.0,11,383
2011-09-24,84347,81.0,517.0,11,383
2011-09-25,84347,46.0,517.0,11,383
2011-09-26,84347,45.0,517.0,11,383
2011-09-27,84347,31.0,517.0,11,383
2011-09-28,84347,31.0,517.0,11,383
2011-09-29,84347,18.0,517.0,11,383
2011-09-30,84347,523.0,0.0,11,383
2011-10-01,84347,523.0,0.0,11,383
2011-10-02,84347,523.0,0.0,11,383
2011-10-03,84347,422.0,0.0,11,383
2011-10-04,84347,368.0,526.0,11,383
2011-10-05,84347,349.0,526.0,11,383
2011-10-06,84347,349.0,526.0,11,383
2011-10-07,84347,322.0,526.0,11,383
2011-10-08,84347,322.0,526.0,11,383
2011-10-09,84347,321.0,526.0,11,383
2011-10-10,84347,30.0,526.0,11,383
2011-10-11,84347,0.0,526.0,11,383
2011-10-12,84347,0.0,526.0,11,383
2011-10-13,84347,0.0,526.0,11,383
2011-10-14,84347,0.0,526.0,11,383
2011-10-15,84347,526.0,0.0,11,383
2011-10-16,84347,502.0,0.0,11,383
2011-10-17,84347,490.0,0.0,11,383
2011-10-18,84347,441.0,0.0,11,383
2011-10-19,84347,404.0,0.0,11,383
2011-10-20,84347,127.0,767.0,11,383
2011-10-21,84347,7.0,767.0,11,383
2011-10-22,84347,7.0,767.0,11,383
2011-10-23,84347,0.0,767.0,11,383
2011-10-24,84347,0.0,767.0,11,383
2011-10-25,84347,0.0,767.0,11,383
2011-10-26,84347,0.0,767.0,11,383
2011-10-27,84347,0.0,767.0,11,383
2011-10-28,84347,0.0,767.0,11,383
2011-10-29,84347,0.0,767.0,11,383
2011-10-30,84347,0.0,767.0,11,383
2011-10-31,84347,666.0,0.0,11,383
2011-11-01,84347,629.0,0.0,11,383
2011-11-02,84347,538.0,0.0,11,383
2011-11-03,84347,532.0,0.0,11,383
2011-11-04,84347,450.0,0.0,11,383
2011-11-05,84347,450.0,0.0,11,383
2011-11-06,84347,448.0,0.0,11,383
2011-11-07,84347,200.0,694.0,11,383
2011-11-08,84347,164.0,694.0,11,383
2011-11-09,84347,23.0,694.0,11,383
2011-11-10,84347,0.0,694.0,11,383
2011-11-11,84347,0.0,694.0,11,383
2011-11-12,84347,0.0,694.0,11,383
2011-11-13,84347,0.0,694.0,11,383
2011-11-14,84347,0.0,694.0,11,383
2011-11-15,84347,0.0,694.0,11,383
2011-11-16,84347,0.0,694.0,11,383
2011-11-17,84347,0.0,694.0,11,383
2011-11-18,84347,622.0,0.0,11,383
2011-11-19,84347,622.0,0.0,11,383
2011-11-20,84347,570.0,0.0,11,383
2011-11-21,84347,527.0,0.0,11,383
2011-11-22,84347,0.0,894.0,11,383
2011-11-23,84347,0.0,894.0,11,383
2011-11-24,84347,0.0,894.0,11,383
2011-11-25,84347,0.0,894.0,11,383
2011-11-26,84347,0.0,894.0,11,383
2011-11-27,84347,0.0,894.0,11,383
2011-11-28,84347,0.0,894.0,11,383
2011-11-29,84347,0.0,894.0,11,383
2011-11-30,84347,0.0,894.0,11,383
2011-12-01,84347,0.0,894.0,11,383
2011-12-02,84347,0.0,894.0,11,383
2011-12-03,84347,894.0,0.0,11,383
2011-12-04,84347,716.0,0.0,11,383
2011-12-05,84347,646.0,0.0,11,383
2011-12-06,84347,444.0,0.0,11,383
2011-12-07,84347,381.0,513.0,11,383
2011-12-08,84347,274.0,513.0,11,383
2011-12-09,84347,206.0,513.0,11,383
2011-08-11,84406B,119.0,308.0,8,247
2011-08-12,84406B,119.0,308.0,8,247
2011-08-13,84406B,119.0,308.0,8,247
2011-08-14,84406B,119.0,308.0,8,247
2011-08-15,84406B,115.0,308.0,8,247
2011-08-16,84406B,115.0,308.0,8,247
2011-08-17,84406B,112.0,308.0,8,247
2011-08-18,84406B,108.0,308.0,8,247
2011-08-19,84406B,416.0,0.0,8,247
2011-08-20,84406B,416.0,0.0,8,247
2011-08-21,84406B,416.0,0.0,8,247
2011-08-22,84406B,412.0,0.0,8,247
2011-08-23,84406B,409.0,0.0,8,247
2011-08-24,84406B,408.0,0.0,8,247
2011-08-25,84406B,376.0,0.0,8,247
2011-08-26,84406B,308.0,0.0,8,247
2011-08-27,84406B,308.0,0.0,8,247
2011-08-28,84406B,308.0,0.0,8,247
2011-08-29,84406B,308.0,0.0,8,247
2011-08-30,84406B,307.0,0.0,8,247
2011-08-31,84406B,275.0,0.0,8,247
2011-09-01,84406B,263.0,0.0,8,247
2011-09-02,84406B,263.0,0.0,8,247
2011-09-03,84406B,263.0,0.0,8,247
2011-09-04,84406B,263.0,0.0,8,247
2011-09-05,84406B,263.0,0.0,8,247
2011-09-06,84406B,255.0,0.0,8,247
2011-09-07,84406B,253.0,0.0,8,247
2011-09-08,84406B,253.0,0.0,8,247
2011-09-09,84406B,253.0,0.0,8,247
2011-09-10,84406B,253.0,0.0,8,247
2011-09-11,84406B,251.0,0.0,8,247
2011-09-12,84406B,251.0,0.0,8,247
2011-09-13,84406B,251.0,0.0,8,247
2011-09-14,84406B,251.0,0.0,8,247
2011-09-15,84406B,251.0,0.0,8,247
2011-09-16,84406B,244.0,183.0,8,247
2011-09-17,84406B,244.0,183.0,8,247
2011-09-18,84406B,244.0,183.0,8,247
2011-09-19,84406B,244.0,183.0,8,247
2011-09-20,84406B,244.0,183.0,8,247
2011-09-21,84406B,231.0,183.0,8,247
2011-09-22,84406B,219.0,183.0,8,247
2011-09-23,84406B,219.0,183.0,8,247
2011-09-24,84406B,402.0,0.0,8,247
2011-09-25,84406B,402.0,0.0,8,247
2011-09-26,84406B,402.0,0.0,8,247
2011-09-27,84406B,402.0,0.0,8,247
2011-09-28,84406B,402.0,0.0,8,247
2011-09-29,84406B,394.0,0.0,8,247
2011-09-30,84406B,390.0,0.0,8,247
2011-10-01,84406B,390.0,0.0,8,247
2011-10-02,84406B,390.0,0.0,8,247
2011-10-03,84406B,390.0,0.0,8,247
2011-10-04,84406B,389.0,0.0,8,247
2011-10-05,84406B,388.0,0.0,8,247
2011-10-06,84406B,388.0,0.0,8,247
2011-10-07,84406B,388.0,0.0,8,247
2011-10-08,84406B,388.0,0.0,8,247
2011-10-09,84406B,388.0,0.0,8,247
2011-10-10,84406B,388.0,0.0,8,247
2011-10-11,84406B,388.0,0.0,8,247
2011-10-12,84406B,388.0,0.0,8,247
2011-10-13,84406B,388.0,0.0,8,247
2011-10-14,84406B,388.0,0.0,8,247
2011-10-15,84406B,388.0,0.0,8,247
2011-10-16,84406B,387.0,0.0,8,247
2011-10-17,84406B,373.0,0.0,8,247
2011-10-18,84406B,373.0,0.0,8,247
2011-10-19,84406B,373.0,0.0,8,247
2011-10-20,84406B,373.0,0.0,8,247
2011-10-21,84406B,325.0,0.0,8,247
2011-10-22,84406B,325.0,0.0,8,247
2011-10-23,84406B,325.0,0.0,8,247
2011-10-24,84406B,324.0,0.0,8,247
2011-10-25,84406B,324.0,0.0,8,247
2011-10-26,84406B,324.0,0.0,8,247
2011-10-27,84406B,321.0,0.0,8,247
2011-10-28,84406B,321.0,0.0,8,247
2011-10-29,84406B,321.0,0.0,8,247
2011-10-30,84406B,319.0,0.0,8,247
2011-10-31,84406B,319.0,0.0,8,247
2011-11-01,84406B,312.0,0.0,8,247
2011-11-02,84406B,312.0,0.0,8,247
2011-11-03,84406B,312.0,0.0,8,247
2011-11-04,84406B,312.0,0.0,8,247
2011-11-05,84406B,312.0,0.0,8,247
2011-11-06,84406B,294.0,0.0,8,247
2011-11-07,84406B,293.0,0.0,8,247
2011-11-08,84406B,289.0,0.0,8,247
2011-11-09,84406B,289.0,0.0,8,247
2011-11-10,84406B,288.0,0.0,8,247
2011-11-11,84406B,284.0,0.0,8,247
2011-11-12,84406B,284.0,0.0,8,247
2011-11-13,84406B,280.0,0.0,8,247
2011-11-14,84406B,280.0,0.0,8,247
2011-11-15,84406B,279.0,0.0,8,247
2011-11-16,84406B,277.0,0.0,8,247
2011-11-17,84406B,253.0,0.0,8,247
2011-11-18,84406B,253.0,0.0,8,247
2011-11-19,84406B,253.0,0.0,8,247
2011-11-20,84406B,253.0,0.0,8,247
2011-11-21,84406B,252.0,0.0,8,247
2011-11-22,84406B,250.0,0.0,8,247
2011-11-23,84406B,250.0,0.0,8,247
2011-11-24,84406B,249.0,0.0,8,247
2011-11-25,84406B,249.0,0.0,8,247
2011-11-26,84406B,249.0,0.0,8,247
2011-11-27,84406B,249.0,0.0,8,247
2011-11-28,84406B,245.0,182.0,8,247
2011-11-29,84406B,242.0,182.0,8,247
2011-11-30,84406B,240.0,182.0,8,247
2011-12-01,84406B,240.0,182.0,8,247
2011-12-02,84406B,232.0,182.0,8,247
2011-12-03,84406B,232.0,182.0,8,247
2011-12-04,84406B,224.0,182.0,8,247
2011-12-05,84406B,207.0,182.0,8,247
2011-12-06,84406B,389.0,0.0,8,247
2011-12-07,84406B,389.0,0.0,8,247
2011-12-08,84406B,389.0,0.0,8,247
2011-12-09,84406B,389.0,0.0,8,247
2011-08-11,84755,99.0,846.0,4,351
2011-08-12,84755,95.0,846.0,4,351
2011-08-13,84755,95.0,846.0,4,351
2011-08-14,84755,95.0,846.0,4,351
2011-08-15,84755,877.0,0.0,4,351
2011-08-16,84755,861.0,0.0,4,351
2011-08-17,84755,841.0,0.0,4,351
2011-08-18,84755,810.0,0.0,4,351
2011-08-19,84755,778.0,0.0,4,351
2011-08-20,84755,778.0,0.0,4,351
2011-08-21,84755,738.0,0.0,4,351
2011-08-22,84755,650.0,0.0,4,351
2011-08-23,84755,618.0,0.0,4,351
2011-08-24,84755,474.0,0.0,4,351
2011-08-25,84755,290.0,655.0,4,351
2011-08-26,84755,290.0,655.0,4,351
2011-08-27,84755,290.0,655.0,4,351
2011-08-28,84755,274.0,655.0,4,351
2011-08-29,84755,929.0,0.0,4,351
2011-08-30,84755,921.0,0.0,4,351
2011-08-31,84755,873.0,0.0,4,351
2011-09-01,84755,729.0,0.0,4,351
2011-09-02,84755,681.0,0.0,4,351
2011-09-03,84755,681.0,0.0,4,351
2011-09-04,84755,659.0,0.0,4,351
2011-09-05,84755,659.0,0.0,4,351
2011-09-06,84755,595.0,0.0,4,351
2011-09-07,84755,399.0,0.0,4,351
2011-09-08,84755,335.0,610.0,4,351
2011-09-09,84755,319.0,610.0,4,351
2011-09-10,84755,319.0,610.0,4,351
2011-09-11,84755,279.0,610.0,4,351
2011-09-12,84755,889.0,0.0,4,351
2011-09-13,84755,529.0,0.0,4,351
2011-09-14,84755,529.0,0.0,4,351
2011-09-15,84755,513.0,0.0,4,351
2011-09-16,84755,513.0,0.0,4,351
2011-09-17,84755,513.0,0.0,4,351
2011-09-18,84755,497.0,0.0,4,351
2011-09-19,84755,497.0,0.0,4,351
2011-09-20,84755,497.0,0.0,4,351
2011-09-21,84755,461.0,0.0,4,351
2011-09-22,84755,301.0,644.0,4,351
2011-09-23,84755,269.0,644.0,4,351
2011-09-24,84755,269.0,644.0,4,351
2011-09-25,84755,253.0,644.0,4,351
2011-09-26,84755,897.0,0.0,4,351
2011-09-27,84755,897.0,0.0,4,351
2011-09-28,84755,881.0,0.0,4,351
2011-09-29,84755,881.0,0.0,4,351
2011-09-30,84755,865.0,0.0,4,351
2011-10-01,84755,865.0,0.0,4,351
2011-10-02,84755,849.0,0.0,4,351
2011-10-03,84755,833.0,0.0,4,351
2011-10-04,84755,801.0,0.0,4,351
2011-10-05,84755,641.0,0.0,4,351
2011-10-06,84755,609.0,0.0,4,351
2011-10-07,84755,561.0,0.0,4,351
2011-10-08,84755,561.0,0.0,4,351
2011-10-09,84755,561.0,0.0,4,351
2011-10-10,84755,545.0,0.0,4,351
2011-10-11,84755,529.0,0.0,4,351
2011-10-12,84755,513.0,0.0,4,351
2011-10-13,84755,497.0,0.0,4,351
2011-10-14,84755,497.0,0.0,4,351
2011-10-15,84755,497.0,0.0,4,351
2011-10-16,84755,497.0,0.0,4,351
2011-10-17,84755,497.0,0.0,4,351
2011-10-18,84755,453.0,0.0,4,351
2011-10-19,84755,309.0,636.0,4,351
2011-10-20,84755,309.0,636.0,4,351
2011-10-21,84755,301.0,636.0,4,351
2011-10-22,84755,301.0,636.0,4,351
2011-10-23,84755,937.0,0.0,4,351
2011-10-24,84755,905.0,0.0,4,351
2011-10-25,84755,865.0,0.0,4,351
2011-10-26,84755,841.0,0.0,4,351
2011-10-27,84755,833.0,0.0,4,351
2011-10-28,84755,833.0,0.0,4,351
2011-10-29,84755,833.0,0.0,4,351
2011-10-30,84755,825.0,0.0,4,351
2011-10-31,84755,785.0,0.0,4,351
2011-11-01,84755,785.0,0.0,4,351
2011-11-02,84755,757.0,0.0,4,351
2011-11-03,84755,733.0,0.0,4,351
2011-11-04,84755,725.0,0.0,4,351
2011-11-05,84755,725.0,0.0,4,351
2011-11-06,84755,717.0,0.0,4,351
2011-11-07,84755,685.0,0.0,4,351
2011-11-08,84755,645.0,0.0,4,351
2011-11-09,84755,645.0,0.0,4,351
2011-11-10,84755,593.0,0.0,4,351
2011-11-11,84755,425.0,0.0,4,351
2011-11-12,84755,425.0,0.0,4,351
2011-11-13,84755,393.0,0.0,4,351
2011-11-14,84755,321.0,624.0,4,351
2011-11-15,84755,305.0,624.0,4,351
2011-11-16,84755,285.0,624.0,4,351
2011-11-17,84755,269.0,624.0,4,351
2011-11-18,84755,877.0,0.0,4,351
2011-11-19,84755,877.0,0.0,4,351
2011-11-20,84755,873.0,0.0,4,351
2011-11-21,84755,873.0,0.0,4,351
2011-11-22,84755,833.0,0.0,4,351
2011-11-23,84755,577.0,0.0,4,351
2011-11-24,84755,529.0,0.0,4,351
2011-11-25,84755,525.0,0.0,4,351
2011-11-26,84755,525.0,0.0,4,351
2011-11-27,84755,525.0,0.0,4,351
2011-11-28,84755,509.0,0.0,4,351
2011-11-29,84755,509.0,0.0,4,351
2011-11-30,84755,505.0,0.0,4,351
2011-12-01,84755,485.0,0.0,4,351
2011-12-02,84755,485.0,0.0,4,351
2011-12-03,84755,485.0,0.0,4,351
2011-12-04,84755,485.0,0.0,4,351
2011-12-05,84755,413.0,0.0,4,351
2011-12-06,84755,397.0,0.0,4,351
2011-12-07,84755,381.0,0.0,4,351
2011-12-08,84755,345.0,600.0,4,351
2011-12-09,84755,341.0,600.0,4,351
2011-08-11,84836,799.0,0.0,11,731
2011-08-12,84836,787.0,0.0,11,731
2011-08-13,84836,787.0,0.0,11,731
2011-08-14,84836,787.0,0.0,11,731
2011-08-15,84836,787.0,0.0,11,731
2011-08-16,84836,787.0,0.0,11,731
2011-08-17,84836,782.0,0.0,11,731
2011-08-18,84836,780.0,0.0,11,731
2011-08-19,84836,780.0,0.0,11,731
2011-08-20,84836,780.0,0.0,11,731
2011-08-21,84836,780.0,0.0,11,731
2011-08-22,84836,756.0,0.0,11,731
2011-08-23,84836,740.0,0.0,11,731
2011-08-24,84836,704.0,1051.0,11,731
2011-08-25,84836,689.0,1051.0,11,731
2011-08-26,84836,677.0,1051.0,11,731
2011-08-27,84836,677.0,1051.0,11,731
2011-08-28,84836,677.0,1051.0,11,731
2011-08-29,84836,677.0,1051.0,11,731
2011-08-30,84836,674.0,1051.0,11,731
2011-08-31,84836,661.0,1051.0,11,731
2011-09-01,84836,615.0,1051.0,11,731
2011-09-02,84836,615.0,1051.0,11,731
2011-09-03,84836,615.0,1051.0,11,731
2011-09-04,84836,1630.0,0.0,11,731
2011-09-05,84836,1629.0,0.0,11,731
2011-09-06,84836,1557.0,0.0,11,731
2011-09-07,84836,1540.0,0.0,11,731
2011-09-08,84836,1514.0,0.0,11,731
2011-09-09,84836,1502.0,0.0,11,731
2011-09-10,84836,1502.0,0.0,11,731
2011-09-11,84836,1455.0,0.0,11,731
2011-09-12,84836,1433.0,0.0,11,731
2011-09-13,84836,1421.0,0.0,11,731
2011-09-14,84836,1409.0,0.0,11,731
2011-09-15,84836,1408.0,0.0,11,731
2011-09-16,84836,1408.0,0.0,11,731
2011-09-17,84836,1408.0,0.0,11,731
2011-09-18,84836,1406.0,0.0,11,731
2011-09-19,84836,1377.0,0.0,11,731
2011-09-20,84836,1321.0,0.0,11,731
2011-09-21,84836,1320.0,0.0,11,731
2011-09-22,84836,1308.0,0.0,11,731
2011-09-23,84836,1292.0,0.0,11,731
2011-09-24,84836,1292.0,0.0,11,731
2011-09-25,84836,1256.0,0.0,11,731
2011-09-26,84836,1244.0,0.0,11,731
2011-09-27,84836,1242.0,0.0,11,731
2011-09-28,84836,1221.0,0.0,11,731
2011-09-29,84836,1209.0,0.0,11,731
2011-09-30,84836,1185.0,0.0,11,731
2011-10-01,84836,1185.0,0.0,11,731
2011-10-02,84836,1173.0,0.0,11,731
2011-10-03,84836,1149.0,0.0,11,731
2011-10-04,84836,1089.0,0.0,11,731
2011-10-05,84836,819.0,0.0,11,731
2011-10-06,84836,781.0,0.0,11,731
2011-10-07,84836,768.0,0.0,11,731
2011-10-08,84836,768.0,0.0,11,731
2011-10-09,84836,764.0,0.0,11,731
2011-10-10,84836,748.0,0.0,11,731
2011-10-11,84836,748.0,0.0,11,731
2011-10-12,84836,696.0,1059.0,11,731
2011-10-13,84836,684.0,1059.0,11,731
2011-10-14,84836,677.0,1059.0,11,731
2011-10-15,84836,677.0,1059.0,11,731
2011-10-16,84836,629.0,1059.0,11,731
2011-10-17,84836,601.0,1059.0,11,731
2011-10-18,84836,591.0,1059.0,11,731
2011-10-19,84836,565.0,1059.0,11,731
2011-10-20,84836,565.0,1059.0,11,731
2011-10-21,84836,535.0,1059.0,11,731
2011-10-22,84836,535.0,1059.0,11,731
2011-10-23,84836,1587.0,0.0,11,731
2011-10-24,84836,1563.0,0.0,11,731
2011-10-25,84836,1533.0,0.0,11,731
2011-10-26,84836,1521.0,0.0,11,731
2011-10-27,84836,1461.0,0.0,11,731
2011-10-28,84836,1461.0,0.0,11,731
2011-10-29,84836,1461.0,0.0,11,731
2011-10-30,84836,1381.0,0.0,11,731
2011-10-31,84836,1333.0,0.0,11,731
2011-11-01,84836,1256.0,0.0,11,731
2011-11-02,84836,1214.0,0.0,11,731
2011-11-03,84836,1166.0,0.0,11,731
2011-11-04,84836,1151.0,0.0,11,731
2011-11-05,84836,1151.0,0.0,11,731
2011-11-06,84836,1077.0,0.0,11,731
2011-11-07,84836,1026.0,0.0,11,731
2011-11-08,84836,1012.0,0.0,11,731
2011-11-09,84836,987.0,0.0,11,731
2011-11-10,84836,972.0,0.0,11,731
2011-11-11,84836,917.0,0.0,11,731
2011-11-12,84836,917.0,0.0,11,731
2011-11-13,84836,907.0,0.0,11,731
2011-11-14,84836,869.0,0.0,11,731
2011-11-15,84836,855.0,0.0,11,731
2011-11-16,84836,768.0,0.0,11,731
2011-11-17,84836,749.0,0.0,11,731
2011-11-18,84836,727.0,1028.0,11,731
2011-11-19,84836,727.0,1028.0,11,731
2011-11-20,84836,706.0,1028.0,11,731
2011-11-21,84836,694.0,1028.0,11,731
2011-11-22,84836,642.0,1028.0,11,731
2011-11-23,84836,641.0,1028.0,11,731
2011-11-24,84836,628.0,1028.0,11,731
2011-11-25,84836,611.0,1028.0,11,731
2011-11-26,84836,611.0,1028.0,11,731
2011-11-27,84836,609.0,1028.0,11,731
2011-11-28,84836,584.0,1028.0,11,731
2011-11-29,84836,1607.0,0.0,11,731
2011-11-30,84836,1592.0,0.0,11,731
2011-12-01,84836,1592.0,0.0,11,731
2011-12-02,84836,1590.0,0.0,11,731
2011-12-03,84836,1590.0,0.0,11,731
2011-12-04,84836,1575.0,0.0,11,731
2011-12-05,84836,1569.0,0.0,11,731
2011-12-06,84836,1536.0,0.0,11,731
2011-12-07,84836,1536.0,0.0,11,731
2011-12-08,84836,1523.0,0.0,11,731
2011-12-09,84836,1523.0,0.0,11,731
2011-08-11,84879,0.0,2514.0,8,1214
2011-08-12,84879,2482.0,0.0,8,1214
2011-08-13,84879,2482.0,0.0,8,1214
2011-08-14,84879,2472.0,0.0,8,1214
2011-08-15,84879,2408.0,0.0,8,1214
2011-08-16,84879,2348.0,0.0,8,1214
2011-08-17,84879,2316.0,0.0,8,1214
2011-08-18,84879,2221.0,0.0,8,1214
2011-08-19,84879,2005.0,0.0,8,1214
2011-08-20,84879,2005.0,0.0,8,1214
2011-08-21,84879,1924.0,0.0,8,1214
2011-08-22,84879,1718.0,0.0,8,1214
2011-08-23,84879,1670.0,0.0,8,1214
2011-08-24,84879,1574.0,0.0,8,1214
2011-08-25,84879,1174.0,1340.0,8,1214
2011-08-26,84879,1134.0,1340.0,8,1214
2011-08-27,84879,1134.0,1340.0,8,1214
2011-08-28,84879,1074.0,1340.0,8,1214
2011-08-29,84879,1074.0,1340.0,8,1214
2011-08-30,84879,1066.0,1340.0,8,1214
2011-08-31,84879,1050.0,1340.0,8,1214
2011-09-01,84879,954.0,1340.0,8,1214
2011-09-02,84879,2278.0,0.0,8,1214
2011-09-03,84879,2278.0,0.0,8,1214
2011-09-04,84879,2198.0,0.0,8,1214
2011-09-05,84879,2150.0,0.0,8,1214
2011-09-06,84879,2062.0,0.0,8,1214
2011-09-07,84879,1990.0,0.0,8,1214
2011-09-08,84879,1854.0,0.0,8,1214
2011-09-09,84879,1814.0,0.0,8,1214
2011-09-10,84879,1814.0,0.0,8,1214
2011-09-11,84879,1710.0,0.0,8,1214
2011-09-12,84879,1662.0,0.0,8,1214
2011-09-13,84879,1366.0,0.0,8,1214
2011-09-14,84879,1318.0,0.0,8,1214
2011-09-15,84879,919.0,1595.0,8,1214
2011-09-16,84879,851.0,1595.0,8,1214
2011-09-17,84879,851.0,1595.0,8,1214
2011-09-18,84879,803.0,1595.0,8,1214
2011-09-19,84879,699.0,1595.0,8,1214
2011-09-20,84879,635.0,1595.0,8,1214
2011-09-21,84879,587.0,1595.0,8,1214
2011-09-22,84879,246.0,1595.0,8,1214
2011-09-23,84879,1809.0,0.0,8,1214
2011-09-24,84879,1809.0,0.0,8,1214
2011-09-25,84879,1712.0,0.0,8,1214
2011-09-26,84879,1467.0,0.0,8,1214
2011-09-27,84879,1393.0,0.0,8,1214
2011-09-28,84879,1169.0,1345.0,8,1214
2011-09-29,84879,985.0,1345.0,8,1214
2011-09-30,84879,937.0,1345.0,8,1214
2011-10-01,84879,937.0,1345.0,8,1214
2011-10-02,84879,921.0,1345.0,8,1214
2011-10-03,84879,849.0,1345.0,8,1214
2011-10-04,84879,765.0,1345.0,8,1214
2011-10-05,84879,674.0,1345.0,8,1214
2011-10-06,84879,1750.0,0.0,8,1214
2011-10-07,84879,1702.0,0.0,8,1214
2011-10-08,84879,1702.0,0.0,8,1214
2011-10-09,84879,1693.0,0.0,8,1214
2011-10-10,84879,1653.0,0.0,8,1214
2011-10-11,84879,1577.0,0.0,8,1214
2011-10-12,84879,1521.0,0.0,8,1214
2011-10-13,84879,1412.0,0.0,8,1214
2011-10-14,84879,1340.0,0.0,8,1214
2011-10-15,84879,1340.0,0.0,8,1214
2011-10-16,84879,1280.0,0.0,8,1214
2011-10-17,84879,888.0,1626.0,8,1214
2011-10-18,84879,840.0,1626.0,8,1214
2011-10-19,84879,682.0,1626.0,8,1214
2011-10-20,84879,534.0,1626.0,8,1214
2011-10-21,84879,518.0,1626.0,8,1214
2011-10-22,84879,518.0,1626.0,8,1214
2011-10-23,84879,459.0,1626.0,8,1214
2011-10-24,84879,332.0,1626.0,8,1214
2011-10-25,84879,1878.0,0.0,8,1214
2011-10-26,84879,1661.0,0.0,8,1214
2011-10-27,84879,1621.0,0.0,8,1214
2011-10-28,84879,1572.0,0.0,8,1214
2011-10-29,84879,1572.0,0.0,8,1214
2011-10-30,84879,1308.0,0.0,8,1214
2011-10-31,84879,1188.0,1326.0,8,1214
2011-11-01,84879,894.0,1326.0,8,1214
2011-11-02,84879,766.0,1326.0,8,1214
2011-11-03,84879,556.0,1326.0,8,1214
2011-11-04,84879,476.0,1326.0,8,1214
2011-11-05,84879,476.0,1326.0,8,1214
2011-11-06,84879,340.0,1326.0,8,1214
2011-11-07,84879,316.0,1326.0,8,1214
2011-11-08,84879,1586.0,0.0,8,1214
2011-11-09,84879,274.0,2240.0,8,1214
2011-11-10,84879,74.0,2240.0,8,1214
2011-11-11,84879,0.0,2240.0,8,1214
2011-11-12,84879,0.0,2240.0,8,1214
2011-11-13,84879,0.0,2240.0,8,1214
2011-11-14,84879,0.0,2240.0,8,1214
2011-11-15,84879,0.0,2240.0,8,1214
2011-11-16,84879,0.0,2240.0,8,1214
2011-11-17,84879,2146.0,0.0,8,1214
2011-11-18,84879,1778.0,0.0,8,1214
2011-11-19,84879,1778.0,0.0,8,1214
2011-11-20,84879,1629.0,0.0,8,1214
2011-11-21,84879,1450.0,0.0,8,1214
2011-11-22,84879,1318.0,0.0,8,1214
2011-11-23,84879,1238.0,0.0,8,1214
2011-11-24,84879,883.0,1631.0,8,1214
2011-11-25,84879,611.0,1631.0,8,1214
2011-11-26,84879,611.0,1631.0,8,1214
2011-11-27,84879,603.0,1631.0,8,1214
2011-11-28,84879,547.0,1631.0,8,1214
2011-11-29,84879,420.0,1631.0,8,1214
2011-11-30,84879,308.0,1631.0,8,1214
2011-12-01,84879,220.0,1631.0,8,1214
2011-12-02,84879,1347.0,0.0,8,1214
2011-12-03,84879,1347.0,0.0,8,1214
2011-12-04,84879,1281.0,0.0,8,1214
2011-12-05,84879,1148.0,1366.0,8,1214
2011-12-06,84879,908.0,1366.0,8,1214
2011-12-07,84879,652.0,1366.0,8,1214
2011-12-08,84879,641.0,1366.0,8,1214
2011-12-09,84879,609.0,1366.0,8,1214
2011-08-11,84946,953.0,0.0,14,775
2011-08-12,84946,945.0,0.0,14,775
2011-08-13,84946,945.0,0.0,14,775
2011-08-14,84946,945.0,0.0,14,775
2011-08-15,84946,945.0,0.0,14,775
2011-08-16,84946,945.0,0.0,14,775
2011-08-17,84946,489.0,1409.0,14,775
2011-08-18,84946,442.0,1409.0,14,775
2011-08-19,84946,406.0,1409.0,14,775
2011-08-20,84946,406.0,1409.0,14,775
2011-08-21,84946,406.0,1409.0,14,775
2011-08-22,84946,370.0,1409.0,14,775
2011-08-23,84946,358.0,1409.0,14,775
2011-08-24,84946,358.0,1409.0,14,775
2011-08-25,84946,327.0,1409.0,14,775
2011-08-26,84946,159.0,1409.0,14,775
2011-08-27,84946,159.0,1409.0,14,775
2011-08-28,84946,153.0,1409.0,14,775
2011-08-29,84946,153.0,1409.0,14,775
2011-08-30,84946,134.0,1409.0,14,775
2011-08-31,84946,1518.0,0.0,14,775
2011-09-01,84946,1446.0,0.0,14,775
2011-09-02,84946,1390.0,0.0,14,775
2011-09-03,84946,1390.0,0.0,14,775
2011-09-04,84946,1378.0,0.0,14,775
2011-09-05,84946,1366.0,0.0,14,775
2011-09-06,84946,1294.0,0.0,14,775
2011-09-07,84946,1242.0,0.0,14,775
2011-09-08,84946,1155.0,0.0,14,775
2011-09-09,84946,1143.0,0.0,14,775
2011-09-10,84946,1143.0,0.0,14,775
2011-09-11,84946,1107.0,0.0,14,775
2011-09-12,84946,1095.0,0.0,14,775
2011-09-13,84946,1091.0,0.0,14,775
2011-09-14,84946,1064.0,0.0,14,775
2011-09-15,84946,992.0,0.0,14,775
2011-09-16,84946,992.0,0.0,14,775
2011-09-17,84946,992.0,0.0,14,775
2011-09-18,84946,992.0,0.0,14,775
2011-09-19,84946,956.0,0.0,14,775
2011-09-20,84946,786.0,0.0,14,775
2011-09-21,84946,753.0,1145.0,14,775
2011-09-22,84946,729.0,1145.0,14,775
2011-09-23,84946,683.0,1145.0,14,775
2011-09-24,84946,683.0,1145.0,14,775
2011-09-25,84946,491.0,1145.0,14,775
2011-09-26,84946,431.0,1145.0,14,775
2011-09-27,84946,431.0,1145.0,14,775
2011-09-28,84946,347.0,1145.0,14,775
2011-09-29,84946,211.0,1145.0,14,775
2011-09-30,84946,131.0,1145.0,14,775
2011-10-01,84946,131.0,1145.0,14,775
2011-10-02,84946,113.0,1145.0,14,775
2011-10-03,84946,47.0,1145.0,14,775
2011-10-04,84946,0.0,1145.0,14,775
2011-10-05,84946,1070.0,0.0,14,775
2011-10-06,84946,984.0,0.0,14,775
2011-10-07,84946,941.0,0.0,14,775
2011-10-08,84946,941.0,0.0,14,775
2011-10-09,84946,935.0,0.0,14,775
2011-10-10,84946,655.0,1243.0,14,775
2011-10-11,84946,580.0,1243.0,14,775
2011-10-12,84946,489.0,1243.0,14,775
2011-10-13,84946,452.0,1243.0,14,775
2011-10-14,84946,448.0,1243.0,14,775
2011-10-15,84946,448.0,1243.0,14,775
2011-10-16,84946,436.0,1243.0,14,775
2011-10-17,84946,388.0,1243.0,14,775
2011-10-18,84946,347.0,1243.0,14,775
2011-10-19,84946,138.0,1243.0,14,775
2011-10-20,84946,44.0,1243.0,14,775
2011-10-21,84946,20.0,1243.0,14,775
2011-10-22,84946,20.0,1243.0,14,775
2011-10-23,84946,14.0,1243.0,14,775
2011-10-24,84946,1216.0,0.0,14,775
2011-10-25,84946,1180.0,0.0,14,775
2011-10-26,84946,1154.0,0.0,14,775
2011-10-27,84946,1106.0,0.0,14,775
2011-10-28,84946,1070.0,0.0,14,775
2011-10-29,84946,1070.0,0.0,14,775
2011-10-30,84946,1029.0,0.0,14,775
2011-10-31,84946,839.0,0.0,14,775
2011-11-01,84946,623.0,1275.0,14,775
2011-11-02,84946,418.0,1275.0,14,775
2011-11-03,84946,272.0,1275.0,14,775
2011-11-04,84946,214.0,1275.0,14,775
2011-11-05,84946,214.0,1275.0,14,775
2011-11-06,84946,184.0,1275.0,14,775
2011-11-07,84946,0.0,1275.0,14,775
2011-11-08,84946,0.0,1275.0,14,775
2011-11-09,84946,0.0,1275.0,14,775
2011-11-10,84946,0.0,1275.0,14,775
2011-11-11,84946,0.0,1275.0,14,775
2011-11-12,84946,0.0,1275.0,14,775
2011-11-13,84946,0.0,1275.0,14,775
2011-11-14,84946,0.0,1275.0,14,775
2011-11-15,84946,1229.0,0.0,14,775
2011-11-16,84946,1051.0,0.0,14,775
2011-11-17,84946,1051.0,0.0,14,775
2011-11-18,84946,918.0,0.0,14,775
2011-11-19,84946,918.0,0.0,14,775
2011-11-20,84946,822.0,0.0,14,775
2011-11-21,84946,660.0,1238.0,14,775
2011-11-22,84946,607.0,1238.0,14,775
2011-11-23,84946,458.0,1238.0,14,775
2011-11-24,84946,299.0,1238.0,14,775
2011-11-25,84946,279.0,1238.0,14,775
2011-11-26,84946,279.0,1238.0,14,775
2011-11-27,84946,255.0,1238.0,14,775
2011-11-28,84946,167.0,1238.0,14,775
2011-11-29,84946,82.0,1238.0,14,775
2011-11-30,84946,0.0,1238.0,14,775
2011-12-01,84946,0.0,1238.0,14,775
2011-12-02,84946,0.0,1238.0,14,775
2011-12-03,84946,0.0,1238.0,14,775
2011-12-04,84946,0.0,1238.0,14,775
2011-12-05,84946,1085.0,0.0,14,775
2011-12-06,84946,914.0,0.0,14,775
2011-12-07,84946,875.0,0.0,14,775
2011-12-08,84946,826.0,0.0,14,775
2011-12-09,84946,784.0,0.0,14,775
2011-08-11,84970S,725.0,0.0,6,412
2011-08-12,84970S,725.0,0.0,6,412
2011-08-13,84970S,725.0,0.0,6,412
2011-08-14,84970S,725.0,0.0,6,412
2011-08-15,84970S,725.0,0.0,6,412
2011-08-16,84970S,713.0,0.0,6,412
2011-08-17,84970S,712.0,0.0,6,412
2011-08-18,84970S,685.0,0.0,6,412
2011-08-19,84970S,673.0,0.0,6,412
2011-08-20,84970S,673.0,0.0,6,412
2011-08-21,84970S,649.0,0.0,6,412
2011-08-22,84970S,649.0,0.0,6,412
2011-08-23,84970S,613.0,0.0,6,412
2011-08-24,84970S,613.0,0.0,6,412
2011-08-25,84970S,574.0,0.0,6,412
2011-08-26,84970S,550.0,0.0,6,412
2011-08-27,84970S,550.0,0.0,6,412
2011-08-28,84970S,550.0,0.0,6,412
2011-08-29,84970S,550.0,0.0,6,412
2011-08-30,84970S,544.0,0.0,6,412
2011-08-31,84970S,534.0,0.0,6,412
2011-09-01,84970S,498.0,0.0,6,412
2011-09-02,84970S,435.0,0.0,6,412
2011-09-03,84970S,435.0,0.0,6,412
2011-09-04,84970S,431.0,0.0,6,412
2011-09-05,84970S,429.0,0.0,6,412
2011-09-06,84970S,393.0,694.0,6,412
2011-09-07,84970S,364.0,694.0,6,412
2011-09-08,84970S,334.0,694.0,6,412
2011-09-09,84970S,334.0,694.0,6,412
2011-09-10,84970S,334.0,694.0,6,412
2011-09-11,84970S,334.0,694.0,6,412
2011-09-12,84970S,1028.0,0.0,6,412
2011-09-13,84970S,1003.0,0.0,6,412
2011-09-14,84970S,979.0,0.0,6,412
2011-09-15,84970S,979.0,0.0,6,412
2011-09-16,84970S,979.0,0.0,6,412
2011-09-17,84970S,979.0,0.0,6,412
2011-09-18,84970S,943.0,0.0,6,412
2011-09-19,84970S,941.0,0.0,6,412
2011-09-20,84970S,937.0,0.0,6,412
2011-09-21,84970S,929.0,0.0,6,412
2011-09-22,84970S,893.0,0.0,6,412
2011-09-23,84970S,854.0,0.0,6,412
2011-09-24,84970S,854.0,0.0,6,412
2011-09-25,84970S,818.0,0.0,6,412
2011-09-26,84970S,673.0,0.0,6,412
2011-09-27,84970S,648.0,0.0,6,412
2011-09-28,84970S,631.0,0.0,6,412
2011-09-29,84970S,619.0,0.0,6,412
2011-09-30,84970S,618.0,0.0,6,412
2011-10-01,84970S,618.0,0.0,6,412
2011-10-02,84970S,616.0,0.0,6,412
2011-10-03,84970S,604.0,0.0,6,412
2011-10-04,84970S,603.0,0.0,6,412
2011-10-05,84970S,579.0,0.0,6,412
2011-10-06,84970S,567.0,0.0,6,412
2011-10-07,84970S,567.0,0.0,6,412
2011-10-08,84970S,567.0,0.0,6,412
2011-10-09,84970S,564.0,0.0,6,412
2011-10-10,84970S,551.0,0.0,6,412
2011-10-11,84970S,503.0,0.0,6,412
2011-10-12,84970S,359.0,728.0,6,412
2011-10-13,84970S,310.0,728.0,6,412
2011-10-14,84970S,298.0,728.0,6,412
2011-10-15,84970S,298.0,728.0,6,412
2011-10-16,84970S,286.0,728.0,6,412
2011-10-17,84970S,271.0,728.0,6,412
2011-10-18,84970S,960.0,0.0,6,412
2011-10-19,84970S,960.0,0.0,6,412
2011-10-20,84970S,960.0,0.0,6,412
2011-10-21,84970S,960.0,0.0,6,412
2011-10-22,84970S,960.0,0.0,6,412
2011-10-23,84970S,948.0,0.0,6,412
2011-10-24,84970S,935.0,0.0,6,412
2011-10-25,84970S,935.0,0.0,6,412
2011-10-26,84970S,923.0,0.0,6,412
2011-10-27,84970S,923.0,0.0,6,412
2011-10-28,84970S,923.0,0.0,6,412
2011-10-29,84970S,923.0,0.0,6,412
2011-10-30,84970S,872.0,0.0,6,412
2011-10-31,84970S,848.0,0.0,6,412
2011-11-01,84970S,819.0,0.0,6,412
2011-11-02,84970S,800.0,0.0,6,412
2011-11-03,84970S,788.0,0.0,6,412
2011-11-04,84970S,788.0,0.0,6,412
2011-11-05,84970S,788.0,0.0,6,412
2011-11-06,84970S,779.0,0.0,6,412
2011-11-07,84970S,774.0,0.0,6,412
2011-11-08,84970S,758.0,0.0,6,412
2011-11-09,84970S,758.0,0.0,6,412
2011-11-10,84970S,756.0,0.0,6,412
2011-11-11,84970S,742.0,0.0,6,412
2011-11-12,84970S,742.0,0.0,6,412
2011-11-13,84970S,725.0,0.0,6,412
2011-11-14,84970S,698.0,0.0,6,412
2011-11-15,84970S,674.0,0.0,6,412
2011-11-16,84970S,674.0,0.0,6,412
2011-11-17,84970S,661.0,0.0,6,412
2011-11-18,84970S,649.0,0.0,6,412
2011-11-19,84970S,649.0,0.0,6,412
2011-11-20,84970S,641.0,0.0,6,412
2011-11-21,84970S,641.0,0.0,6,412
2011-11-22,84970S,641.0,0.0,6,412
2011-11-23,84970S,467.0,0.0,6,412
2011-11-24,84970S,451.0,0.0,6,412
2011-11-25,84970S,451.0,0.0,6,412
2011-11-26,84970S,451.0,0.0,6,412
2011-11-27,84970S,438.0,0.0,6,412
2011-11-28,84970S,428.0,0.0,6,412
2011-11-29,84970S,389.0,698.0,6,412
2011-11-30,84970S,375.0,698.0,6,412
2011-12-01,84970S,207.0,698.0,6,412
2011-12-02,84970S,187.0,698.0,6,412
2011-12-03,84970S,187.0,698.0,6,412
2011-12-04,84970S,173.0,698.0,6,412
2011-12-05,84970S,770.0,0.0,6,412
2011-12-06,84970S,734.0,0.0,6,412
2011-12-07,84970S,730.0,0.0,6,412
2011-12-08,84970S,726.0,0.0,6,412
2011-12-09,84970S,722.0,0.0,6,412
2011-08-11,84978,560.0,0.0,10,400
2011-08-12,84978,512.0,0.0,10,400
2011-08-13,84978,512.0,0.0,10,400
2011-08-14,84978,512.0,0.0,10,400
2011-08-15,84978,446.0,0.0,10,400
2011-08-16,84978,422.0,0.0,10,400
2011-08-17,84978,422.0,0.0,10,400
2011-08-18,84978,362.0,585.0,10,400
2011-08-19,84978,362.0,585.0,10,400
2011-08-20,84978,362.0,585.0,10,400
2011-08-21,84978,242.0,585.0,10,400
2011-08-22,84978,239.0,585.0,10,400
2011-08-23,84978,227.0,585.0,10,400
2011-08-24,84978,215.0,585.0,10,400
2011-08-25,84978,154.0,585.0,10,400
2011-08-26,84978,106.0,585.0,10,400
2011-08-27,84978,106.0,585.0,10,400
2011-08-28,84978,673.0,0.0,10,400
2011-08-29,84978,673.0,0.0,10,400
2011-08-30,84978,623.0,0.0,10,400
2011-08-31,84978,588.0,0.0,10,400
2011-09-01,84978,552.0,0.0,10,400
2011-09-02,84978,527.0,0.0,10,400
2011-09-03,84978,527.0,0.0,10,400
2011-09-04,84978,527.0,0.0,10,400
2011-09-05,84978,419.0,0.0,10,400
2011-09-06,84978,407.0,0.0,10,400
2011-09-07,84978,407.0,0.0,10,400
2011-09-08,84978,335.0,612.0,10,400
2011-09-09,84978,299.0,612.0,10,400
2011-09-10,84978,299.0,612.0,10,400
2011-09-11,84978,293.0,612.0,10,400
2011-09-12,84978,281.0,612.0,10,400
2011-09-13,84978,253.0,612.0,10,400
2011-09-14,84978,223.0,612.0,10,400
2011-09-15,84978,194.0,612.0,10,400
2011-09-16,84978,158.0,612.0,10,400
2011-09-17,84978,158.0,612.0,10,400
2011-09-18,84978,764.0,0.0,10,400
2011-09-19,84978,750.0,0.0,10,400
2011-09-20,84978,738.0,0.0,10,400
2011-09-21,84978,734.0,0.0,10,400
2011-09-22,84978,722.0,0.0,10,400
2011-09-23,84978,704.0,0.0,10,400
2011-09-24,84978,704.0,0.0,10,400
2011-09-25,84978,644.0,0.0,10,400
2011-09-26,84978,638.0,0.0,10,400
2011-09-27,84978,626.0,0.0,10,400
2011-09-28,84978,524.0,0.0,10,400
2011-09-29,84978,440.0,0.0,10,400
2011-09-30,84978,440.0,0.0,10,400
2011-10-01,84978,440.0,0.0,10,400
2011-10-02,84978,428.0,0.0,10,400
2011-10-03,84978,428.0,0.0,10,400
2011-10-04,84978,410.0,0.0,10,400
2011-10-05,84978,361.0,586.0,10,400
2011-10-06,84978,337.0,586.0,10,400
2011-10-07,84978,337.0,586.0,10,400
2011-10-08,84978,337.0,586.0,10,400
2011-10-09,84978,337.0,586.0,10,400
2011-10-10,84978,319.0,586.0,10,400
2011-10-11,84978,283.0,586.0,10,400
2011-10-12,84978,233.0,586.0,10,400
2011-10-13,84978,222.0,586.0,10,400
2011-10-14,84978,198.0,586.0,10,400
2011-10-15,84978,784.0,0.0,10,400
2011-10-16,84978,784.0,0.0,10,400
2011-10-17,84978,769.0,0.0,10,400
2011-10-18,84978,726.0,0.0,10,400
2011-10-19,84978,714.0,0.0,10,400
2011-10-20,84978,636.0,0.0,10,400
2011-10-21,84978,636.0,0.0,10,400
2011-10-22,84978,636.0,0.0,10,400
2011-10-23,84978,636.0,0.0,10,400
2011-10-24,84978,633.0,0.0,10,400
2011-10-25,84978,621.0,0.0,10,400
2011-10-26,84978,597.0,0.0,10,400
2011-10-27,84978,597.0,0.0,10,400
2011-10-28,84978,585.0,0.0,10,400
2011-10-29,84978,585.0,0.0,10,400
2011-10-30,84978,562.0,0.0,10,400
2011-10-31,84978,555.0,0.0,10,400
2011-11-01,84978,507.0,0.0,10,400
2011-11-02,84978,507.0,0.0,10,400
2011-11-03,84978,483.0,0.0,10,400
2011-11-04,84978,471.0,0.0,10,400
2011-11-05,84978,471.0,0.0,10,400
2011-11-06,84978,453.0,0.0,10,400
2011-11-07,84978,289.0,658.0,10,400
2011-11-08,84978,252.0,658.0,10,400
2011-11-09,84978,107.0,658.0,10,400
2011-11-10,84978,107.0,658.0,10,400
2011-11-11,84978,69.0,658.0,10,400
2011-11-12,84978,69.0,658.0,10,400
2011-11-13,84978,44.0,658.0,10,400
2011-11-14,84978,0.0,658.0,10,400
2011-11-15,84978,0.0,658.0,10,400
2011-11-16,84978,0.0,658.0,10,400
2011-11-17,84978,605.0,0.0,10,400
2011-11-18,84978,605.0,0.0,10,400
2011-11-19,84978,605.0,0.0,10,400
2011-11-20,84978,593.0,0.0,10,400
2011-11-21,84978,593.0,0.0,10,400
2011-11-22,84978,591.0,0.0,10,400
2011-11-23,84978,589.0,0.0,10,400
2011-11-24,84978,538.0,0.0,10,400
2011-11-25,84978,536.0,0.0,10,400
2011-11-26,84978,536.0,0.0,10,400
2011-11-27,84978,529.0,0.0,10,400
2011-11-28,84978,414.0,0.0,10,400
2011-11-29,84978,329.0,618.0,10,400
2011-11-30,84978,293.0,618.0,10,400
2011-12-01,84978,281.0,618.0,10,400
2011-12-02,84978,267.0,618.0,10,400
2011-12-03,84978,267.0,618.0,10,400
2011-12-04,84978,262.0,618.0,10,400
2011-12-05,84978,222.0,618.0,10,400
2011-12-06,84978,186.0,618.0,10,400
2011-12-07,84978,126.0,618.0,10,400
2011-12-08,84978,89.0,618.0,10,400
2011-12-09,84978,704.0,0.0,10,400
2011-08-11,84991,3162.0,0.0,10,1787
2011-08-12,84991,3114.0,0.0,10,1787
2011-08-13,84991,3114.0,0.0,10,1787
2011-08-14,84991,3114.0,0.0,10,1787
2011-08-15,84991,3060.0,0.0,10,1787
2011-08-16,84991,3060.0,0.0,10,1787
2011-08-17,84991,3012.0,0.0,10,1787
2011-08-18,84991,2520.0,0.0,10,1787
2011-08-19,84991,2472.0,0.0,10,1787
2011-08-20,84991,2472.0,0.0,10,1787
2011-08-21,84991,2466.0,0.0,10,1787
2011-08-22,84991,2466.0,0.0,10,1787
2011-08-23,84991,2425.0,0.0,10,1787
2011-08-24,84991,2410.0,0.0,10,1787
2011-08-25,84991,2410.0,0.0,10,1787
2011-08-26,84991,2314.0,0.0,10,1787
2011-08-27,84991,2314.0,0.0,10,1787
2011-08-28,84991,2313.0,0.0,10,1787
2011-08-29,84991,2313.0,0.0,10,1787
2011-08-30,84991,2309.0,0.0,10,1787
2011-08-31,84991,2281.0,0.0,10,1787
2011-09-01,84991,2233.0,0.0,10,1787
2011-09-02,84991,2206.0,0.0,10,1787
2011-09-03,84991,2206.0,0.0,10,1787
2011-09-04,84991,2172.0,0.0,10,1787
2011-09-05,84991,1876.0,0.0,10,1787
2011-09-06,84991,1876.0,0.0,10,1787
2011-09-07,84991,1876.0,0.0,10,1787
2011-09-08,84991,1843.0,0.0,10,1787
2011-09-09,84991,1698.0,2347.0,10,1787
2011-09-10,84991,1698.0,2347.0,10,1787
2011-09-11,84991,1265.0,2347.0,10,1787
2011-09-12,84991,1265.0,2347.0,10,1787
2011-09-13,84991,611.0,2347.0,10,1787
2011-09-14,84991,611.0,2347.0,10,1787
2011-09-15,84991,583.0,2347.0,10,1787
2011-09-16,84991,535.0,2347.0,10,1787
2011-09-17,84991,535.0,2347.0,10,1787
2011-09-18,84991,532.0,2347.0,10,1787
2011-09-19,84991,2732.0,0.0,10,1787
2011-09-20,84991,2680.0,0.0,10,1787
2011-09-21,84991,2557.0,0.0,10,1787
2011-09-22,84991,2528.0,0.0,10,1787
2011-09-23,84991,2499.0,0.0,10,1787
2011-09-24,84991,2499.0,0.0,10,1787
2011-09-25,84991,2475.0,0.0,10,1787
2011-09-26,84991,2402.0,0.0,10,1787
2011-09-27,84991,2402.0,0.0,10,1787
2011-09-28,84991,2361.0,0.0,10,1787
2011-09-29,84991,2333.0,0.0,10,1787
2011-09-30,84991,2285.0,0.0,10,1787
2011-10-01,84991,2285.0,0.0,10,1787
2011-10-02,84991,2279.0,0.0,10,1787
2011-10-03,84991,2251.0,0.0,10,1787
2011-10-04,84991,2251.0,0.0,10,1787
2011-10-05,84991,2226.0,0.0,10,1787
2011-10-06,84991,2223.0,0.0,10,1787
2011-10-07,84991,2122.0,0.0,10,1787
2011-10-08,84991,2122.0,0.0,10,1787
2011-10-09,84991,2122.0,0.0,10,1787
2011-10-10,84991,2087.0,0.0,10,1787
2011-10-11,84991,2081.0,0.0,10,1787
2011-10-12,84991,2057.0,0.0,10,1787
2011-10-13,84991,1959.0,0.0,10,1787
2011-10-14,84991,1959.0,0.0,10,1787
2011-10-15,84991,1959.0,0.0,10,1787
2011-10-16,84991,1959.0,0.0,10,1787
2011-10-17,84991,1663.0,2382.0,10,1787
2011-10-18,84991,1663.0,2382.0,10,1787
2011-10-19,84991,1638.0,2382.0,10,1787
2011-10-20,84991,1230.0,2382.0,10,1787
2011-10-21,84991,1230.0,2382.0,10,1787
2011-10-22,84991,1230.0,2382.0,10,1787
2011-10-23,84991,1230.0,2382.0,10,1787
2011-10-24,84991,1228.0,2382.0,10,1787
2011-10-25,84991,1176.0,2382.0,10,1787
2011-10-26,84991,1176.0,2382.0,10,1787
2011-10-27,84991,3545.0,0.0,10,1787
2011-10-28,84991,3205.0,0.0,10,1787
2011-10-29,84991,3205.0,0.0,10,1787
2011-10-30,84991,3175.0,0.0,10,1787
2011-10-31,84991,3149.0,0.0,10,1787
2011-11-01,84991,3148.0,0.0,10,1787
2011-11-02,84991,3121.0,0.0,10,1787
2011-11-03,84991,3001.0,0.0,10,1787
2011-11-04,84991,2974.0,0.0,10,1787
2011-11-05,84991,2974.0,0.0,10,1787
2011-11-06,84991,2912.0,0.0,10,1787
2011-11-07,84991,2887.0,0.0,10,1787
2011-11-08,84991,2886.0,0.0,10,1787
2011-11-09,84991,2813.0,0.0,10,1787
2011-11-10,84991,2762.0,0.0,10,1787
2011-11-11,84991,2752.0,0.0,10,1787
2011-11-12,84991,2752.0,0.0,10,1787
2011-11-13,84991,2740.0,0.0,10,1787
2011-11-14,84991,2709.0,0.0,10,1787
2011-11-15,84991,2484.0,0.0,10,1787
2011-11-16,84991,2237.0,0.0,10,1787
2011-11-17,84991,2227.0,0.0,10,1787
2011-11-18,84991,2201.0,0.0,10,1787
2011-11-19,84991,2201.0,0.0,10,1787
2011-11-20,84991,2193.0,0.0,10,1787
2011-11-21,84991,2010.0,0.0,10,1787
2011-11-22,84991,1960.0,0.0,10,1787
2011-11-23,84991,1859.0,0.0,10,1787
2011-11-24,84991,1845.0,0.0,10,1787
2011-11-25,84991,1845.0,0.0,10,1787
2011-11-26,84991,1845.0,0.0,10,1787
2011-11-27,84991,1836.0,0.0,10,1787
2011-11-28,84991,1835.0,0.0,10,1787
2011-11-29,84991,1798.0,0.0,10,1787
2011-11-30,84991,1748.0,2297.0,10,1787
2011-12-01,84991,1748.0,2297.0,10,1787
2011-12-02,84991,1721.0,2297.0,10,1787
2011-12-03,84991,1721.0,2297.0,10,1787
2011-12-04,84991,1700.0,2297.0,10,1787
2011-12-05,84991,1667.0,2297.0,10,1787
2011-12-06,84991,1664.0,2297.0,10,1787
2011-12-07,84991,1633.0,2297.0,10,1787
2011-12-08,84991,1613.0,2297.0,10,1787
2011-12-09,84991,1612.0,2297.0,10,1787
2011-08-11,84997A,126.0,0.0,14,87
2011-08-12,84997A,126.0,0.0,14,87
2011-08-13,84997A,126.0,0.0,14,87
2011-08-14,84997A,126.0,0.0,14,87
2011-08-15,84997A,126.0,0.0,14,87
2011-08-16,84997A,126.0,0.0,14,87
2011-08-17,84997A,122.0,0.0,14,87
2011-08-18,84997A,120.0,0.0,14,87
2011-08-19,84997A,120.0,0.0,14,87
2011-08-20,84997A,120.0,0.0,14,87
2011-08-21,84997A,120.0,0.0,14,87
2011-08-22,84997A,116.0,0.0,14,87
2011-08-23,84997A,116.0,0.0,14,87
2011-08-24,84997A,39.0,109.0,14,87
2011-08-25,84997A,39.0,109.0,14,87
2011-08-26,84997A,39.0,109.0,14,87
2011-08-27,84997A,39.0,109.0,14,87
2011-08-28,84997A,39.0,109.0,14,87
2011-08-29,84997A,39.0,109.0,14,87
2011-08-30,84997A,38.0,109.0,14,87
2011-08-31,84997A,37.0,109.0,14,87
2011-09-01,84997A,37.0,109.0,14,87
2011-09-02,84997A,28.0,109.0,14,87
2011-09-03,84997A,28.0,109.0,14,87
2011-09-04,84997A,28.0,109.0,14,87
2011-09-05,84997A,28.0,109.0,14,87
2011-09-06,84997A,28.0,109.0,14,87
2011-09-07,84997A,118.0,0.0,14,87
2011-09-08,84997A,118.0,0.0,14,87
2011-09-09,84997A,118.0,0.0,14,87
2011-09-10,84997A,118.0,0.0,14,87
2011-09-11,84997A,118.0,0.0,14,87
2011-09-12,84997A,118.0,0.0,14,87
2011-09-13,84997A,113.0,0.0,14,87
2011-09-14,84997A,112.0,0.0,14,87
2011-09-15,84997A,107.0,0.0,14,87
2011-09-16,84997A,101.0,0.0,14,87
2011-09-17,84997A,101.0,0.0,14,87
2011-09-18,84997A,101.0,0.0,14,87
2011-09-19,84997A,25.0,123.0,14,87
2011-09-20,84997A,21.0,123.0,14,87
2011-09-21,84997A,21.0,123.0,14,87
2011-09-22,84997A,19.0,123.0,14,87
2011-09-23,84997A,16.0,123.0,14,87
2011-09-24,84997A,16.0,123.0,14,87
2011-09-25,84997A,16.0,123.0,14,87
2011-09-26,84997A,14.0,123.0,14,87
2011-09-27,84997A,9.0,123.0,14,87
2011-09-28,84997A,5.0,123.0,14,87
2011-09-29,84997A,0.0,123.0,14,87
2011-09-30,84997A,0.0,123.0,14,87
2011-10-01,84997A,0.0,123.0,14,87
2011-10-02,84997A,0.0,123.0,14,87
2011-10-03,84997A,119.0,0.0,14,87
2011-10-04,84997A,118.0,0.0,14,87
2011-10-05,84997A,118.0,0.0,14,87
2011-10-06,84997A,110.0,0.0,14,87
2011-10-07,84997A,104.0,0.0,14,87
2011-10-08,84997A,104.0,0.0,14,87
2011-10-09,84997A,104.0,0.0,14,87
2011-10-10,84997A,99.0,0.0,14,87
2011-10-11,84997A,99.0,0.0,14,87
2011-10-12,84997A,75.0,73.0,14,87
2011-10-13,84997A,75.0,73.0,14,87
2011-10-14,84997A,61.0,73.0,14,87
2011-10-15,84997A,61.0,73.0,14,87
2011-10-16,84997A,61.0,73.0,14,87
2011-10-17,84997A,61.0,73.0,14,87
2011-10-18,84997A,53.0,73.0,14,87
2011-10-19,84997A,52.0,73.0,14,87
2011-10-20,84997A,47.0,73.0,14,87
2011-10-21,84997A,15.0,73.0,14,87
2011-10-22,84997A,15.0,73.0,14,87
2011-10-23,84997A,15.0,73.0,14,87
2011-10-24,84997A,12.0,136.0,14,87
2011-10-25,84997A,4.0,136.0,14,87
2011-10-26,84997A,76.0,63.0,14,87
2011-10-27,84997A,72.0,63.0,14,87
2011-10-28,84997A,72.0,63.0,14,87
2011-10-29,84997A,72.0,63.0,14,87
2011-10-30,84997A,72.0,63.0,14,87
2011-10-31,84997A,70.0,63.0,14,87
2011-11-01,84997A,69.0,63.0,14,87
2011-11-02,84997A,69.0,63.0,14,87
2011-11-03,84997A,68.0,63.0,14,87
2011-11-04,84997A,28.0,63.0,14,87
2011-11-05,84997A,28.0,63.0,14,87
2011-11-06,84997A,28.0,63.0,14,87
2011-11-07,84997A,90.0,0.0,14,87
2011-11-08,84997A,87.0,61.0,14,87
2011-11-09,84997A,0.0,148.0,14,87
2011-11-10,84997A,0.0,148.0,14,87
2011-11-11,84997A,0.0,148.0,14,87
2011-11-12,84997A,0.0,148.0,14,87
2011-11-13,84997A,0.0,148.0,14,87
2011-11-14,84997A,0.0,148.0,14,87
2011-11-15,84997A,0.0,148.0,14,87
2011-11-16,84997A,0.0,148.0,14,87
2011-11-17,84997A,0.0,148.0,14,87
2011-11-18,84997A,0.0,148.0,14,87
2011-11-19,84997A,0.0,148.0,14,87
2011-11-20,84997A,0.0,148.0,14,87
2011-11-21,84997A,0.0,148.0,14,87
2011-11-22,84997A,60.0,87.0,14,87
2011-11-23,84997A,147.0,0.0,14,87
2011-11-24,84997A,147.0,0.0,14,87
2011-11-25,84997A,141.0,0.0,14,87
2011-11-26,84997A,141.0,0.0,14,87
2011-11-27,84997A,139.0,0.0,14,87
2011-11-28,84997A,136.0,0.0,14,87
2011-11-29,84997A,136.0,0.0,14,87
2011-11-30,84997A,132.0,0.0,14,87
2011-12-01,84997A,60.0,88.0,14,87
2011-12-02,84997A,0.0,88.0,14,87
2011-12-03,84997A,0.0,88.0,14,87
2011-12-04,84997A,0.0,88.0,14,87
2011-12-05,84997A,0.0,88.0,14,87
2011-12-06,84997A,0.0,88.0,14,87
2011-12-07,84997A,0.0,88.0,14,87
2011-12-08,84997A,0.0,88.0,14,87
2011-12-09,84997A,0.0,88.0,14,87
2011-08-11,84997B,471.0,0.0,7,298
2011-08-12,84997B,467.0,0.0,7,298
2011-08-13,84997B,467.0,0.0,7,298
2011-08-14,84997B,467.0,0.0,7,298
2011-08-15,84997B,467.0,0.0,7,298
2011-08-16,84997B,467.0,0.0,7,298
2011-08-17,84997B,461.0,0.0,7,298
2011-08-18,84997B,449.0,0.0,7,298
2011-08-19,84997B,449.0,0.0,7,298
2011-08-20,84997B,449.0,0.0,7,298
2011-08-21,84997B,448.0,0.0,7,298
2011-08-22,84997B,436.0,0.0,7,298
2011-08-23,84997B,388.0,0.0,7,298
2011-08-24,84997B,309.0,0.0,7,298
2011-08-25,84997B,309.0,0.0,7,298
2011-08-26,84997B,306.0,0.0,7,298
2011-08-27,84997B,306.0,0.0,7,298
2011-08-28,84997B,304.0,0.0,7,298
2011-08-29,84997B,304.0,0.0,7,298
2011-08-30,84997B,302.0,0.0,7,298
2011-08-31,84997B,286.0,265.0,7,298
2011-09-01,84997B,286.0,265.0,7,298
2011-09-02,84997B,256.0,265.0,7,298
2011-09-03,84997B,256.0,265.0,7,298
2011-09-04,84997B,256.0,265.0,7,298
2011-09-05,84997B,252.0,265.0,7,298
2011-09-06,84997B,251.0,265.0,7,298
2011-09-07,84997B,516.0,0.0,7,298
2011-09-08,84997B,515.0,0.0,7,298
2011-09-09,84997B,511.0,0.0,7,298
2011-09-10,84997B,511.0,0.0,7,298
2011-09-11,84997B,511.0,0.0,7,298
2011-09-12,84997B,507.0,0.0,7,298
2011-09-13,84997B,497.0,0.0,7,298
2011-09-14,84997B,497.0,0.0,7,298
2011-09-15,84997B,497.0,0.0,7,298
2011-09-16,84997B,486.0,0.0,7,298
2011-09-17,84997B,486.0,0.0,7,298
2011-09-18,84997B,483.0,0.0,7,298
2011-09-19,84997B,407.0,0.0,7,298
2011-09-20,84997B,400.0,0.0,7,298
2011-09-21,84997B,322.0,0.0,7,298
2011-09-22,84997B,316.0,0.0,7,298
2011-09-23,84997B,305.0,0.0,7,298
2011-09-24,84997B,305.0,0.0,7,298
2011-09-25,84997B,305.0,0.0,7,298
2011-09-26,84997B,303.0,0.0,7,298
2011-09-27,84997B,301.0,0.0,7,298
2011-09-28,84997B,229.0,322.0,7,298
2011-09-29,84997B,157.0,322.0,7,298
2011-09-30,84997B,153.0,322.0,7,298
2011-10-01,84997B,153.0,322.0,7,298
2011-10-02,84997B,153.0,322.0,7,298
2011-10-03,84997B,142.0,322.0,7,298
2011-10-04,84997B,132.0,322.0,7,298
2011-10-05,84997B,439.0,0.0,7,298
2011-10-06,84997B,379.0,0.0,7,298
2011-10-07,84997B,368.0,0.0,7,298
2011-10-08,84997B,368.0,0.0,7,298
2011-10-09,84997B,368.0,0.0,7,298
2011-10-10,84997B,365.0,0.0,7,298
2011-10-11,84997B,356.0,0.0,7,298
2011-10-12,84997B,346.0,0.0,7,298
2011-10-13,84997B,346.0,0.0,7,298
2011-10-14,84997B,328.0,0.0,7,298
2011-10-15,84997B,328.0,0.0,7,298
2011-10-16,84997B,322.0,0.0,7,298
2011-10-17,84997B,322.0,0.0,7,298
2011-10-18,84997B,311.0,0.0,7,298
2011-10-19,84997B,311.0,0.0,7,298
2011-10-20,84997B,300.0,0.0,7,298
2011-10-21,84997B,295.0,256.0,7,298
2011-10-22,84997B,295.0,256.0,7,298
2011-10-23,84997B,295.0,256.0,7,298
2011-10-24,84997B,293.0,256.0,7,298
2011-10-25,84997B,285.0,256.0,7,298
2011-10-26,84997B,285.0,256.0,7,298
2011-10-27,84997B,269.0,256.0,7,298
2011-10-28,84997B,424.0,0.0,7,298
2011-10-29,84997B,424.0,0.0,7,298
2011-10-30,84997B,421.0,0.0,7,298
2011-10-31,84997B,417.0,0.0,7,298
2011-11-01,84997B,417.0,0.0,7,298
2011-11-02,84997B,416.0,0.0,7,298
2011-11-03,84997B,411.0,0.0,7,298
2011-11-04,84997B,403.0,0.0,7,298
2011-11-05,84997B,403.0,0.0,7,298
2011-11-06,84997B,402.0,0.0,7,298
2011-11-07,84997B,398.0,0.0,7,298
2011-11-08,84997B,395.0,0.0,7,298
2011-11-09,84997B,245.0,306.0,7,298
2011-11-10,84997B,240.0,306.0,7,298
2011-11-11,84997B,230.0,306.0,7,298
2011-11-12,84997B,230.0,306.0,7,298
2011-11-13,84997B,229.0,306.0,7,298
2011-11-14,84997B,148.0,306.0,7,298
2011-11-15,84997B,143.0,306.0,7,298
2011-11-16,84997B,444.0,0.0,7,298
2011-11-17,84997B,420.0,0.0,7,298
2011-11-18,84997B,392.0,0.0,7,298
2011-11-19,84997B,392.0,0.0,7,298
2011-11-20,84997B,384.0,0.0,7,298
2011-11-21,84997B,384.0,0.0,7,298
2011-11-22,84997B,374.0,0.0,7,298
2011-11-23,84997B,302.0,0.0,7,298
2011-11-24,84997B,302.0,0.0,7,298
2011-11-25,84997B,288.0,263.0,7,298
2011-11-26,84997B,288.0,263.0,7,298
2011-11-27,84997B,283.0,263.0,7,298
2011-11-28,84997B,281.0,263.0,7,298
2011-11-29,84997B,271.0,263.0,7,298
2011-11-30,84997B,264.0,263.0,7,298
2011-12-01,84997B,264.0,263.0,7,298
2011-12-02,84997B,455.0,0.0,7,298
2011-12-03,84997B,455.0,0.0,7,298
2011-12-04,84997B,454.0,0.0,7,298
2011-12-05,84997B,439.0,0.0,7,298
2011-12-06,84997B,439.0,0.0,7,298
2011-12-07,84997B,439.0,0.0,7,298
2011-12-08,84997B,432.0,0.0,7,298
2011-12-09,84997B,420.0,0.0,7,298
2011-08-11,84997C,399.0,0.0,14,395
2011-08-12,84997C,391.0,382.0,14,395
2011-08-13,84997C,391.0,382.0,14,395
2011-08-14,84997C,391.0,382.0,14,395
2011-08-15,84997C,391.0,382.0,14,395
2011-08-16,84997C,388.0,382.0,14,395
2011-08-17,84997C,380.0,382.0,14,395
2011-08-18,84997C,378.0,382.0,14,395
2011-08-19,84997C,378.0,382.0,14,395
2011-08-20,84997C,378.0,382.0,14,395
2011-08-21,84997C,377.0,382.0,14,395
2011-08-22,84997C,365.0,382.0,14,395
2011-08-23,84997C,329.0,382.0,14,395
2011-08-24,84997C,320.0,382.0,14,395
2011-08-25,84997C,320.0,382.0,14,395
2011-08-26,84997C,701.0,0.0,14,395
2011-08-27,84997C,701.0,0.0,14,395
2011-08-28,84997C,698.0,0.0,14,395
2011-08-29,84997C,698.0,0.0,14,395
2011-08-30,84997C,695.0,0.0,14,395
2011-08-31,84997C,695.0,0.0,14,395
2011-09-01,84997C,695.0,0.0,14,395
2011-09-02,84997C,681.0,0.0,14,395
2011-09-03,84997C,681.0,0.0,14,395
2011-09-04,84997C,681.0,0.0,14,395
2011-09-05,84997C,681.0,0.0,14,395
2011-09-06,84997C,677.0,0.0,14,395
2011-09-07,84997C,669.0,0.0,14,395
2011-09-08,84997C,668.0,0.0,14,395
2011-09-09,84997C,666.0,0.0,14,395
2011-09-10,84997C,666.0,0.0,14,395
2011-09-11,84997C,665.0,0.0,14,395
2011-09-12,84997C,665.0,0.0,14,395
2011-09-13,84997C,634.0,0.0,14,395
2011-09-14,84997C,634.0,0.0,14,395
2011-09-15,84997C,634.0,0.0,14,395
2011-09-16,84997C,628.0,0.0,14,395
2011-09-17,84997C,628.0,0.0,14,395
2011-09-18,84997C,625.0,0.0,14,395
2011-09-19,84997C,553.0,0.0,14,395
2011-09-20,84997C,545.0,0.0,14,395
2011-09-21,84997C,544.0,0.0,14,395
2011-09-22,84997C,534.0,0.0,14,395
2011-09-23,84997C,522.0,0.0,14,395
2011-09-24,84997C,522.0,0.0,14,395
2011-09-25,84997C,522.0,0.0,14,395
2011-09-26,84997C,512.0,0.0,14,395
2011-09-27,84997C,509.0,0.0,14,395
2011-09-28,84997C,437.0,0.0,14,395
2011-09-29,84997C,437.0,0.0,14,395
2011-09-30,84997C,436.0,0.0,14,395
2011-10-01,84997C,436.0,0.0,14,395
2011-10-02,84997C,436.0,0.0,14,395
2011-10-03,84997C,436.0,0.0,14,395
2011-10-04,84997C,426.0,0.0,14,395
2011-10-05,84997C,417.0,0.0,14,395
2011-10-06,84997C,315.0,458.0,14,395
2011-10-07,84997C,303.0,458.0,14,395
2011-10-08,84997C,303.0,458.0,14,395
2011-10-09,84997C,303.0,458.0,14,395
2011-10-10,84997C,303.0,458.0,14,395
2011-10-11,84997C,294.0,458.0,14,395
2011-10-12,84997C,246.0,458.0,14,395
2011-10-13,84997C,242.0,458.0,14,395
2011-10-14,84997C,226.0,458.0,14,395
2011-10-15,84997C,226.0,458.0,14,395
2011-10-16,84997C,226.0,458.0,14,395
2011-10-17,84997C,225.0,458.0,14,395
2011-10-18,84997C,212.0,458.0,14,395
2011-10-19,84997C,212.0,458.0,14,395
2011-10-20,84997C,661.0,0.0,14,395
2011-10-21,84997C,635.0,0.0,14,395
2011-10-22,84997C,635.0,0.0,14,395
2011-10-23,84997C,633.0,0.0,14,395
2011-10-24,84997C,631.0,0.0,14,395
2011-10-25,84997C,622.0,0.0,14,395
2011-10-26,84997C,618.0,0.0,14,395
2011-10-27,84997C,602.0,0.0,14,395
2011-10-28,84997C,596.0,0.0,14,395
2011-10-29,84997C,596.0,0.0,14,395
2011-10-30,84997C,591.0,0.0,14,395
2011-10-31,84997C,578.0,0.0,14,395
2011-11-01,84997C,577.0,0.0,14,395
2011-11-02,84997C,496.0,0.0,14,395
2011-11-03,84997C,492.0,0.0,14,395
2011-11-04,84997C,412.0,0.0,14,395
2011-11-05,84997C,412.0,0.0,14,395
2011-11-06,84997C,412.0,0.0,14,395
2011-11-07,84997C,412.0,0.0,14,395
2011-11-08,84997C,408.0,0.0,14,395
2011-11-09,84997C,407.0,0.0,14,395
2011-11-10,84997C,402.0,0.0,14,395
2011-11-11,84997C,388.0,385.0,14,395
2011-11-12,84997C,388.0,385.0,14,395
2011-11-13,84997C,388.0,385.0,14,395
2011-11-14,84997C,312.0,385.0,14,395
2011-11-15,84997C,312.0,385.0,14,395
2011-11-16,84997C,309.0,385.0,14,395
2011-11-17,84997C,284.0,385.0,14,395
2011-11-18,84997C,265.0,385.0,14,395
2011-11-19,84997C,265.0,385.0,14,395
2011-11-20,84997C,256.0,385.0,14,395
2011-11-21,84997C,253.0,385.0,14,395
2011-11-22,84997C,247.0,385.0,14,395
2011-11-23,84997C,0.0,773.0,14,395
2011-11-24,84997C,0.0,773.0,14,395
2011-11-25,84997C,377.0,388.0,14,395
2011-11-26,84997C,377.0,388.0,14,395
2011-11-27,84997C,376.0,388.0,14,395
2011-11-28,84997C,375.0,388.0,14,395
2011-11-29,84997C,363.0,388.0,14,395
2011-11-30,84997C,356.0,388.0,14,395
2011-12-01,84997C,280.0,388.0,14,395
2011-12-02,84997C,278.0,388.0,14,395
2011-12-03,84997C,278.0,388.0,14,395
2011-12-04,84997C,278.0,388.0,14,395
2011-12-05,84997C,266.0,388.0,14,395
2011-12-06,84997C,266.0,388.0,14,395
2011-12-07,84997C,654.0,0.0,14,395
2011-12-08,84997C,644.0,0.0,14,395
2011-12-09,84997C,629.0,0.0,14,395
2011-08-11,84997D,387.0,0.0,6,355
2011-08-12,84997D,383.0,0.0,6,355
2011-08-13,84997D,383.0,0.0,6,355
2011-08-14,84997D,383.0,0.0,6,355
2011-08-15,84997D,379.0,0.0,6,355
2011-08-16,84997D,377.0,0.0,6,355
2011-08-17,84997D,369.0,0.0,6,355
2011-08-18,84997D,364.0,0.0,6,355
2011-08-19,84997D,352.0,252.0,6,355
2011-08-20,84997D,352.0,252.0,6,355
2011-08-21,84997D,350.0,252.0,6,355
2011-08-22,84997D,334.0,252.0,6,355
2011-08-23,84997D,271.0,252.0,6,355
2011-08-24,84997D,265.0,252.0,6,355
2011-08-25,84997D,513.0,0.0,6,355
2011-08-26,84997D,439.0,0.0,6,355
2011-08-27,84997D,439.0,0.0,6,355
2011-08-28,84997D,439.0,0.0,6,355
2011-08-29,84997D,439.0,0.0,6,355
2011-08-30,84997D,432.0,0.0,6,355
2011-08-31,84997D,428.0,0.0,6,355
2011-09-01,84997D,428.0,0.0,6,355
2011-09-02,84997D,399.0,0.0,6,355
2011-09-03,84997D,399.0,0.0,6,355
2011-09-04,84997D,391.0,0.0,6,355
2011-09-05,84997D,319.0,285.0,6,355
2011-09-06,84997D,314.0,285.0,6,355
2011-09-07,84997D,305.0,285.0,6,355
2011-09-08,84997D,303.0,285.0,6,355
2011-09-09,84997D,291.0,285.0,6,355
2011-09-10,84997D,291.0,285.0,6,355
2011-09-11,84997D,576.0,0.0,6,355
2011-09-12,84997D,572.0,0.0,6,355
2011-09-13,84997D,526.0,0.0,6,355
2011-09-14,84997D,519.0,0.0,6,355
2011-09-15,84997D,510.0,0.0,6,355
2011-09-16,84997D,506.0,0.0,6,355
2011-09-17,84997D,506.0,0.0,6,355
2011-09-18,84997D,502.0,0.0,6,355
2011-09-19,84997D,354.0,250.0,6,355
2011-09-20,84997D,349.0,250.0,6,355
2011-09-21,84997D,342.0,250.0,6,355
2011-09-22,84997D,331.0,250.0,6,355
2011-09-23,84997D,322.0,250.0,6,355
2011-09-24,84997D,322.0,250.0,6,355
2011-09-25,84997D,572.0,0.0,6,355
2011-09-26,84997D,562.0,0.0,6,355
2011-09-27,84997D,561.0,0.0,6,355
2011-09-28,84997D,489.0,0.0,6,355
2011-09-29,84997D,481.0,0.0,6,355
2011-09-30,84997D,476.0,0.0,6,355
2011-10-01,84997D,476.0,0.0,6,355
2011-10-02,84997D,476.0,0.0,6,355
2011-10-03,84997D,471.0,0.0,6,355
2011-10-04,84997D,394.0,0.0,6,355
2011-10-05,84997D,382.0,0.0,6,355
2011-10-06,84997D,302.0,302.0,6,355
2011-10-07,84997D,281.0,302.0,6,355
2011-10-08,84997D,281.0,302.0,6,355
2011-10-09,84997D,280.0,302.0,6,355
2011-10-10,84997D,274.0,302.0,6,355
2011-10-11,84997D,260.0,302.0,6,355
2011-10-12,84997D,562.0,0.0,6,355
2011-10-13,84997D,558.0,0.0,6,355
2011-10-14,84997D,537.0,0.0,6,355
2011-10-15,84997D,537.0,0.0,6,355
2011-10-16,84997D,537.0,0.0,6,355
2011-10-17,84997D,537.0,0.0,6,355
2011-10-18,84997D,533.0,0.0,6,355
2011-10-19,84997D,529.0,0.0,6,355
2011-10-20,84997D,446.0,0.0,6,355
2011-10-21,84997D,401.0,0.0,6,355
2011-10-22,84997D,401.0,0.0,6,355
2011-10-23,84997D,399.0,0.0,6,355
2011-10-24,84997D,397.0,0.0,6,355
2011-10-25,84997D,388.0,0.0,6,355
2011-10-26,84997D,381.0,0.0,6,355
2011-10-27,84997D,366.0,0.0,6,355
2011-10-28,84997D,310.0,294.0,6,355
2011-10-29,84997D,310.0,294.0,6,355
2011-10-30,84997D,303.0,294.0,6,355
2011-10-31,84997D,289.0,294.0,6,355
2011-11-01,84997D,280.0,294.0,6,355
2011-11-02,84997D,271.0,294.0,6,355
2011-11-03,84997D,561.0,0.0,6,355
2011-11-04,84997D,477.0,0.0,6,355
2011-11-05,84997D,477.0,0.0,6,355
2011-11-06,84997D,476.0,0.0,6,355
2011-11-07,84997D,476.0,0.0,6,355
2011-11-08,84997D,469.0,0.0,6,355
2011-11-09,84997D,460.0,0.0,6,355
2011-11-10,84997D,455.0,0.0,6,355
2011-11-11,84997D,445.0,0.0,6,355
2011-11-12,84997D,445.0,0.0,6,355
2011-11-13,84997D,445.0,0.0,6,355
2011-11-14,84997D,411.0,0.0,6,355
2011-11-15,84997D,408.0,0.0,6,355
2011-11-16,84997D,402.0,0.0,6,355
2011-11-17,84997D,385.0,0.0,6,355
2011-11-18,84997D,353.0,251.0,6,355
2011-11-19,84997D,353.0,251.0,6,355
2011-11-20,84997D,343.0,251.0,6,355
2011-11-21,84997D,330.0,251.0,6,355
2011-11-22,84997D,314.0,251.0,6,355
2011-11-23,84997D,0.0,604.0,6,355
2011-11-24,84997D,237.0,353.0,6,355
2011-11-25,84997D,217.0,353.0,6,355
2011-11-26,84997D,217.0,353.0,6,355
2011-11-27,84997D,214.0,353.0,6,355
2011-11-28,84997D,214.0,353.0,6,355
2011-11-29,84997D,555.0,0.0,6,355
2011-11-30,84997D,538.0,0.0,6,355
2011-12-01,84997D,456.0,0.0,6,355
2011-12-02,84997D,452.0,0.0,6,355
2011-12-03,84997D,452.0,0.0,6,355
2011-12-04,84997D,451.0,0.0,6,355
2011-12-05,84997D,431.0,0.0,6,355
2011-12-06,84997D,426.0,0.0,6,355
2011-12-07,84997D,424.0,0.0,6,355
2011-12-08,84997D,417.0,0.0,6,355
2011-12-09,84997D,404.0,0.0,6,355
2011-08-11,85014A,491.0,0.0,6,376
2011-08-12,85014A,491.0,0.0,6,376
2011-08-13,85014A,491.0,0.0,6,376
2011-08-14,85014A,491.0,0.0,6,376
2011-08-15,85014A,489.0,0.0,6,376
2011-08-16,85014A,489.0,0.0,6,376
2011-08-17,85014A,485.0,0.0,6,376
2011-08-18,85014A,485.0,0.0,6,376
2011-08-19,85014A,481.0,0.0,6,376
2011-08-20,85014A,481.0,0.0,6,376
2011-08-21,85014A,477.0,0.0,6,376
2011-08-22,85014A,477.0,0.0,6,376
2011-08-23,85014A,469.0,0.0,6,376
2011-08-24,85014A,465.0,0.0,6,376
2011-08-25,85014A,459.0,0.0,6,376
2011-08-26,85014A,456.0,0.0,6,376
2011-08-27,85014A,456.0,0.0,6,376
2011-08-28,85014A,456.0,0.0,6,376
2011-08-29,85014A,456.0,0.0,6,376
2011-08-30,85014A,455.0,0.0,6,376
2011-08-31,85014A,454.0,0.0,6,376
2011-09-01,85014A,452.0,0.0,6,376
2011-09-02,85014A,445.0,0.0,6,376
2011-09-03,85014A,445.0,0.0,6,376
2011-09-04,85014A,433.0,0.0,6,376
2011-09-05,85014A,430.0,0.0,6,376
2011-09-06,85014A,430.0,0.0,6,376
2011-09-07,85014A,427.0,0.0,6,376
2011-09-08,85014A,422.0,0.0,6,376
2011-09-09,85014A,400.0,0.0,6,376
2011-09-10,85014A,400.0,0.0,6,376
2011-09-11,85014A,399.0,0.0,6,376
2011-09-12,85014A,399.0,0.0,6,376
2011-09-13,85014A,392.0,0.0,6,376
2011-09-14,85014A,384.0,0.0,6,376
2011-09-15,85014A,384.0,0.0,6,376
2011-09-16,85014A,369.0,533.0,6,376
2011-09-17,85014A,369.0,533.0,6,376
2011-09-18,85014A,368.0,533.0,6,376
2011-09-19,85014A,359.0,533.0,6,376
2011-09-20,85014A,353.0,533.0,6,376
2011-09-21,85014A,351.0,533.0,6,376
2011-09-22,85014A,881.0,0.0,6,376
2011-09-23,85014A,874.0,0.0,6,376
2011-09-24,85014A,874.0,0.0,6,376
2011-09-25,85014A,872.0,0.0,6,376
2011-09-26,85014A,866.0,0.0,6,376
2011-09-27,85014A,866.0,0.0,6,376
2011-09-28,85014A,859.0,0.0,6,376
2011-09-29,85014A,856.0,0.0,6,376
2011-09-30,85014A,850.0,0.0,6,376
2011-10-01,85014A,850.0,0.0,6,376
2011-10-02,85014A,847.0,0.0,6,376
2011-10-03,85014A,846.0,0.0,6,376
2011-10-04,85014A,843.0,0.0,6,376
2011-10-05,85014A,837.0,0.0,6,376
2011-10-06,85014A,828.0,0.0,6,376
2011-10-07,85014A,827.0,0.0,6,376
2011-10-08,85014A,827.0,0.0,6,376
2011-10-09,85014A,826.0,0.0,6,376
2011-10-10,85014A,826.0,0.0,6,376
2011-10-11,85014A,823.0,0.0,6,376
2011-10-12,85014A,817.0,0.0,6,376
2011-10-13,85014A,817.0,0.0,6,376
2011-10-14,85014A,807.0,0.0,6,376
2011-10-15,85014A,807.0,0.0,6,376
2011-10-16,85014A,807.0,0.0,6,376
2011-10-17,85014A,800.0,0.0,6,376
2011-10-18,85014A,800.0,0.0,6,376
2011-10-19,85014A,800.0,0.0,6,376
2011-10-20,85014A,800.0,0.0,6,376
2011-10-21,85014A,799.0,0.0,6,376
2011-10-22,85014A,799.0,0.0,6,376
2011-10-23,85014A,799.0,0.0,6,376
2011-10-24,85014A,794.0,0.0,6,376
2011-10-25,85014A,790.0,0.0,6,376
2011-10-26,85014A,779.0,0.0,6,376
2011-10-27,85014A,779.0,0.0,6,376
2011-10-28,85014A,726.0,0.0,6,376
2011-10-29,85014A,726.0,0.0,6,376
2011-10-30,85014A,724.0,0.0,6,376
2011-10-31,85014A,676.0,0.0,6,376
2011-11-01,85014A,675.0,0.0,6,376
2011-11-02,85014A,672.0,0.0,6,376
2011-11-03,85014A,672.0,0.0,6,376
2011-11-04,85014A,669.0,0.0,6,376
2011-11-05,85014A,669.0,0.0,6,376
2011-11-06,85014A,656.0,0.0,6,376
2011-11-07,85014A,648.0,0.0,6,376
2011-11-08,85014A,647.0,0.0,6,376
2011-11-09,85014A,647.0,0.0,6,376
2011-11-10,85014A,641.0,0.0,6,376
2011-11-11,85014A,638.0,0.0,6,376
2011-11-12,85014A,638.0,0.0,6,376
2011-11-13,85014A,638.0,0.0,6,376
2011-11-14,85014A,638.0,0.0,6,376
2011-11-15,85014A,636.0,0.0,6,376
2011-11-16,85014A,629.0,0.0,6,376
2011-11-17,85014A,625.0,0.0,6,376
2011-11-18,85014A,625.0,0.0,6,376
2011-11-19,85014A,625.0,0.0,6,376
2011-11-20,85014A,620.0,0.0,6,376
2011-11-21,85014A,616.0,0.0,6,376
2011-11-22,85014A,614.0,0.0,6,376
2011-11-23,85014A,612.0,0.0,6,376
2011-11-24,85014A,611.0,0.0,6,376
2011-11-25,85014A,610.0,0.0,6,376
2011-11-26,85014A,610.0,0.0,6,376
2011-11-27,85014A,610.0,0.0,6,376
2011-11-28,85014A,606.0,0.0,6,376
2011-11-29,85014A,603.0,0.0,6,376
2011-11-30,85014A,552.0,0.0,6,376
2011-12-01,85014A,552.0,0.0,6,376
2011-12-02,85014A,552.0,0.0,6,376
2011-12-03,85014A,552.0,0.0,6,376
2011-12-04,85014A,550.0,0.0,6,376
2011-12-05,85014A,549.0,0.0,6,376
2011-12-06,85014A,548.0,0.0,6,376
2011-12-07,85014A,548.0,0.0,6,376
2011-12-08,85014A,548.0,0.0,6,376
2011-12-09,85014A,548.0,0.0,6,376
2011-08-11,85014B,810.0,0.0,8,382
2011-08-12,85014B,810.0,0.0,8,382
2011-08-13,85014B,810.0,0.0,8,382
2011-08-14,85014B,810.0,0.0,8,382
2011-08-15,85014B,804.0,0.0,8,382
2011-08-16,85014B,804.0,0.0,8,382
2011-08-17,85014B,800.0,0.0,8,382
2011-08-18,85014B,800.0,0.0,8,382
2011-08-19,85014B,788.0,0.0,8,382
2011-08-20,85014B,788.0,0.0,8,382
2011-08-21,85014B,783.0,0.0,8,382
2011-08-22,85014B,782.0,0.0,8,382
2011-08-23,85014B,776.0,0.0,8,382
2011-08-24,85014B,771.0,0.0,8,382
2011-08-25,85014B,762.0,0.0,8,382
2011-08-26,85014B,756.0,0.0,8,382
2011-08-27,85014B,756.0,0.0,8,382
2011-08-28,85014B,756.0,0.0,8,382
2011-08-29,85014B,756.0,0.0,8,382
2011-08-30,85014B,754.0,0.0,8,382
2011-08-31,85014B,754.0,0.0,8,382
2011-09-01,85014B,748.0,0.0,8,382
2011-09-02,85014B,736.0,0.0,8,382
2011-09-03,85014B,736.0,0.0,8,382
2011-09-04,85014B,723.0,0.0,8,382
2011-09-05,85014B,720.0,0.0,8,382
2011-09-06,85014B,720.0,0.0,8,382
2011-09-07,85014B,715.0,0.0,8,382
2011-09-08,85014B,708.0,0.0,8,382
2011-09-09,85014B,699.0,0.0,8,382
2011-09-10,85014B,699.0,0.0,8,382
2011-09-11,85014B,696.0,0.0,8,382
2011-09-12,85014B,696.0,0.0,8,382
2011-09-13,85014B,686.0,0.0,8,382
2011-09-14,85014B,684.0,0.0,8,382
2011-09-15,85014B,683.0,0.0,8,382
2011-09-16,85014B,646.0,0.0,8,382
2011-09-17,85014B,646.0,0.0,8,382
2011-09-18,85014B,645.0,0.0,8,382
2011-09-19,85014B,636.0,0.0,8,382
2011-09-20,85014B,632.0,0.0,8,382
2011-09-21,85014B,619.0,0.0,8,382
2011-09-22,85014B,616.0,0.0,8,382
2011-09-23,85014B,610.0,0.0,8,382
2011-09-24,85014B,610.0,0.0,8,382
2011-09-25,85014B,599.0,0.0,8,382
2011-09-26,85014B,593.0,0.0,8,382
2011-09-27,85014B,593.0,0.0,8,382
2011-09-28,85014B,583.0,0.0,8,382
2011-09-29,85014B,574.0,0.0,8,382
2011-09-30,85014B,571.0,0.0,8,382
2011-10-01,85014B,571.0,0.0,8,382
2011-10-02,85014B,571.0,0.0,8,382
2011-10-03,85014B,571.0,0.0,8,382
2011-10-04,85014B,568.0,0.0,8,382
2011-10-05,85014B,417.0,0.0,8,382
2011-10-06,85014B,411.0,0.0,8,382
2011-10-07,85014B,410.0,0.0,8,382
2011-10-08,85014B,410.0,0.0,8,382
2011-10-09,85014B,409.0,0.0,8,382
2011-10-10,85014B,406.0,0.0,8,382
2011-10-11,85014B,406.0,0.0,8,382
2011-10-12,85014B,402.0,0.0,8,382
2011-10-13,85014B,393.0,0.0,8,382
2011-10-14,85014B,387.0,0.0,8,382
2011-10-15,85014B,387.0,0.0,8,382
2011-10-16,85014B,362.0,484.0,8,382
2011-10-17,85014B,347.0,484.0,8,382
2011-10-18,85014B,347.0,484.0,8,382
2011-10-19,85014B,245.0,484.0,8,382
2011-10-20,85014B,245.0,484.0,8,382
2011-10-21,85014B,245.0,484.0,8,382
2011-10-22,85014B,245.0,484.0,8,382
2011-10-23,85014B,241.0,484.0,8,382
2011-10-24,85014B,719.0,0.0,8,382
2011-10-25,85014B,715.0,0.0,8,382
2011-10-26,85014B,711.0,0.0,8,382
2011-10-27,85014B,705.0,0.0,8,382
2011-10-28,85014B,645.0,0.0,8,382
2011-10-29,85014B,645.0,0.0,8,382
2011-10-30,85014B,644.0,0.0,8,382
2011-10-31,85014B,639.0,0.0,8,382
2011-11-01,85014B,636.0,0.0,8,382
2011-11-02,85014B,636.0,0.0,8,382
2011-11-03,85014B,636.0,0.0,8,382
2011-11-04,85014B,630.0,0.0,8,382
2011-11-05,85014B,630.0,0.0,8,382
2011-11-06,85014B,578.0,0.0,8,382
2011-11-07,85014B,570.0,0.0,8,382
2011-11-08,85014B,570.0,0.0,8,382
2011-11-09,85014B,570.0,0.0,8,382
2011-11-10,85014B,564.0,0.0,8,382
2011-11-11,85014B,545.0,0.0,8,382
2011-11-12,85014B,545.0,0.0,8,382
2011-11-13,85014B,545.0,0.0,8,382
2011-11-14,85014B,539.0,0.0,8,382
2011-11-15,85014B,537.0,0.0,8,382
2011-11-16,85014B,532.0,0.0,8,382
2011-11-17,85014B,524.0,0.0,8,382
2011-11-18,85014B,524.0,0.0,8,382
2011-11-19,85014B,524.0,0.0,8,382
2011-11-20,85014B,523.0,0.0,8,382
2011-11-21,85014B,518.0,0.0,8,382
2011-11-22,85014B,515.0,0.0,8,382
2011-11-23,85014B,497.0,0.0,8,382
2011-11-24,85014B,490.0,0.0,8,382
2011-11-25,85014B,489.0,0.0,8,382
2011-11-26,85014B,489.0,0.0,8,382
2011-11-27,85014B,487.0,0.0,8,382
2011-11-28,85014B,487.0,0.0,8,382
2011-11-29,85014B,484.0,0.0,8,382
2011-11-30,85014B,481.0,0.0,8,382
2011-12-01,85014B,480.0,0.0,8,382
2011-12-02,85014B,432.0,0.0,8,382
2011-12-03,85014B,432.0,0.0,8,382
2011-12-04,85014B,432.0,0.0,8,382
2011-12-05,85014B,428.0,0.0,8,382
2011-12-06,85014B,428.0,0.0,8,382
2011-12-07,85014B,419.0,0.0,8,382
2011-12-08,85014B,414.0,0.0,8,382
2011-12-09,85014B,413.0,0.0,8,382
2011-08-11,85048,55.0,0.0,4,28
2011-08-12,85048,55.0,0.0,4,28
2011-08-13,85048,55.0,0.0,4,28
2011-08-14,85048,55.0,0.0,4,28
2011-08-15,85048,55.0,0.0,4,28
2011-08-16,85048,55.0,0.0,4,28
2011-08-17,85048,55.0,0.0,4,28
2011-08-18,85048,55.0,0.0,4,28
2011-08-19,85048,55.0,0.0,4,28
2011-08-20,85048,55.0,0.0,4,28
2011-08-21,85048,55.0,0.0,4,28
2011-08-22,85048,55.0,0.0,4,28
2011-08-23,85048,53.0,0.0,4,28
2011-08-24,85048,51.0,0.0,4,28
2011-08-25,85048,49.0,0.0,4,28
2011-08-26,85048,49.0,0.0,4,28
2011-08-27,85048,49.0,0.0,4,28
2011-08-28,85048,49.0,0.0,4,28
2011-08-29,85048,49.0,0.0,4,28
2011-08-30,85048,49.0,0.0,4,28
2011-08-31,85048,49.0,0.0,4,28
2011-09-01,85048,35.0,0.0,4,28
2011-09-02,85048,35.0,0.0,4,28
2011-09-03,85048,35.0,0.0,4,28
2011-09-04,85048,31.0,0.0,4,28
2011-09-05,85048,26.0,40.0,4,28
2011-09-06,85048,2.0,40.0,4,28
2011-09-07,85048,2.0,40.0,4,28
2011-09-08,85048,0.0,40.0,4,28
2011-09-09,85048,16.0,0.0,4,28
2011-09-10,85048,16.0,50.0,4,28
2011-09-11,85048,0.0,50.0,4,28
2011-09-12,85048,0.0,50.0,4,28
2011-09-13,85048,0.0,50.0,4,28
2011-09-14,85048,22.0,0.0,4,28
2011-09-15,85048,0.0,66.0,4,28
2011-09-16,85048,0.0,66.0,4,28
2011-09-17,85048,0.0,66.0,4,28
2011-09-18,85048,0.0,66.0,4,28
2011-09-19,85048,40.0,0.0,4,28
2011-09-20,85048,30.0,0.0,4,28
2011-09-21,85048,28.0,38.0,4,28
2011-09-22,85048,24.0,38.0,4,28
2011-09-23,85048,23.0,38.0,4,28
2011-09-24,85048,23.0,38.0,4,28
2011-09-25,85048,57.0,0.0,4,28
2011-09-26,85048,53.0,0.0,4,28
2011-09-27,85048,47.0,0.0,4,28
2011-09-28,85048,47.0,0.0,4,28
2011-09-29,85048,32.0,0.0,4,28
2011-09-30,85048,0.0,66.0,4,28
2011-10-01,85048,0.0,66.0,4,28
2011-10-02,85048,0.0,66.0,4,28
2011-10-03,85048,0.0,66.0,4,28
2011-10-04,85048,54.0,0.0,4,28
2011-10-05,85048,48.0,0.0,4,28
2011-10-06,85048,36.0,0.0,4,28
2011-10-07,85048,32.0,0.0,4,28
2011-10-08,85048,32.0,0.0,4,28
2011-10-09,85048,32.0,0.0,4,28
2011-10-10,85048,32.0,0.0,4,28
2011-10-11,85048,19.0,47.0,4,28
2011-10-12,85048,19.0,47.0,4,28
2011-10-13,85048,16.0,47.0,4,28
2011-10-14,85048,0.0,47.0,4,28
2011-10-15,85048,47.0,0.0,4,28
2011-10-16,85048,44.0,0.0,4,28
2011-10-17,85048,34.0,0.0,4,28
2011-10-18,85048,33.0,0.0,4,28
2011-10-19,85048,21.0,45.0,4,28
2011-10-20,85048,6.0,45.0,4,28
2011-10-21,85048,0.0,45.0,4,28
2011-10-22,85048,0.0,45.0,4,28
2011-10-23,85048,45.0,0.0,4,28
2011-10-24,85048,39.0,0.0,4,28
2011-10-25,85048,39.0,0.0,4,28
2011-10-26,85048,39.0,0.0,4,28
2011-10-27,85048,39.0,0.0,4,28
2011-10-28,85048,37.0,0.0,4,28
2011-10-29,85048,37.0,0.0,4,28
2011-10-30,85048,14.0,52.0,4,28
2011-10-31,85048,12.0,52.0,4,28
2011-11-01,85048,2.0,52.0,4,28
2011-11-02,85048,0.0,52.0,4,28
2011-11-03,85048,43.0,0.0,4,28
2011-11-04,85048,36.0,0.0,4,28
2011-11-05,85048,36.0,0.0,4,28
2011-11-06,85048,12.0,54.0,4,28
2011-11-07,85048,0.0,54.0,4,28
2011-11-08,85048,0.0,54.0,4,28
2011-11-09,85048,0.0,54.0,4,28
2011-11-10,85048,15.0,0.0,4,28
2011-11-11,85048,0.0,66.0,4,28
2011-11-12,85048,0.0,66.0,4,28
2011-11-13,85048,0.0,66.0,4,28
2011-11-14,85048,0.0,66.0,4,28
2011-11-15,85048,64.0,0.0,4,28
2011-11-16,85048,41.0,0.0,4,28
2011-11-17,85048,35.0,0.0,4,28
2011-11-18,85048,30.0,0.0,4,28
2011-11-19,85048,30.0,0.0,4,28
2011-11-20,85048,22.0,44.0,4,28
2011-11-21,85048,0.0,44.0,4,28
2011-11-22,85048,0.0,44.0,4,28
2011-11-23,85048,0.0,44.0,4,28
2011-11-24,85048,18.0,0.0,4,28
2011-11-25,85048,0.0,66.0,4,28
2011-11-26,85048,0.0,66.0,4,28
2011-11-27,85048,0.0,66.0,4,28
2011-11-28,85048,0.0,66.0,4,28
2011-11-29,85048,0.0,0.0,4,28
2011-11-30,85048,0.0,66.0,4,28
2011-12-01,85048,0.0,66.0,4,28
2011-12-02,85048,0.0,66.0,4,28
2011-12-03,85048,0.0,66.0,4,28
2011-12-04,85048,62.0,0.0,4,28
2011-12-05,85048,42.0,0.0,4,28
2011-12-06,85048,28.0,38.0,4,28
2011-12-07,85048,27.0,38.0,4,28
2011-12-08,85048,24.0,38.0,4,28
2011-12-09,85048,21.0,38.0,4,28
2011-08-11,85066,143.0,0.0,9,87
2011-08-12,85066,141.0,0.0,9,87
2011-08-13,85066,141.0,0.0,9,87
2011-08-14,85066,139.0,0.0,9,87
2011-08-15,85066,133.0,0.0,9,87
2011-08-16,85066,130.0,0.0,9,87
2011-08-17,85066,126.0,0.0,9,87
2011-08-18,85066,120.0,0.0,9,87
2011-08-19,85066,115.0,0.0,9,87
2011-08-20,85066,115.0,0.0,9,87
2011-08-21,85066,109.0,0.0,9,87
2011-08-22,85066,103.0,0.0,9,87
2011-08-23,85066,97.0,0.0,9,87
2011-08-24,85066,95.0,0.0,9,87
2011-08-25,85066,93.0,0.0,9,87
2011-08-26,85066,87.0,115.0,9,87
2011-08-27,85066,87.0,115.0,9,87
2011-08-28,85066,86.0,115.0,9,87
2011-08-29,85066,86.0,115.0,9,87
2011-08-30,85066,86.0,115.0,9,87
2011-08-31,85066,85.0,115.0,9,87
2011-09-01,85066,81.0,115.0,9,87
2011-09-02,85066,77.0,115.0,9,87
2011-09-03,85066,77.0,115.0,9,87
2011-09-04,85066,186.0,0.0,9,87
2011-09-05,85066,186.0,0.0,9,87
2011-09-06,85066,186.0,0.0,9,87
2011-09-07,85066,185.0,0.0,9,87
2011-09-08,85066,185.0,0.0,9,87
2011-09-09,85066,180.0,0.0,9,87
2011-09-10,85066,180.0,0.0,9,87
2011-09-11,85066,162.0,0.0,9,87
2011-09-12,85066,162.0,0.0,9,87
2011-09-13,85066,147.0,0.0,9,87
2011-09-14,85066,147.0,0.0,9,87
2011-09-15,85066,131.0,0.0,9,87
2011-09-16,85066,131.0,0.0,9,87
2011-09-17,85066,131.0,0.0,9,87
2011-09-18,85066,131.0,0.0,9,87
2011-09-19,85066,131.0,0.0,9,87
2011-09-20,85066,131.0,0.0,9,87
2011-09-21,85066,130.0,0.0,9,87
2011-09-22,85066,73.0,129.0,9,87
2011-09-23,85066,71.0,129.0,9,87
2011-09-24,85066,71.0,129.0,9,87
2011-09-25,85066,64.0,129.0,9,87
2011-09-26,85066,2.0,129.0,9,87
2011-09-27,85066,0.0,129.0,9,87
2011-09-28,85066,0.0,129.0,9,87
2011-09-29,85066,0.0,129.0,9,87
2011-09-30,85066,0.0,129.0,9,87
2011-10-01,85066,129.0,0.0,9,87
2011-10-02,85066,127.0,0.0,9,87
2011-10-03,85066,127.0,0.0,9,87
2011-10-04,85066,125.0,0.0,9,87
2011-10-05,85066,125.0,0.0,9,87
2011-10-06,85066,114.0,0.0,9,87
2011-10-07,85066,112.0,0.0,9,87
2011-10-08,85066,112.0,0.0,9,87
2011-10-09,85066,112.0,0.0,9,87
2011-10-10,85066,104.0,0.0,9,87
2011-10-11,85066,102.0,0.0,9,87
2011-10-12,85066,100.0,0.0,9,87
2011-10-13,85066,95.0,0.0,9,87
2011-10-14,85066,91.0,0.0,9,87
2011-10-15,85066,91.0,0.0,9,87
2011-10-16,85066,91.0,0.0,9,87
2011-10-17,85066,91.0,0.0,9,87
2011-10-18,85066,89.0,0.0,9,87
2011-10-19,85066,89.0,0.0,9,87
2011-10-20,85066,88.0,0.0,9,87
2011-10-21,85066,87.0,115.0,9,87
2011-10-22,85066,87.0,115.0,9,87
2011-10-23,85066,70.0,115.0,9,87
2011-10-24,85066,70.0,115.0,9,87
2011-10-25,85066,64.0,115.0,9,87
2011-10-26,85066,64.0,115.0,9,87
2011-10-27,85066,53.0,115.0,9,87
2011-10-28,85066,51.0,115.0,9,87
2011-10-29,85066,51.0,115.0,9,87
2011-10-30,85066,160.0,0.0,9,87
2011-10-31,85066,158.0,0.0,9,87
2011-11-01,85066,157.0,0.0,9,87
2011-11-02,85066,155.0,0.0,9,87
2011-11-03,85066,50.0,152.0,9,87
2011-11-04,85066,46.0,152.0,9,87
2011-11-05,85066,46.0,152.0,9,87
2011-11-06,85066,41.0,152.0,9,87
2011-11-07,85066,38.0,152.0,9,87
2011-11-08,85066,34.0,152.0,9,87
2011-11-09,85066,26.0,152.0,9,87
2011-11-10,85066,0.0,152.0,9,87
2011-11-11,85066,0.0,152.0,9,87
2011-11-12,85066,152.0,0.0,9,87
2011-11-13,85066,149.0,0.0,9,87
2011-11-14,85066,142.0,0.0,9,87
2011-11-15,85066,136.0,0.0,9,87
2011-11-16,85066,132.0,0.0,9,87
2011-11-17,85066,127.0,0.0,9,87
2011-11-18,85066,121.0,0.0,9,87
2011-11-19,85066,121.0,0.0,9,87
2011-11-20,85066,117.0,0.0,9,87
2011-11-21,85066,112.0,0.0,9,87
2011-11-22,85066,110.0,0.0,9,87
2011-11-23,85066,108.0,0.0,9,87
2011-11-24,85066,107.0,0.0,9,87
2011-11-25,85066,85.0,117.0,9,87
2011-11-26,85066,85.0,117.0,9,87
2011-11-27,85066,85.0,117.0,9,87
2011-11-28,85066,79.0,117.0,9,87
2011-11-29,85066,77.0,117.0,9,87
2011-11-30,85066,75.0,117.0,9,87
2011-12-01,85066,60.0,117.0,9,87
2011-12-02,85066,38.0,117.0,9,87
2011-12-03,85066,38.0,117.0,9,87
2011-12-04,85066,149.0,0.0,9,87
2011-12-05,85066,149.0,0.0,9,87
2011-12-06,85066,91.0,0.0,9,87
2011-12-07,85066,90.0,0.0,9,87
2011-12-08,85066,70.0,132.0,9,87
2011-12-09,85066,65.0,132.0,9,87
2011-08-11,85099B,1167.0,2641.0,9,2221
2011-08-12,85099B,1141.0,2641.0,9,2221
2011-08-13,85099B,1141.0,2641.0,9,2221
2011-08-14,85099B,1119.0,2641.0,9,2221
2011-08-15,85099B,1057.0,2641.0,9,2221
2011-08-16,85099B,1012.0,2641.0,9,2221
2011-08-17,85099B,3372.0,0.0,9,2221
2011-08-18,85099B,2982.0,0.0,9,2221
2011-08-19,85099B,2882.0,0.0,9,2221
2011-08-20,85099B,2882.0,0.0,9,2221
2011-08-21,85099B,2404.0,0.0,9,2221
2011-08-22,85099B,2274.0,0.0,9,2221
2011-08-23,85099B,2123.0,2652.0,9,2221
2011-08-24,85099B,1155.0,2652.0,9,2221
2011-08-25,85099B,1047.0,2652.0,9,2221
2011-08-26,85099B,997.0,2652.0,9,2221
2011-08-27,85099B,997.0,2652.0,9,2221
2011-08-28,85099B,986.0,2652.0,9,2221
2011-08-29,85099B,986.0,2652.0,9,2221
2011-08-30,85099B,948.0,2652.0,9,2221
2011-08-31,85099B,781.0,2652.0,9,2221
2011-09-01,85099B,3132.0,0.0,9,2221
2011-09-02,85099B,2980.0,0.0,9,2221
2011-09-03,85099B,2980.0,0.0,9,2221
2011-09-04,85099B,2922.0,0.0,9,2221
2011-09-05,85099B,2868.0,0.0,9,2221
2011-09-06,85099B,2784.0,0.0,9,2221
2011-09-07,85099B,2523.0,0.0,9,2221
2011-09-08,85099B,2476.0,0.0,9,2221
2011-09-09,85099B,2423.0,0.0,9,2221
2011-09-10,85099B,2423.0,0.0,9,2221
2011-09-11,85099B,2370.0,0.0,9,2221
2011-09-12,85099B,2308.0,0.0,9,2221
2011-09-13,85099B,2164.0,2611.0,9,2221
2011-09-14,85099B,2161.0,2611.0,9,2221
2011-09-15,85099B,1994.0,2611.0,9,2221
2011-09-16,85099B,1875.0,2611.0,9,2221
2011-09-17,85099B,1875.0,2611.0,9,2221
2011-09-18,85099B,1650.0,2611.0,9,2221
2011-09-19,85099B,1157.0,2611.0,9,2221
2011-09-20,85099B,1007.0,2611.0,9,2221
2011-09-21,85099B,588.0,2611.0,9,2221
2011-09-22,85099B,2939.0,0.0,9,2221
2011-09-23,85099B,2663.0,0.0,9,2221
2011-09-24,85099B,2663.0,0.0,9,2221
2011-09-25,85099B,2602.0,0.0,9,2221
2011-09-26,85099B,2382.0,0.0,9,2221
2011-09-27,85099B,2208.0,2567.0,9,2221
2011-09-28,85099B,2117.0,2567.0,9,2221
2011-09-29,85099B,1845.0,2567.0,9,2221
2011-09-30,85099B,1779.0,2567.0,9,2221
2011-10-01,85099B,1779.0,2567.0,9,2221
2011-10-02,85099B,1773.0,2567.0,9,2221
2011-10-03,85099B,1730.0,2567.0,9,2221
2011-10-04,85099B,1653.0,2567.0,9,2221
2011-10-05,85099B,1292.0,2567.0,9,2221
2011-10-06,85099B,2474.0,0.0,9,2221
2011-10-07,85099B,1857.0,2918.0,9,2221
2011-10-08,85099B,1857.0,2918.0,9,2221
2011-10-09,85099B,1839.0,2918.0,9,2221
2011-10-10,85099B,1777.0,2918.0,9,2221
2011-10-11,85099B,1709.0,2918.0,9,2221
2011-10-12,85099B,1631.0,2918.0,9,2221
2011-10-13,85099B,1357.0,2918.0,9,2221
2011-10-14,85099B,1210.0,2918.0,9,2221
2011-10-15,85099B,1210.0,2918.0,9,2221
2011-10-16,85099B,4110.0,0.0,9,2221
2011-10-17,85099B,3701.0,0.0,9,2221
2011-10-18,85099B,3589.0,0.0,9,2221
2011-10-19,85099B,3535.0,0.0,9,2221
2011-10-20,85099B,3194.0,0.0,9,2221
2011-10-21,85099B,3072.0,0.0,9,2221
2011-10-22,85099B,3072.0,0.0,9,2221
2011-10-23,85099B,3065.0,0.0,9,2221
2011-10-24,85099B,2879.0,0.0,9,2221
2011-10-25,85099B,2718.0,0.0,9,2221
2011-10-26,85099B,2670.0,0.0,9,2221
2011-10-27,85099B,2629.0,0.0,9,2221
2011-10-28,85099B,2617.0,0.0,9,2221
2011-10-29,85099B,2617.0,0.0,9,2221
2011-10-30,85099B,2566.0,0.0,9,2221
2011-10-31,85099B,2461.0,0.0,9,2221
2011-11-01,85099B,2377.0,0.0,9,2221
2011-11-02,85099B,2133.0,2642.0,9,2221
2011-11-03,85099B,1681.0,2642.0,9,2221
2011-11-04,85099B,1625.0,2642.0,9,2221
2011-11-05,85099B,1625.0,2642.0,9,2221
2011-11-06,85099B,1505.0,2642.0,9,2221
2011-11-07,85099B,1359.0,2642.0,9,2221
2011-11-08,85099B,1200.0,2642.0,9,2221
2011-11-09,85099B,575.0,2642.0,9,2221
2011-11-10,85099B,0.0,2642.0,9,2221
2011-11-11,85099B,2594.0,0.0,9,2221
2011-11-12,85099B,2594.0,0.0,9,2221
2011-11-13,85099B,2547.0,0.0,9,2221
2011-11-14,85099B,1887.0,2888.0,9,2221
2011-11-15,85099B,1507.0,2888.0,9,2221
2011-11-16,85099B,1191.0,2888.0,9,2221
2011-11-17,85099B,1094.0,2888.0,9,2221
2011-11-18,85099B,1032.0,2888.0,9,2221
2011-11-19,85099B,1032.0,2888.0,9,2221
2011-11-20,85099B,945.0,2888.0,9,2221
2011-11-21,85099B,798.0,2888.0,9,2221
2011-11-22,85099B,666.0,2888.0,9,2221
2011-11-23,85099B,3408.0,0.0,9,2221
2011-11-24,85099B,3163.0,0.0,9,2221
2011-11-25,85099B,3108.0,0.0,9,2221
2011-11-26,85099B,3108.0,0.0,9,2221
2011-11-27,85099B,3080.0,0.0,9,2221
2011-11-28,85099B,3038.0,0.0,9,2221
2011-11-29,85099B,2873.0,0.0,9,2221
2011-11-30,85099B,2684.0,0.0,9,2221
2011-12-01,85099B,2536.0,0.0,9,2221
2011-12-02,85099B,2043.0,2732.0,9,2221
2011-12-03,85099B,2043.0,2732.0,9,2221
2011-12-04,85099B,2031.0,2732.0,9,2221
2011-12-05,85099B,1965.0,2732.0,9,2221
2011-12-06,85099B,1790.0,2732.0,9,2221
2011-12-07,85099B,1705.0,2732.0,9,2221
2011-12-08,85099B,1609.0,2732.0,9,2221
2011-12-09,85099B,1594.0,2732.0,9,2221
2011-08-11,85099C,779.0,762.0,10,809
2011-08-12,85099C,758.0,762.0,10,809
2011-08-13,85099C,758.0,762.0,10,809
2011-08-14,85099C,755.0,762.0,10,809
2011-08-15,85099C,725.0,762.0,10,809
2011-08-16,85099C,725.0,762.0,10,809
2011-08-17,85099C,675.0,762.0,10,809
2011-08-18,85099C,645.0,762.0,10,809
2011-08-19,85099C,625.0,762.0,10,809
2011-08-20,85099C,625.0,762.0,10,809
2011-08-21,85099C,1184.0,0.0,10,809
2011-08-22,85099C,1152.0,0.0,10,809
2011-08-23,85099C,1130.0,0.0,10,809
2011-08-24,85099C,1095.0,0.0,10,809
2011-08-25,85099C,1082.0,0.0,10,809
2011-08-26,85099C,1054.0,0.0,10,809
2011-08-27,85099C,1054.0,0.0,10,809
2011-08-28,85099C,1054.0,0.0,10,809
2011-08-29,85099C,1054.0,0.0,10,809
2011-08-30,85099C,1004.0,0.0,10,809
2011-08-31,85099C,987.0,0.0,10,809
2011-09-01,85099C,839.0,0.0,10,809
2011-09-02,85099C,815.0,0.0,10,809
2011-09-03,85099C,815.0,0.0,10,809
2011-09-04,85099C,791.0,750.0,10,809
2011-09-05,85099C,691.0,750.0,10,809
2011-09-06,85099C,569.0,750.0,10,809
2011-09-07,85099C,420.0,750.0,10,809
2011-09-08,85099C,405.0,750.0,10,809
2011-09-09,85099C,364.0,750.0,10,809
2011-09-10,85099C,364.0,750.0,10,809
2011-09-11,85099C,352.0,750.0,10,809
2011-09-12,85099C,338.0,750.0,10,809
2011-09-13,85099C,297.0,750.0,10,809
2011-09-14,85099C,1045.0,0.0,10,809
2011-09-15,85099C,1018.0,0.0,10,809
2011-09-16,85099C,995.0,0.0,10,809
2011-09-17,85099C,995.0,0.0,10,809
2011-09-18,85099C,993.0,0.0,10,809
2011-09-19,85099C,863.0,0.0,10,809
2011-09-20,85099C,830.0,0.0,10,809
2011-09-21,85099C,608.0,933.0,10,809
2011-09-22,85099C,562.0,933.0,10,809
2011-09-23,85099C,553.0,933.0,10,809
2011-09-24,85099C,553.0,933.0,10,809
2011-09-25,85099C,553.0,933.0,10,809
2011-09-26,85099C,503.0,933.0,10,809
2011-09-27,85099C,471.0,933.0,10,809
2011-09-28,85099C,440.0,933.0,10,809
2011-09-29,85099C,190.0,933.0,10,809
2011-09-30,85099C,156.0,933.0,10,809
2011-10-01,85099C,1089.0,0.0,10,809
2011-10-02,85099C,1088.0,0.0,10,809
2011-10-03,85099C,1087.0,0.0,10,809
2011-10-04,85099C,1080.0,0.0,10,809
2011-10-05,85099C,960.0,0.0,10,809
2011-10-06,85099C,940.0,0.0,10,809
2011-10-07,85099C,926.0,0.0,10,809
2011-10-08,85099C,926.0,0.0,10,809
2011-10-09,85099C,925.0,0.0,10,809
2011-10-10,85099C,909.0,0.0,10,809
2011-10-11,85099C,886.0,0.0,10,809
2011-10-12,85099C,770.0,771.0,10,809
2011-10-13,85099C,753.0,771.0,10,809
2011-10-14,85099C,727.0,771.0,10,809
2011-10-15,85099C,727.0,771.0,10,809
2011-10-16,85099C,715.0,771.0,10,809
2011-10-17,85099C,576.0,771.0,10,809
2011-10-18,85099C,562.0,771.0,10,809
2011-10-19,85099C,528.0,771.0,10,809
2011-10-20,85099C,518.0,771.0,10,809
2011-10-21,85099C,517.0,771.0,10,809
2011-10-22,85099C,1288.0,0.0,10,809
2011-10-23,85099C,1286.0,0.0,10,809
2011-10-24,85099C,1270.0,0.0,10,809
2011-10-25,85099C,1158.0,0.0,10,809
2011-10-26,85099C,1133.0,0.0,10,809
2011-10-27,85099C,1130.0,0.0,10,809
2011-10-28,85099C,920.0,0.0,10,809
2011-10-29,85099C,920.0,0.0,10,809
2011-10-30,85099C,895.0,0.0,10,809
2011-10-31,85099C,876.0,0.0,10,809
2011-11-01,85099C,867.0,0.0,10,809
2011-11-02,85099C,846.0,0.0,10,809
2011-11-03,85099C,845.0,0.0,10,809
2011-11-04,85099C,840.0,0.0,10,809
2011-11-05,85099C,840.0,0.0,10,809
2011-11-06,85099C,805.0,736.0,10,809
2011-11-07,85099C,773.0,736.0,10,809
2011-11-08,85099C,722.0,736.0,10,809
2011-11-09,85099C,676.0,736.0,10,809
2011-11-10,85099C,674.0,736.0,10,809
2011-11-11,85099C,566.0,736.0,10,809
2011-11-12,85099C,566.0,736.0,10,809
2011-11-13,85099C,553.0,736.0,10,809
2011-11-14,85099C,352.0,736.0,10,809
2011-11-15,85099C,315.0,736.0,10,809
2011-11-16,85099C,828.0,0.0,10,809
2011-11-17,85099C,786.0,755.0,10,809
2011-11-18,85099C,775.0,755.0,10,809
2011-11-19,85099C,775.0,755.0,10,809
2011-11-20,85099C,669.0,755.0,10,809
2011-11-21,85099C,665.0,755.0,10,809
2011-11-22,85099C,651.0,755.0,10,809
2011-11-23,85099C,643.0,755.0,10,809
2011-11-24,85099C,589.0,755.0,10,809
2011-11-25,85099C,471.0,755.0,10,809
2011-11-26,85099C,471.0,755.0,10,809
2011-11-27,85099C,1221.0,0.0,10,809
2011-11-28,85099C,1216.0,0.0,10,809
2011-11-29,85099C,1031.0,0.0,10,809
2011-11-30,85099C,903.0,0.0,10,809
2011-12-01,85099C,828.0,0.0,10,809
2011-12-02,85099C,818.0,0.0,10,809
2011-12-03,85099C,818.0,0.0,10,809
2011-12-04,85099C,808.0,733.0,10,809
2011-12-05,85099C,789.0,733.0,10,809
2011-12-06,85099C,745.0,733.0,10,809
2011-12-07,85099C,712.0,733.0,10,809
2011-12-08,85099C,661.0,733.0,10,809
2011-12-09,85099C,640.0,733.0,10,809
2011-08-11,85099F,762.0,0.0,5,559
2011-08-12,85099F,760.0,0.0,5,559
2011-08-13,85099F,760.0,0.0,5,559
2011-08-14,85099F,747.0,0.0,5,559
2011-08-15,85099F,714.0,0.0,5,559
2011-08-16,85099F,714.0,0.0,5,559
2011-08-17,85099F,581.0,0.0,5,559
2011-08-18,85099F,431.0,753.0,5,559
2011-08-19,85099F,421.0,753.0,5,559
2011-08-20,85099F,421.0,753.0,5,559
2011-08-21,85099F,419.0,753.0,5,559
2011-08-22,85099F,353.0,753.0,5,559
2011-08-23,85099F,1086.0,0.0,5,559
2011-08-24,85099F,366.0,818.0,5,559
2011-08-25,85099F,336.0,818.0,5,559
2011-08-26,85099F,306.0,818.0,5,559
2011-08-27,85099F,306.0,818.0,5,559
2011-08-28,85099F,300.0,818.0,5,559
2011-08-29,85099F,1118.0,0.0,5,559
2011-08-30,85099F,1099.0,0.0,5,559
2011-08-31,85099F,999.0,0.0,5,559
2011-09-01,85099F,853.0,0.0,5,559
2011-09-02,85099F,851.0,0.0,5,559
2011-09-03,85099F,851.0,0.0,5,559
2011-09-04,85099F,840.0,0.0,5,559
2011-09-05,85099F,825.0,0.0,5,559
2011-09-06,85099F,805.0,0.0,5,559
2011-09-07,85099F,685.0,0.0,5,559
2011-09-08,85099F,660.0,0.0,5,559
2011-09-09,85099F,654.0,0.0,5,559
2011-09-10,85099F,654.0,0.0,5,559
2011-09-11,85099F,652.0,0.0,5,559
2011-09-12,85099F,652.0,0.0,5,559
2011-09-13,85099F,621.0,0.0,5,559
2011-09-14,85099F,621.0,0.0,5,559
2011-09-15,85099F,477.0,707.0,5,559
2011-09-16,85099F,456.0,707.0,5,559
2011-09-17,85099F,456.0,707.0,5,559
2011-09-18,85099F,351.0,707.0,5,559
2011-09-19,85099F,337.0,707.0,5,559
2011-09-20,85099F,1024.0,0.0,5,559
2011-09-21,85099F,814.0,0.0,5,559
2011-09-22,85099F,752.0,0.0,5,559
2011-09-23,85099F,502.0,682.0,5,559
2011-09-24,85099F,502.0,682.0,5,559
2011-09-25,85099F,482.0,682.0,5,559
2011-09-26,85099F,482.0,682.0,5,559
2011-09-27,85099F,470.0,682.0,5,559
2011-09-28,85099F,1117.0,0.0,5,559
2011-09-29,85099F,973.0,0.0,5,559
2011-09-30,85099F,963.0,0.0,5,559
2011-10-01,85099F,963.0,0.0,5,559
2011-10-02,85099F,960.0,0.0,5,559
2011-10-03,85099F,948.0,0.0,5,559
2011-10-04,85099F,937.0,0.0,5,559
2011-10-05,85099F,826.0,0.0,5,559
2011-10-06,85099F,115.0,1069.0,5,559
2011-10-07,85099F,0.0,1069.0,5,559
2011-10-08,85099F,0.0,1069.0,5,559
2011-10-09,85099F,0.0,1069.0,5,559
2011-10-10,85099F,0.0,1069.0,5,559
2011-10-11,85099F,1056.0,0.0,5,559
2011-10-12,85099F,1043.0,0.0,5,559
2011-10-13,85099F,1018.0,0.0,5,559
2011-10-14,85099F,1003.0,0.0,5,559
2011-10-15,85099F,1003.0,0.0,5,559
2011-10-16,85099F,1003.0,0.0,5,559
2011-10-17,85099F,770.0,0.0,5,559
2011-10-18,85099F,731.0,0.0,5,559
2011-10-19,85099F,720.0,0.0,5,559
2011-10-20,85099F,572.0,0.0,5,559
2011-10-21,85099F,572.0,0.0,5,559
2011-10-22,85099F,572.0,0.0,5,559
2011-10-23,85099F,570.0,0.0,5,559
2011-10-24,85099F,564.0,0.0,5,559
2011-10-25,85099F,552.0,632.0,5,559
2011-10-26,85099F,552.0,632.0,5,559
2011-10-27,85099F,551.0,632.0,5,559
2011-10-28,85099F,540.0,632.0,5,559
2011-10-29,85099F,540.0,632.0,5,559
2011-10-30,85099F,1172.0,0.0,5,559
2011-10-31,85099F,1147.0,0.0,5,559
2011-11-01,85099F,1023.0,0.0,5,559
2011-11-02,85099F,1003.0,0.0,5,559
2011-11-03,85099F,1002.0,0.0,5,559
2011-11-04,85099F,1002.0,0.0,5,559
2011-11-05,85099F,1002.0,0.0,5,559
2011-11-06,85099F,969.0,0.0,5,559
2011-11-07,85099F,934.0,0.0,5,559
2011-11-08,85099F,921.0,0.0,5,559
2011-11-09,85099F,675.0,0.0,5,559
2011-11-10,85099F,672.0,0.0,5,559
2011-11-11,85099F,660.0,0.0,5,559
2011-11-12,85099F,660.0,0.0,5,559
2011-11-13,85099F,658.0,0.0,5,559
2011-11-14,85099F,558.0,626.0,5,559
2011-11-15,85099F,557.0,626.0,5,559
2011-11-16,85099F,518.0,626.0,5,559
2011-11-17,85099F,486.0,626.0,5,559
2011-11-18,85099F,464.0,626.0,5,559
2011-11-19,85099F,1090.0,0.0,5,559
2011-11-20,85099F,1088.0,0.0,5,559
2011-11-21,85099F,1085.0,0.0,5,559
2011-11-22,85099F,1074.0,0.0,5,559
2011-11-23,85099F,1072.0,0.0,5,559
2011-11-24,85099F,1060.0,0.0,5,559
2011-11-25,85099F,1050.0,0.0,5,559
2011-11-26,85099F,1050.0,0.0,5,559
2011-11-27,85099F,1046.0,0.0,5,559
2011-11-28,85099F,1034.0,0.0,5,559
2011-11-29,85099F,1000.0,0.0,5,559
2011-11-30,85099F,875.0,0.0,5,559
2011-12-01,85099F,833.0,0.0,5,559
2011-12-02,85099F,612.0,0.0,5,559
2011-12-03,85099F,612.0,0.0,5,559
2011-12-04,85099F,610.0,0.0,5,559
2011-12-05,85099F,609.0,0.0,5,559
2011-12-06,85099F,604.0,0.0,5,559
2011-12-07,85099F,584.0,0.0,5,559
2011-12-08,85099F,572.0,0.0,5,559
2011-12-09,85099F,572.0,0.0,5,559
2011-08-11,85123A,3067.0,0.0,9,2453
2011-08-12,85123A,3039.0,0.0,9,2453
2011-08-13,85123A,3039.0,0.0,9,2453
2011-08-14,85123A,2987.0,0.0,9,2453
2011-08-15,85123A,2883.0,0.0,9,2453
2011-08-16,85123A,2796.0,0.0,9,2453
2011-08-17,85123A,2727.0,0.0,9,2453
2011-08-18,85123A,2712.0,0.0,9,2453
2011-08-19,85123A,2706.0,0.0,9,2453
2011-08-20,85123A,2706.0,0.0,9,2453
2011-08-21,85123A,2691.0,0.0,9,2453
2011-08-22,85123A,2271.0,3452.0,9,2453
2011-08-23,85123A,2149.0,3452.0,9,2453
2011-08-24,85123A,2088.0,3452.0,9,2453
2011-08-25,85123A,1982.0,3452.0,9,2453
2011-08-26,85123A,1958.0,3452.0,9,2453
2011-08-27,85123A,1958.0,3452.0,9,2453
2011-08-28,85123A,1916.0,3452.0,9,2453
2011-08-29,85123A,1916.0,3452.0,9,2453
2011-08-30,85123A,1853.0,3452.0,9,2453
2011-08-31,85123A,5266.0,0.0,9,2453
2011-09-01,85123A,5154.0,0.0,9,2453
2011-09-02,85123A,4996.0,0.0,9,2453
2011-09-03,85123A,4996.0,0.0,9,2453
2011-09-04,85123A,4980.0,0.0,9,2453
2011-09-05,85123A,4885.0,0.0,9,2453
2011-09-06,85123A,4701.0,0.0,9,2453
2011-09-07,85123A,4676.0,0.0,9,2453
2011-09-08,85123A,4649.0,0.0,9,2453
2011-09-09,85123A,4620.0,0.0,9,2453
2011-09-10,85123A,4620.0,0.0,9,2453
2011-09-11,85123A,4531.0,0.0,9,2453
2011-09-12,85123A,4415.0,0.0,9,2453
2011-09-13,85123A,4282.0,0.0,9,2453
2011-09-14,85123A,4197.0,0.0,9,2453
2011-09-15,85123A,4051.0,0.0,9,2453
2011-09-16,85123A,3950.0,0.0,9,2453
2011-09-17,85123A,3950.0,0.0,9,2453
2011-09-18,85123A,3869.0,0.0,9,2453
2011-09-19,85123A,3828.0,0.0,9,2453
2011-09-20,85123A,3429.0,0.0,9,2453
2011-09-21,85123A,3418.0,0.0,9,2453
2011-09-22,85123A,3372.0,0.0,9,2453
2011-09-23,85123A,3241.0,0.0,9,2453
2011-09-24,85123A,3241.0,0.0,9,2453
2011-09-25,85123A,3172.0,0.0,9,2453
2011-09-26,85123A,3128.0,0.0,9,2453
2011-09-27,85123A,3107.0,0.0,9,2453
2011-09-28,85123A,2982.0,0.0,9,2453
2011-09-29,85123A,2902.0,0.0,9,2453
2011-09-30,85123A,2789.0,0.0,9,2453
2011-10-01,85123A,2789.0,0.0,9,2453
2011-10-02,85123A,2768.0,0.0,9,2453
2011-10-03,85123A,2745.0,0.0,9,2453
2011-10-04,85123A,2727.0,0.0,9,2453
2011-10-05,85123A,2679.0,0.0,9,2453
2011-10-06,85123A,2666.0,0.0,9,2453
2011-10-07,85123A,2632.0,0.0,9,2453
2011-10-08,85123A,2632.0,0.0,9,2453
2011-10-09,85123A,2606.0,0.0,9,2453
2011-10-10,85123A,2479.0,0.0,9,2453
2011-10-11,85123A,2433.0,3290.0,9,2453
2011-10-12,85123A,2408.0,3290.0,9,2453
2011-10-13,85123A,2165.0,3290.0,9,2453
2011-10-14,85123A,1978.0,3290.0,9,2453
2011-10-15,85123A,1978.0,3290.0,9,2453
2011-10-16,85123A,1923.0,3290.0,9,2453
2011-10-17,85123A,1854.0,3290.0,9,2453
2011-10-18,85123A,1833.0,3290.0,9,2453
2011-10-19,85123A,1792.0,3290.0,9,2453
2011-10-20,85123A,5056.0,0.0,9,2453
2011-10-21,85123A,5043.0,0.0,9,2453
2011-10-22,85123A,5043.0,0.0,9,2453
2011-10-23,85123A,4980.0,0.0,9,2453
2011-10-24,85123A,4904.0,0.0,9,2453
2011-10-25,85123A,4888.0,0.0,9,2453
2011-10-26,85123A,4868.0,0.0,9,2453
2011-10-27,85123A,4751.0,0.0,9,2453
2011-10-28,85123A,4661.0,0.0,9,2453
2011-10-29,85123A,4661.0,0.0,9,2453
2011-10-30,85123A,4533.0,0.0,9,2453
2011-10-31,85123A,4383.0,0.0,9,2453
2011-11-01,85123A,4344.0,0.0,9,2453
2011-11-02,85123A,4264.0,0.0,9,2453
2011-11-03,85123A,2999.0,0.0,9,2453
2011-11-04,85123A,2914.0,0.0,9,2453
2011-11-05,85123A,2914.0,0.0,9,2453
2011-11-06,85123A,2828.0,0.0,9,2453
2011-11-07,85123A,2730.0,0.0,9,2453
2011-11-08,85123A,2619.0,0.0,9,2453
2011-11-09,85123A,2506.0,0.0,9,2453
2011-11-10,85123A,2435.0,3288.0,9,2453
2011-11-11,85123A,2301.0,3288.0,9,2453
2011-11-12,85123A,2301.0,3288.0,9,2453
2011-11-13,85123A,2234.0,3288.0,9,2453
2011-11-14,85123A,1858.0,3288.0,9,2453
2011-11-15,85123A,1401.0,3288.0,9,2453
2011-11-16,85123A,1241.0,3288.0,9,2453
2011-11-17,85123A,1139.0,3288.0,9,2453
2011-11-18,85123A,1014.0,3288.0,9,2453
2011-11-19,85123A,4302.0,0.0,9,2453
2011-11-20,85123A,4201.0,0.0,9,2453
2011-11-21,85123A,4165.0,0.0,9,2453
2011-11-22,85123A,3912.0,0.0,9,2453
2011-11-23,85123A,3662.0,0.0,9,2453
2011-11-24,85123A,3531.0,0.0,9,2453
2011-11-25,85123A,3306.0,0.0,9,2453
2011-11-26,85123A,3306.0,0.0,9,2453
2011-11-27,85123A,3298.0,0.0,9,2453
2011-11-28,85123A,3165.0,0.0,9,2453
2011-11-29,85123A,3049.0,0.0,9,2453
2011-11-30,85123A,2735.0,0.0,9,2453
2011-12-01,85123A,2694.0,0.0,9,2453
2011-12-02,85123A,2577.0,0.0,9,2453
2011-12-03,85123A,2577.0,0.0,9,2453
2011-12-04,85123A,2569.0,0.0,9,2453
2011-12-05,85123A,2256.0,3467.0,9,2453
2011-12-06,85123A,2218.0,3467.0,9,2453
2011-12-07,85123A,2016.0,3467.0,9,2453
2011-12-08,85123A,1901.0,3467.0,9,2453
2011-12-09,85123A,1897.0,3467.0,9,2453
2011-08-11,85150,188.0,0.0,9,174
2011-08-12,85150,188.0,0.0,9,174
2011-08-13,85150,188.0,0.0,9,174
2011-08-14,85150,188.0,0.0,9,174
2011-08-15,85150,188.0,0.0,9,174
2011-08-16,85150,188.0,0.0,9,174
2011-08-17,85150,188.0,0.0,9,174
2011-08-18,85150,188.0,0.0,9,174
2011-08-19,85150,188.0,0.0,9,174
2011-08-20,85150,188.0,0.0,9,174
2011-08-21,85150,187.0,0.0,9,174
2011-08-22,85150,187.0,0.0,9,174
2011-08-23,85150,187.0,0.0,9,174
2011-08-24,85150,187.0,0.0,9,174
2011-08-25,85150,187.0,0.0,9,174
2011-08-26,85150,187.0,0.0,9,174
2011-08-27,85150,187.0,0.0,9,174
2011-08-28,85150,187.0,0.0,9,174
2011-08-29,85150,187.0,0.0,9,174
2011-08-30,85150,187.0,0.0,9,174
2011-08-31,85150,187.0,0.0,9,174
2011-09-01,85150,187.0,0.0,9,174
2011-09-02,85150,187.0,0.0,9,174
2011-09-03,85150,187.0,0.0,9,174
2011-09-04,85150,187.0,0.0,9,174
2011-09-05,85150,30.0,335.0,9,174
2011-09-06,85150,0.0,335.0,9,174
2011-09-07,85150,0.0,335.0,9,174
2011-09-08,85150,0.0,335.0,9,174
2011-09-09,85150,0.0,335.0,9,174
2011-09-10,85150,0.0,335.0,9,174
2011-09-11,85150,0.0,335.0,9,174
2011-09-12,85150,0.0,335.0,9,174
2011-09-13,85150,0.0,335.0,9,174
2011-09-14,85150,317.0,0.0,9,174
2011-09-15,85150,312.0,0.0,9,174
2011-09-16,85150,306.0,0.0,9,174
2011-09-17,85150,306.0,0.0,9,174
2011-09-18,85150,302.0,0.0,9,174
2011-09-19,85150,277.0,0.0,9,174
2011-09-20,85150,247.0,0.0,9,174
2011-09-21,85150,244.0,0.0,9,174
2011-09-22,85150,239.0,0.0,9,174
2011-09-23,85150,223.0,0.0,9,174
2011-09-24,85150,223.0,0.0,9,174
2011-09-25,85150,221.0,0.0,9,174
2011-09-26,85150,221.0,0.0,9,174
2011-09-27,85150,218.0,0.0,9,174
2011-09-28,85150,201.0,0.0,9,174
2011-09-29,85150,147.0,218.0,9,174
2011-09-30,85150,117.0,218.0,9,174
2011-10-01,85150,117.0,218.0,9,174
2011-10-02,85150,117.0,218.0,9,174
2011-10-03,85150,113.0,218.0,9,174
2011-10-04,85150,107.0,218.0,9,174
2011-10-05,85150,77.0,218.0,9,174
2011-10-06,85150,76.0,218.0,9,174
2011-10-07,85150,59.0,218.0,9,174
2011-10-08,85150,277.0,0.0,9,174
2011-10-09,85150,276.0,0.0,9,174
2011-10-10,85150,266.0,0.0,9,174
2011-10-11,85150,260.0,0.0,9,174
2011-10-12,85150,252.0,0.0,9,174
2011-10-13,85150,245.0,0.0,9,174
2011-10-14,85150,233.0,0.0,9,174
2011-10-15,85150,233.0,0.0,9,174
2011-10-16,85150,227.0,0.0,9,174
2011-10-17,85150,226.0,0.0,9,174
2011-10-18,85150,214.0,0.0,9,174
2011-10-19,85150,206.0,0.0,9,174
2011-10-20,85150,198.0,0.0,9,174
2011-10-21,85150,198.0,0.0,9,174
2011-10-22,85150,198.0,0.0,9,174
2011-10-23,85150,198.0,0.0,9,174
2011-10-24,85150,198.0,0.0,9,174
2011-10-25,85150,192.0,0.0,9,174
2011-10-26,85150,178.0,0.0,9,174
2011-10-27,85150,165.0,200.0,9,174
2011-10-28,85150,146.0,200.0,9,174
2011-10-29,85150,146.0,200.0,9,174
2011-10-30,85150,106.0,200.0,9,174
2011-10-31,85150,95.0,200.0,9,174
2011-11-01,85150,89.0,200.0,9,174
2011-11-02,85150,57.0,200.0,9,174
2011-11-03,85150,57.0,200.0,9,174
2011-11-04,85150,0.0,200.0,9,174
2011-11-05,85150,200.0,0.0,9,174
2011-11-06,85150,199.0,0.0,9,174
2011-11-07,85150,197.0,0.0,9,174
2011-11-08,85150,180.0,0.0,9,174
2011-11-09,85150,168.0,197.0,9,174
2011-11-10,85150,161.0,197.0,9,174
2011-11-11,85150,151.0,197.0,9,174
2011-11-12,85150,151.0,197.0,9,174
2011-11-13,85150,146.0,197.0,9,174
2011-11-14,85150,145.0,197.0,9,174
2011-11-15,85150,143.0,197.0,9,174
2011-11-16,85150,130.0,197.0,9,174
2011-11-17,85150,127.0,197.0,9,174
2011-11-18,85150,293.0,0.0,9,174
2011-11-19,85150,293.0,0.0,9,174
2011-11-20,85150,291.0,0.0,9,174
2011-11-21,85150,286.0,0.0,9,174
2011-11-22,85150,275.0,0.0,9,174
2011-11-23,85150,207.0,0.0,9,174
2011-11-24,85150,193.0,0.0,9,174
2011-11-25,85150,193.0,0.0,9,174
2011-11-26,85150,193.0,0.0,9,174
2011-11-27,85150,190.0,0.0,9,174
2011-11-28,85150,181.0,0.0,9,174
2011-11-29,85150,176.0,0.0,9,174
2011-11-30,85150,176.0,0.0,9,174
2011-12-01,85150,158.0,207.0,9,174
2011-12-02,85150,126.0,207.0,9,174
2011-12-03,85150,126.0,207.0,9,174
2011-12-04,85150,122.0,207.0,9,174
2011-12-05,85150,108.0,207.0,9,174
2011-12-06,85150,104.0,207.0,9,174
2011-12-07,85150,88.0,207.0,9,174
2011-12-08,85150,65.0,207.0,9,174
2011-12-09,85150,64.0,207.0,9,174
2011-08-11,85152,203.0,419.0,7,304
2011-08-12,85152,622.0,0.0,7,304
2011-08-13,85152,622.0,0.0,7,304
2011-08-14,85152,622.0,0.0,7,304
2011-08-15,85152,622.0,0.0,7,304
2011-08-16,85152,622.0,0.0,7,304
2011-08-17,85152,621.0,0.0,7,304
2011-08-18,85152,621.0,0.0,7,304
2011-08-19,85152,621.0,0.0,7,304
2011-08-20,85152,621.0,0.0,7,304
2011-08-21,85152,621.0,0.0,7,304
2011-08-22,85152,621.0,0.0,7,304
2011-08-23,85152,621.0,0.0,7,304
2011-08-24,85152,621.0,0.0,7,304
2011-08-25,85152,621.0,0.0,7,304
2011-08-26,85152,621.0,0.0,7,304
2011-08-27,85152,621.0,0.0,7,304
2011-08-28,85152,621.0,0.0,7,304
2011-08-29,85152,621.0,0.0,7,304
2011-08-30,85152,621.0,0.0,7,304
2011-08-31,85152,621.0,0.0,7,304
2011-09-01,85152,621.0,0.0,7,304
2011-09-02,85152,621.0,0.0,7,304
2011-09-03,85152,621.0,0.0,7,304
2011-09-04,85152,621.0,0.0,7,304
2011-09-05,85152,561.0,0.0,7,304
2011-09-06,85152,454.0,0.0,7,304
2011-09-07,85152,296.0,326.0,7,304
2011-09-08,85152,277.0,326.0,7,304
2011-09-09,85152,212.0,326.0,7,304
2011-09-10,85152,212.0,326.0,7,304
2011-09-11,85152,188.0,326.0,7,304
2011-09-12,85152,176.0,326.0,7,304
2011-09-13,85152,169.0,326.0,7,304
2011-09-14,85152,444.0,0.0,7,304
2011-09-15,85152,440.0,0.0,7,304
2011-09-16,85152,405.0,0.0,7,304
2011-09-17,85152,405.0,0.0,7,304
2011-09-18,85152,402.0,0.0,7,304
2011-09-19,85152,377.0,0.0,7,304
2011-09-20,85152,335.0,0.0,7,304
2011-09-21,85152,300.0,322.0,7,304
2011-09-22,85152,300.0,322.0,7,304
2011-09-23,85152,298.0,322.0,7,304
2011-09-24,85152,298.0,322.0,7,304
2011-09-25,85152,292.0,322.0,7,304
2011-09-26,85152,256.0,322.0,7,304
2011-09-27,85152,194.0,322.0,7,304
2011-09-28,85152,500.0,0.0,7,304
2011-09-29,85152,445.0,0.0,7,304
2011-09-30,85152,431.0,0.0,7,304
2011-10-01,85152,431.0,0.0,7,304
2011-10-02,85152,420.0,0.0,7,304
2011-10-03,85152,111.0,511.0,7,304
2011-10-04,85152,97.0,511.0,7,304
2011-10-05,85152,79.0,511.0,7,304
2011-10-06,85152,1.0,511.0,7,304
2011-10-07,85152,0.0,511.0,7,304
2011-10-08,85152,0.0,511.0,7,304
2011-10-09,85152,0.0,511.0,7,304
2011-10-10,85152,476.0,0.0,7,304
2011-10-11,85152,449.0,0.0,7,304
2011-10-12,85152,389.0,0.0,7,304
2011-10-13,85152,388.0,0.0,7,304
2011-10-14,85152,376.0,0.0,7,304
2011-10-15,85152,376.0,0.0,7,304
2011-10-16,85152,366.0,0.0,7,304
2011-10-17,85152,349.0,0.0,7,304
2011-10-18,85152,344.0,0.0,7,304
2011-10-19,85152,294.0,328.0,7,304
2011-10-20,85152,275.0,328.0,7,304
2011-10-21,85152,0.0,328.0,7,304
2011-10-22,85152,0.0,328.0,7,304
2011-10-23,85152,0.0,328.0,7,304
2011-10-24,85152,0.0,328.0,7,304
2011-10-25,85152,0.0,328.0,7,304
2011-10-26,85152,241.0,0.0,7,304
2011-10-27,85152,212.0,410.0,7,304
2011-10-28,85152,210.0,410.0,7,304
2011-10-29,85152,210.0,410.0,7,304
2011-10-30,85152,196.0,410.0,7,304
2011-10-31,85152,153.0,410.0,7,304
2011-11-01,85152,149.0,410.0,7,304
2011-11-02,85152,98.0,410.0,7,304
2011-11-03,85152,484.0,0.0,7,304
2011-11-04,85152,423.0,0.0,7,304
2011-11-05,85152,423.0,0.0,7,304
2011-11-06,85152,420.0,0.0,7,304
2011-11-07,85152,412.0,0.0,7,304
2011-11-08,85152,396.0,0.0,7,304
2011-11-09,85152,371.0,0.0,7,304
2011-11-10,85152,355.0,0.0,7,304
2011-11-11,85152,353.0,0.0,7,304
2011-11-12,85152,353.0,0.0,7,304
2011-11-13,85152,352.0,0.0,7,304
2011-11-14,85152,351.0,0.0,7,304
2011-11-15,85152,351.0,0.0,7,304
2011-11-16,85152,351.0,0.0,7,304
2011-11-17,85152,351.0,0.0,7,304
2011-11-18,85152,351.0,0.0,7,304
2011-11-19,85152,351.0,0.0,7,304
2011-11-20,85152,351.0,0.0,7,304
2011-11-21,85152,351.0,0.0,7,304
2011-11-22,85152,351.0,0.0,7,304
2011-11-23,85152,351.0,0.0,7,304
2011-11-24,85152,351.0,0.0,7,304
2011-11-25,85152,346.0,0.0,7,304
2011-11-26,85152,346.0,0.0,7,304
2011-11-27,85152,324.0,0.0,7,304
2011-11-28,85152,130.0,492.0,7,304
2011-11-29,85152,85.0,492.0,7,304
2011-11-30,85152,0.0,492.0,7,304
2011-12-01,85152,0.0,492.0,7,304
2011-12-02,85152,0.0,492.0,7,304
2011-12-03,85152,0.0,492.0,7,304
2011-12-04,85152,0.0,492.0,7,304
2011-12-05,85152,477.0,0.0,7,304
2011-12-06,85152,471.0,0.0,7,304
2011-12-07,85152,0.0,622.0,7,304
2011-12-08,85152,0.0,622.0,7,304
2011-12-09,85152,0.0,622.0,7,304
