sku_id,description,first_sale_date,last_sale_date,average_selling_price,total_units_sold,total_revenue,history_weeks,is_recent,is_long_enough,in_core_scope
10002,INFLATABLE POLITICAL GLOBE,2009-12-01,2011-04-18,0.9791553133514984,8671.0,6942.26,71.85714285714286,False,True,False
10002R,ROBOT PENCIL SHARPNER,2009-12-02,2010-01-25,5.133333333333333,4.0,20.57,7.714285714285714,False,False,False
10080,GROOVY CACTUS INFLATABLE,2009-12-02,2011-11-21,0.505,315.0,129.29,102.71428571428571,True,True,True
10109,BENDY COLOUR PENCILS,2009-12-03,2009-12-03,0.42,4.0,1.68,0.0,False,False,False
10120,DOGGY RUBBER,2009-12-01,2011-12-04,0.2401369863013698,664.0,142.74,104.71428571428571,True,True,True
10123C,HEARTS WRAPPING TAPE,2009-12-01,2011-03-31,0.7906349206349207,650.0,254.41000000000005,69.28571428571429,False,True,False
10123G,ARMY CAMO WRAPPING TAPE,2009-12-01,2010-11-29,0.8205882352941177,2251.0,165.55999999999997,51.857142857142854,False,False,False
10124A,SPOTS ON RED BOOKCOVER TAPE,2010-03-19,2011-11-06,0.42,58.0,24.36,85.28571428571429,True,True,True
10124G,ARMY CAMO BOOKCOVER TAPE,2010-05-13,2011-11-06,0.462,33.0,14.28,77.42857142857143,True,True,True
10125,MINI FUNKY DESIGN TAPES,2009-12-01,2011-12-09,0.930635838150289,2103.0,1715.78,105.42857142857143,True,True,True
10133,COLOURING PENCILS BROWN TUBE,2009-12-01,2011-09-07,0.7457093425605537,3837.0,2373.26,92.14285714285714,False,True,False
10134,COLOURING PENCILS BROWN TUBE,2009-12-03,2010-11-12,1.2907407407407407,625.0,721.13,49.142857142857146,False,False,False
10135,COLOURING PENCILS BROWN TUBE,2009-12-01,2011-12-08,1.3985626911314983,4226.0,4566.21,105.28571428571429,True,True,True
10138,ASSORTED COLOUR JUMBO PEN,2009-12-02,2010-04-20,0.4776190476190476,261.0,111.22,19.857142857142858,False,False,False
11001,ASSTD DESIGN RACING CAR PEN,2009-12-01,2011-12-06,1.8730078125,4829.0,7408.65,105.0,True,True,True
15030,FAN BLACK FRAME,2009-12-13,2011-12-06,0.29,254.0,73.66,103.28571428571429,True,True,True
15034,PAPER POCKET TRAVELING FAN,2009-12-01,2011-12-08,0.357265625,10153.0,1416.2600000000002,105.28571428571429,True,True,True
15036,ASSORTED COLOURS SILK FAN,2009-12-01,2011-12-09,0.9932560483870968,44272.0,32967.03,105.42857142857143,True,True,True
15039,SANDALWOOD FAN,2009-12-03,2011-12-09,1.1448376623376624,5101.0,4345.62,105.14285714285714,True,True,True
15044A,PINK PAPER PARASOL,2009-12-07,2011-12-05,3.5974,4964.0,13210.85,104.0,True,True,True
15044B,BLUE PAPER PARASOL,2009-12-01,2011-09-28,3.5482539682539684,1670.0,4644.13,95.14285714285714,False,True,False
15044C,PURPLE PAPER PARASOL,2009-12-01,2011-12-06,3.820387931034483,967.0,3027.26,105.0,True,True,True
15044D,RED PAPER PARASOL,2009-12-01,2011-12-05,3.438471615720524,1596.0,4559.650000000001,104.85714285714286,True,True,True
15056BL,EDWARDIAN PARASOL BLACK,2009-12-01,2011-12-09,6.25234752589183,9504.0,47267.45,105.42857142857143,True,True,True
15056N,EDWARDIAN PARASOL NATURAL,2009-12-01,2011-12-09,6.818394230769231,11286.0,57975.45,105.42857142857143,True,True,True
15056P,EDWARDIAN PARASOL PINK,2009-12-01,2011-12-08,6.234869565217392,2473.0,12228.92,105.28571428571429,True,True,True
15056bl,EDWARDIAN PARASOL BLACK,2009-12-01,2011-12-09,12.562068965517245,116.0,1456.3200000000002,105.42857142857143,True,True,True
15056n,EDWARDIAN PARASOL NATURAL,2010-06-08,2011-11-30,12.549655172413791,173.0,2170.4,77.14285714285714,True,True,True
15056p,EDWARDIAN PARASOL PINK,2010-06-24,2011-12-05,12.569473684210529,46.0,577.84,75.57142857142857,True,True,True
15058A,BLUE WHITE SPOTS GARDEN PARASOL,2010-01-24,2011-11-23,8.550536912751678,476.0,3153.73,95.42857142857143,True,True,True
15058B,PINK WHITE SPOTS GARDEN PARASOL,2010-01-13,2011-11-17,9.685,438.0,3327.67,96.14285714285714,True,True,True
15058C,ICE CREAM DESIGN GARDEN PARASOL,2010-01-24,2011-12-09,9.667049180327869,470.0,2753.72,97.71428571428571,True,True,True
15059A,ENGLISH ROSE EDWARDIAN PARASOL,2009-12-01,2009-12-03,10.5,509.0,1567.0,0.2857142857142857,False,False,False
15060B,FAIRY CAKE DESIGN UMBRELLA,2009-12-03,2011-11-18,5.541804008908686,1414.0,6444.9800000000005,102.14285714285714,True,True,True
15060b,FAIRY CAKE DESIGN UMBRELLA,2010-03-05,2011-11-20,8.362,5.0,41.81,89.28571428571429,True,True,True
16008,SMALL FOLDING SCISSOR(POINTED EDGE),2010-03-19,2011-12-09,0.156235294117647,3141.0,422.96,90.0,True,True,True
16010,FOLDING CAMPING SCISSOR W/KNIF & S,2010-01-17,2011-03-28,0.12,32.0,3.84,62.142857142857146,False,True,False
16011,ANIMAL STICKERS,2009-12-04,2011-12-07,0.2095535714285714,3812.0,799.3199999999999,104.71428571428571,True,True,True
16012,FOOD/DRINK SPUNGE STICKERS,2009-12-02,2011-12-05,0.2094047619047619,2901.0,608.01,104.71428571428571,True,True,True
16014,SMALL CHINESE STYLE SCISSOR,2009-12-03,2011-12-09,0.395268817204301,29355.0,9513.1,105.14285714285714,True,True,True
16015,MEDIUM CHINESE STYLE SCISSOR,2009-12-03,2011-11-17,0.4870769230769231,1572.0,711.38,102.0,True,True,True
16016,LARGE CHINESE STYLE SCISSOR,2009-12-03,2011-12-09,0.8401886792452831,2314.0,1870.7,105.14285714285714,True,True,True
16020C,CLEAR STATIONERY BOX SET,2009-12-07,2011-07-05,0.843,160.0,134.5,82.14285714285714,False,True,False
16033,MINI HIGHLIGHTER PENS,2009-12-10,2011-02-17,0.1163999999999999,15121.0,1544.52,62.0,False,True,False
16043,POP ART PUSH DOWN RUBBER,2009-12-16,2011-06-09,0.3184615384615384,2145.0,180.3,77.14285714285714,False,True,False
16044,POP-ART FLUORESCENT PENS,2010-01-07,2010-02-18,0.3,6193.0,389.22,6.0,False,False,False
16045,POPART WOODEN PENCILS ASST,2010-01-07,2011-12-05,0.0496,9312.0,429.44,99.57142857142857,True,True,True
16046,TEATIME PEN CASE & PENS,2009-12-04,2011-11-28,0.9443548387096774,10056.0,1223.5,103.42857142857143,True,True,True
16047,POP ART PEN CASE & PENS,2009-12-01,2010-10-24,0.9583870967741934,10612.0,1054.7,46.714285714285715,False,False,False
16048,TEATIME ROUND PENCIL SHARPENER,2009-12-07,2011-12-08,0.4025471698113207,3461.0,537.06,104.42857142857143,True,True,True
16049,TEATIME GEL PENS ASST,2009-12-04,2011-05-25,0.381875,3169.0,560.48,76.71428571428571,False,True,False
16050,TEATIME PENCIL WITH RUBBER,2010-02-16,2010-04-19,0.4,151.0,46.45,8.857142857142858,False,False,False
16051,TEATIME PENCIL W STAMP ASST,2009-12-10,2010-06-09,0.4325,941.0,84.69,25.857142857142858,False,False,False
16052,TEATIME PUSH DOWN RUBBER,2009-12-16,2011-06-09,0.5685714285714285,848.0,281.32,77.14285714285714,False,True,False
16053,POPART COL BALLPOINT PEN ASST,2010-01-07,2010-11-16,0.174,4313.0,185.73,44.714285714285715,False,False,False
16054,POPART RECT PENCIL SHARPENER ASST,2010-01-07,2011-12-04,0.1738461538461538,1210.0,159.0,99.42857142857143,True,True,True
16119,FUNKY GIRL ADDRESS BOOK,2009-12-10,2009-12-22,1.0325,273.0,130.71,1.7142857142857142,False,False,False
16151A,FLOWER DES BLUE HANDBAG/ORANG HANDL,2010-04-30,2011-05-25,2.25,52.0,72.5,55.714285714285715,False,True,False
16156L,"WRAP, CAROUSEL",2010-01-10,2011-12-02,0.42,950.0,399.0,98.71428571428571,True,True,True
16156N,"WRAP, FRIENDSHIP ON GREEN",2009-12-01,2010-06-21,0.42,1475.0,619.5,28.857142857142858,False,False,False
16156S,WRAP PINK FAIRY CAKES,2009-12-01,2011-12-08,0.4153221957040572,16661.0,6558.62,105.28571428571429,True,True,True
16161C,WRAP SPEED DEMONS,2009-12-01,2009-12-22,0.1,450.0,45.0,3.0,False,False,False
16161E,WRAP BOUDOIR,2009-12-07,2010-02-22,0.1,750.0,75.0,11.0,False,False,False
16161G,WRAP BAD HAIR DAY,2010-01-19,2011-11-24,0.1,975.0,97.5,96.28571428571429,True,True,True
16161M,WRAP  PINK FLOCK,2009-12-03,2010-12-02,0.4179487179487179,1050.0,439.0,52.0,False,True,False
16161P,WRAP ENGLISH ROSE,2009-12-01,2011-12-07,0.4189545454545454,13198.0,5435.4,105.14285714285714,True,True,True
16161U,"WRAP,SUKI AND FRIENDS",2009-12-01,2011-12-02,0.4180503144654088,10026.0,4084.92,104.42857142857143,True,True,True
16162L,THE KING GIFT BAG,2009-12-09,2011-09-13,0.7496666666666667,8101.0,570.4300000000001,91.85714285714286,False,True,False
16162M,THE KING GIFT BAG 25x24x12cm,2010-06-14,2011-11-27,0.42,88.0,36.96,75.85714285714286,True,True,True
16168M,FUNKY MONKEY GIFT BAG MEDIUM,2009-12-09,2011-12-08,0.5918811881188119,1686.0,512.38,104.14285714285714,True,True,True
16168S,FUNKY MONKEY GIFT BAG SMALL,2009-12-10,2010-02-05,0.3136363636363636,1283.0,126.82999999999998,8.142857142857142,False,False,False
16169A,WRAP CHRISTMAS DECOUPAGE,2010-04-29,2010-04-29,0.42,25.0,10.5,0.0,False,False,False
16169C,WRAP BLUE REINDEER,2009-12-01,2010-11-04,0.42,1350.0,567.0,48.285714285714285,False,False,False
16169D,WRAP WINTER FOREST,2009-12-01,2009-12-13,0.42,250.0,105.0,1.7142857142857142,False,False,False
16169E,WRAP 50'S  CHRISTMAS,2011-07-21,2011-12-09,0.4191999999999999,4563.0,1892.46,20.142857142857142,True,False,False
16169F,WRAP BLIZZARD,2009-12-01,2010-10-17,0.42,975.0,409.5,45.714285714285715,False,False,False
16169G,WRAP ROMANTIC DECOUPAGE,2009-12-10,2009-12-10,0.42,25.0,10.5,0.0,False,False,False
16169K,WRAP FOLK ART,2009-12-04,2011-09-28,0.3625,2075.0,658.75,94.71428571428571,False,True,False
16169M,WRAP DAISY CARPET,2009-12-03,2011-12-02,0.3548333333333333,2060.0,640.95,104.14285714285714,True,True,True
16169N,WRAP BLUE RUSSIAN FOLKART,2009-12-01,2010-12-06,0.3501785714285714,2025.0,626.25,52.857142857142854,False,True,False
16169P,WRAP GREEN RUSSIAN FOLKART,2009-12-04,2010-12-19,0.3577083333333333,1750.0,533.75,54.285714285714285,False,True,False
16192,PINK BALLET OPENING CUBE BOX,2009-12-18,2009-12-18,4.3,3.0,12.9,0.0,False,False,False
16201A,PASTEL PINK PHOTO ALBUM,2009-12-02,2010-09-09,3.774444444444444,101.0,213.37,40.142857142857146,False,False,False
16201B,PASTEL BLUE PHOTO ALBUM,2009-12-02,2009-12-10,2.838,34.0,81.1,1.1428571428571428,False,False,False
16202A,PASTEL PINK PHOTO ALBUM,2009-12-02,2011-04-17,4.4852380952380955,662.0,290.45,71.57142857142857,False,True,False
16202B,PASTEL BLUE PHOTO ALBUM,2009-12-02,2011-04-19,4.7690909090909095,1039.0,528.56,71.85714285714286,False,True,False
16202C,BEIGE PHOTO ALBUM,2009-12-02,2010-05-06,3.9766666666666666,97.0,230.59,22.142857142857142,False,False,False
16202E,BLACK PHOTO ALBUM,2009-12-02,2011-04-17,3.395,82.0,162.73,71.57142857142857,False,True,False
16206B,RED PURSE WITH PINK HEART,2010-01-31,2011-01-26,1.23125,96.0,116.4,51.42857142857143,False,False,False
16207A,PINK STRAWBERRY HANDBAG,2009-12-01,2011-11-06,3.001578947368421,143.0,423.53,100.71428571428571,True,True,True
16207B,PINK HEART RED HANDBAG,2009-12-11,2011-08-30,2.654782608695652,265.0,457.65,89.57142857142857,False,True,False
16212,FUNKY GIRLZ ASST MAGNETIC MEMO PAD,2009-12-02,2010-11-12,1.6778048780487806,366.0,287.01,49.285714285714285,False,False,False
16215,FUNKY GIRLZ MAGNETIC TO DO LIST,2009-12-03,2009-12-03,0.65,8.0,5.2,0.0,False,False,False
16216,LETTER SHAPE PENCIL SHARPENER,2009-12-04,2011-12-07,0.2195505617977527,4158.0,371.64,104.71428571428571,True,True,True
16218,CARTOON  PENCIL SHARPENERS,2009-12-08,2011-12-09,0.4536734693877551,4629.0,448.13,104.42857142857143,True,True,True
16219,HOUSE SHAPE PENCIL SHARPENER,2009-12-06,2011-12-08,0.555703125,3357.0,499.55,104.57142857142857,True,True,True
16225,RATTLE SNAKE EGGS,2009-12-01,2011-12-09,1.5598192771084338,1520.0,1271.66,105.42857142857143,True,True,True
16235,RECYCLED PENCIL WITH RABBIT ERASER,2009-12-01,2011-12-09,0.3089808917197452,5827.0,1333.95,105.42857142857143,True,True,True
16236,KITTY PENCIL ERASERS,2009-12-02,2011-12-08,0.3033584905660377,2652.0,593.29,105.14285714285714,True,True,True
16237,SLEEPING CAT ERASERS,2009-12-01,2011-12-09,0.2964957264957265,10385.0,2233.15,105.42857142857143,True,True,True
16238,PARTY TIME PENCIL ERASERS,2009-12-01,2011-12-08,0.3096624472573839,2447.0,559.54,105.28571428571429,True,True,True
16239,BALLERINA HEART DECORATION.,2009-12-02,2010-03-02,2.6557142857142857,347.0,492.17,12.857142857142858,False,False,False
16243B,BROWN COZY SQUARE PHOTO ALBUM,2009-12-02,2010-03-11,5.49625,212.0,441.77,14.142857142857142,False,False,False
16244A,MAXWELL 2 TONE PINK 60 PAGE PHOTO A,2009-12-02,2010-03-15,4.073571428571428,186.0,479.41,14.714285714285714,False,False,False
16244B,MAXWELL 2 TONE BLUE 60 PAGE PHOTO A,2009-12-03,2011-05-11,3.872068965517241,345.0,765.02,74.85714285714286,False,True,False
16245A,PINK MINI STATIONERY SET W CASE,2010-03-10,2010-07-12,1.25,11.0,13.75,17.714285714285715,False,False,False
16248B,BLUE HOLE PUNCH,2010-09-20,2011-10-30,1.25,81.0,101.25,57.857142857142854,True,True,True
16254,TRANSPARENT ACRYLIC TAPE DISPENSER,2010-01-11,2011-11-30,1.2665853658536586,941.0,305.66,98.28571428571429,True,True,True
16256B,FLOWER PENCIL/RUBBER+5 MINI PENCILS,2009-12-04,2010-06-10,0.5841666666666667,524.0,232.35,26.857142857142858,False,False,False
16256C,HEARTS PENCIL/RUBBER+5 MINI PENCILS,2009-12-13,2010-05-23,0.42,169.0,70.98,23.0,False,False,False
16258A,SWIRLY CIRCULAR RUBBERS IN BAG,2009-12-11,2011-12-08,0.5233009708737864,1063.0,375.93,103.85714285714286,True,True,True
16258B,DAISY ERASERS IN BAG,2009-12-02,2009-12-22,0.36,1016.0,221.06,2.857142857142857,False,False,False
16259,PIECE OF CAMO STATIONERY SET,2009-12-07,2011-11-13,0.1461818181818181,5473.0,766.09,100.85714285714286,True,True,True
17001,HEAVENS SCENT FRAGRANCE OILS ASSTD,2009-12-04,2011-02-28,0.2795652173913043,1211.0,299.34999999999997,64.42857142857143,False,True,False
17003,BROCADE RING PURSE,2009-12-01,2011-12-08,0.3027272727272727,70369.0,14766.42,105.28571428571429,True,True,True
17007B,S/3 POT POURI CUSHIONS BLUE COLOURS,2009-12-14,2011-06-08,2.1,34.0,71.4,77.28571428571429,False,True,False
17011A,ORIGAMI VANILLA INCENSE+FLOWER,2009-12-22,2010-08-20,2.7708333333333335,261.0,179.56,34.42857142857143,False,False,False
17011B,ORIGAMI JASMINE INCENSE+FLOWER,2010-05-30,2010-08-20,1.2,19.0,11.1,11.714285714285714,False,False,False
17011C,ORIGAMI LAVENDER INCENSE+FLOWER,2009-12-14,2009-12-16,2.475,335.0,221.4,0.2857142857142857,False,False,False
17011D,ORIGAMI ROSE INCENSE+FLOWER,2009-12-15,2010-08-20,1.8375,209.0,135.70000000000002,35.42857142857143,False,False,False
17011E,ORIGAMI OPIUM SCENT INCENSE+FLOWER,2009-12-16,2009-12-16,0.65,124.0,80.60000000000001,0.0,False,False,False
17011F,ORIGAMI SANDLEWOOD INCENSE+FLOWER,2009-12-16,2011-05-19,2.12,385.0,336.20000000000005,74.14285714285714,False,True,False
17012A,ORIGAMI VANILLA INCENSE/CANDLE SET,2009-12-01,2011-12-02,2.225520833333333,726.0,806.16,104.42857142857143,True,True,True
17012B,ORIGAMI JASMINE INCENSE/CANDLE SET,2009-12-08,2011-11-30,2.1927777777777773,721.0,867.4499999999999,103.14285714285714,True,True,True
17012C,ORIGAMI LAVENDER INCENSE/CANDL SET,2010-02-05,2011-12-08,2.016725663716814,856.0,950.4,95.85714285714286,True,True,True
17012D,ORIGAMI ROSE INCENSE/CANDLE SET,2010-03-12,2011-12-08,1.9451724137931032,520.0,658.7199999999999,90.85714285714286,True,True,True
17012E,ORIGAMI OPIUM INCENSE/CANDLE SET,2009-12-16,2010-12-15,2.488965517241379,263.0,296.78999999999996,52.0,False,True,False
17012F,ORIGAMI SANDLEWOOD INCENSE/CAND SET,2010-03-03,2011-12-08,1.8778504672897196,586.0,680.65,92.14285714285714,True,True,True
17013B,ORIGAMI JASMINE INCENSE IN TUBE,2009-12-09,2009-12-16,1.7066666666666668,256.0,221.03,1.0,False,False,False
17013C,ORIGAMI LAVENDER INCENSE IN TUBE,2009-12-16,2010-03-03,0.42,213.0,89.46000000000001,11.0,False,False,False
17013D,ORIGAMI ROSE INCENSE IN TUBE,2009-12-09,2011-06-07,1.7083870967741936,1068.0,572.4,77.85714285714286,False,True,False
17013F,ORIGAMI SANDLEWOOD INCENSE IN TUBE,2009-12-21,2010-08-20,1.38,62.0,26.7,34.57142857142857,False,False,False
17014A,ORIGAMI VANILLA INCENSE CONES,2009-12-09,2011-06-27,1.66,276.0,170.13,80.71428571428571,False,True,False
17014C,ORIGAMI LAVENDER INCENSE CONES,2009-12-05,2009-12-10,1.925,97.0,43.75,0.7142857142857143,False,False,False
17014D,ORIGAMI ROSE INCENSE CONES,2010-01-14,2010-08-20,1.7966666666666664,479.0,204.36,31.142857142857142,False,False,False
17014E,ORIGAMI OPIUM INCENSE CONES,2010-05-10,2010-08-20,1.4249999999999998,95.0,36.599999999999994,14.571428571428571,False,False,False
17014F,ORIGAMI SANDLEWOOD INCENSE CONES,2010-01-21,2010-08-20,1.3125,61.0,23.699999999999996,30.142857142857142,False,False,False
17021,NAMASTE SWAGAT INCENSE,2010-01-22,2011-12-05,0.2949397590361446,3720.0,984.24,97.42857142857143,True,True,True
17027A,INCENSE BAZAAR CANNABIS,2010-02-04,2010-03-10,0.355,228.0,84.84,4.857142857142857,False,False,False
17028J,INCENSE BAZAAR PEACH,2011-01-31,2011-01-31,0.42,6.0,2.52,0.0,False,False,False
17033,"BROCADE PURSE,SMALL ARCH BUTTON",2009-12-02,2010-10-19,0.2853623188405796,3280.0,867.8399999999999,45.857142857142854,False,False,False
17038,PORCELAIN BUDAH INCENSE HOLDER,2009-12-14,2011-12-09,0.4290909090909091,2559.0,254.51,103.57142857142857,True,True,True
17039,INLAID WOOD INCENSE HOLDER,2009-12-02,2010-08-09,0.3774418604651163,3707.0,837.88,35.714285714285715,False,False,False
17061,ASSORTED SHAPED STENCIL FOR HENNA,2009-12-07,2009-12-07,0.04,52.0,2.08,0.0,False,False,False
17084A,TRANQUILITY MASALA INCENSE,2010-02-04,2011-09-13,0.21,442.0,92.82,83.71428571428571,False,True,False
17084G,MOON INCENSE,2009-12-02,2009-12-07,0.21,50.0,10.5,0.7142857142857143,False,False,False
17084J,LOVE POTION MASALA INCENSE,2009-12-01,2011-09-13,0.21,456.0,95.76,93.0,False,True,False
17084N,FAIRY DREAMS INCENSE,2009-12-02,2011-12-09,0.3459893048128342,2768.0,640.26,105.28571428571429,True,True,True
17084P,DRAGONS BLOOD INCENSE,2009-12-07,2011-12-08,0.3442857142857142,990.0,222.75,104.42857142857143,True,True,True
17084R,ASSORTED INCENSE PACK,2009-12-02,2011-12-05,0.2031818181818181,10625.0,1968.45,104.71428571428571,True,True,True
17090A,LAVENDER INCENSE 40 CONES IN TIN,2009-12-10,2011-11-24,1.2038461538461538,173.0,182.65,102.0,True,True,True
17090D,VANILLA INCENSE 40 CONES IN TIN,2009-12-13,2011-07-11,1.2366666666666668,88.0,105.2,82.14285714285714,False,True,False
17091A,LAVENDER INCENSE IN TIN,2009-12-06,2011-05-18,1.029059829059829,2085.0,1285.89,75.42857142857143,False,True,False
17091B,JASMINE TEA INCENSE IN TIN,2009-12-06,2010-09-09,1.4219230769230768,276.0,316.98,39.57142857142857,False,False,False
17091F,SANDALWOOD INCENSE IN TIN,2009-12-06,2010-01-10,1.58,19.0,27.71,5.0,False,False,False
17091J,VANILLA INCENSE IN TIN,2009-12-01,2011-12-09,0.8962295081967213,3964.0,2204.35,105.42857142857143,True,True,True
17096,ASSORTED LAQUERED INCENSE HOLDERS,2009-12-02,2011-07-19,0.3223684210526316,6240.0,1117.09,84.85714285714286,False,True,False
17107D,"FLOWER FAIRY,5 SUMMER B'DRAW LINERS",2009-12-04,2011-12-05,2.55,315.0,803.25,104.42857142857143,True,True,True
17108D,FLOWER FAIRY SUMMER BOUQUET SACHET,2009-12-01,2010-03-28,0.42,355.0,149.1,16.714285714285715,False,False,False
17109A,FLOWER FAIRY INCENSE LILY,2009-12-02,2010-03-26,1.186153846153846,709.0,333.61,16.285714285714285,False,False,False
17109B,FLOWER FAIRY INCENSE LAVENDER,2009-12-02,2010-03-05,1.316470588235294,4542.0,896.3399999999999,13.285714285714286,False,False,False
17109C,FLOWER FAIRY INCENSE ROSE,2009-12-02,2010-03-03,1.238,3124.0,661.23,13.0,False,False,False
17109D,FLOWER FAIRY INCENSE BOUQUET,2009-12-04,2011-04-21,1.406153846153846,1257.0,598.3100000000001,71.85714285714286,False,True,False
17129C,SKY BLUE COLOUR GLASS GEMS IN BAG,2009-12-09,2010-05-04,0.8309090909090909,86.0,57.98,20.857142857142858,False,False,False
17129D,CLEAR COLOUR GLASS GEMS IN BAG,2009-12-01,2010-03-05,1.208717948717949,1125.0,1351.1799999999998,13.428571428571429,False,False,False
17129F,DEEP BLUE GLASS GEMS IN BAG,2009-12-04,2011-12-05,1.4021232876712328,1580.0,1684.58,104.42857142857143,True,True,True
17136A,BLUE STONES ON WIRE FOR CANDLE,2009-12-03,2011-11-03,0.1067647058823529,743.0,61.78,100.0,True,True,True
17164B,ASS COL SMALL SAND GECKO P'WEIGHT,2009-12-01,2011-01-26,0.4168292682926829,1620.0,646.56,60.142857142857146,False,True,False
17164D,ASS COL SMALL SAND FROG P'WEIGHT,2009-12-01,2010-03-19,0.4151612903225806,1150.0,447.0,15.428571428571429,False,False,False
17165B,ASS COL LARGE SAND GECKO P'WEIGHT,2009-12-01,2010-10-10,1.0298360655737704,810.0,751.6800000000001,44.714285714285715,False,False,False
17165D,ASS COL LARGE SAND FROG P'WEIGHT,2009-12-01,2011-01-12,1.0346236559139783,716.0,682.32,58.142857142857146,False,True,False
17174,ASSTD RASTA KEY-CHAINS,2010-02-01,2011-11-24,0.42,36.0,15.12,94.42857142857143,True,True,True
17178,FLAT PALM T-LIGHT HOLDER,2009-12-08,2010-09-16,1.234,133.0,156.65,40.285714285714285,False,False,False
17181,CIRCLE OF FRIENDS CANDLE HOLDER,2009-12-01,2010-08-05,3.771641791044776,353.0,642.66,35.285714285714285,False,False,False
17191A,ROSE FLOWER CANDLE+INCENSE 16X16CM,2009-12-09,2011-12-04,3.75,33.0,123.75,103.57142857142857,True,True,True
18007,ESSENTIAL BALM 3.5g TIN IN ENVELOPE,2009-12-02,2011-07-20,0.242972972972973,11396.0,1043.22,85.0,False,True,False
18010,ASSORTED FRAGRANCE BATH CONFETTI,2009-12-01,2010-01-28,0.5566666666666666,64.0,30.16,8.285714285714286,False,False,False
18094C,WHITE/BLUE RECT CERAMIC OIL BURNER,2009-12-02,2011-10-07,1.8870408163265304,433.0,600.66,96.28571428571429,False,True,False
18096C,WHITE ROUND PORCELAIN TLIGHT HOLDER,2009-12-01,2010-02-24,3.4455,117.0,298.7,12.142857142857142,False,False,False
18096c,WHITE ROUND PORCELAIN TLIGHT HOLDER,2009-12-01,2010-01-25,5.151666666666666,8.0,41.14,7.857142857142857,False,False,False
18097A,PINK TALL PORCELAIN T-LIGHT HOLDER,2010-03-05,2011-06-22,2.55,17.0,43.349999999999994,67.71428571428571,False,True,False
18097B,BLUE TALL PORCELAIN T-LIGHT HOLDER,2009-12-02,2010-01-17,2.55,7.0,17.849999999999998,6.571428571428571,False,False,False
18097C,WHITE TALL PORCELAIN T-LIGHT HOLDER,2009-12-01,2011-12-08,2.8269339622641505,1763.0,3924.92,105.28571428571429,True,True,True
18098A,PINK PORCELAIN B'FLY OIL BURNER,2009-12-14,2009-12-17,2.95,2.0,5.9,0.42857142857142855,False,False,False
18098B,BLUE PORCELAIN B'FLY OIL BURNER,2009-12-13,2010-02-24,2.9500000000000006,3.0,8.850000000000001,10.428571428571429,False,False,False
18098C,PORCELAIN BUTTERFLY OIL BURNER,2009-12-01,2011-08-08,3.2679012345679013,1223.0,3231.13,87.85714285714286,False,True,False
18098c,PORCELAIN BUTTERFLY OIL BURNER,2009-12-01,2010-12-21,5.067333333333333,292.0,1479.61,55.0,False,True,False
20615,BLUE SPOTTY PASSPORT COVER,2009-12-01,2011-12-08,2.625306122448979,637.0,1077.81,105.28571428571429,True,True,True
20616,CHERRY BLOSSOM PASSPORT COVER,2009-12-01,2011-12-08,2.0985123966942147,283.0,449.26,105.28571428571429,True,True,True
20617,FIRST CLASS PASSPORT COVER,2009-12-02,2011-12-08,2.3980952380952383,498.0,992.99,105.14285714285714,True,True,True
20618,QUEEN OF THE SKIES PASSPORT COVER,2009-12-01,2011-12-06,2.278905109489051,297.0,648.54,105.0,True,True,True
20619,TROPICAL PASSPORT COVER,2009-12-01,2011-12-05,2.341494845360825,578.0,1014.42,104.85714285714286,True,True,True
20620,RED SPOTTY PASSPORT COVER,2009-12-02,2010-02-03,4.104285714285714,15.0,61.76,9.0,False,False,False
20621,ECONOMY PASSPORT COVER,2009-12-02,2010-09-02,2.3584848484848484,207.0,451.67,39.142857142857146,False,False,False
20622,VIPPASSPORT COVER,2009-12-01,2011-12-05,2.634453125,582.0,1127.59,104.85714285714286,True,True,True
20652,BLUE SPOTTY LUGGAGE TAG,2009-12-01,2011-12-08,1.410635838150289,1516.0,1027.29,105.28571428571429,True,True,True
20653,CHERRY BLOSSOM LUGGAGE TAG,2009-12-02,2011-12-05,1.3807407407407408,2004.0,528.77,104.71428571428571,True,True,True
20654,FIRST CLASS LUGGAGE TAG,2009-12-01,2011-12-08,1.3760330578512396,398.0,505.41,105.28571428571429,True,True,True
20655,QUEEN OF SKIES LUGGAGE TAG,2009-12-01,2011-12-04,1.70125,414.0,608.48,104.71428571428571,True,True,True
20657,TROPICAL LUGGAGE TAG,2009-12-01,2011-11-11,1.3230508474576272,1877.0,726.47,101.42857142857143,True,True,True
20658,RED SPOTTY LUGGAGE TAG,2009-12-01,2011-09-26,1.6826256983240224,1584.0,2251.36,94.85714285714286,False,True,False
20659,ECONOMY LUGGAGE TAG,2009-12-01,2011-12-09,1.5739285714285711,369.0,533.51,105.42857142857143,True,True,True
20660,VIP LUGGAGE TAG,2009-12-01,2010-08-01,1.25,71.0,88.75,34.714285714285715,False,False,False
20661,BLUE SPOTTY PURSE,2009-12-01,2011-12-01,3.006048387096774,898.0,980.06,104.28571428571429,True,True,True
20662,FIRST CLASS HOLIDAY PURSE,2009-12-06,2011-10-24,2.718571428571429,728.0,471.33,98.14285714285714,True,True,True
20663,QUEEN OF THE SKIES HOLIDAY PURSE,2009-12-10,2011-10-17,2.5777272727272726,1074.0,369.41,96.57142857142857,True,True,True
20664,TROPICAL HOLIDAY PURSE,2009-12-15,2011-08-30,2.712903225806452,57.0,155.41,89.0,False,True,False
20665,RED SPOTTY PURSE,2009-12-01,2011-12-09,3.814498567335243,1335.0,4256.34,105.42857142857143,True,True,True
20666,ECONOMY HOLIDAY PURSE,2009-12-08,2011-07-20,2.408478260869565,911.0,412.4500000000001,84.14285714285714,False,True,False
20667,CHERRY BLOSSOM PURSE,2009-12-17,2011-08-30,2.6437500000000003,40.0,108.69,88.71428571428571,False,True,False
20668,DISCO BALL CHRISTMAS DECORATION,2009-12-02,2011-12-09,0.1656720430107526,20951.0,2454.88,105.28571428571429,True,True,True
20669,RED HEART LUGGAGE TAG,2009-12-02,2011-12-09,1.595590909090909,797.0,1111.89,105.28571428571429,True,True,True
20670,VIP HOLIDAY PURSE,2009-12-08,2011-11-15,2.8625000000000003,694.0,378.85,101.0,True,True,True
20671,BLUE TEATIME PRINT BOWL,2009-12-02,2010-12-09,1.5767832167832168,786.0,1038.72,53.142857142857146,False,True,False
20672,PINK TEATIME PRINT BOWL,2009-12-02,2010-03-05,1.75,138.0,201.0,13.285714285714286,False,False,False
20673,STRAWBERRIES PRINT BOWL,2009-12-01,2009-12-03,1.25,5.0,6.25,0.2857142857142857,False,False,False
20674,GREEN SPOTTY BOWL,2009-12-01,2011-12-08,1.5062017167381974,3412.0,4348.52,105.28571428571429,True,True,True
20675,BLUE SPOTTY BOWL,2009-12-01,2011-12-08,1.507034383954155,6465.0,8067.83,105.28571428571429,True,True,True
20676,RED SPOTTY BOWL,2009-12-01,2011-12-08,1.5504423868312758,10475.0,13105.7,105.28571428571429,True,True,True
20677,PINK SPOTTY BOWL,2009-12-01,2011-12-08,1.5826007802340702,7774.0,9798.06,105.28571428571429,True,True,True
20678,LARGE BLACK DIAMANTE HAIRSLIDE,2011-09-23,2011-09-23,1.65,4.0,6.6,0.0,False,False,False
20679,EDWARDIAN PARASOL RED,2009-12-01,2011-12-09,6.662262569832403,6149.0,30020.97,105.42857142857143,True,True,True
20680,PINK FLOWERS CHILDS UMBRELLA,2009-12-10,2010-01-22,3.25,6.0,19.5,6.142857142857143,False,False,False
20681,PINK SPOTTY CHILDS UMBRELLA,2009-12-01,2011-03-10,3.8498250728862975,1405.0,4757.15,66.28571428571429,False,True,False
20682,RED SPOTTY CHILDS UMBRELLA,2009-12-01,2011-12-08,3.8574704890387856,3068.0,10171.31,105.28571428571429,True,True,True
20683,RAIN GIRL CHILDS UMBRELLA,2009-12-11,2009-12-11,3.25,1.0,3.25,0.0,False,False,False
20684,STRAWBERRY DREAM CHILDS UMBRELLA,2009-12-01,2011-07-22,3.5827683615819206,580.0,1910.06,85.42857142857143,False,True,False
20685,RED SPOTTY COIR DOORMAT,2009-12-01,2011-12-09,8.403582175925926,9783.0,66417.47,105.42857142857143,True,True,True
20686,DOLLY MIXTURE CHILDREN'S UMBRELLA,2009-12-02,2011-12-08,3.713978494623656,590.0,2002.84,105.14285714285714,True,True,True
20688,BEAUTY SPEED EXPRESSO CUPS,2009-12-04,2010-03-17,6.004545454545454,464.0,332.9,14.714285714285714,False,False,False
20689,RETRO SISTERS EXPRESSO CUPS,2009-12-07,2010-07-14,6.176585365853659,429.0,614.1,31.285714285714285,False,False,False
20692,FLORAL ELEPHANT SOFT TOY,2009-12-01,2010-09-08,4.892127659574468,908.0,3682.76,40.142857142857146,False,False,False
20693,FLORAL DINOSAUR GREEN,2009-12-02,2010-03-14,5.207777777777778,33.0,161.89,14.571428571428571,False,False,False
20694,FLORAL PINK MONSTER,2009-12-01,2011-11-22,4.398363636363636,166.0,622.33,103.0,True,True,True
20695,FLORAL BLUE MONSTER,2009-12-01,2011-11-17,4.856393442622951,142.0,604.58,102.28571428571429,True,True,True
20696,FLORAL SOFT CAR TOY,2009-12-02,2011-11-11,4.625666666666667,151.0,617.9399999999999,101.28571428571429,True,True,True
20697,LITTLE GREEN MONSTER SOFT TOY,2009-12-13,2011-11-23,2.507142857142857,40.0,96.6,101.42857142857143,True,True,True
20698,LITTLE PINK MONSTER SOFT TOY,2010-01-17,2011-11-23,2.509090909090909,47.0,114.45,96.42857142857143,True,True,True
20699,MOUSEY LONG LEGS SOFT TOY,2009-12-04,2011-12-05,3.062134831460674,294.0,797.9599999999999,104.42857142857143,True,True,True
20700,GREEN CAT FLORAL CUSHION COVER,2009-12-07,2011-09-28,5.4233980582524275,420.0,1125.05,94.28571428571429,False,True,False
20701,PINK CAT FLORAL CUSHION COVER,2009-12-02,2011-06-30,4.416,353.0,721.49,82.14285714285714,False,True,False
20702,PINK PADDED MOBILE,2009-12-03,2011-10-26,4.303225806451613,782.0,3296.7,98.85714285714286,True,True,True
20703,BLUE PADDED SOFT MOBILE,2009-12-01,2011-04-14,4.2601775147928995,471.0,1993.47,71.28571428571429,False,True,False
20704,MR ROBOT SOFT TOY,2009-12-06,2011-12-09,6.370875,361.0,1371.42,104.71428571428571,True,True,True
20705,MRS ROBOT SOFT TOY,2009-12-07,2011-12-06,5.42622641509434,273.0,996.19,104.14285714285714,True,True,True
20707,CRAZY DAISY HEART DECORATION,2009-12-04,2011-12-05,1.22405,1613.0,1243.68,104.42857142857143,True,True,True
20711,JUMBO BAG TOYS,2009-12-01,2011-12-01,2.726691943127962,12643.0,25719.13,104.28571428571429,True,True,True
20712,JUMBO BAG WOODLAND ANIMALS,2009-12-01,2011-12-09,2.738984593837535,17710.0,37499.37,105.42857142857143,True,True,True
20713,JUMBO BAG OWLS,2009-12-01,2011-12-09,2.5839698113207543,20814.0,40667.05,105.42857142857143,True,True,True
20714,POSY SHOPPER BAG,2009-12-01,2010-01-12,0.9467857142857142,1580.0,649.8199999999999,6.0,False,False,False
20715,LITTLE FLOWER SHOPPER BAG,2010-01-07,2010-01-07,1.06,400.0,424.0,0.0,False,False,False
20716,PARTY FOOD SHOPPER BAG,2009-12-01,2011-06-29,1.4443373493975904,1533.0,1925.04,82.14285714285714,False,True,False
20717,STRAWBERRY SHOPPER BAG,2009-12-04,2011-12-09,1.5932549019607842,6296.0,7767.48,105.0,True,True,True
20718,RED SPOTTY SHOPPER BAG,2009-12-01,2011-12-09,1.655369458128079,13353.0,17457.35,105.42857142857143,True,True,True
20719,WOODLAND CHARLOTTE BAG,2009-12-01,2011-12-09,1.1526611883691529,24479.0,27598.42,105.42857142857143,True,True,True
20721,OWLS CHARLOTTE BAG,2009-12-07,2009-12-07,0.85,1.0,0.85,0.0,False,False,False
20723,STRAWBERRY CHARLOTTE BAG,2009-12-01,2011-12-09,1.1350252343186733,18296.0,20401.05,105.42857142857143,True,True,True
20724,RED SPOTTY CHARLOTTE BAG,2009-12-01,2011-12-09,1.1019629810034095,32197.0,35190.21,105.42857142857143,True,True,True
20725,LUNCH BAG RED SPOTTY,2009-12-01,2011-12-09,2.0539255663430422,40317.0,71106.29,105.42857142857143,True,True,True
20726,LUNCH BAG WOODLAND,2009-12-01,2011-12-09,2.1123128205128205,22118.0,38506.74,105.42857142857143,True,True,True
20727,LUNCH BAG  BLACK SKULL.,2009-12-01,2011-12-09,2.023109908409659,26678.0,45655.27,105.42857142857143,True,True,True
20728,LUNCH BAG CARS BLUE,2009-12-01,2011-12-09,1.9748732663797224,24596.0,42270.3,105.42857142857143,True,True,True
20729,RED SPOTTY CANDY BAG,2009-12-01,2010-06-16,1.4020661157024794,5262.0,1778.12,28.142857142857142,False,False,False
20730,STRAWBERRY CANDY BAG,2009-12-01,2010-09-05,1.0862745098039217,2218.0,1011.7,39.714285714285715,False,False,False
20731,POSY CANDY BAG,2009-12-07,2011-06-20,1.4024657534246574,4142.0,1252.92,80.0,False,True,False
20733,GOLD MINI TAPE MEASURE,2009-12-03,2011-12-09,0.8517627118644067,1927.0,1452.2,105.14285714285714,True,True,True
20734,SILVER MINI TAPE MEASURE,2009-12-01,2011-04-06,1.3161016949152542,1592.0,1470.62,70.14285714285714,False,True,False
20735,BLACK MINI TAPE MEASURE,2009-12-02,2011-12-06,1.20519801980198,1515.0,1540.29,104.85714285714286,True,True,True
20736,PINK MINI TAPE MEASURE,2009-12-02,2010-03-14,0.8431578947368421,290.0,233.5,14.571428571428571,False,False,False
20737,RED MINI TAPE MEASURE,2009-12-02,2009-12-02,1.7,1.0,1.7,0.0,False,False,False
20738,GREEN MINI TAPE MEASURE,2009-12-03,2010-11-29,0.9545945945945946,1610.0,1301.72,51.57142857142857,False,False,False
20739,*USB Office Glitter Lamp,2009-12-01,2009-12-01,8.65,1.0,8.65,0.0,False,False,False
20747,PICCADILLY TEA SET,2009-12-01,2010-05-16,15.723703703703702,683.0,9224.92,23.714285714285715,False,False,False
20748,KENSINGTON COFFEE SET,2009-12-01,2011-11-28,12.383224043715847,1600.0,14266.98,103.85714285714286,True,True,True
20749,ASSORTED COLOUR MINI CASES,2009-12-01,2011-12-09,8.091415584415586,3062.0,22097.61,105.42857142857143,True,True,True
20750,RED/WHITE DOT MINI CASES,2009-12-01,2011-12-09,8.11246170678337,3688.0,26866.629999999997,105.42857142857143,True,True,True
20751,FUNKY WASHING UP GLOVES ASSORTED,2009-12-01,2011-12-04,2.3205465587044536,2839.0,6023.26,104.71428571428571,True,True,True
20752,RETRO BLUE SPOTTY WASHING UP GLOVES,2009-12-01,2011-11-27,2.377765363128492,1500.0,2868.2000000000003,103.71428571428571,True,True,True
20753,RETRO PINK SPOT WASHING UP GLOVES,2009-12-01,2010-01-18,2.6607142857142856,218.0,509.00000000000006,6.857142857142857,False,False,False
20754,RETRO RED SPOTTY WASHING UP GLOVES,2009-12-01,2011-11-20,2.488578088578089,5094.0,10444.82,102.71428571428571,True,True,True
20755,BLUE PAISLEY POCKET BOOK,2009-12-07,2011-12-07,0.9081147540983606,5145.0,1089.73,104.28571428571429,True,True,True
20756,GREEN FERN POCKET BOOK,2009-12-01,2011-11-22,0.8060937499999999,5728.0,851.5600000000001,103.0,True,True,True
20757,RED DAISY POCKET BOOK,2009-12-07,2011-11-27,0.8440506329113923,5347.0,890.7,102.85714285714286,True,True,True
20758,ABSTRACT CIRCLES POCKET BOOK,2009-12-01,2011-12-07,0.8189690721649484,5425.0,953.42,105.14285714285714,True,True,True
20759,CHRYSANTHEMUM POCKET BOOK,2009-12-17,2011-12-07,0.7725396825396825,5777.0,891.13,102.85714285714286,True,True,True
20760,GARDEN PATH POCKET BOOK,2009-12-04,2011-11-24,0.7926829268292683,5550.0,1313.66,102.85714285714286,True,True,True
20761,BLUE PAISLEY SKETCHBOOK,2009-12-01,2011-12-07,4.008979591836735,458.0,1422.46,105.14285714285714,True,True,True
20762,GREEN FERN SKETCHBOOK,2009-12-04,2011-12-06,3.836102941176471,458.0,1343.79,104.57142857142857,True,True,True
20763,DAISY SKETCHBOOK,2009-12-07,2011-12-06,3.805945945945946,267.0,702.86,104.14285714285714,True,True,True
20764,ABSTRACT CIRCLES SKETCHBOOK,2009-12-02,2011-12-08,4.1788659793814436,685.0,2134.76,105.14285714285714,True,True,True
20765,CHRYSANTHEMUM SKETCHBOOK,2009-12-01,2011-12-05,3.903945578231293,442.0,1265.06,104.85714285714286,True,True,True
20766,GARDEN PATH SKETCHBOOK,2009-12-04,2011-12-04,3.951910828025478,518.0,1548.47,104.28571428571429,True,True,True
20767,BLUE PAISLEY JOURNAL,2009-12-01,2011-12-06,2.6804469273743012,812.0,1741.61,105.0,True,True,True
20768,GREEN FERN JOURNAL,2009-12-01,2011-12-06,2.557046979865772,767.0,1534.19,105.0,True,True,True
20769,DAISY JOURNAL,2009-12-07,2011-12-06,2.561625,438.0,808.81,104.14285714285714,True,True,True
20770,ABSTRACT CIRCLE JOURNAL,2009-12-01,2011-11-27,2.4737623762376235,1045.0,2190.59,103.71428571428571,True,True,True
20771,CHRYSANTHEMUM  JOURNAL,2009-12-01,2011-12-06,2.5679285714285713,606.0,1201.6799999999998,105.0,True,True,True
20772,GARDEN PATH JOURNAL,2009-12-02,2011-12-08,2.51111111111111,970.0,1848.73,105.14285714285714,True,True,True
20773,BLUE PAISLEY NOTEBOOK,2009-12-01,2011-09-12,1.74225,3339.0,963.98,92.85714285714286,False,True,False
20774,GREEN FERN NOTEBOOK,2009-12-01,2011-10-04,1.739,3484.0,962.48,96.0,False,True,False
20775,DAISY NOTEBOOK,2009-12-06,2011-12-05,1.7398230088495574,3604.0,926.54,104.14285714285714,True,True,True
20776,ABSTRACT CIRCLES NOTEBOOK,2009-12-01,2010-09-17,1.7828235294117647,3258.0,832.66,41.42857142857143,False,False,False
20777,CHRYSANTHEMUM NOTEBOOK,2009-12-01,2011-12-09,1.7810588235294116,3660.0,1262.7,105.42857142857143,True,True,True
20778,GARDEN PATH NOTEBOOK,2009-12-02,2011-04-26,1.808021978021978,3611.0,944.36,72.85714285714286,False,True,False
20780,BLACK EAR MUFF HEADPHONES,2009-12-01,2011-12-08,6.895445544554456,231.0,1333.96,105.28571428571429,True,True,True
20781,GOLD EAR MUFF HEADPHONES,2009-12-04,2011-12-07,6.378196721311475,103.0,579.93,104.71428571428571,True,True,True
20782,CAMOUFLAGE EAR MUFF HEADPHONES,2009-12-01,2011-12-09,6.8659770114942535,155.0,995.48,105.42857142857143,True,True,True
20783,HEART EAR MUFF HEADPHONES,2009-12-01,2010-08-16,7.64509090909091,165.0,1051.4,36.857142857142854,False,False,False
20784,RED RETRO BAR STOOL,2009-12-01,2010-10-21,36.42621621621622,101.0,3570.87,46.285714285714285,False,False,False
20785,FUSCHIA RETRO BAR STOOL,2010-01-22,2011-04-06,37.55945945945946,102.0,3672.35,62.714285714285715,False,True,False
20786,BLACK RETRO BAR STOOL,2010-01-22,2010-10-22,36.876875,99.0,3533.9,39.0,False,False,False
20787,BLUE RETRO BAR STOOL,2010-01-17,2010-09-22,38.021875,69.0,2535.1,35.42857142857143,False,False,False
20791,BLUE TILED SET OF 3 DRAWERS,2010-01-14,2010-01-14,12.75,5.0,63.75,0.0,False,False,False
20793,BLUE TILED TRAY,2009-12-02,2011-09-08,8.935,281.0,518.5,92.14285714285714,False,True,False
20794,BLUE  TILE HOOK,2010-01-07,2011-12-06,3.4424489795918363,212.0,591.02,99.71428571428571,True,True,True
20795,LARGE BLUE PROVENCAL CERAMIC BALL,2009-12-09,2011-12-05,2.956896551724138,135.0,308.7,103.71428571428571,True,True,True
20796,SMALL BLUE PROVENCAL CERAMIC BALL,2009-12-09,2011-11-10,2.3495454545454546,99.0,182.15999999999997,100.14285714285714,True,True,True
20798,CLEAR MILKSHAKE GLASS,2009-12-01,2011-01-25,3.106117647058823,551.0,1308.15,60.0,False,True,False
20799,PINK MILKSHAKE GLASS,2009-12-01,2010-06-21,3.1257692307692304,200.0,355.33,28.857142857142858,False,False,False
20800,LARGE GLASS SUNDAE DISH CLEAR,2010-01-11,2010-03-30,3.618,1005.0,303.96,11.142857142857142,False,False,False
20801,LARGE PINK GLASS SUNDAE DISH,2010-01-18,2011-05-25,2.2076521739130435,1092.0,1422.0,70.28571428571429,False,True,False
20802,SMALL GLASS SUNDAE DISH CLEAR,2009-12-16,2011-11-28,2.104051724137931,1051.0,1596.81,101.71428571428571,True,True,True
20803,SMALL PINK GLASS SUNDAE DISH,2009-12-07,2011-05-01,1.6960714285714285,1149.0,874.4599999999999,72.85714285714286,False,True,False
20804,GLASS CHICKEN BUTTER DISH,2009-12-01,2010-07-01,2.678852459016394,325.0,579.31,30.285714285714285,False,False,False
20812,EMBOSSED FLOWER TRELLIS PHOTO FRAME,2009-12-01,2010-01-28,2.55,5.0,12.75,8.285714285714286,False,False,False
20814,SILVER FINCH DECORATION,2009-12-01,2010-02-24,1.206153846153846,189.0,208.89,12.142857142857142,False,False,False
20816,GOLD FLOWER CUSHION COVER,2010-02-04,2011-04-28,5.378571428571428,24.0,123.6,64.0,False,True,False
20818,GOLD TEDDY BEAR,2009-12-02,2011-05-04,4.491666666666666,87.0,268.5,74.0,False,True,False
20819,SILVER TEDDY BEAR,2009-12-02,2011-11-30,3.888,228.0,631.49,104.0,True,True,True
20820,SILVER LOOKING MIRROR,2009-12-17,2011-03-01,4.95,11.0,54.45,62.714285714285715,False,True,False
20821,GOLDIE LOOKING MIRROR,2009-12-14,2011-11-23,7.882000000000001,42.0,286.42,101.28571428571429,True,True,True
20822,SILVER WINE GOBLET,2010-02-01,2010-02-01,4.65,2.0,9.3,0.0,False,False,False
20823,GOLD WINE GOBLET,2009-12-01,2011-06-09,3.651052631578948,253.0,533.71,79.28571428571429,False,True,False
20825,GOLD WINE GLASS,2009-12-01,2010-11-14,6.831428571428572,361.0,1255.08,49.714285714285715,False,False,False
20826,SILVER APERITIF GLASS,2009-12-01,2011-05-18,1.3478571428571429,355.0,290.72,76.14285714285714,False,True,False
20827,GOLD APERITIF GLASS,2009-12-01,2011-04-21,1.63375,173.0,209.36,72.28571428571429,False,True,False
20828,GLITTER BUTTERFLY CLIPS,2009-12-01,2011-12-08,2.935849358974359,4423.0,10940.48,105.28571428571429,True,True,True
20829,GLITTER HANGING BUTTERFLY STRING,2009-12-01,2011-12-08,2.4219755600814663,4820.0,9825.02,105.28571428571429,True,True,True
20830,SILVER PHOTO FRAME,2009-12-01,2011-10-02,2.990722891566265,407.0,964.61,95.71428571428571,False,True,False
20831,GOLD PHOTO FRAME,2009-12-01,2011-12-09,2.722625,474.0,927.96,105.42857142857143,True,True,True
20832,RED FLOCK LOVE HEART PHOTO FRAME,2009-12-01,2011-12-09,0.9326415094339622,1681.0,1122.65,105.42857142857143,True,True,True
20833,SHAKER THROW  QUILTED,2009-12-06,2010-03-09,27.630000000000003,52.0,811.8,13.285714285714286,False,False,False
20835,FRENCH LATTICE CUSHION COVER,2010-03-03,2011-11-10,2.87,80.0,87.02,88.14285714285714,True,True,True
20836,FRENCH PAISLEY CUSHION COVER,2010-03-02,2011-11-24,1.1209090909090909,224.0,250.0,90.28571428571429,True,True,True
20837,FRENCH FLORAL CUSHION COVER,2009-12-04,2011-11-20,1.1844444444444444,165.0,188.07,102.28571428571429,True,True,True
20838,FRENCH LATTICE CUSHION COVER,2010-02-14,2011-12-05,1.946190476190476,446.0,565.8,94.14285714285714,True,True,True
20839,FRENCH PAISLEY CUSHION COVER,2009-12-07,2011-12-08,2.5029661016949154,633.0,1018.11,104.42857142857143,True,True,True
20840,FRENCH FLORAL CUSHION COVER,2009-12-18,2011-12-08,2.1470212765957446,885.0,1419.09,102.85714285714286,True,True,True
20845,ZINC HEART LATTICE 2 WALL PLANTER,2009-12-02,2011-08-16,7.169583333333333,76.0,502.27,88.85714285714286,False,True,False
20846,ZINC HEART LATTICE T-LIGHT HOLDER,2009-12-14,2011-12-07,1.5538728323699422,1453.0,1956.81,103.28571428571429,True,True,True
20847,ZINC HEART LATTICE CHARGER LARGE,2009-12-03,2011-11-25,4.747407407407407,80.0,334.35,103.14285714285714,True,True,True
20848,ZINC HEART LATTICE CHARGER SMALL,2009-12-10,2011-11-06,2.9500000000000006,39.0,115.05,99.42857142857143,True,True,True
20849,ZINC HEART LATTICE DOUBLE PLANTER,2009-12-07,2010-11-21,4.047083333333333,674.0,593.03,49.857142857142854,False,False,False
20850,ZINC HEART LATTICE PLANTER BOWL,2010-01-06,2010-11-11,2.8434782608695657,820.0,713.8000000000001,44.142857142857146,False,False,False
20851,ZINC HEART LATTICE TRAY OVAL,2009-12-08,2011-04-27,5.966206896551724,335.0,429.57,72.14285714285714,False,True,False
20854,BLUE PATCH PURSE PINK HEART,2009-12-03,2011-02-20,1.6635185185185184,441.0,711.3699999999999,63.42857142857143,False,True,False
20855,PINK PATCH PURSE BLUE HEART,2009-12-03,2010-09-15,1.65,142.0,234.3,40.857142857142854,False,False,False
20856,DENIM PATCH PURSE PINK BUTTERFLY,2009-12-06,2011-08-09,1.6599999999999997,408.0,674.0899999999999,87.28571428571429,False,True,False
20857,BLUE ROSE PATCH PURSE PINK BUTTERFL,2009-12-06,2011-02-17,1.65,249.0,410.85,62.57142857142857,False,True,False
20858,SILVER PURSE GOLD PINK BUTTERFLY,2009-12-14,2009-12-14,1.65,4.0,6.6,0.0,False,False,False
20860,GOLD COSMETICS BAG WITH BUTTERFLY,2010-04-08,2010-12-13,2.1,20.0,42.0,35.57142857142857,False,False,False
20861,GOLD COSMETIC BAG PINK STAR,2009-12-03,2010-12-10,2.1,46.0,96.6,53.142857142857146,False,True,False
20862,PINK PATCH PENCIL CASE BLUE HEART,2009-12-02,2010-06-30,2.6216216216216215,325.0,691.1400000000001,30.0,False,False,False
20863,BLUE PATCH PENCIL CASE PINK HEART,2009-12-01,2010-08-15,2.4202,293.0,601.53,36.714285714285715,False,False,False
20864,DENIM PATCH PENCIL CASE BUTTERFLY,2009-12-06,2010-10-24,2.2,252.0,498.14,46.0,False,False,False
20865,PATCHWORK PENCIL CASE BUTTERFLY,2009-12-01,2010-06-30,2.196060606060606,251.0,500.49,30.142857142857142,False,False,False
20866,BLUE ROSE FABRIC MIRROR,2009-12-01,2011-12-08,1.4857591623036648,1280.0,1368.91,105.28571428571429,True,True,True
20867,PINK ROSE FABRIC MIRROR,2009-12-01,2011-12-06,1.380064516129032,1098.0,1093.14,105.0,True,True,True
20868,SILVER FABRIC MIRROR,2009-12-06,2011-12-08,0.9214084507042254,882.0,518.07,104.57142857142857,True,True,True
20869,GOLD FABRIC MIRROR,2009-12-02,2011-12-08,0.9422222222222224,529.0,295.12,105.14285714285714,True,True,True
20870,OPULENT VELVET CANDLE IN BOX,2009-12-01,2009-12-22,2.9214285714285713,29.0,52.2,3.0,False,False,False
20871,OPULENT VELVET SET/3 CANDLES,2009-12-02,2010-12-14,2.688372093023256,1273.0,1978.05,53.857142857142854,False,True,False
20877,MODERN CHRISTMAS BAUBLE CANDLE,2009-12-10,2009-12-18,0.42,12.0,5.04,1.1428571428571428,False,False,False
20878,SET/9 CHRISTMAS T-LIGHTS SCENTED,2009-12-02,2010-12-05,1.4786206896551723,737.0,952.51,52.57142857142857,False,True,False
20879,TREE OF NOAH FESTIVE SCENTED CANDLE,2009-12-04,2009-12-22,1.8027272727272723,57.0,67.8,2.5714285714285716,False,False,False
20881,MODERN CHRISTMAS TREE CANDLE,2009-12-10,2009-12-16,0.85,3.0,2.55,0.8571428571428571,False,False,False
20882,MODERN CHRISTMAS TREE CANDLE,2009-12-13,2009-12-16,2.95,3.0,8.850000000000001,0.42857142857142855,False,False,False
20884,MODERN CHRISTMAS TREE CANDLE,2009-12-10,2009-12-18,2.1,3.0,6.300000000000001,1.1428571428571428,False,False,False
20885,BOX OF 3 PEBBLE CANDLES,2009-12-22,2009-12-22,2.95,1.0,2.95,0.0,False,False,False
20886,BOX OF 9 PEBBLE CANDLES,2009-12-01,2011-11-07,2.387220447284345,1777.0,3540.22,100.85714285714286,True,True,True
20887,BOX OF 6 PEBBLE CANDLES,2009-12-01,2009-12-22,5.615,18.0,118.39,3.0,False,False,False
20888,SET 3 JARDIN DE FEMME SCENT CANDLES,2009-12-01,2010-03-26,3.8852631578947374,367.0,547.74,16.428571428571427,False,False,False
20889,JARDIN DE FEMME SCENTED CANDLE,2009-12-02,2010-03-26,2.3376923076923077,657.0,398.04,16.285714285714285,False,False,False
20890,SMALL GLASS ROSE SCENTED CANDLE,2010-01-21,2010-04-19,2.9925,605.0,202.62,12.571428571428571,False,False,False
20891,LARGE GLASS ROSE SCENTED CANDLE,2010-01-12,2010-04-19,8.126666666666667,684.0,236.33,13.857142857142858,False,False,False
20892,SET/3 TALL GLASS CANDLE HOLDER PINK,2009-12-01,2010-12-21,16.152894736842104,102.0,1095.35,55.0,False,True,False
20893,HANGING BAUBLE T-LIGHT HOLDER SMALL,2009-12-03,2011-12-04,2.886455696202532,559.0,1308.59,104.42857142857143,True,True,True
20894,HANGING BAUBLE T-LIGHT HOLDER LARGE,2009-12-01,2011-12-01,3.453625,267.0,827.3000000000001,104.28571428571429,True,True,True
20895,VINTAGE NOTEBOOK FRENCH LETTER,2009-12-08,2010-02-02,2.95,16.0,47.20000000000001,8.0,False,False,False
20896,VINTAGE NOTEBOOK PINK FLOWER,2009-12-09,2010-08-18,2.95,39.0,115.05,36.0,False,False,False
20897,VINTAGE NOTEBOOK PARIS DAYS,2009-12-01,2011-08-30,3.8476,351.0,848.7,91.0,False,True,False
20898,VINTAGE NOTEBOOK TRAVELOGUE,2009-12-04,2011-10-23,3.1941818181818182,327.0,693.9200000000001,98.28571428571429,True,True,True
20899,VINTAGE NOTEBOOK RED ROSE,2009-12-09,2010-05-16,2.95,44.0,129.8,22.571428571428573,False,False,False
20901,VINTAGE KEEPSAKE BOX PINK FLOWER,2009-12-01,2011-11-14,9.474626865671642,91.0,806.58,101.85714285714286,True,True,True
20902,VINTAGE KEEPSAKE BOX PARIS DAYS,2009-12-03,2011-08-10,9.30603448275862,206.0,1525.22,87.85714285714286,False,True,False
20903,VINTAGE KEEPSAKE BOX TRAVELOGUE,2009-12-01,2011-10-23,7.181046511627907,187.0,919.8,98.71428571428571,True,True,True
20905,VINTAGE KEEPSAKE BOX BEAUTY GIRL,2009-12-02,2010-01-28,6.35,10.0,63.5,8.142857142857142,False,False,False
20906,VINTAGE NOTEBOOK BEAUTY GIRL,2009-12-02,2011-04-03,4.0925,101.0,368.24,69.57142857142857,False,True,False
20910,VINTAGE PHOTO ALBUM PARIS DAYS,2009-12-03,2010-12-16,8.377872340425531,106.0,769.12,54.0,False,True,False
20913,SET/5 BLUE SPOTTY LID GLASS BOWLS,2009-12-01,2010-01-17,3.8030232558139536,314.0,898.7199999999999,6.714285714285714,False,False,False
20914,SET/5 RED SPOTTY LID GLASS BOWLS,2009-12-01,2011-12-09,3.225493707647628,18670.0,52508.560000000005,105.42857142857143,True,True,True
20931,BLUE POT PLANT CANDLE,2009-12-07,2011-12-09,4.795632911392405,673.0,2238.07,104.57142857142857,True,True,True
20932,PINK POT PLANT CANDLE,2009-12-10,2011-12-08,4.717530864197531,333.0,1143.97,104.0,True,True,True
20933,YELLOW POT PLANT CANDLE,2009-12-02,2011-12-08,4.1007547169811325,505.0,1329.4900000000002,105.14285714285714,True,True,True
20934,SET/3 POT PLANT CANDLES,2009-12-02,2011-11-04,7.268000000000001,197.0,1185.07,100.28571428571429,True,True,True
20935,ROUND CACTUS CANDLE,2009-12-08,2011-11-16,3.077234042553191,300.0,574.48,101.14285714285714,True,True,True
20936,FORKED CACTUS CANDLE,2009-12-06,2011-12-09,3.6732894736842105,333.0,843.3900000000001,104.71428571428571,True,True,True
20939,ORANGE CANDLE,2009-12-11,2009-12-11,0.85,12.0,10.2,0.0,False,False,False
20940,SET/6 GARDEN GNOME T-LIGHT CANDLES,2009-12-01,2009-12-13,3.475454545454546,118.0,342.75,1.7142857142857142,False,False,False
20941,FROG CANDLE,2009-12-01,2011-07-06,1.7728799999999998,998.0,896.28,83.14285714285714,False,True,False
20942,SET/6 GINGERBREAD TREE T-LIGHTS,2009-12-01,2009-12-22,1.25,6.0,7.5,3.0,False,False,False
20943,SET/6 GINGERBREAD STAR T-LIGHTS,2009-12-01,2010-10-22,1.6716901408450704,381.0,540.21,46.42857142857143,False,False,False
20950,SET/6  ANGEL T-LIGHTS WHITE/GOLD,2009-12-02,2010-11-28,0.7546428571428571,687.0,353.39,51.57142857142857,False,False,False
20952,PORCELAIN CHERUB BELL SMALL,2009-12-10,2010-11-23,0.6812499999999999,329.0,150.72,49.714285714285715,False,False,False
20953,PORCELAIN CHERUB BELL LARGE,2010-03-19,2010-11-29,1.65,33.0,54.45,36.42857142857143,False,False,False
20954,*USB Office Mirror Ball,2009-12-02,2010-12-17,8.530000000000001,3.0,25.590000000000003,54.285714285714285,False,True,False
20956,PORCELAIN T-LIGHT HOLDERS ASSORTED,2009-12-01,2011-12-06,1.7566390041493771,2338.0,3083.82,105.0,True,True,True
20957,PORCELAIN HANGING BELL SMALL,2010-04-11,2010-11-29,1.5773333333333333,126.0,184.61,33.142857142857146,False,False,False
20958,PORCELAIN HANGING BELL LARGE,2010-03-26,2010-11-29,1.92,38.0,70.5,35.42857142857143,False,False,False
20960,WATERMELON BATH SPONGE,2009-12-01,2011-03-07,1.6572018348623851,1900.0,2550.84,65.85714285714286,False,True,False
20961,STRAWBERRY BATH SPONGE,2009-12-01,2011-12-09,1.7074903474903476,3530.0,4687.65,105.42857142857143,True,True,True
20963,APPLE BATH SPONGE,2009-12-01,2011-12-09,1.7628349514563106,3459.0,4676.15,105.42857142857143,True,True,True
20964,POLYESTER FILLER PAD 60x40cm,2009-12-01,2011-05-06,2.55,20.0,50.99999999999999,74.42857142857143,False,True,False
20966,SANDWICH BATH SPONGE,2009-12-01,2011-08-24,1.7994339622641509,3007.0,4265.24,90.14285714285714,False,True,False
20967,GREY FLORAL FELTCRAFT SHOULDER BAG,2009-12-01,2011-10-26,3.9912,1055.0,3997.34,99.14285714285714,True,True,True
20968,GREEN FLORAL FELTCRAFT SHOULDER BAG,2009-12-01,2010-01-12,4.749499999999999,43.0,185.11,6.0,False,False,False
20969,RED FLORAL FELTCRAFT SHOULDER BAG,2009-12-01,2011-12-08,4.244845528455285,3237.0,12066.52,105.28571428571429,True,True,True
20970,PINK FLORAL FELTCRAFT SHOULDER BAG,2009-12-01,2011-12-09,4.142339688041595,2490.0,9387.29,105.42857142857143,True,True,True
20971,PINK BLUE FELT CRAFT TRINKET BOX,2009-12-01,2011-12-09,1.4093723129836628,22260.0,28580.97,105.42857142857143,True,True,True
20972,PINK CREAM FELT CRAFT TRINKET BOX,2009-12-01,2011-12-09,1.4045074415308292,20496.0,24785.31,105.42857142857143,True,True,True
20973,12 PENCIL SMALL TUBE WOODLAND,2010-03-17,2011-12-09,0.7815611192930781,9863.0,6773.950000000001,90.28571428571429,True,True,True
20974,12 PENCILS SMALL TUBE SKULL,2009-12-01,2011-12-09,0.7466,13219.0,8686.54,105.42857142857143,True,True,True
20975,12 PENCILS SMALL TUBE RED SPOTTY,2009-12-01,2011-12-08,0.7395263724434876,18099.0,11848.71,105.28571428571429,True,True,True
20976,12 PENCILS SMALL TUBE POSY,2009-12-02,2010-10-04,0.748421052631579,549.0,376.34,43.714285714285715,False,False,False
20977,36 PENCILS TUBE WOODLAND,2009-12-01,2011-11-07,1.5680981595092025,3792.0,5069.99,100.85714285714286,True,True,True
20978,36 PENCILS TUBE SKULLS,2009-12-01,2011-12-09,1.586796460176991,4117.0,5438.57,105.42857142857143,True,True,True
20979,36 PENCILS TUBE RED SPOTTY,2009-12-01,2011-12-09,1.569535864978903,8156.0,10271.81,105.42857142857143,True,True,True
20980,36 PENCILS TUBE POSY,2009-12-01,2011-08-08,1.404576271186441,233.0,282.31,87.85714285714286,False,True,False
20981,12 PENCILS TALL TUBE WOODLAND,2009-12-01,2011-12-09,0.9629126213592232,4718.0,4069.16,105.42857142857143,True,True,True
20982,12 PENCILS TALL TUBE SKULLS,2009-12-01,2011-12-09,0.9613333333333334,4851.0,4243.8,105.42857142857143,True,True,True
20983,12 PENCILS TALL TUBE RED SPOTTY,2009-12-01,2011-12-09,0.9568348623853212,6280.0,5469.08,105.42857142857143,True,True,True
20984,12 PENCILS TALL TUBE POSY,2009-12-01,2011-10-17,0.5354581673306773,5867.0,1940.96,97.85714285714286,True,True,True
20985,HEART CALCULATOR,2009-12-02,2011-12-09,1.5422333333333331,2370.0,3047.99,105.28571428571429,True,True,True
20986,BLUE CALCULATOR RULER,2009-12-02,2011-12-09,1.554354066985646,1217.0,1530.95,105.28571428571429,True,True,True
20987,GEISHA GIRL CHOPSTICKS SET/5,2009-12-01,2009-12-22,3.0181818181818185,131.0,288.35,3.0,False,False,False
20988,TRELLIS FLOWER CHOPSTICKS SET/5,2009-12-02,2010-02-28,1.95,24.0,46.8,12.571428571428571,False,False,False
20989,URBAN CHIC CHOPSTICKS SET/5,2009-12-01,2010-03-17,2.269824561403509,407.0,782.18,15.142857142857142,False,False,False
20990,SPRING FLOWER CHOPSTICKS SET/5,2009-12-02,2010-06-13,2.2476415094339623,895.0,1706.14,27.571428571428573,False,False,False
20991,JAZZ HEARTS MAGNETIC MEMO PAD,2009-12-01,2010-02-19,0.9515625,7084.0,884.5600000000002,11.428571428571429,False,False,False
20992,JAZZ HEARTS PURSE NOTEBOOK,2009-12-01,2011-12-08,0.6853215077605321,6151.0,3220.4,105.28571428571429,True,True,True
20993,JAZZ HEARTS MEMO PAD,2009-12-04,2010-03-09,0.8425,10967.0,1334.11,13.571428571428571,False,False,False
20994,JAZZ HEARTS SPIRAL NOTEPAD,2009-12-01,2010-01-25,0.85,47.0,39.95,7.857142857142857,False,False,False
20996,JAZZ HEARTS ADDRESS BOOK,2009-12-02,2011-12-08,0.378422619047619,6311.0,1686.79,105.14285714285714,True,True,True
20997,ROSE DU SUD CUSHION COVER,2009-12-08,2011-12-08,4.718433734939759,170.0,796.74,104.28571428571429,True,True,True
20998,ROSE DU SUD OVEN GLOVE,2009-12-02,2011-10-14,2.9443307086614174,324.0,942.26,97.28571428571429,True,True,True
21000,ROSE DU SUD COSMETICS BAG,2009-12-03,2011-12-09,3.76,690.0,1744.98,105.14285714285714,True,True,True
21001,ROSE DU SUD WASHBAG,2009-12-16,2011-12-08,4.899222222222222,141.0,717.8000000000001,103.14285714285714,True,True,True
21002,ROSE DU SUD DRAWSTRING BAG,2009-12-21,2011-10-23,3.536141304347826,417.0,1507.22,95.85714285714286,True,True,True
21003,ROSE DU SUD CUSHION COVER,2010-03-02,2011-12-08,5.928125,109.0,647.75,92.28571428571429,True,True,True
21004,ROSE DU SUD CHILDS APRON,2009-12-01,2010-11-05,4.793943661971831,137.0,625.07,48.42857142857143,False,False,False
21007,ETCHED GLASS DROPLET DECORATION,2009-12-02,2010-09-23,1.18,1927.0,914.67,42.142857142857146,False,False,False
21008,ETCHED GLASS HEART TREE DECORATION,2010-02-01,2010-02-01,2.51,1.0,2.51,0.0,False,False,False
21009,ETCHED GLASS STAR TREE DECORATION,2009-12-02,2010-12-17,1.4825714285714284,1047.0,1494.99,54.285714285714285,False,True,False
21010,ETCHED GLASS BIRD TREE DECORATION,2009-12-02,2010-10-24,1.478705882352941,850.0,1114.76,46.57142857142857,False,False,False
21011,GLITTER SNOW PEAR TREE DECORATION,2009-12-02,2010-12-21,1.2534920634920634,1840.0,1373.8,54.857142857142854,False,True,False
21012,ANTIQUE ALL GLASS CANDLESTICK,2009-12-01,2011-12-09,2.332857142857143,2297.0,4293.7,105.42857142857143,True,True,True
21014,SWISS CHALET TREE DECORATION,2009-12-01,2011-11-23,0.8054123711340206,1850.0,928.09,103.14285714285714,True,True,True
21015,DARK BIRD HOUSE TREE DECORATION,2009-12-01,2011-12-09,0.7685106382978723,1700.0,771.7299999999999,105.42857142857143,True,True,True
21016,LIGHT BIRD HOUSE TREE DECORATION,2009-12-01,2010-11-26,0.9679310344827584,834.0,582.85,51.42857142857143,False,False,False
21017,RED BIRD HOUSE TREE DECORATION,2009-12-01,2010-11-19,1.354942528735632,659.0,535.89,50.42857142857143,False,False,False
21018,BIRD BOX CHRISTMAS TREE DECORATION,2009-12-01,2010-12-17,0.8877272727272728,213.0,182.71,54.42857142857143,False,True,False
21025,SPACE FROG,2009-12-01,2011-12-06,1.520864197530864,300.0,396.12,105.0,True,True,True
21026,SPACE OWL,2009-12-02,2011-12-09,1.63304,549.0,716.73,105.28571428571429,True,True,True
21027,NINJA RABBIT PINK,2009-12-04,2011-11-21,1.2543037974683544,355.0,433.61,102.42857142857143,True,True,True
21028,NINJA RABBIT BLACK,2009-12-05,2011-12-08,1.6121739130434782,323.0,423.9,104.71428571428571,True,True,True
21030,SPACE CADET RED,2009-12-16,2011-11-21,1.2030769230769232,239.0,290.9,100.71428571428571,True,True,True
21031,SPACE CADET BLACK,2009-12-01,2011-11-16,1.294102564102564,144.0,176.7,102.14285714285714,True,True,True
21032,SPACE CADET WHITE,2009-12-04,2011-11-30,1.4007999999999998,203.0,252.16,103.71428571428571,True,True,True
21033,JUMBO BAG CHARLIE AND LOLA TOYS,2009-12-01,2011-09-08,3.3389703315881327,4590.0,10132.11,92.28571428571429,False,True,False
21034,REX CASH+CARRY JUMBO SHOPPER,2009-12-01,2011-12-08,0.95,4002.0,3801.9,105.28571428571429,True,True,True
21035,SET/2 RED SPOTTY TEA TOWELS,2009-12-01,2011-12-09,4.038792735042735,5994.0,18644.78,105.42857142857143,True,True,True
21036,SET/2 TEA TOWELS MODERN VINTAGE,2009-12-14,2009-12-14,2.55,1.0,2.55,0.0,False,False,False
21038,SET/4 MODERN VINTAGE COTTON NAPKINS,2009-12-16,2011-05-04,2.2201923076923076,166.0,355.48,72.0,False,True,False
21039,RED SPOTTY SHOPPING BAG,2009-12-01,2011-12-06,2.9853070175438594,1313.0,3423.6499999999996,105.0,True,True,True
21040,MODERN VINTAGE COTTON SHOPPING BAG,2009-12-02,2011-03-15,2.4344927536231884,894.0,1125.85,66.85714285714286,False,True,False
21041,RED SPOTTY OVEN GLOVE DOUBLE,2009-12-01,2011-11-23,4.075584905660377,2666.0,9049.29,103.14285714285714,True,True,True
21042,RED SPOTTY APRON,2009-12-01,2011-12-08,6.910521091811415,1473.0,8717.31,105.28571428571429,True,True,True
21043,APRON MODERN VINTAGE COTTON,2009-12-07,2011-06-07,4.285602836879432,677.0,1921.03,78.14285714285714,False,True,False
21051,RIBBONS PURSE,2009-12-03,2011-12-08,2.1744615384615384,754.0,1486.16,105.0,True,True,True
21054,NURSE'S BAG SOFT TOY,2009-12-03,2011-11-14,9.614863387978142,382.0,3537.9999999999995,101.57142857142857,True,True,True
21055,TOOL BOX SOFT TOY,2009-12-01,2011-12-08,10.465964125560538,386.0,3839.09,105.28571428571429,True,True,True
21056,DOCTOR'S BAG SOFT TOY,2009-12-03,2011-12-08,9.701076923076922,545.0,4961.33,105.0,True,True,True
21058,PARTY INVITES WOODLAND,2009-12-01,2011-12-08,0.995483870967742,2396.0,2055.5899999999997,105.28571428571429,True,True,True
21059,PARTY INVITES DINOSAURS,2009-12-06,2011-12-08,0.9007692307692308,1596.0,1348.56,104.57142857142857,True,True,True
21060,PARTY INVITES BALLOON GIRL,2009-12-08,2011-12-05,0.940794701986755,1276.0,952.55,103.85714285714286,True,True,True
21061,PARTY INVITES FOOTBALL,2009-12-08,2011-12-04,0.97,1396.0,1046.56,103.71428571428571,True,True,True
21062,PARTY INVITES SPACEMAN,2009-12-08,2011-12-02,0.8674452554744526,1053.0,875.87,103.42857142857143,True,True,True
21063,PARTY INVITES JAZZ HEARTS,2009-12-01,2011-12-06,0.9412605042016806,1456.0,1256.27,105.0,True,True,True
21064,BOOM BOX SPEAKER BOYS,2009-12-01,2011-12-09,5.502183908045977,884.0,4432.92,105.42857142857143,True,True,True
21065,BOOM BOX SPEAKER GIRLS,2009-12-02,2011-12-09,4.923114754098361,608.0,1455.36,105.28571428571429,True,True,True
21066,VINTAGE RED MUG,2009-12-01,2011-12-01,1.2776335877862597,2284.0,1494.67,104.28571428571429,True,True,True
21067,VINTAGE RED TEATIME MUG,2009-12-01,2011-10-04,1.505805243445693,4763.0,3830.67,96.0,False,True,False
21068,VINTAGE BILLBOARD LOVE/HATE MUG,2009-12-01,2011-12-08,1.5829521276595744,4066.0,4224.63,105.28571428571429,True,True,True
21069,VINTAGE BILLBOARD TEA MUG,2009-12-01,2011-08-17,1.6897517730496454,5099.0,5404.360000000001,89.14285714285714,False,True,False
21070,VINTAGE BILLBOARD MUG,2009-12-01,2011-12-08,1.584655172413793,2034.0,2083.46,105.28571428571429,True,True,True
21071,VINTAGE BILLBOARD DRINK ME MUG,2009-12-01,2011-10-31,1.631194968553459,4269.0,4998.32,99.85714285714286,True,True,True
21076,SET/20 COLLAGE PAPER NAPKIN,2009-12-02,2010-03-16,0.98468085106383,843.0,714.55,14.857142857142858,False,False,False
21077,SET/20 WOODLAND PAPER NAPKINS,2009-12-02,2010-09-09,0.9245641025641024,2790.0,2058.1,40.142857142857146,False,False,False
21078,SET/20 STRAWBERRY PAPER NAPKINS,2009-12-02,2011-10-13,1.1088741721854305,7211.0,6181.25,97.14285714285714,False,True,False
21080,SET/20 RED SPOTTY PAPER NAPKINS,2009-12-01,2011-12-08,1.0303246753246753,31076.0,25416.93,105.28571428571429,True,True,True
21081,SET/20 POSIES PAPER NAPKINS,2009-12-01,2010-01-31,0.85,4.0,3.4,8.714285714285714,False,False,False
21082,SET/20 FRUIT SALAD PAPER NAPKINS,2009-12-01,2011-06-28,1.0707272727272727,7183.0,1960.45,82.0,False,True,False
21084,SET/6 COLLAGE PAPER CUPS,2009-12-06,2011-12-07,0.5650660792951542,2929.0,1008.81,104.42857142857143,True,True,True
21085,SET/6 WOODLAND PAPER CUPS,2009-12-01,2010-07-12,0.7726470588235294,13731.0,1872.68,31.857142857142858,False,False,False
21086,SET/6 RED SPOTTY PAPER CUPS,2009-12-01,2011-12-06,0.8944613583138173,16658.0,10781.81,105.0,True,True,True
21087,SET/6 POSIES PAPER CUPS,2010-01-25,2011-04-19,0.7493939393939394,260.0,168.08,64.14285714285714,False,True,False
21088,SET/6 FRUIT SALAD PAPER CUPS,2009-12-15,2011-12-08,0.4722627737226277,16615.0,1816.73,103.28571428571429,True,True,True
21089,SET/6 GREEN SPRING PAPER CUPS,2010-01-15,2011-08-17,0.49725,323.0,112.54,82.71428571428571,False,True,False
21090,SET/6 COLLAGE PAPER PLATES,2009-12-16,2011-12-07,0.7291397849462365,3107.0,1729.09,103.0,True,True,True
21091,SET/6 WOODLAND PAPER PLATES,2009-12-01,2010-03-18,1.0289583333333334,13700.0,1868.7,15.285714285714286,False,False,False
21092,SET/6 STRAWBERRY PAPER PLATES,2009-12-07,2010-03-17,1.1092857142857142,12846.0,1571.5,14.285714285714286,False,False,False
21094,SET/6 RED SPOTTY PAPER PLATES,2009-12-01,2011-12-08,0.988060606060606,19633.0,15334.03,105.28571428571429,True,True,True
21095,SET/6 POSIES PAPER PLATES,2009-12-17,2011-06-16,1.0065853658536583,295.0,274.57,78.0,False,True,False
21096,SET/6 FRUIT SALAD  PAPER PLATES,2009-12-10,2011-12-08,0.6567832167832168,15919.0,2711.71,104.0,True,True,True
21097,SET/6 GREEN SPRING  PAPER PLATE,2010-01-15,2010-06-21,0.85,32.0,27.2,22.428571428571427,False,False,False
21098,CHRISTMAS TOILET ROLL,2009-12-01,2011-12-09,1.6363474025974023,8537.0,13263.93,105.42857142857143,True,True,True
21099,SET/6 STRAWBERRY PAPER CUPS,2009-12-01,2010-05-07,0.755,13290.0,1516.64,22.428571428571427,False,False,False
21100,CHARLIE AND LOLA CHARLOTTE BAG,2009-12-01,2011-03-22,2.230259259259259,2540.0,3795.0,68.0,False,True,False
21102,"CANDLE IN JAR COLLAGE , VANILLA",2009-12-02,2010-03-12,3.0614999999999997,82.0,221.08,14.285714285714286,False,False,False
21106,CREAM SLICE FLANNEL CHOCOLATE SPOT,2009-12-02,2011-12-02,3.703882352941176,790.0,2419.6800000000003,104.28571428571429,True,True,True
21107,CREAM SLICE FLANNEL PINK SPOT,2009-12-02,2011-12-06,3.6443492063492062,2302.0,6624.77,104.85714285714286,True,True,True
21108,FAIRY CAKE FLANNEL ASSORTED COLOUR,2009-12-01,2011-12-09,3.001073170731707,12962.0,25407.27,105.42857142857143,True,True,True
21109,"LARGE CAKE TOWEL, CHOCOLATE SPOTS",2009-12-04,2011-12-09,6.663656387665199,1173.0,4476.49,105.0,True,True,True
21110,LARGE CAKE TOWEL PINK SPOTS,2009-12-01,2011-11-25,7.420120120120121,1640.0,7729.37,103.42857142857143,True,True,True
21111,"SWISS ROLL TOWEL, CHOCOLATE  SPOTS",2009-12-01,2011-12-09,3.501898148148148,1379.0,3187.1600000000003,105.42857142857143,True,True,True
21112,"SWISS ROLL TOWEL, PINK  SPOTS",2009-12-01,2011-12-05,3.3576315789473687,2222.0,5484.26,104.85714285714286,True,True,True
21114,LAVENDER SCENTED FABRIC HEART,2009-12-01,2011-12-04,1.8057029702970295,5666.0,7306.14,104.71428571428571,True,True,True
21115,ROSE CARAVAN DOORSTOP,2009-12-01,2011-12-09,7.740046189376444,1247.0,7955.84,105.42857142857143,True,True,True
21116,OWL DOORSTOP,2009-12-01,2011-12-05,6.772915887850468,1355.0,7900.01,104.85714285714286,True,True,True
21117,BLOND DOLL DOORSTOP,2009-12-10,2011-11-23,1.912692307692308,328.0,502.08,101.85714285714286,True,True,True
21118,SHOPPING BAG DOORSTOP,2009-12-02,2010-01-11,2.5357142857142856,69.0,104.25,5.714285714285714,False,False,False
21119,Glow In The Dark Shot Glasses,2009-12-18,2010-09-27,13.67,3.0,41.01,40.42857142857143,False,False,False
21120,*Boombox Ipod Classic,2010-12-09,2010-12-09,16.98,1.0,16.98,0.0,False,False,False
21121,SET/10 RED SPOTTY PARTY CANDLES,2009-12-01,2011-12-09,1.355351473922903,15215.0,18442.7,105.42857142857143,True,True,True
21122,SET/10 PINK SPOTTY PARTY CANDLES,2009-12-01,2011-12-09,1.3422344322344322,12209.0,14844.78,105.42857142857143,True,True,True
21123,SET/10 IVORY SPOTTY PARTY CANDLES,2009-12-03,2011-12-09,1.23875,2751.0,3393.06,105.14285714285714,True,True,True
21124,SET/10 BLUE SPOTTY PARTY CANDLES,2009-12-01,2011-12-09,1.2978627145085804,10029.0,12172.79,105.42857142857143,True,True,True
21125,SET 6 FOOTBALL CELEBRATION CANDLES,2009-12-01,2011-12-09,1.3050592885375494,2123.0,2211.38,105.42857142857143,True,True,True
21126,SET OF 6 GIRLS CELEBRATION CANDLES,2009-12-01,2011-12-09,1.3368166089965396,2325.0,2349.22,105.42857142857143,True,True,True
21127,COLOURFUL FISHING GNOME,2009-12-03,2010-06-10,7.336600000000001,297.0,998.03,27.0,False,False,False
21128,GOLD FISHING GNOME,2009-12-17,2011-12-07,9.536315789473685,126.0,841.63,102.85714285714286,True,True,True
21129,SILVER FISHING GNOME,2009-12-02,2011-11-29,9.0145,124.0,949.44,103.85714285714286,True,True,True
21130,COLOURFUL STANDING GNOME,2009-12-04,2010-06-30,3.99,721.0,1200.93,29.714285714285715,False,False,False
21131,GOLD STANDING GNOME,2009-12-07,2011-12-06,5.765599999999999,276.0,1098.86,104.14285714285714,True,True,True
21132,SILVER STANDING GNOME,2009-12-14,2011-12-08,5.723191489361702,93.0,476.61,103.42857142857143,True,True,True
21133,PAINTED BIRD ASSORTED CHRISTMAS,2009-12-01,2010-09-13,2.1664285714285714,410.0,712.91,40.857142857142854,False,False,False
21134,VICTORIAN METAL POSTCARD CHRISTMAS,2009-12-01,2010-11-16,2.1581249999999996,377.0,646.4399999999999,50.0,False,False,False
21135,VICTORIAN  METAL POSTCARD SPRING,2009-12-02,2011-12-08,2.0081490384615384,5985.0,8567.24,105.14285714285714,True,True,True
21136,PAINTED METAL PEARS ASSORTED,2009-12-01,2011-12-08,1.96908969210174,10496.0,17451.45,105.28571428571429,True,True,True
21137,BLACK RECORD COVER FRAME,2009-12-01,2011-12-09,4.146305031446541,18739.0,65189.29,105.42857142857143,True,True,True
21143,ANTIQUE GLASS HEART DECORATION,2009-12-01,2011-08-22,2.2852941176470587,2088.0,4149.15,89.85714285714286,False,True,False
21144,PINK POODLE HANGING DECORATION,2009-12-02,2010-12-21,1.03672131147541,543.0,287.47,54.857142857142854,False,True,False
21145,ANTIQUE GLASS PLACE SETTING,2009-12-01,2011-11-16,3.406734693877551,869.0,1256.21,102.14285714285714,True,True,True
21146,ANTIQUE GLASS RIDGED HANGING BALL,2009-12-02,2010-11-02,2.179655172413793,789.0,1513.6699999999998,47.857142857142854,False,False,False
21147,JINGLE BELLS TREE DECORATION,2009-12-04,2011-12-05,2.123193277310925,477.0,870.48,104.42857142857143,True,True,True
21153,RED SPOTTY TABLECLOTH,2009-12-01,2010-09-22,11.799856115107914,393.0,4294.6900000000005,42.142857142857146,False,False,False
21154,RED SPOTTY OVEN GLOVE,2009-12-01,2011-12-09,1.7686319218241042,8095.0,11694.95,105.42857142857143,True,True,True
21155,RED SPOTTY PEG BAG,2009-12-01,2011-12-09,2.8419774590163933,6665.0,16343.09,105.42857142857143,True,True,True
21156,RED SPOTTY CHILDS APRON,2009-12-01,2011-12-08,2.240898395721925,9137.0,17002.28,105.28571428571429,True,True,True
21157,RED SPOTTY WASHBAG,2009-12-01,2011-10-25,2.8962146892655367,689.0,1616.95,99.0,True,True,True
21158,MOODY GIRL DOOR HANGER,2009-12-02,2011-12-09,1.2604672897196263,2587.0,1792.66,105.28571428571429,True,True,True
21159,MOODY BOY  DOOR HANGER,2009-12-01,2011-12-09,1.3357768924302789,2105.0,1445.37,105.42857142857143,True,True,True
21160,KEEP OUT GIRLS DOOR HANGER,2009-12-01,2010-12-14,1.5117241379310344,794.0,557.49,54.0,False,True,False
21161,KEEP OUT BOYS DOOR HANGER,2009-12-01,2011-06-08,1.675781990521327,2360.0,1806.05,79.14285714285714,False,True,False
21162,TOXIC AREA  DOOR HANGER,2009-12-01,2011-12-09,1.274808362369338,2402.0,1655.88,105.42857142857143,True,True,True
21163,DO NOT TOUCH MY STUFF DOOR HANGER,2009-12-02,2011-10-28,1.3365530303030302,2800.0,1757.92,99.28571428571429,True,True,True
21164,HOME SWEET HOME METAL SIGN,2009-12-01,2011-12-08,3.273665283540802,5981.0,16626.41,105.28571428571429,True,True,True
21165,BEWARE OF THE CAT METAL SIGN,2009-12-01,2011-12-07,2.123363821138211,9360.0,15167.38,105.14285714285714,True,True,True
21166,COOK WITH WINE METAL SIGN,2009-12-01,2011-12-09,2.276118466898955,19932.0,38138.86,105.42857142857143,True,True,True
21167,WHITE SAGE INCENSE,2009-12-10,2011-12-08,0.3299122807017544,2440.0,587.52,104.0,True,True,True
21169,YOU'RE CONFUSING ME METAL SIGN,2009-12-08,2011-12-09,2.130267857142857,8856.0,14262.61,104.42857142857143,True,True,True
21171,BATHROOM METAL SIGN,2009-12-02,2011-08-11,1.6744444444444444,1845.0,2578.27,88.14285714285714,False,True,False
21172,PARTY METAL SIGN,2009-12-01,2011-12-09,1.912512664640324,7685.0,11382.16,105.42857142857143,True,True,True
21173,LOO ROLL  METAL SIGN,2009-12-01,2010-04-01,2.2123076923076925,340.0,607.9599999999999,17.285714285714285,False,False,False
21174,POTTERING IN THE SHED METAL SIGN,2009-12-01,2011-12-09,2.5139877835951134,9696.0,19593.81,105.42857142857143,True,True,True
21175,GIN + TONIC DIET METAL SIGN,2009-12-01,2011-12-09,2.5605206463195693,20676.0,43851.48,105.42857142857143,True,True,True
21179,NO JUNK MAIL METAL SIGN,2009-12-01,2011-09-12,1.328307392996109,4284.0,3517.9,92.85714285714286,False,True,False
21181,PLEASE ONE PERSON  METAL SIGN,2009-12-01,2011-12-09,2.366498905908096,24732.0,50117.14000000001,105.42857142857143,True,True,True
21185,HOME SWEET HOME  BLACKBOARD,2009-12-01,2010-07-05,7.369318181818182,132.0,876.29,30.857142857142858,False,False,False
21186,WHITE DOVE HONEYCOMB PAPER GARLAND,2009-12-01,2010-12-14,2.030373333333334,5272.0,8532.17,54.0,False,True,False
21187,WHITE BELL HONEYCOMB PAPER GARLAND,2009-12-01,2011-08-04,2.020945945945946,1344.0,2243.7799999999997,87.28571428571429,False,True,False
21188,3D HEARTS  HONEYCOMB PAPER GARLAND,2009-12-03,2011-08-03,3.576212121212121,912.0,2771.34,86.85714285714286,False,True,False
21189,WHITE HONEYCOMB PAPER GARLAND,2009-12-01,2011-12-08,2.4475,797.0,1698.88,105.28571428571429,True,True,True
21190,PINK HEARTS PAPER GARLAND,2009-12-13,2011-11-25,1.9798260869565216,806.0,1337.59,101.71428571428571,True,True,True
21191,LARGE WHITE HONEYCOMB PAPER BELL,2009-12-01,2011-12-08,2.8894554455445545,1479.0,3408.61,105.28571428571429,True,True,True
21192,WHITE BELL HONEYCOMB PAPER,2009-12-01,2011-11-27,2.3542792792792793,2167.0,3885.64,103.71428571428571,True,True,True
21193,WHITE HONEYCOMB PAPER FAN,2009-12-02,2010-04-07,2.8434782608695657,111.0,274.37,18.0,False,False,False
21194,PINK  HONEYCOMB PAPER FAN,2009-12-03,2011-12-09,2.028659793814433,578.0,751.5,105.14285714285714,True,True,True
21195,PINK  HONEYCOMB PAPER BALL,2009-12-02,2011-05-17,2.97841059602649,997.0,2122.66,75.85714285714286,False,True,False
21196,ROUND WHITE CONFETTI IN TUBE,2010-02-08,2011-12-07,1.9382608695652173,178.0,306.89,95.28571428571429,True,True,True
21197,MULTICOLOUR  CONFETTI IN TUBE,2010-03-03,2011-12-02,1.6319565217391303,453.0,661.81,91.28571428571429,True,True,True
21198,WHITE HEART CONFETTI IN TUBE,2009-12-01,2011-12-07,1.7450420168067229,1282.0,1472.3,105.14285714285714,True,True,True
21199,PINK  HEART CONFETTI IN TUBE,2009-12-07,2011-12-02,1.869,1305.0,1495.6999999999998,103.57142857142857,True,True,True
21200,MULTICOLOUR HONEYCOMB PAPER GARLAND,2009-12-01,2011-12-09,2.0235433070866145,1421.0,2065.16,105.42857142857143,True,True,True
21201,TROPICAL  HONEYCOMB PAPER GARLAND,2009-12-01,2011-12-09,2.9802066115702477,2741.0,6517.16,105.42857142857143,True,True,True
21202,DOLLY HONEYCOMB GARLAND,2009-12-14,2011-11-17,1.780151515151515,854.0,1103.48,100.42857142857143,True,True,True
21203,BUTTERFLIES  HONEYCOMB GARLAND,2009-12-03,2010-08-17,2.0413513513513513,1539.0,2526.9999999999995,36.714285714285715,False,False,False
21204,DAISIES  HONEYCOMB GARLAND,2009-12-06,2011-12-07,1.9919806763285024,1608.0,2682.99,104.42857142857143,True,True,True
21205,MULTICOLOUR 3D BALLS GARLAND,2009-12-02,2011-12-02,2.9221476510067115,669.0,1746.97,104.28571428571429,True,True,True
21206,STRAWBERRY HONEYCOMB  GARLAND,2009-12-03,2011-11-23,1.8592916666666663,2155.0,3067.8999999999996,102.85714285714286,True,True,True
21207,SKULL AND CROSSBONES  GARLAND,2009-12-03,2011-12-05,1.7603886925795054,3601.0,5597.419999999999,104.57142857142857,True,True,True
21208,PASTEL COLOUR HONEYCOMB FAN,2009-12-16,2011-12-09,1.6396721311475408,1078.0,976.91,103.28571428571429,True,True,True
21209,MULTICOLOUR HONEYCOMB FAN,2009-12-16,2011-12-09,1.7460583941605838,1476.0,1368.04,103.28571428571429,True,True,True
21210,SET OF 72 RETRO SPOT PAPER  DOILIES,2009-12-01,2011-12-08,1.7664721030042918,15118.0,21727.19,105.28571428571429,True,True,True
21211,SET OF 72 SKULL PAPER  DOILIES,2009-12-02,2011-11-28,1.6702521008403362,2405.0,3365.64,103.71428571428571,True,True,True
21212,PACK OF 72 RETRO SPOT CAKE CASES,2009-12-01,2011-12-09,0.7080572147123546,94884.0,51825.15,105.42857142857143,True,True,True
21213,PACK OF 72 SKULL CAKE CASES,2009-12-01,2011-12-09,0.7410299003322259,40263.0,21390.76,105.42857142857143,True,True,True
21214,SET OF 72 IVORY PAPER DOILIES,2009-12-01,2010-10-08,1.9927722772277228,2006.0,2920.8199999999997,44.42857142857143,False,False,False
21215,IVORY PAPER CUP CAKE CASES,2009-12-04,2011-12-08,0.8702372881355933,4349.0,2533.88,104.85714285714286,True,True,True
21216,"SET 3 RED SPOT TIN TEA,COFFEE,SUGAR",2009-12-01,2011-12-09,6.912595797280593,3884.0,20169.0,105.42857142857143,True,True,True
21217,RED SPOTTY ROUND CAKE TINS,2009-12-01,2011-12-09,11.6687311827957,2904.0,29769.24,105.42857142857143,True,True,True
21218,RED SPOTTY BISCUIT TIN,2009-12-01,2011-12-09,5.261407982261641,5256.0,20800.31,105.42857142857143,True,True,True
21219,SET/4 BADGES BALLOON GIRL,2009-12-04,2011-12-08,1.5539325842696627,1013.0,1303.27,104.85714285714286,True,True,True
21220,SET/4 BADGES DOGS,2009-12-02,2011-12-09,1.6443749999999997,659.0,888.68,105.28571428571429,True,True,True
21221,SET/4 BADGES CUTE CREATURES,2009-12-01,2011-12-08,1.4973831775700934,535.0,709.66,105.28571428571429,True,True,True
21222,SET/4 BADGES BEETLES,2009-12-07,2011-12-09,1.5156716417910447,621.0,804.65,104.57142857142857,True,True,True
21223,SET/4 BADGES WOODLAND ANIMAL,2009-12-01,2010-04-08,1.4345454545454546,492.0,587.08,18.285714285714285,False,False,False
21224,SET/4 SKULL BADGES,2009-12-03,2011-12-09,1.2506645569620252,2171.0,2691.91,105.14285714285714,True,True,True
21225,POCKET MIRROR BUTTERFLY,2009-12-11,2009-12-21,1.25,2.0,2.5,1.4285714285714286,False,False,False
21226,POCKET MIRROR WOODLAND,2009-12-11,2011-11-25,1.073157894736842,213.0,230.55,102.0,True,True,True
21228,"POCKET MIRROR ""GLAMOROUS""",2009-12-09,2011-03-09,1.29125,97.0,122.57,65.0,False,True,False
21231,SWEETHEART CERAMIC TRINKET BOX,2009-12-01,2011-12-08,1.4993377483443708,19428.0,24128.86,105.28571428571429,True,True,True
21232,STRAWBERRY CERAMIC TRINKET BOX,2009-12-01,2011-12-09,1.5333333333333332,37997.0,49300.57,105.42857142857143,True,True,True
21238,RED SPOTTY CUP,2009-12-01,2011-12-09,1.020328587075575,9477.0,8164.0,105.42857142857143,True,True,True
21239,PINK  SPOTTY CUP,2009-12-01,2011-12-09,1.059009247027741,7369.0,6438.39,105.42857142857143,True,True,True
21240,BLUE  SPOTTY CUP,2009-12-01,2011-12-08,1.0513082901554405,7581.0,6535.74,105.28571428571429,True,True,True
21241,GREEN SPOTTY CUP,2009-12-01,2010-10-12,0.9817241379310344,2213.0,1869.07,45.0,False,False,False
21242,RED SPOTTY PLATE,2009-12-01,2011-12-09,1.9941641337386016,7085.0,11917.73,105.42857142857143,True,True,True
21243,PINK  SPOTTY PLATE,2009-12-01,2011-12-08,2.011964285714286,5636.0,9287.7,105.28571428571429,True,True,True
21244,BLUE  SPOTTY PLATE,2009-12-01,2011-12-06,1.949175946547884,5045.0,8279.07,105.0,True,True,True
21245,GREEN  SPOTTY PLATE,2009-12-01,2011-12-07,1.9279545454545453,2567.0,4268.36,105.14285714285714,True,True,True
21246,RED SPOTTY BIG BOWL,2009-12-01,2011-09-04,5.0873684210526315,749.0,3685.63,91.71428571428571,False,True,False
21247,SET OF RED SALAD SERVERS,2009-12-01,2010-10-25,1.8867901234567903,422.0,664.73,46.857142857142854,False,False,False
21248,DOOR HANGER  MUM + DADS ROOM,2009-12-01,2011-12-09,1.6889240506329115,1043.0,1299.55,105.42857142857143,True,True,True
21249,WOODLAND  HEIGHT CHART STICKERS,2009-12-01,2011-12-08,3.6650579150579152,1661.0,4770.530000000001,105.28571428571429,True,True,True
21250,SET OF SKULL WALL STICKERS,2009-12-03,2011-11-30,3.229,402.0,997.55,103.85714285714286,True,True,True
21251,DINOSAUR HEIGHT CHART STICKER SET,2009-12-01,2011-11-30,3.519545454545455,595.0,1683.93,104.14285714285714,True,True,True
21252,SET OF MEADOW  FLOWER STICKERS,2009-12-01,2010-01-25,3.3613636363636363,168.0,408.66,7.857142857142857,False,False,False
21253,SET OF PICTURE FRAME  STICKERS,2009-12-02,2011-12-08,4.6036065573770495,332.0,1225.17,105.14285714285714,True,True,True
21255,"FRENCH BOTTLE , LAVENDER",2009-12-01,2010-04-18,2.3885416666666663,476.0,860.0799999999999,19.714285714285715,False,False,False
21256,"FRENCH BOTTLE, BRASSERIE DES ARTIST",2009-12-01,2010-02-18,2.422923076923077,326.0,588.64,11.285714285714286,False,False,False
21257,VICTORIAN SEWING BOX MEDIUM,2009-12-01,2011-12-09,10.49658536585366,1549.0,13968.48,105.42857142857143,True,True,True
21258,VICTORIAN SEWING BOX LARGE,2009-12-01,2011-12-09,17.00918406072106,1505.0,21386.56,105.42857142857143,True,True,True
21259,VICTORIAN SEWING BOX SMALL,2009-12-01,2011-12-09,6.926051829268292,2293.0,13843.92,105.42857142857143,True,True,True
21260,FIRST AID TIN,2009-12-01,2011-12-08,3.8146654275092935,3512.0,11564.43,105.28571428571429,True,True,True
21261,GREEN GOOSE FEATHER CHRISTMAS TREE,2009-12-04,2011-12-06,6.386233766233766,283.0,1146.12,104.57142857142857,True,True,True
21262,WHITE GOOSE FEATHER CHRISTMAS TREE,2009-12-02,2011-12-08,6.068484848484848,606.0,2366.0200000000004,105.14285714285714,True,True,True
21263,GREEN GOOSE FEATHER TREE 60CM,2010-09-13,2011-12-06,3.060175438596491,299.0,658.29,64.14285714285714,True,True,True
21264,WHITE GOOSE FEATHER TREE 60CM,2009-12-08,2011-12-06,3.4735294117647055,391.0,917.85,104.0,True,True,True
21265,PINK GOOSE FEATHER TREE 60CM,2009-12-06,2011-12-07,3.586470588235294,321.0,705.59,104.42857142857143,True,True,True
21266,VINTAGE SILVER TINSEL REEL,2009-12-01,2009-12-16,4.3,23.0,98.9,2.142857142857143,False,False,False
21267,VINTAGE PINK TINSEL REEL,2009-12-02,2009-12-18,3.4200000000000004,24.0,74.6,2.2857142857142856,False,False,False
21268,VINTAGE BLUE TINSEL REEL,2009-12-06,2010-12-02,1.2884615384615383,397.0,261.66,51.57142857142857,False,False,False
21269,ANTIQUE CREAM CUTLERY SHELF,2009-12-08,2011-11-22,9.41323076923077,114.0,1036.84,102.0,True,True,True
21270,ANTIQUE CREAM CUTLERY CUPBOARD,2009-12-08,2011-12-05,12.022115384615384,76.0,874.43,103.85714285714286,True,True,True
21272,SALLE DE BAIN HOOK,2009-12-01,2011-08-11,1.6387209302325585,2348.0,3109.83,88.28571428571429,False,True,False
21274,EMBOSSED HEART 3 DRAWER SHELF,2009-12-04,2010-11-05,14.656037735849056,175.0,2420.69,48.0,False,False,False
21275,ZINC TOP  2 DOOR WOODEN SHELF,2009-12-08,2011-11-10,14.021454545454544,249.0,1714.48,100.28571428571429,True,True,True
21276,TWO EMBOSSED HEART MINI DRAWERS,2009-12-03,2010-04-08,4.253103448275862,677.0,1558.94,18.0,False,False,False
21277,FRENCH STYLE EMBOSSED HEART CABINET,2009-12-08,2011-11-23,24.660208333333333,54.0,1309.39,102.14285714285714,True,True,True
21278,VINTAGE KITCHEN PRINT PUDDINGS,2009-12-08,2011-07-15,3.509159663865546,2758.0,1654.4499999999998,83.42857142857143,False,True,False
21279,VINTAGE KITCHEN PRINT FRUITS,2009-12-02,2011-12-04,3.595346534653465,3527.0,1621.83,104.57142857142857,True,True,True
21280,VINTAGE KITCHEN PRINT VEGETABLES,2009-12-04,2011-11-09,2.9934285714285713,3333.0,1800.44,100.71428571428571,True,True,True
21281,VINTAGE KITCHEN PRINT SEAFOOD,2009-12-02,2011-11-09,3.4729850746268656,3680.0,1716.8,101.0,True,True,True
21282,NATURAL BARK CANDLE LARGE,2009-12-02,2010-11-14,4.772028985507246,356.0,1522.28,49.57142857142857,False,False,False
21283,NATURAL BARK CANDLE SMALL,2009-12-01,2010-11-24,3.6758536585365857,512.0,1629.2,51.142857142857146,False,False,False
21284,RETRO SPOT CANDLE  SMALL,2009-12-01,2011-12-08,1.9638571428571427,1547.0,1668.72,105.28571428571429,True,True,True
21285,RETRO SPOT CANDLE  MEDIUM,2009-12-03,2011-12-08,2.315858585858586,1007.0,1362.62,105.0,True,True,True
21286,RETRO SPOT CANDLE  LARGE,2009-12-02,2011-12-08,2.9126732673267326,1006.0,1623.01,105.14285714285714,True,True,True
21287,SCENTED VELVET LOUNGE CANDLE,2009-12-04,2011-12-06,0.8480645161290323,4107.0,1860.0,104.57142857142857,True,True,True
21288,STRIPEY CHOCOLATE NESTING BOXES,2009-12-03,2011-12-08,3.34125,982.0,2557.4700000000003,105.0,True,True,True
21289,LARGE STRIPES CHOCOLATE GIFT BAG,2009-12-08,2011-12-08,1.3087254901960783,1413.0,1549.31,104.28571428571429,True,True,True
21290,LARGE SPOTTY CHOCOLATE GIFT BAG,2009-12-23,2009-12-23,1.25,2.0,2.5,0.0,False,False,False
21291,SMALL SPOTTY CHOCOLATE GIFT BAG,2009-12-01,2011-11-28,0.9722222222222222,2411.0,2077.93,103.85714285714286,True,True,True
21292,SMALL STRIPES CHOCOLATE GIFT BAG,2009-12-04,2011-12-06,0.8146153846153845,2449.0,1427.11,104.57142857142857,True,True,True
21293,MIRRORED DOVE WALL DECORATION,2009-12-03,2011-12-05,3.0056976744186046,343.0,872.34,104.57142857142857,True,True,True
21294,ETCHED GLASS COASTER,2009-12-02,2011-10-26,1.1270921985815603,2246.0,1653.75,99.0,True,True,True
21298,EDWARDIAN 2 DRAWER WALL CABINET,2009-12-14,2010-03-03,19.37857142857143,52.0,755.8,11.285714285714286,False,False,False
21299,EDWARDIAN TOILET ROLL UNIT,2009-12-01,2010-03-12,11.016176470588237,166.0,966.35,14.428571428571429,False,False,False
21300,ANTIQUE EDWARDIAN DRESSER,2009-12-05,2010-03-05,23.479166666666668,53.0,841.7,12.857142857142858,False,False,False
21303,FILIGREE WALL MIRROR  ANTIQUE WHITE,2009-12-03,2010-03-10,15.434666666666669,96.0,985.54,13.857142857142858,False,False,False
21304,ARCHED GREY MIRROR,2009-12-02,2010-04-13,11.132222222222222,86.0,591.58,18.857142857142858,False,False,False
21306,SET/4 DAISY MIRROR MAGNETS,2009-12-03,2011-12-05,1.3966176470588234,681.0,342.8,104.57142857142857,True,True,True
21307,SET/4 BUTTERFLY MIRROR MAGNETS,2009-12-01,2011-07-13,2.125694444444445,749.0,650.07,84.14285714285714,False,True,False
21308,LOUVRE VANITY MIRROR,2009-12-06,2010-01-12,12.158333333333331,132.0,705.9,5.285714285714286,False,False,False
21309,LOUVRE CHALKBOARD,2009-12-08,2010-02-17,9.16,49.0,325.6,10.142857142857142,False,False,False
21310,CAPIZ CHANDELIER,2010-03-18,2011-05-24,29.95,6.0,179.7,61.714285714285715,False,True,False
21311,SET/4 BIRD MIRROR MAGNETS,2009-12-03,2011-12-04,1.5697894736842104,701.0,539.6700000000001,104.42857142857143,True,True,True
21312,LARGE CHUNKY GLASS ROMAN BOWL,2009-12-02,2010-09-12,6.8161538461538465,299.0,1179.17,40.57142857142857,False,False,False
21313,GLASS HEART T-LIGHT HOLDER,2009-12-01,2011-12-09,1.1320383693045564,6711.0,5771.11,105.42857142857143,True,True,True
21314,SMALL GLASS HEART TRINKET POT,2009-12-01,2011-12-09,2.776856343283582,11426.0,24641.390000000003,105.42857142857143,True,True,True
21316,SMALL CHUNKY GLASS ROMAN  BOWL,2009-12-03,2011-04-10,3.0117021276595746,693.0,1146.11,70.42857142857143,False,True,False
21317,GLASS SPHERE CANDLE STAND MEDIUM,2009-12-13,2011-12-06,5.967763157894737,357.0,1453.4,103.28571428571429,True,True,True
21318,GLASS CHALICE BLUE SMALL,2009-12-13,2011-05-09,1.5972340425531912,972.0,900.42,73.14285714285714,False,True,False
21319,GLASS CHALICE GREEN  SMALL,2009-12-07,2011-04-10,1.9736923076923076,508.0,743.6099999999999,69.85714285714286,False,True,False
21320,GLASS CHALICE GREEN  LARGE,2009-12-01,2011-04-07,3.1577192982456137,398.0,913.34,70.28571428571429,False,True,False
21321,GLASS CHALICE BLUE  LARGE,2009-12-01,2010-04-09,3.076111111111111,122.0,301.8,18.428571428571427,False,False,False
21322,GLASS SPHERE CANDLE STAND LARGE,2009-12-09,2010-01-11,4.9678571428571425,301.0,590.45,4.714285714285714,False,False,False
21323,HANGING MEDINA LANTERN LARGE,2009-12-02,2010-07-23,5.57325,740.0,2506.89,33.285714285714285,False,False,False
21324,HANGING MEDINA LANTERN SMALL,2009-12-03,2011-05-09,3.7048022598870056,1014.0,2845.71,74.57142857142857,False,True,False
21326,AGED GLASS SILVER T-LIGHT HOLDER,2009-12-01,2011-12-09,0.8101834862385321,17770.0,11593.86,105.42857142857143,True,True,True
21327,SKULLS WRITING SET,2009-12-02,2011-12-09,2.00214,1926.0,3378.51,105.28571428571429,True,True,True
21328,BALLOONS  WRITING SET,2009-12-01,2011-12-09,2.262357473035439,2441.0,4612.63,105.42857142857143,True,True,True
21329,DINOSAURS  WRITING SET,2009-12-01,2011-12-09,2.1119964349376112,2082.0,3760.66,105.42857142857143,True,True,True
21330,WOODLAND ANIMAL  WRITING SET,2009-12-01,2010-11-07,2.2783251231527095,1452.0,2454.0699999999997,48.714285714285715,False,False,False
21331,MOROCCAN BEATEN METAL DISH LARGE,2009-12-06,2011-11-16,14.569333333333333,110.0,946.68,101.42857142857143,True,True,True
21332,MOROCCAN BEATEN METAL MIRROR,2009-12-04,2011-08-15,11.9834,270.0,1644.17,88.42857142857143,False,True,False
21333,CLASSIC WHITE FRAME,2009-12-01,2011-04-05,3.225765765765766,1057.0,3192.09,70.0,False,True,False
21335,LIBRARY LAMP,2009-12-01,2010-05-18,25.33285714285714,42.0,989.62,24.0,False,False,False
21336,GOLD WASHBAG,2009-12-04,2011-06-29,3.43906976744186,1823.0,527.5600000000001,81.71428571428571,False,True,False
21337,SILVER WASHBAG,2009-12-02,2010-11-30,3.465,33.0,103.53000000000002,51.857142857142854,False,False,False
21338,MARAKESH LANTERN SMALL,2009-12-05,2010-04-13,6.314285714285715,199.0,873.25,18.428571428571427,False,False,False
21339,MARAKESH LANTERN LARGE,2009-12-08,2010-07-14,19.257692307692302,30.0,544.5,31.142857142857142,False,False,False
21340,CLASSIC METAL BIRDCAGE PLANT HOLDER,2009-12-02,2011-12-07,13.07895238095238,1758.0,19194.13,105.0,True,True,True
21341,KASBAH LANTERN WITH GLASS,2009-12-02,2010-10-01,7.1865517241379315,72.0,410.64,43.285714285714285,False,False,False
21343,GOLD JEWELERY BOX,2009-12-09,2010-02-11,8.283333333333333,20.0,92.0,9.142857142857142,False,False,False
21344,MOROCCAN BEATEN METAL DISH,2009-12-01,2011-12-08,8.916153846153845,166.0,749.82,105.28571428571429,True,True,True
21347,GOTHIC CARRIAGE LANTERN,2009-12-02,2010-04-01,5.95,8.0,47.6,17.142857142857142,False,False,False
21348,PINK SPOTS CHOCOLATE NESTING BOXES,2009-12-01,2011-01-26,3.147611940298508,842.0,2030.84,60.142857142857146,False,True,False
21349,IVY HEART WREATH,2009-12-01,2011-11-01,8.393837209302326,553.0,4010.73,100.0,True,True,True
21350,GINGHAM HEART WREATH,2009-12-02,2010-11-05,2.940909090909091,225.0,647.7500000000001,48.285714285714285,False,False,False
21351,CINAMMON & ORANGE WREATH,2009-12-01,2011-12-09,5.481508379888268,1099.0,3702.75,105.42857142857143,True,True,True
21352,EUCALYPTUS & PINECONE  WREATH,2009-12-01,2011-11-15,5.293647798742139,880.0,3110.28,102.0,True,True,True
21353,SILVER SLEIGHBELL  WREATH,2009-12-01,2009-12-22,8.994444444444445,19.0,160.45,3.0,False,False,False
21354,TOAST ITS - BEST MUM,2009-12-02,2011-12-01,1.4986238532110092,2476.0,2979.46,104.14285714285714,True,True,True
21355,TOAST ITS - I LOVE YOU,2009-12-01,2011-12-09,1.455664739884393,3452.0,4218.05,105.42857142857143,True,True,True
21356,TOAST ITS - FAIRY FLOWER,2009-12-01,2011-12-09,1.497909604519774,1592.0,2014.16,105.42857142857143,True,True,True
21357,TOAST ITS - DINOSAUR,2009-12-01,2011-03-28,1.5208796296296296,1388.0,1827.76,68.85714285714286,False,True,False
21358,TOAST ITS - HAPPY BIRTHDAY,2009-12-02,2011-12-08,1.2818918918918918,1129.0,1398.71,105.14285714285714,True,True,True
21359,RELAX LARGE WOOD LETTERS,2009-12-02,2011-08-11,14.575066666666665,208.0,2116.48,88.14285714285714,False,True,False
21360,JOY LARGE WOOD LETTERS,2009-12-01,2011-06-06,10.0931,441.0,2790.41,78.85714285714286,False,True,False
21361,LOVE LARGE WOOD LETTERS,2010-02-11,2011-07-22,14.29027777777778,556.0,7361.74,75.14285714285714,False,True,False
21363,HOME SMALL WOOD LETTERS,2010-01-05,2011-09-25,5.966068796068797,984.0,5296.4800000000005,89.71428571428571,False,True,False
21364,PEACE SMALL WOOD LETTERS,2009-12-01,2011-10-13,7.620658682634731,468.0,3407.7200000000003,97.28571428571429,False,True,False
21365,MIRRORED WALL ART STARS,2009-12-07,2011-12-08,2.5030379746835445,469.0,707.9200000000001,104.42857142857143,True,True,True
21366,MIRRORED WALL ART PHOTO FRAMES,2009-12-10,2011-12-07,6.046153846153847,238.0,1140.0,103.85714285714286,True,True,True
21367,MIRRORED WALL ART GENTS,2009-12-08,2011-12-05,2.5669999999999997,211.0,278.47999999999996,103.85714285714286,True,True,True
21368,MIRRORED WALL ART LADIES,2009-12-08,2011-12-05,1.8668085106382977,201.0,212.04,103.85714285714286,True,True,True
21369,MIRRORED WALL ART SPLODGES,2009-12-23,2011-12-05,2.914090909090909,133.0,225.36,101.71428571428571,True,True,True
21370,MIRRORED WALL ART FOXY,2009-12-06,2011-12-07,7.356363636363636,54.0,251.97,104.42857142857143,True,True,True
21371,MIRRORED WALL ART POPPIES,2009-12-01,2011-12-08,2.59578125,404.0,556.01,105.28571428571429,True,True,True
21372,MIRRORED WALL ART TABLE LAMP,2009-12-02,2011-11-28,2.5941176470588236,156.0,267.01,103.71428571428571,True,True,True
21373,MIRRORED WALL ART SNOWFLAKES,2009-12-04,2011-12-07,1.2465573770491802,636.0,548.89,104.71428571428571,True,True,True
21374,MIRRORED WALL ART SKULLS,2009-12-18,2011-12-01,2.898028169014085,470.0,809.67,101.85714285714286,True,True,True
21375,LARGE CAMPHOR WOOD FIELD MUSHROOM,2009-12-01,2011-12-04,8.058225806451611,134.0,817.6,104.71428571428571,True,True,True
21376,LARGE  TALL CAMPHOR WOOD TOADSTOOL,2009-12-06,2011-12-04,5.996086956521739,183.0,849.91,104.0,True,True,True
21377,SMALL CAMPHOR WOOD FIELD  MUSHROOM,2009-12-01,2011-12-08,2.524387755102041,518.0,742.56,105.28571428571429,True,True,True
21378,SMALL TALL CAMPHOR WOOD TOADSTOOL,2009-12-07,2011-12-09,2.1554545454545457,560.0,728.9699999999999,104.57142857142857,True,True,True
21379,CAMPHOR WOOD PORTOBELLO MUSHROOM,2009-12-01,2011-12-09,1.9376,641.0,705.46,105.42857142857143,True,True,True
21380,WOODEN HAPPY BIRTHDAY GARLAND,2009-12-03,2011-12-02,3.406554878048781,5031.0,14593.320000000002,104.14285714285714,True,True,True
21381,MINI WOODEN HAPPY BIRTHDAY GARLAND,2009-12-03,2011-12-06,2.192467771639042,5104.0,8568.0,104.71428571428571,True,True,True
21382,SET/4 SPRING FLOWER DECORATION,2010-05-16,2011-12-01,2.2237254901960783,1238.0,1665.66,80.57142857142857,True,True,True
21383,PACK OF 12 STICKY BUNNIES,2009-12-09,2011-12-09,0.9649240121580548,2204.0,1590.43,104.28571428571429,True,True,True
21384,IVORY HANGING DECORATION  BUTTERFLY,2009-12-02,2010-05-19,1.048157894736842,1917.0,1810.19,24.0,False,False,False
21385,IVORY HANGING DECORATION  HEART,2009-12-01,2011-12-08,1.0488716502115656,10832.0,9358.94,105.28571428571429,True,True,True
21386,IVORY HANGING DECORATION  EGG,2010-01-11,2011-12-04,0.8370909090909091,1148.0,680.78,98.85714285714286,True,True,True
21387,IVORY HANGING DECORATION  RABBIT,2010-02-23,2010-03-01,0.85,25.0,21.25,0.8571428571428571,False,False,False
21388,IVORY HANGING DECORATION  CHICKEN,2009-12-02,2010-03-29,0.9158620689655173,311.0,290.16999999999996,16.714285714285715,False,False,False
21389,IVORY HANGING DECORATION  BIRD,2009-12-03,2011-12-04,0.9979850746268656,2299.0,2008.09,104.42857142857143,True,True,True
21390,FILIGRIS HEART WITH BUTTERFLY,2009-12-02,2011-12-08,1.460462809917355,10937.0,13552.97,105.14285714285714,True,True,True
21391,FRENCH EMROIDR LAVENDER SCENT HEART,2009-12-02,2011-11-21,1.8737078651685393,1417.0,1811.89,102.71428571428571,True,True,True
21392,RED SPOTTY PUDDING BOWL,2009-12-03,2011-03-17,2.3816326530612244,7545.0,1478.13,67.0,False,True,False
21393,BLUE  SPOTTY PUDDING BOWL,2010-01-08,2011-03-28,2.1336363636363633,5244.0,1172.8100000000002,63.42857142857143,False,True,False
21394,RED SPOTTY BEAKER,2010-01-26,2011-11-13,0.7890666666666667,4005.0,1864.63,93.71428571428571,True,True,True
21395,BLUE SPOTTY BEAKER,2009-12-07,2011-11-03,0.906695652173913,2968.0,1401.6,99.42857142857143,True,True,True
21396,RED SPOTTY EGG CUP,2009-12-01,2010-05-16,1.7088461538461537,948.0,1205.25,23.714285714285715,False,False,False
21397,BLUE  SPOTTY EGG CUP,2009-12-04,2011-05-09,1.6506111111111113,2157.0,2017.74,74.42857142857143,False,True,False
21398,RED  SPOTTY COFFEE  MUG,2009-12-01,2011-04-19,1.8902380952380953,2295.0,2231.9,72.0,False,True,False
21399,BLUE  SPOTTY  COFFEE MUG,2009-12-04,2011-06-05,1.5271186440677968,2378.0,1550.44,78.28571428571429,False,True,False
21400,RED PUDDING SPOON,2009-12-07,2011-12-08,0.3,1078.0,213.07,104.42857142857143,True,True,True
21401,BLUE PUDDING SPOON,2009-12-07,2011-12-08,0.3197540983606557,1437.0,315.7,104.42857142857143,True,True,True
21402,RED  EGG  SPOON,2009-12-03,2011-12-09,0.3663815789473684,1698.0,333.42,105.14285714285714,True,True,True
21403,BLUE EGG  SPOON,2009-12-03,2011-12-08,0.3342038216560509,2319.0,523.0699999999999,105.0,True,True,True
21406,SPOTTY CAT DOORSTOP,2009-12-14,2009-12-14,8.65,1.0,8.65,0.0,False,False,False
21407,BROWN CHECK CAT DOORSTOP,2009-12-01,2011-11-22,5.250021978021978,1294.0,5883.33,103.0,True,True,True
21408,SPOTTY PINK DUCK DOORSTOP,2009-12-02,2011-12-09,5.908458333333333,703.0,3045.31,105.28571428571429,True,True,True
21409,SPOTTY COCKEREL DOORSTOP,2010-01-18,2010-01-18,4.25,1.0,4.25,0.0,False,False,False
21410,COUNTRY COTTAGE  DOORSTOP GREEN,2009-12-01,2010-12-07,5.5142,312.0,1458.28,53.0,False,True,False
21411,GINGHAM HEART  DOORSTOP RED,2009-12-01,2011-12-09,4.870365659777424,2090.0,8352.94,105.42857142857143,True,True,True
21412,VINTAGE GOLD TINSEL REEL,2009-12-01,2010-11-21,1.7285135135135137,275.0,279.0,50.714285714285715,False,False,False
21413,PERIWINKLE T-LIGHT HOLDER,2009-12-08,2011-11-13,1.6411538461538462,3162.0,1131.14,100.71428571428571,True,True,True
21414,SCALLOP SHELL SOAP DISH,2009-12-07,2011-02-22,2.922972972972973,1637.0,870.89,63.142857142857146,False,True,False
21415,CLAM SHELL SMALL,2009-12-09,2011-12-08,2.6460975609756097,348.0,726.1600000000001,104.14285714285714,True,True,True
21416,CLAM SHELL LARGE,2009-12-13,2011-03-22,4.120434782608696,751.0,603.0600000000001,66.28571428571429,False,True,False
21417,COCKLE SHELL DISH,2009-12-01,2011-12-09,3.0267796610169495,502.0,1023.9,105.42857142857143,True,True,True
21418,STARFISH SOAP DISH,2009-12-06,2011-12-07,3.4825373134328355,194.0,533.8399999999999,104.42857142857143,True,True,True
21419,CONCH SHELL,2009-12-01,2010-07-14,4.353157894736842,1259.0,577.6899999999999,32.142857142857146,False,False,False
21420,OYSTER TRINKET BOX,2010-01-04,2011-12-07,3.613125,120.0,332.16,100.28571428571429,True,True,True
21421,PORCELAIN ROSE LARGE,2009-12-06,2011-05-24,1.5691666666666666,1792.0,2144.48,76.28571428571429,False,True,False
21422,PORCELAIN ROSE SMALL,2009-12-03,2011-11-28,1.0762837837837838,3160.0,2619.17,103.57142857142857,True,True,True
21424,WOODLAND STORAGE BOX LARGE,2009-12-01,2011-10-25,4.811619718309859,955.0,2861.64,99.0,True,True,True
21425,SKULLS STORAGE BOX LARGE,2009-12-02,2011-12-06,4.1706315789473685,505.0,1274.93,104.85714285714286,True,True,True
21426,WOODLAND STORAGE BOX SMALL,2009-12-01,2011-12-05,3.2193069306930693,1028.0,1647.0700000000002,104.85714285714286,True,True,True
21427,SKULLS STORAGE BOX SMALL,2009-12-03,2011-12-06,3.0454166666666667,507.0,999.06,104.71428571428571,True,True,True
21428,SET3 BOOK BOX GREEN GINGHAM FLOWER,2009-12-01,2011-12-06,5.06049356223176,2883.0,11762.93,105.0,True,True,True
21429,RED GINGHAM ROSE JEWELLERY BOX,2009-12-01,2011-12-08,2.1040532544378694,6359.0,11342.25,105.28571428571429,True,True,True
21430,SET/3 RED GINGHAM ROSE STORAGE BOX,2009-12-01,2011-12-09,4.762558139534884,4621.0,18044.97,105.42857142857143,True,True,True
21431,GREEN GINGHAM FLOWER JEWELLERY BOX,2009-12-01,2010-11-16,1.9398924731182796,1483.0,2511.3599999999997,50.0,False,False,False
21432,SET OF 3 CASES WOODLAND DESIGN,2009-12-01,2010-11-19,6.09857740585774,942.0,5435.91,50.42857142857143,False,False,False
21437,24 HANGING EASTER EGGS FLORAL TUB,2009-12-08,2010-03-28,3.9735964912280703,677.0,2350.92,15.714285714285714,False,False,False
21438,TUB 24 HANGING EASTER EGGS SPOTTY,2009-12-03,2010-03-18,3.8329729729729727,373.0,1229.8200000000002,15.0,False,False,False
21439,BASKET OF TOADSTOOLS,2009-12-01,2011-12-08,1.5492181069958846,2259.0,2837.54,105.28571428571429,True,True,True
21440,12 MINI TOADSTOOL PEGS,2009-12-01,2010-07-01,1.32875,472.0,597.56,30.285714285714285,False,False,False
21441,BLUE BIRDHOUSE DECORATION,2009-12-13,2011-12-08,1.1006716417910447,928.0,655.4599999999999,103.57142857142857,True,True,True
21442,GREEN BIRDHOUSE DECORATION,2009-12-15,2011-12-08,1.1215441176470589,973.0,704.9699999999999,103.28571428571429,True,True,True
21443,OLIVE CHALET BIRDFEEDER,2009-12-04,2010-03-30,4.631923076923077,257.0,727.9300000000001,16.571428571428573,False,False,False
21444,BLUE CHALET BIRDFEEDER,2009-12-01,2010-04-26,5.461944444444445,291.0,902.03,20.857142857142858,False,False,False
21445,12 PINK ROSE PEG PLACE SETTINGS,2009-12-01,2011-07-22,1.5165068493150684,1519.0,1887.23,85.42857142857143,False,True,False
21446,12 RED ROSE PEG PLACE SETTINGS,2009-12-03,2011-12-08,1.4849166666666669,1258.0,1669.83,105.0,True,True,True
21447,12 IVORY ROSE PEG PLACE SETTINGS,2009-12-03,2011-09-21,1.6250146627565982,2776.0,3842.63,93.85714285714286,False,True,False
21448,12 DAISY PEGS IN WOOD BOX,2009-12-02,2011-10-16,1.8780465116279068,955.0,1640.1699999999998,97.57142857142857,True,True,True
21450,DISTRESSED CANDLE STICK WHITE,2009-12-03,2009-12-20,5.95,13.0,77.35,2.4285714285714284,False,False,False
21452,TOADSTOOL MONEY BOX,2010-03-18,2011-12-08,3.4630382775119615,1875.0,5731.330000000001,90.0,True,True,True
21454,PAINTED PINK RABBIT,2010-01-11,2011-12-08,0.906497461928934,937.0,807.5999999999999,99.42857142857143,True,True,True
21455,PAINTED YELLOW WOODEN DAISY,2010-01-28,2011-12-07,0.9351461988304094,901.0,797.27,96.85714285714286,True,True,True
21456,2 PICTURE BOOK EGGS EASTER CHICKS,2009-12-04,2011-12-07,1.447878787878788,738.0,776.05,104.71428571428571,True,True,True
21457,2 PICTURE BOOK EGGS EASTER DUCKS,2009-12-04,2011-11-09,1.544769230769231,685.0,716.0,100.71428571428571,True,True,True
21458,2 PICTURE BOOK EGGS EASTER BUNNY,2009-12-04,2011-11-09,1.635,768.0,849.24,100.71428571428571,True,True,True
21459,YELLOW EASTER EGG HUNT START POST,2010-01-28,2011-04-18,2.300909090909091,263.0,520.55,63.57142857142857,False,True,False
21460,GREEN EASTER EGG HUNT START POST,2010-01-29,2011-03-23,2.3655555555555554,113.0,249.65,59.714285714285715,False,True,False
21461,BLUE EASTER EGG HUNT START POST,2010-01-29,2011-04-06,2.336086956521739,82.0,171.04,61.714285714285715,False,True,False
21462,"NURSERY A,B,C PAINTED LETTERS",2009-12-04,2011-12-09,6.878888888888889,413.0,2425.41,105.0,True,True,True
21463,MIRRORED DISCO BALL,2009-12-01,2011-12-07,6.5647350993377485,1349.0,7484.81,105.14285714285714,True,True,True
21464,DISCO BALL ROTATOR BATTERY OPERATED,2009-12-02,2011-12-01,4.2453917050691246,539.0,2286.75,104.14285714285714,True,True,True
21465,PINK FLOWER CROCHET FOOD COVER,2009-12-01,2011-12-01,4.030588235294117,793.0,2875.6400000000003,104.28571428571429,True,True,True
21466,RED FLOWER CROCHET FOOD COVER,2009-12-01,2011-12-08,3.984782608695652,927.0,3479.79,105.28571428571429,True,True,True
21467,CHERRY CROCHET FOOD COVER,2009-12-01,2011-12-09,4.033984375,1025.0,3263.75,105.42857142857143,True,True,True
21468,BUTTERFLY CROCHET FOOD COVER,2009-12-02,2011-11-29,4.018827586206896,669.0,2361.39,103.85714285714286,True,True,True
21469,POLKA DOT RAFFIA FOOD COVER,2009-12-01,2011-12-07,3.972095238095238,1165.0,3482.01,105.14285714285714,True,True,True
21470,FLOWER VINE RAFFIA FOOD COVER,2009-12-01,2011-12-08,4.200248447204969,1102.0,4190.93,105.28571428571429,True,True,True
21471,STRAWBERRY RAFFIA FOOD COVER,2009-12-01,2011-12-09,3.9207523510971782,1406.0,5095.63,105.42857142857143,True,True,True
21472,LADYBIRD + BEE RAFFIA FOOD COVER,2009-12-01,2011-07-15,4.3950174216027875,1056.0,4077.82,84.42857142857143,False,True,False
21473,SWEETHEART CREAM STEEL TABLE RECT,2009-12-13,2011-11-20,20.839,157.0,3212.16,101.0,True,True,True
21474,SWEETHEART CREAM STEEL FOLDIN BENCH,2010-01-21,2010-09-12,19.95,210.0,4189.5,33.42857142857143,False,False,False
21475,SWEETHEART CREAM STEEL FOLDIN CHAIR,2009-12-16,2009-12-16,14.95,1.0,14.95,0.0,False,False,False
21476,STEEL SWEETHEART ROUND TABLE CREAM,2010-01-19,2011-10-19,16.436,142.0,2219.51,91.14285714285714,True,True,True
21477,STRING OF 20 ROSE LIGHTS,2009-12-01,2010-03-31,14.872666666666666,273.0,3248.94,17.142857142857142,False,False,False
21478,SILVER SKULL HOT WATER BOTTLE,2009-12-01,2010-10-31,4.4205376344086025,204.0,854.23,47.714285714285715,False,False,False
21479,WHITE SKULL HOT WATER BOTTLE,2009-12-01,2011-12-09,4.686652587117212,6219.0,31079.8,105.42857142857143,True,True,True
21480,PINK STRIPE HOT WATER BOTTLE,2009-12-01,2009-12-22,3.835,285.0,899.5200000000001,3.0,False,False,False
21481,FAWN BLUE HOT WATER BOTTLE,2009-12-01,2011-12-09,3.765328947368421,8174.0,25613.45,105.42857142857143,True,True,True
21482,MUSHROOM BLUE HOT WATER BOTTLE,2009-12-01,2010-10-17,3.6295135135135137,740.0,2296.76,45.714285714285715,False,False,False
21484,CHICK GREY HOT WATER BOTTLE,2009-12-01,2011-12-09,4.573588571428571,4584.0,18171.14,105.42857142857143,True,True,True
21485,RED SPOT HEART HOT WATER BOTTLE,2009-12-01,2011-12-09,5.467250177179306,7593.0,37078.67,105.42857142857143,True,True,True
21486,PINK HEART DOTS HOT WATER BOTTLE,2009-12-01,2010-12-07,3.903737373737374,1116.0,3638.67,53.0,False,True,False
21488,RED WHITE SCARF  HOT WATER BOTTLE,2009-12-01,2011-03-01,4.569120879120879,2384.0,9784.58,65.0,False,True,False
21489,BLUE WHITE SCARF HOT WATER BOTTLE,2009-12-01,2010-02-17,5.964285714285714,28.0,157.60000000000002,11.142857142857142,False,False,False
21490,SET OF THREE 50'S GIFT WRAPS,2009-12-01,2010-09-20,2.594642857142857,637.0,1210.6,41.857142857142854,False,False,False
21491,SET OF THREE VINTAGE GIFT WRAPS,2009-12-01,2010-12-16,2.124,2878.0,5367.009999999999,54.285714285714285,False,True,False
21493,VINTAGE DESIGN GIFT TAGS,2009-12-01,2010-09-30,1.0483333333333331,272.0,252.45,43.285714285714285,False,False,False
21494,ROTATING LEAVES T-LIGHT HOLDER,2009-12-01,2011-12-09,2.5810453648915184,3833.0,6449.0,105.42857142857143,True,True,True
21495,SKULLS WRAP,2009-12-01,2011-12-08,0.4181382978723404,12465.0,5119.3,105.28571428571429,True,True,True
21496,WOODLAND CREATURES  WRAP,2009-12-17,2009-12-17,0.42,25.0,10.5,0.0,False,False,False
21497,FANCY FONTS BIRTHDAY WRAP,2009-12-01,2011-12-09,0.4176907216494845,17500.0,6978.0,105.42857142857143,True,True,True
21498,RED SPOTS  WRAP,2009-12-01,2011-12-08,0.4174812967581047,26726.0,10851.92,105.28571428571429,True,True,True
21499,BLUE SPOTS  WRAP,2009-12-01,2011-12-08,0.4164782608695652,15052.0,6059.84,105.28571428571429,True,True,True
21500,PINK SPOTS  WRAP,2009-12-01,2011-12-05,0.4163821138211381,15950.0,6443.0,104.85714285714286,True,True,True
21503,TOYBOX  WRAP,2009-12-16,2011-11-30,0.41875,1801.0,740.42,102.0,True,True,True
21504,SKULLS GREETING CARD,2009-12-02,2011-12-07,0.4668484848484848,4913.0,2005.02,105.0,True,True,True
21506,"FANCY FONT BIRTHDAY CARD,",2009-12-01,2011-12-09,0.4894152923538231,10878.0,4534.49,105.42857142857143,True,True,True
21507,"ELEPHANT, BIRTHDAY CARD,",2009-12-02,2011-12-09,0.5037948717948717,8223.0,3455.41,105.28571428571429,True,True,True
21508,VINTAGE KID DOLLY CARD,2009-12-01,2011-12-09,0.517097966728281,6716.0,2808.62,105.42857142857143,True,True,True
21509,COWBOYS AND INDIANS BIRTHDAY CARD,2009-12-03,2011-12-09,0.5027344992050874,8696.0,3587.22,105.14285714285714,True,True,True
21511,VINTAGE COLLAGE  GREETING  CARD,2010-04-13,2010-05-21,0.42,40.0,16.8,5.428571428571429,False,False,False
21518,BANK ACCOUNT  GREETING  CARD,2009-12-02,2011-07-12,0.504862385321101,1107.0,469.28,83.85714285714286,False,True,False
21519,GIN & TONIC DIET GREETING CARD,2009-12-01,2011-12-08,0.5015342960288808,7356.0,3149.93,105.28571428571429,True,True,True
21520,BOOZE & WOMEN GREETING CARD,2009-12-01,2011-12-05,0.5285185185185185,957.0,411.63,104.85714285714286,True,True,True
21523,FANCY FONT HOME SWEET HOME DOORMAT,2009-12-01,2011-12-09,8.905819964349377,6916.0,46083.71,105.42857142857143,True,True,True
21524,SPOTTY  HOME SWEET HOME DOORMAT,2009-12-01,2011-12-08,8.468759757155247,5255.0,35955.44,105.28571428571429,True,True,True
21525,BEWARE OF THE CAT DOORMAT,2009-12-18,2009-12-18,6.75,2.0,13.5,0.0,False,False,False
21527,RETRO SPOT TRADITIONAL TEAPOT,2009-12-01,2011-05-15,8.89035756853397,3345.0,24968.47,75.71428571428571,False,True,False
21528,DAIRY MAID TRADITIONAL TEAPOT,2009-12-01,2011-12-09,7.654163424124514,899.0,5680.15,105.42857142857143,True,True,True
21529,RETRO SPOT CERAMIC TOASTRACK,2009-12-01,2010-09-13,4.022302631578947,503.0,1790.44,40.857142857142854,False,False,False
21530,DAIRY MAID CERAMIC TOASTRACK,2009-12-01,2011-12-08,2.2781818181818183,959.0,1361.5600000000002,105.28571428571429,True,True,True
21531,RETRO SPOT SUGAR JAM BOWL,2009-12-01,2011-12-07,3.038633461047254,4073.0,10174.12,105.14285714285714,True,True,True
21532,DAIRY MAID SUGAR JAM BOWL,2009-12-01,2010-10-11,2.386413043478261,1387.0,1419.71,44.857142857142854,False,False,False
21533,RETRO SPOT LARGE MILK JUG,2009-12-01,2011-12-09,5.453440748440748,3343.0,16614.870000000003,105.42857142857143,True,True,True
21534,DAIRY MAID LARGE MILK JUG,2009-12-01,2011-12-07,5.3836811594202905,938.0,4768.64,105.14285714285714,True,True,True
21535,RETRO SPOT SMALL MILK JUG,2009-12-01,2011-12-08,2.864748455428067,6776.0,16837.0,105.28571428571429,True,True,True
21536,DAIRY MAID  SMALL  MILK JUG,2009-12-03,2010-03-30,2.2688888888888887,221.0,474.74000000000007,16.714285714285715,False,False,False
21537,RETRO SPOTS PUDDING BOWL,2009-12-01,2011-12-07,4.705285171102662,1005.0,4338.71,105.14285714285714,True,True,True
21538,DAIRY MAID  PUDDING BOWL,2009-12-01,2010-12-09,4.00764705882353,1308.0,1924.51,53.285714285714285,False,True,False
21539,RETRO SPOTS BUTTER DISH,2009-12-01,2011-11-01,5.789149232914923,2723.0,13551.64,100.0,True,True,True
21540,DAIRY MAID CERAMIC BUTTER DISH,2009-12-01,2010-09-09,4.735977011494254,1323.0,2394.95,40.285714285714285,False,False,False
21541,DINOSAURS WATER TRANSFER TATTOOS,2009-12-01,2010-11-15,1.0449261083743842,1907.0,1636.24,49.857142857142854,False,False,False
21542,WOODLAND WATER TRANSFER TATTOOS,2009-12-01,2010-10-10,1.016020942408377,1877.0,1600.75,44.714285714285715,False,False,False
21543,BUTTERFLY WATER TRANSFER TATTOOS,2009-12-01,2009-12-21,1.1958333333333333,284.0,215.0,2.857142857142857,False,False,False
21544,SKULLS  WATER TRANSFER TATTOOS,2009-12-01,2011-12-09,1.0451968503937008,6064.0,5052.21,105.42857142857143,True,True,True
21545,CERAMIC BIRDHOUSE BUTTERFLY SMALL,2009-12-01,2010-07-23,3.555542168674699,697.0,1640.12,33.42857142857143,False,False,False
21547,CERAMIC BIRDHOUSE CRESTED TIT SMALL,2009-12-01,2011-03-22,3.5872727272727274,719.0,1848.4700000000005,68.0,False,True,False
21548,CERAMIC BIRDHOUSE FINCH BLUE ROOF,2009-12-01,2010-11-01,3.7270370370370376,682.0,1776.12,47.857142857142854,False,False,False
21549,CERAMIC BIRDHOUSE RED ROOF SMALL,2009-12-01,2010-04-13,3.3067307692307697,547.0,1270.39,19.0,False,False,False
21550,CERAMIC BIRDHOUSE CRESTED TIT LARGE,2009-12-02,2010-05-21,6.715223880597015,295.0,1565.51,24.285714285714285,False,False,False
21551,CERAMIC BIRDHOUSE BUTTERFLY LARGE,2009-12-02,2010-01-29,6.8,169.0,824.95,8.285714285714286,False,False,False
21552,CERAMIC BIRDHOUSE BLACK ROSE  LARGE,2009-12-02,2010-06-03,6.259722222222222,165.0,837.6,26.142857142857142,False,False,False
21553,CERAMIC BIRDHOUSE FINCH BLUE  LARGE,2009-12-01,2010-04-06,7.881282051282051,90.0,581.27,18.0,False,False,False
21554,CERAMIC BIRDHOUSE RED ROOF LARGE,2009-12-01,2010-01-21,6.479545454545455,167.0,767.75,7.285714285714286,False,False,False
21555,CERAMIC STRAWBERRY TRINKET TRAY,2009-12-02,2011-12-06,3.057462686567164,425.0,1131.37,104.85714285714286,True,True,True
21556,CERAMIC STRAWBERRY MONEY BOX,2009-12-01,2011-11-23,3.251346801346801,1607.0,4244.41,103.14285714285714,True,True,True
21557,SET OF 6 FUNKY BEAKERS,2009-12-01,2011-12-09,4.149375,932.0,3169.3900000000003,105.42857142857143,True,True,True
21558,SKULL LUNCHBOX WITH CUTLERY,2009-12-01,2011-12-09,3.2576030927835053,4207.0,10810.66,105.42857142857143,True,True,True
21559,STRAWBERRY LUNCHBOX WITH CUTLERY,2009-12-01,2011-12-09,3.0474677419354834,8227.0,20345.53,105.42857142857143,True,True,True
21560,TOADSTOOL  LUNCHBOX WITH CUTLERY,2009-12-01,2009-12-22,3.86,4.0,15.44,3.0,False,False,False
21561,DINOSAUR LUNCHBOX WITH CUTLERY,2009-12-01,2011-12-08,2.8990285714285715,2969.0,7303.91,105.28571428571429,True,True,True
21562,HAWAIIAN GRASS SKIRT,2010-01-07,2011-11-21,1.8506756756756757,678.0,970.28,97.57142857142857,True,True,True
21563,RED HEART SHAPE LOVE BUCKET,2009-12-02,2011-12-09,3.315123287671233,2786.0,6875.71,105.28571428571429,True,True,True
21564,PINK  HEART SHAPE LOVE BUCKET,2009-12-03,2011-12-09,3.22935593220339,1951.0,4524.5,105.14285714285714,True,True,True
21576,LETS GO SHOPPING COTTON TOTE BAG,2009-12-01,2011-12-08,2.513381642512077,732.0,1686.19,105.28571428571429,True,True,True
21577,SAVE THE PLANET COTTON TOTE BAG,2009-12-01,2011-12-08,2.713261802575107,2556.0,5716.5199999999995,105.28571428571429,True,True,True
21578,WOODLAND DESIGN  COTTON TOTE BAG,2009-12-01,2011-12-05,2.6083854166666667,2205.0,5062.86,104.85714285714286,True,True,True
21579,LOLITA  DESIGN  COTTON TOTE BAG,2009-12-01,2011-12-06,2.5860583941605837,1029.0,1560.85,105.0,True,True,True
21580,RABBIT  DESIGN  COTTON TOTE BAG,2009-12-01,2011-12-08,2.855639534883721,542.0,1329.63,105.28571428571429,True,True,True
21581,SKULLS  DESIGN  COTTON TOTE BAG,2009-12-01,2011-12-08,2.6458333333333335,1172.0,1890.74,105.28571428571429,True,True,True
21582,KINGS CHOICE SMALL TUBE MATCHES,2009-12-01,2010-02-21,1.65,117.0,193.05,11.714285714285714,False,False,False
21584,RETRO SPOT SMALL TUBE MATCHES,2009-12-01,2011-12-07,1.647831978319783,3769.0,6070.05,105.14285714285714,True,True,True
21585,SWALLOW SMALL TUBE MATCHES,2010-08-01,2010-08-01,1.65,1.0,1.65,0.0,False,False,False
21586,KINGS CHOICE GIANT TUBE MATCHES,2009-12-01,2011-11-07,2.5149590163934423,2583.0,6018.75,100.85714285714286,True,True,True
21587,COSY HOUR GIANT TUBE MATCHES,2009-12-01,2011-10-18,2.5416974169741695,2071.0,5173.05,98.0,True,True,True
21588,RETRO SPOT GIANT  TUBE MATCHES,2009-12-01,2011-12-08,2.523529411764706,3351.0,7748.55,105.28571428571429,True,True,True
21589,SWALLOW GIANT TUBE MATCHES,2009-12-01,2010-06-17,2.5044943820224717,1119.0,2583.4500000000003,28.285714285714285,False,False,False
21590,KINGS CHOICE CIGAR BOX MATCHES,2009-12-01,2010-11-10,1.246135593220339,3448.0,4141.28,49.142857142857146,False,False,False
21591,COSY HOUR CIGAR BOX MATCHES,2009-12-01,2011-12-09,1.262421052631579,3978.0,6003.08,105.42857142857143,True,True,True
21592,RETRO SPOT  CIGAR BOX MATCHES,2009-12-01,2011-12-08,1.1931211498973304,5876.0,6552.46,105.28571428571429,True,True,True
21593,SWALLOW CIGAR BOX MATCHES,2009-12-01,2010-05-23,1.2480208333333334,1391.0,1629.31,24.714285714285715,False,False,False
21594,Dr. Jam's Arouzer Stress Ball,2009-12-09,2011-01-14,4.212,5.0,21.06,57.285714285714285,False,True,False
21595,Dad's Cab Electronic Meter,2009-12-02,2010-12-07,8.55,9.0,76.95,52.857142857142854,False,True,False
21596,Hypochondriac Pill Stress Ball,2009-12-01,2010-11-04,4.26,10.0,42.64,48.285714285714285,False,False,False
21609,SET 12 LAVENDER  BOTANICAL T-LIGHTS,2009-12-02,2011-08-30,3.033287671232877,1499.0,4186.29,90.85714285714286,False,True,False
21610,SET 12 PEAR BOTANICAL T-LIGHTS,2009-12-02,2010-11-18,3.043571428571429,542.0,1543.67,50.142857142857146,False,False,False
21611,SET OF 12 LILY BOTANICAL T-LIGHTS,2009-12-01,2010-10-27,3.1227814569536427,750.0,2182.19,47.142857142857146,False,False,False
21612,SET 12 WILDFLOWER BOTANICAL T-LIGHT,2009-12-01,2010-09-29,3.2462280701754387,698.0,2025.77,43.142857142857146,False,False,False
21613,S/12 VANILLA  BOTANICAL T-LIGHTS,2009-12-02,2011-10-27,3.078445945945946,632.0,1861.4500000000005,99.14285714285714,True,True,True
21614,SET OF 12 ROSE BOTANICAL T-LIGHTS,2009-12-02,2011-05-31,3.0643147208121833,1627.0,4538.17,77.85714285714286,False,True,False
21615,4 LAVENDER BOTANICAL DINNER CANDLES,2009-12-01,2011-12-09,2.350348837209302,1168.0,2308.67,105.42857142857143,True,True,True
21616,4 PEAR BOTANICAL DINNER CANDLES,2009-12-08,2011-12-09,2.465969387755102,1152.0,2458.58,104.42857142857143,True,True,True
21617,4 LILY  BOTANICAL DINNER CANDLES,2009-12-02,2011-11-21,2.94546511627907,834.0,2135.01,102.71428571428571,True,True,True
21618,4 WILDFLOWER BOTANICAL CANDLES,2009-12-01,2011-11-14,2.9126027397260277,698.0,1823.74,101.85714285714286,True,True,True
21619,4 VANILLA BOTANICAL CANDLES,2009-12-01,2011-12-08,2.4028169014084506,1131.0,2069.02,105.28571428571429,True,True,True
21620,S/4 ROSE    BOTANICAL  CANDLE,2009-12-03,2011-12-09,2.531762114537445,1087.0,2206.73,105.14285714285714,True,True,True
21621,VINTAGE UNION JACK BUNTING,2009-12-01,2011-12-06,9.307857689364958,6900.0,60286.04,105.0,True,True,True
21622,VINTAGE UNION JACK CUSHION COVER,2009-12-01,2011-12-07,5.8373892405063295,3699.0,19936.94,105.14285714285714,True,True,True
21623,VINTAGE UNION JACK MEMOBOARD,2010-02-28,2011-12-08,10.215838041431262,6165.0,45402.18,92.57142857142857,True,True,True
21624,VINTAGE UNION JACK DOORSTOP,2009-12-01,2011-12-08,6.616987654320988,1771.0,10641.15,105.28571428571429,True,True,True
21625,VINTAGE UNION JACK APRON,2009-12-01,2011-12-07,8.184553571428571,984.0,7037.62,105.14285714285714,True,True,True
21626,VINTAGE UNION JACK PENNANT,2009-12-01,2011-11-21,2.3283009708737863,1496.0,3017.0699999999997,102.85714285714286,True,True,True
21627,ELEPHANT CARNIVAL POUFFE,2009-12-04,2011-10-24,22.700782608695658,195.0,3766.35,98.42857142857143,True,True,True
21628,TRIANGULAR POUFFE VINTAGE,2009-12-02,2011-12-08,22.65022988505747,164.0,3185.2799999999997,105.14285714285714,True,True,True
21629,SQUARE FLOOR CUSHION VINTAGE PINK,2009-12-03,2011-12-08,11.973333333333334,177.0,1961.37,105.0,True,True,True
21630,FLOOR CUSHION ELEPHANT CARNIVAL,2009-12-03,2011-12-07,13.734105263157897,162.0,1973.39,104.85714285714286,True,True,True
21631,HIPPY CHIC DECORATIVE PARASOL,2009-12-09,2011-11-17,10.77962962962963,221.0,1571.75,101.14285714285714,True,True,True
21632,VINTAGE PINK DECORATIVE PARASOL,2009-12-02,2011-01-18,11.170377358490564,132.0,1076.22,58.857142857142854,False,True,False
21633,SUNFLOWER DECORATIVE PARASOL,2009-12-04,2011-11-21,13.04888888888889,175.0,1663.11,102.42857142857143,True,True,True
21634,ASSORTED MINI MADRAS NOTEBOOK,2009-12-03,2011-10-16,1.363768115942029,1771.0,1507.74,97.42857142857143,True,True,True
21635,MADRAS NOTEBOOK LARGE,2009-12-04,2011-07-13,3.29046511627907,398.0,855.24,83.71428571428571,False,True,False
21636,MADRAS NOTEBOOK MEDIUM,2009-12-04,2011-12-05,1.4927722772277223,1014.0,985.74,104.42857142857143,True,True,True
21637,ASSORTED SANSKRIT MINI NOTEBOOK,2009-12-01,2011-10-10,1.8408602150537632,1358.0,1741.72,96.85714285714286,False,True,False
21638,ASSORTED TUTTI FRUTTI NOTEBOOK,2009-12-01,2011-12-08,2.437448275862069,1020.0,2220.94,105.28571428571429,True,True,True
21639,ASSORTED TUTTI FRUTTI KEYRING,2009-12-01,2010-03-03,0.9633333333333332,259.0,228.65,13.142857142857142,False,False,False
21640,ASSORTED TUTTI FRUTTI  FOB NOTEBOOK,2009-12-01,2011-12-08,1.0971962616822428,2225.0,2049.4,105.28571428571429,True,True,True
21641,ASSORTED TUTTI FRUTTI KEYRING BALL,2009-12-02,2011-09-16,1.2257657657657657,1666.0,946.31,93.28571428571429,False,True,False
21642,ASSORTED TUTTI FRUTTI PEN,2009-12-01,2011-12-09,0.8806896551724137,4413.0,2575.18,105.42857142857143,True,True,True
21643,ASSORTED TUTTI FRUTTI MIRROR,2009-12-01,2011-11-15,1.8602941176470589,1521.0,2127.94,102.0,True,True,True
21644,ASSORTED TUTTI FRUTTI HEART BOX,2009-12-03,2011-11-27,1.4383916083916084,1087.0,1461.47,103.42857142857143,True,True,True
21645,ASSORTED TUTTI FRUTTI ROUND BOX,2009-12-02,2010-11-16,1.844148148148148,969.0,1642.65,49.857142857142854,False,False,False
21647,ASSORTED TUTTI FRUTTI LARGE PURSE,2009-12-01,2011-11-27,2.5659459459459457,848.0,1899.28,103.71428571428571,True,True,True
21648,ASSORTED TUTTI FRUTTI SMALL PURSE,2009-12-01,2011-12-09,1.834549356223176,2940.0,3956.48,105.42857142857143,True,True,True
21649,ASSORTED TUTTI FRUTTI PHOTO FRAME,2009-12-01,2010-01-08,3.3486206896551725,421.0,1162.89,5.428571428571429,False,False,False
21650,ASSORTED TUTTI FRUTTI BRACELET,2009-12-01,2011-12-09,0.6638647342995169,3204.0,1163.8,105.42857142857143,True,True,True
21651,HANGING GLASS ETCHED TEALIGHT,2009-12-03,2011-02-21,1.84456,1361.0,2200.3599999999997,63.57142857142857,False,True,False
21652,GLASS ETCHED T-LIGHT HOLDER MEDIUM,2009-12-06,2010-08-05,2.098860759493671,896.0,1747.9399999999998,34.57142857142857,False,False,False
21653,GLASS ETCHED T-LIGHT HOLDER LARGE,2010-01-13,2010-11-22,2.266086956521739,1246.0,2565.67,44.714285714285715,False,False,False
21654,RIDGED GLASS FINGER BOWL,2009-12-03,2011-09-18,1.2796385542168671,1183.0,820.21,93.42857142857143,False,True,False
21655,HANGING RIDGE GLASS T-LIGHT HOLDER,2009-12-02,2011-02-11,1.956741573033708,1396.0,2277.5,62.285714285714285,False,True,False
21656,RIDGED GLASS POSY VASE,2009-12-03,2011-05-03,2.0507142857142853,985.0,1614.54,73.71428571428571,False,True,False
21657,MILK BOTTLE WITH GLASS STOPPER,2009-12-03,2011-02-20,8.511949152542373,257.0,1967.38,63.42857142857143,False,True,False
21658,GLASS  BEURRE DISH,2009-12-01,2011-08-11,5.327878787878788,2225.0,9271.89,88.28571428571429,False,True,False
21659,GLASS CAKE STAND,2009-12-02,2010-11-07,17.163636363636364,120.0,1891.7,48.57142857142857,False,False,False
21661,VINTAGE GLASS TEA CADDY,2009-12-04,2011-02-22,7.073838383838384,239.0,1511.3100000000002,63.57142857142857,False,True,False
21662,VINTAGE GLASS COFFEE CADDY,2009-12-04,2011-08-15,7.421028037383177,269.0,1735.0500000000002,88.42857142857143,False,True,False
21663,VINTAGE GLASS SUGAR CADDY,2009-12-02,2010-04-13,7.245625,76.0,488.16,18.857142857142858,False,False,False
21664,RIDGED GLASS STORAGE JAR CREAM LID,2009-12-03,2011-10-17,4.253970588235294,258.0,1031.07,97.57142857142857,True,True,True
21665,TRIANGULAR RIDGED GLASS POSY HOLDER,2009-12-02,2010-05-26,1.088974358974359,879.0,638.8000000000001,25.0,False,False,False
21666,RIDGED GLASS T-LIGHT HOLDER,2009-12-02,2011-12-06,0.819186046511628,1760.0,1105.15,104.85714285714286,True,True,True
21667,GLASS CAKE COVER AND PLATE,2009-12-03,2011-01-12,18.9580981595092,354.0,6126.25,57.857142857142854,False,True,False
21668,RED STRIPE CERAMIC DRAWER KNOB,2009-12-01,2011-12-09,1.6418127250900358,10357.0,13912.17,105.42857142857143,True,True,True
21669,BLUE STRIPE CERAMIC DRAWER KNOB,2009-12-01,2011-12-09,1.5683516483516484,10578.0,13839.18,105.42857142857143,True,True,True
21670,BLUE SPOT CERAMIC DRAWER KNOB,2009-12-01,2011-12-09,1.6382901554404146,8845.0,12074.4,105.42857142857143,True,True,True
21671,RED SPOT CERAMIC DRAWER KNOB,2009-12-01,2011-12-09,1.6134520547945204,9488.0,12339.32,105.42857142857143,True,True,True
21672,WHITE SPOT RED CERAMIC DRAWER KNOB,2009-12-01,2011-12-09,1.59683192261185,11120.0,14411.13,105.42857142857143,True,True,True
21673,WHITE SPOT BLUE CERAMIC DRAWER KNOB,2009-12-01,2011-12-09,1.6327083333333334,10050.0,13272.39,105.42857142857143,True,True,True
21674,RIDGED GLASS PENDANT LAMPSHADE,2009-12-07,2010-03-10,16.505555555555553,43.0,680.8499999999999,13.285714285714286,False,False,False
21675,BUTTERFLIES STICKERS,2009-12-02,2011-12-09,1.0479553903345724,1782.0,1576.84,105.28571428571429,True,True,True
21676,FLOWERS  STICKERS,2009-12-02,2011-12-05,1.0138364779874214,1193.0,893.7199999999999,104.71428571428571,True,True,True
21677,HEARTS  STICKERS,2009-12-01,2011-12-09,0.9985304659498206,2125.0,1859.38,105.42857142857143,True,True,True
21678,PAISLEY PATTERN  STICKERS,2009-12-02,2011-12-09,0.97425,572.0,423.0,105.28571428571429,True,True,True
21679,SKULLS  STICKERS,2009-12-01,2011-12-07,1.0574932614555257,4871.0,4034.51,105.14285714285714,True,True,True
21680,WOODLAND  STICKERS,2009-12-01,2011-12-09,1.141003717472119,2858.0,2483.68,105.42857142857143,True,True,True
21681,GIANT MEDINA STAMPED METAL BOWL,2009-12-02,2011-02-22,10.156375,233.0,2234.81,63.857142857142854,False,True,False
21682,LARGE MEDINA STAMPED METAL BOWL,2009-12-03,2011-12-04,5.280526315789474,559.0,2767.59,104.42857142857143,True,True,True
21683,MEDIUM MEDINA STAMPED METAL BOWL,2009-12-02,2011-12-05,3.308627450980392,936.0,2757.4700000000003,104.71428571428571,True,True,True
21684,SMALL MEDINA STAMPED METAL BOWL,2009-12-01,2011-12-09,1.11,1696.0,1357.61,105.42857142857143,True,True,True
21685,MEDINA STAMPED METAL TRAY,2009-12-01,2009-12-02,14.95,3.0,44.849999999999994,0.14285714285714285,False,False,False
21686,MEDINA STAMPED METAL STOOL,2009-12-11,2011-10-02,39.29515151515152,65.0,2460.1400000000003,94.28571428571429,False,True,False
21687,SILVER PLATE CANDLE BOWL LARGE,2009-12-01,2010-09-14,4.647358490566038,477.0,1871.23,41.0,False,False,False
21688,SILVER PLATE CANDLE BOWL SMALL,2009-12-01,2011-11-30,3.6079577464788737,912.0,2845.6500000000005,104.14285714285714,True,True,True
21689,SILVER VANILLA  FLOWER CANDLE POT,2009-12-07,2011-12-06,4.104516129032258,342.0,1268.12,104.14285714285714,True,True,True
21690,SILVER  CANDLEPOT JARDIN,2009-12-03,2011-01-30,3.9595454545454545,258.0,990.84,60.42857142857143,False,True,False
21691,SILVER VANILLA FLOWER CANDLE POT,2009-12-01,2010-10-29,3.988987341772152,249.0,960.99,47.42857142857143,False,False,False
21692,SILVER LATTICE VANILLA CANDLE POT,2009-12-01,2011-02-25,4.022333333333333,502.0,1906.62,64.42857142857143,False,True,False
21693,SMALL HAMMERED SILVER CANDLEPOT,2009-12-03,2011-12-06,3.3857500000000003,871.0,2648.6200000000003,104.71428571428571,True,True,True
21694,SMALL REGAL  SILVER CANDLEPOT,2009-12-01,2011-12-05,3.2754285714285714,556.0,1593.16,104.85714285714286,True,True,True
21695,SMALL SILVER FLOWER CANDLE POT,2009-12-02,2011-12-08,3.627549019607843,630.0,1952.1800000000003,105.14285714285714,True,True,True
21696,SMALL SILVER TRELLIS CANDLEPOT,2009-12-03,2011-11-23,3.2544859813084113,749.0,2251.1400000000003,102.85714285714286,True,True,True
21697,SET 5 MINI DOUGHNUT FRIDGE MAGNET,2009-12-07,2010-02-15,1.491428571428571,372.0,295.08000000000004,10.0,False,False,False
21698,MOCK LOBSTER FRIDGE MAGNET,2009-12-08,2011-12-07,1.2316964285714285,530.0,399.01,104.14285714285714,True,True,True
21699,SET 5 MINI CHOCOLATE FRIDGE MAGNETS,2009-12-15,2010-02-15,1.2266666666666666,108.0,82.44,8.857142857142858,False,False,False
21700,BIG DOUGHNUT FRIDGE MAGNETS,2009-12-01,2011-12-07,3.2401704545454546,6335.0,7028.509999999999,105.14285714285714,True,True,True
21702,SET 5 MINI GATEAUX  FRIDGE MAGNETS,2009-12-15,2010-02-15,1.3425,2636.0,918.68,8.857142857142858,False,False,False
21703,BAG 125g SWIRLY MARBLES,2009-12-02,2011-12-09,0.4968110918544193,14577.0,5646.47,105.28571428571429,True,True,True
21704,BAG 250g SWIRLY MARBLES,2009-12-01,2011-12-09,0.9764982578397212,17175.0,13235.16,105.42857142857143,True,True,True
21705,BAG 500g SWIRLY MARBLES,2009-12-01,2011-12-09,1.8070175438596492,2534.0,3145.7099999999996,105.42857142857143,True,True,True
21706,"FOLDING UMBRELLA , RED/WHITE SPOT",2009-12-01,2011-12-07,5.192204724409448,1348.0,5026.21,105.14285714285714,True,True,True
21707,"FOLDING UMBRELLA , BLACK/BLUE  SPOT",2009-12-01,2011-12-06,4.954418604651163,1005.0,4184.95,105.0,True,True,True
21708,FOLDING UMBRELLA  CREAM/MULTI  SPOT,2009-12-01,2011-12-05,4.722538461538462,611.0,2336.48,104.85714285714286,True,True,True
21709,FOLDING UMBRELLA  CHOC/WHITE  SPOT,2009-12-02,2011-12-04,5.148717948717948,696.0,2876.7200000000003,104.57142857142857,True,True,True
21710,FOLDING UMBRELLA  PINK/WHITE  SPOT,2009-12-01,2011-11-25,4.934234234234235,726.0,2235.01,103.42857142857143,True,True,True
21711,FOLDING UMBRELLA  WHITE/RED  SPOT,2009-12-01,2011-11-24,5.229154929577465,382.0,1555.66,103.28571428571429,True,True,True
21713,CITRONELLA CANDLE FLOWERPOT,2009-12-08,2011-12-06,2.3839393939393942,2733.0,5145.4400000000005,104.0,True,True,True
21714,CITRONELLA CANDLE GARDEN POT,2009-12-07,2011-12-09,1.7584600760456273,4283.0,6182.39,104.57142857142857,True,True,True
21715,GIRLS VINTAGE TIN SEASIDE BUCKET,2009-12-13,2011-12-08,3.257576374745417,3553.0,8987.24,103.57142857142857,True,True,True
21716,BOYS VINTAGE TIN SEASIDE BUCKET,2009-12-13,2011-12-09,3.3368737474949897,3709.0,9397.07,103.71428571428571,True,True,True
21717,EASTER TIN BUCKET,2009-12-02,2011-03-22,2.927272727272727,1554.0,4039.63,67.85714285714286,False,True,False
21718,RED METAL BEACH SPADE,2009-12-14,2011-12-09,1.6677659574468089,4030.0,5250.3,103.57142857142857,True,True,True
21719,LOVELY BONBON STICKER SHEET,2009-12-01,2011-12-05,1.0726573426573425,906.0,813.14,104.85714285714286,True,True,True
21720,CAKE SHOP  STICKER SHEET,2009-12-04,2011-07-26,1.0295535714285715,1068.0,929.81,85.57142857142857,False,True,False
21721,CANDY SHOP  STICKER SHEET,2009-12-01,2011-12-02,1.1454109589041097,1090.0,990.5,104.42857142857143,True,True,True
21722,SWEET PUDDING STICKER SHEET,2009-12-01,2011-12-08,1.1548101265822783,347.0,327.75,105.28571428571429,True,True,True
21723,ALPHABET HEARTS STICKER SHEET,2009-12-02,2011-12-05,1.0296323529411764,866.0,769.13,104.71428571428571,True,True,True
21724,PANDA AND BUNNIES STICKER SHEET,2009-12-01,2011-12-09,1.0143575418994413,996.0,888.3399999999999,105.42857142857143,True,True,True
21725,SWEETIES  STICKERS,2009-12-01,2011-11-17,1.1497701149425288,1135.0,1036.4299999999998,102.28571428571429,True,True,True
21726,MULTI HEARTS  STICKERS,2009-12-01,2011-12-07,0.9734177215189872,1077.0,930.99,105.14285714285714,True,True,True
21728,METAL MEDINA LANTERN,2009-12-03,2010-07-23,13.710249999999998,298.0,2773.11,33.142857142857146,False,False,False
21729,SMALL MARAKESH METAL  LANTERN,2009-12-02,2010-01-18,4.051290322580646,124.0,422.9,6.714285714285714,False,False,False
21730,GLASS STAR FROSTED T-LIGHT HOLDER,2009-12-01,2011-12-07,5.4511111111111115,1115.0,5534.17,105.14285714285714,True,True,True
21731,RED TOADSTOOL LED NIGHT LIGHT,2009-12-01,2011-12-09,2.237496782496782,28910.0,48315.84,105.42857142857143,True,True,True
21732,RED HANGING METAL STAR TLIGHT HLDR,2009-12-01,2010-09-28,3.8156666666666665,925.0,3214.57,43.0,False,False,False
21733,RED HANGING HEART T-LIGHT HOLDER,2009-12-01,2011-12-08,3.09675404350251,17575.0,50346.490000000005,105.28571428571429,True,True,True
21734,SMALL MARAKESH LANTERN ON STICK,2009-12-02,2010-03-10,5.727666666666667,97.0,529.49,14.0,False,False,False
21735,TWO DOOR CURIO CABINET,2009-12-01,2011-09-16,15.352824427480916,853.0,11112.85,93.42857142857143,False,True,False
21736,GOLD SCROLL GLASS T-LIGHT HOLDER,2009-12-04,2011-04-06,2.343571428571429,193.0,393.69000000000005,69.71428571428571,False,True,False
21737,SET 3 WICKER LOG BASKETS,2009-12-01,2010-10-18,19.868048780487804,398.0,7362.66,45.857142857142854,False,False,False
21738,COSY SLIPPER SHOES SMALL  RED,2009-12-01,2011-10-20,3.500661764705882,422.0,1322.63,98.28571428571429,True,True,True
21739,COSY SLIPPER SHOES SMALL GREEN,2009-12-02,2011-12-09,3.052528089887641,494.0,1451.85,105.28571428571429,True,True,True
21740,COSY SLIPPER SHOES LARGE RED,2009-12-01,2010-05-30,3.687910447761194,201.0,698.0100000000001,25.714285714285715,False,False,False
21741,COSY SLIPPER SHOES LARGE GREEN,2009-12-01,2011-11-16,3.830260416666667,701.0,2293.7500000000005,102.14285714285714,True,True,True
21742,LARGE ROUND WICKER PLATTER,2009-12-01,2011-12-08,6.052820512820513,437.0,2647.28,105.28571428571429,True,True,True
21743,STAR PORTABLE TABLE LIGHT,2009-12-01,2011-09-13,3.553675675675676,1288.0,3767.08,93.0,False,True,False
21744,SNOWFLAKE PORTABLE TABLE LIGHT,2009-12-01,2011-11-24,3.179144144144144,898.0,2697.1600000000003,103.28571428571429,True,True,True
21745,GAOLERS KEYS DECORATIVE GARDEN,2009-12-01,2011-12-07,3.953394308943089,2699.0,9201.49,105.14285714285714,True,True,True
21746,SMALL RED SPOT  WINDMILL,2009-12-01,2011-11-29,1.509516129032258,5965.0,7468.34,104.0,True,True,True
21747,SMALL SKULL WINDMILL,2009-12-01,2011-11-30,1.4423376623376625,2049.0,2452.35,104.14285714285714,True,True,True
21749,LARGE RED SPOT WINDMILL,2009-12-09,2011-11-29,2.5434615384615387,5657.0,10980.98,102.85714285714286,True,True,True
21750,LARGE SKULL WINDMILL,2009-12-14,2011-11-08,2.428548387096774,309.0,663.85,99.14285714285714,True,True,True
21752,GLASS CAKE STAND MIRRORED BASE,2009-12-02,2010-09-09,17.717027027027026,77.0,1244.81,40.142857142857146,False,False,False
21754,HOME BUILDING BLOCK WORD,2009-12-01,2011-12-09,6.587843794920939,7595.0,46516.990000000005,105.42857142857143,True,True,True
21755,LOVE BUILDING BLOCK WORD,2009-12-01,2011-12-09,6.681397786837508,5643.0,34836.020000000004,105.42857142857143,True,True,True
21756,BATH BUILDING BLOCK WORD,2009-12-01,2011-12-08,6.565616438356165,1612.0,9944.65,105.28571428571429,True,True,True
21757,LIGHTHOUSE PRINTED METAL SIGN,2009-12-08,2011-02-17,6.3058139534883715,80.0,454.3,62.285714285714285,False,True,False
21758,VINTAGE SHELLS PRINT,2009-12-10,2011-12-01,9.013417721518987,135.0,1069.76,103.0,True,True,True
21759,METAL WALL SHELF UNIT WITH HOOKS,2010-01-13,2010-04-29,54.18692307692308,30.0,1274.47,15.142857142857142,False,False,False
21760,FRENCH STYLE WALL DRESSER,2010-03-01,2010-09-09,116.92307692307692,15.0,1740.0,27.428571428571427,False,False,False
21761,WOOD AND GLASS MEDICINE CABINET,2009-12-01,2011-12-04,29.575,65.0,1814.75,104.71428571428571,True,True,True
21763,VINTAGE WOODEN BAR STOOL,2010-01-31,2011-07-06,27.95294117647059,43.0,1157.9,74.42857142857143,False,True,False
21764,VINTAGE WOODEN PLATE RACK,2009-12-08,2010-03-12,39.49545454545455,17.0,659.1500000000001,13.428571428571429,False,False,False
21765,HANGING METAL BIRD BATH,2009-12-06,2010-11-15,9.029794520547949,371.0,3076.39,49.142857142857146,False,False,False
21767,FRENCH STYLE WIRE DOOR CABINET,2009-12-01,2009-12-01,29.95,1.0,29.95,0.0,False,False,False
21768,WALL MOUNTED VINTAGE ORGANISER,2009-12-01,2010-11-15,18.043353658536585,497.0,6756.09,49.857142857142854,False,False,False
21769,VINTAGE POST OFFICE CABINET,2009-12-03,2010-12-07,77.62666666666667,123.0,7954.87,52.714285714285715,False,True,False
21770,OPEN CLOSED METAL SIGN,2009-12-01,2011-12-08,5.4356748466257665,2991.0,14807.3,105.28571428571429,True,True,True
21772,VINTAGE METAL CAKE STAND CREAM,2010-01-05,2010-01-05,12.75,1.0,12.75,0.0,False,False,False
21773,DECORATIVE ROSE BATHROOM BOTTLE,2009-12-01,2011-12-08,1.9163870967741936,1642.0,1899.4,105.28571428571429,True,True,True
21774,DECORATIVE CATS BATHROOM BOTTLE,2009-12-03,2011-12-09,2.008216216216216,1711.0,2129.81,105.14285714285714,True,True,True
21775,DECORATIVE FLORE BATHROOM BOTTLE,2009-12-02,2011-12-08,2.009496402877698,874.0,1326.29,105.14285714285714,True,True,True
21777,RECIPE BOX WITH METAL HEART,2009-12-01,2010-12-06,9.097527173913043,1126.0,9075.51,52.857142857142854,False,True,False
21779,MA CAMPAGNE MINI WOODEN CHEST,2009-12-04,2010-01-15,4.612272727272727,301.0,1097.8000000000002,6.0,False,False,False
21780,MA CAMPAGNE 4 DRAWER WALL SHELF,2009-12-08,2010-01-13,10.9125,203.0,1745.85,5.142857142857143,False,False,False
21781,MA CAMPAGNE CUTLERY BOX,2009-12-01,2011-07-10,16.549700272479562,655.0,10125.72,83.71428571428571,False,True,False
21784,SHOE SHINE BOX,2009-12-01,2011-09-01,12.688595505617975,290.0,3538.2799999999997,91.28571428571429,False,True,False
21785,RAIN PONCHO,2009-12-04,2011-02-15,0.9908910891089108,2005.0,1514.63,62.57142857142857,False,True,False
21786,RAIN HAT WITH RED SPOTS,2009-12-01,2011-12-09,0.6250325379609544,7471.0,3049.0299999999997,105.42857142857143,True,True,True
21787,RAIN PONCHO WITH RED SPOTS,2010-03-25,2011-12-09,1.0361134453781513,15135.0,11926.08,89.14285714285714,True,True,True
21788,KIDS RAIN MAC BLUE,2009-12-01,2011-12-06,0.9104225352112676,3375.0,2725.0899999999997,105.0,True,True,True
21789,KIDS RAIN MAC PINK,2009-12-01,2011-12-02,0.9376923076923076,2920.0,2437.0699999999997,104.42857142857143,True,True,True
21790,VINTAGE SNAP CARDS,2009-12-01,2011-12-09,1.008572922111866,27244.0,23506.17,105.42857142857143,True,True,True
21791,VINTAGE HEADS AND TAILS CARD GAME,2009-12-01,2011-12-09,1.4899774436090223,17604.0,22858.6,105.42857142857143,True,True,True
21792,CLASSIC FRENCH STYLE BASKET GREEN,2010-01-20,2011-08-03,5.968297872340425,494.0,2517.88,80.0,False,True,False
21793,CLASSIC FRENCH STYLE BASKET BROWN,2010-01-20,2011-12-01,5.173203883495146,353.0,1627.36,97.14285714285714,True,True,True
21794,CLASSIC FRENCH STYLE BASKET NATURAL,2010-01-27,2011-10-25,6.00247191011236,713.0,3552.09,90.85714285714286,True,True,True
21795,SET OF 3 BLUE STRIPE BASKET,2009-12-01,2010-08-11,13.154125,441.0,3734.940000000001,36.142857142857146,False,False,False
21796,SET OF 3 RED STRIPE BASKETS,2009-12-01,2010-08-11,12.662089552238806,324.0,2782.19,36.142857142857146,False,False,False
21801,CHRISTMAS TREE DECORATION WITH BELL,2009-12-02,2011-10-30,0.4577606177606177,3398.0,1467.66,99.57142857142857,True,True,True
21802,CHRISTMAS TREE HEART DECORATION,2009-12-02,2011-11-21,0.4897538461538461,4377.0,1917.2,102.71428571428571,True,True,True
21803,CHRISTMAS TREE STAR DECORATION,2009-12-02,2011-12-09,0.4677089783281734,4463.0,1938.96,105.28571428571429,True,True,True
21804,WHITE CHRISTMAS GARLAND STARS TREES,2009-12-01,2011-12-02,3.843380281690141,597.0,2240.99,104.42857142857143,True,True,True
21805,WHITE CHRISTMAS TREE DECORATION,2009-12-01,2010-11-21,0.5065714285714286,2221.0,957.63,50.714285714285715,False,False,False
21806,WHITE CHRISTMAS HEART DECORATION,2009-12-01,2010-11-29,0.4993939393939394,2707.0,1179.4299999999998,51.857142857142854,False,False,False
21807,WHITE CHRISTMAS STAR DECORATION,2009-12-01,2011-11-22,0.5124719101123596,3225.0,1422.45,103.0,True,True,True
21808,"CHRISTMAS GARLAND STARS,TREES",2009-12-01,2011-12-09,3.6015753424657535,1001.0,2715.53,105.42857142857143,True,True,True
21809,CHRISTMAS HANGING TREE WITH BELL,2009-12-01,2011-12-09,1.237830188679245,3015.0,2427.89,105.42857142857143,True,True,True
21810,CHRISTMAS HANGING STAR WITH BELL,2009-12-02,2011-12-09,0.9649166666666666,6959.0,4374.41,105.28571428571429,True,True,True
21811,CHRISTMAS HANGING HEART WITH BELL,2009-12-01,2011-11-23,1.1547989949748745,6340.0,4577.18,103.14285714285714,True,True,True
21812,GARLAND WITH HEARTS AND BELLS,2009-12-01,2011-12-09,5.597766990291262,805.0,3917.49,105.42857142857143,True,True,True
21813,GARLAND WITH STARS AND BELLS,2009-12-01,2011-12-09,5.46010752688172,815.0,3761.41,105.42857142857143,True,True,True
21814,HEART T-LIGHT HOLDER,2009-12-01,2011-11-29,1.8188888888888888,670.0,1016.53,104.0,True,True,True
21815,STAR  T-LIGHT HOLDER,2009-12-01,2011-11-23,1.8554255319148936,679.0,1060.24,103.14285714285714,True,True,True
21816,CHRISTMAS TREE T-LIGHT HOLDER,2009-12-01,2011-11-27,1.6994117647058824,422.0,637.3399999999999,103.71428571428571,True,True,True
21817,GLITTER CHRISTMAS TREE,2009-12-01,2011-11-09,0.733037037037037,1687.0,1077.19,101.14285714285714,True,True,True
21818,GLITTER CHRISTMAS HEART,2009-12-01,2011-12-07,0.721,4196.0,2549.45,105.14285714285714,True,True,True
21819,GLITTER CHRISTMAS STAR,2009-12-01,2011-12-08,0.7114396887159533,3847.0,2247.14,105.28571428571429,True,True,True
21820,GLITTER HEART GARLAND WITH BELLS,2009-12-01,2011-12-05,4.692065217391304,795.0,3132.39,104.85714285714286,True,True,True
21821,GLITTER STAR GARLAND WITH BELLS,2009-12-01,2011-12-05,4.836602564102564,713.0,2866.6,104.85714285714286,True,True,True
21822,GLITTER CHRISTMAS TREE WITH BELLS,2009-12-01,2011-12-09,1.58013698630137,1010.0,1343.7,105.42857142857143,True,True,True
21823,PAINTED METAL HEART WITH HOLLY BELL,2009-12-02,2011-11-15,1.3124778761061948,2468.0,2447.72,101.85714285714286,True,True,True
21824,PAINTED METAL STAR WITH HOLLY BELLS,2009-12-02,2011-11-15,1.1228636363636364,2782.0,2351.46,101.85714285714286,True,True,True
21825,PAINTED METAL TREE WITH HOLLY BELLS,2009-12-01,2010-11-14,1.546875,733.0,1053.1899999999998,49.714285714285715,False,False,False
21826,EIGHT PIECE DINOSAUR SET,2009-12-01,2011-03-16,1.461726907630522,1800.0,2326.87,67.14285714285714,False,True,False
21827,EIGHT PIECE CREEPY CRAWLIE SET,2009-12-01,2011-03-29,1.3648251748251747,835.0,1068.89,69.0,False,True,False
21828,EIGHT PIECE SNAKE  SET,2009-12-01,2011-12-09,1.4790163934426228,1105.0,1396.62,105.42857142857143,True,True,True
21829,DINOSAUR KEYRINGS ASSORTED,2009-12-01,2011-10-20,0.264126213592233,15035.0,3242.18,98.28571428571429,True,True,True
21830,ASSORTED CREEPY CRAWLIES,2009-12-04,2011-11-23,0.4616279069767441,7658.0,3185.6,102.71428571428571,True,True,True
21832,CHOCOLATE CALCULATOR,2009-12-01,2011-12-09,2.2659482758620686,3338.0,5836.759999999999,105.42857142857143,True,True,True
21833,CAMOUFLAGE LED TORCH,2009-12-01,2011-12-09,2.048943820224719,6239.0,10681.67,105.42857142857143,True,True,True
21836,GINGHAM OVEN GLOVE RED HEART,2009-12-07,2011-01-20,4.3678217821782175,249.0,1003.89,58.42857142857143,False,True,False
21837,CROSS STITCH ALPHABET CUSHION COVER,2009-12-01,2010-05-18,7.640989010989012,244.0,1622.64,24.0,False,False,False
21838,DADDY MOUSE RED GINGHAM BOW TIE,2009-12-02,2009-12-02,5.45,1.0,5.45,0.0,False,False,False
21839,MUMMY MOUSE RED GINGHAM RIBBON,2009-12-01,2011-03-27,5.499036144578313,201.0,1085.59,68.71428571428571,False,True,False
21841,BABY MOUSE RED GINGHAM DRESS,2009-12-01,2011-11-29,4.4216417910447765,437.0,1857.47,104.0,True,True,True
21842,PINK HEART CANDY BUTTON CALCULATOR,2009-12-01,2010-03-04,3.0110638297872336,551.0,1308.74,13.285714285714286,False,False,False
21843,RETRO SPOT CAKE STAND,2009-12-01,2011-12-09,12.239633747547416,6128.0,64918.3,105.42857142857143,True,True,True
21844,RETRO SPOT MUG,2009-12-01,2011-12-06,3.3079637096774195,5374.0,15329.44,105.0,True,True,True
21845,DAIRY MAID STRIPE MUG,2009-12-09,2011-11-28,2.1685443037974683,2521.0,3758.41,102.71428571428571,True,True,True
21846,PINK DIAMANTE PEN IN GIFT BOX,2009-12-02,2011-12-08,3.912264150943397,1601.0,3803.4,105.14285714285714,True,True,True
21847,GREEN  DIAMANTE PEN IN GIFT BOX,2009-12-08,2011-11-16,3.2625,347.0,675.37,101.14285714285714,True,True,True
21849,SILVER DIAMANTE PEN IN GIFT BOX,2009-12-02,2011-12-04,3.7198529411764705,633.0,1483.51,104.57142857142857,True,True,True
21850,BLUE  DIAMANTE PEN IN GIFT BOX,2009-12-10,2011-12-06,3.891981132075472,447.0,1072.98,103.71428571428571,True,True,True
21851,LILAC DIAMANTE PEN IN GIFT BOX,2009-12-02,2011-12-05,3.955771812080537,628.0,1473.56,104.71428571428571,True,True,True
21852,EMPIRE TEDDY,2009-12-04,2009-12-18,6.95,2.0,13.9,2.0,False,False,False
21853,GUMBALL CUSTOM CARS TOP TRUMPS GAME,2009-12-02,2010-04-19,5.133333333333333,3.0,15.4,19.714285714285715,False,False,False
21854,EURO FOOTBALL STARS TOP TRUMPS GAME,2009-12-04,2009-12-04,5.17,1.0,5.17,0.0,False,False,False
21857,STAR WARS TOP TRUMPS GAME,2010-01-11,2010-01-20,5.115,2.0,10.23,1.2857142857142858,False,False,False
21858,HIGH SCHOOL MUSICAL 3 TOP TRUMPS,2009-12-10,2010-03-08,5.115,2.0,10.23,12.571428571428571,False,False,False
21860,DR WHO TOP TRUMPS GAME,2009-12-02,2009-12-02,5.17,1.0,5.17,0.0,False,False,False
21864,UNION JACK FLAG PASSPORT COVER,2009-12-01,2011-12-09,2.754820143884892,1853.0,4431.54,105.42857142857143,True,True,True
21865,PINK UNION JACK  PASSPORT COVER,2009-12-01,2011-12-08,2.605766666666667,896.0,2085.6400000000003,105.28571428571429,True,True,True
21866,UNION JACK FLAG LUGGAGE TAG,2009-12-01,2011-12-08,1.7704347826086957,2168.0,3591.5,105.28571428571429,True,True,True
21867,PINK UNION JACK  LUGGAGE TAG,2009-12-01,2011-12-08,1.5381727574750832,1144.0,1562.87,105.28571428571429,True,True,True
21868,POTTING SHED TEA MUG,2009-12-01,2011-12-05,1.617162162162162,9075.0,11163.64,104.85714285714286,True,True,True
21869,POTTING SHED COFFEE MUG,2009-12-01,2010-05-23,1.348125,1264.0,1469.5800000000002,24.714285714285715,False,False,False
21870,I CAN ONLY PLEASE ONE PERSON MUG,2009-12-01,2011-08-24,1.5364826498422712,6083.0,7627.49,90.14285714285714,False,True,False
21871,SAVE THE PLANET MUG,2009-12-01,2011-12-09,1.7336513994910945,11492.0,13654.89,105.42857142857143,True,True,True
21872,GLAMOROUS  MUG,2009-12-02,2011-12-09,1.54105421686747,5092.0,5163.8,105.28571428571429,True,True,True
21873,IF YOU CAN'T STAND THE HEAT MUG,2009-12-02,2011-12-08,1.6709547738693469,2010.0,2360.01,105.14285714285714,True,True,True
21874,GIN AND TONIC MUG,2009-12-02,2011-12-09,1.814602917341977,6332.0,8209.17,105.28571428571429,True,True,True
21875,KINGS CHOICE MUG,2009-12-01,2011-12-09,1.7020432692307692,6818.0,7882.08,105.42857142857143,True,True,True
21876,POTTERING MUG,2009-12-01,2011-12-09,1.9827884615384617,5663.0,7351.25,105.42857142857143,True,True,True
21877,HOME SWEET HOME MUG,2009-12-01,2011-12-09,1.5780845442536326,14054.0,15954.75,105.42857142857143,True,True,True
21878,PACK OF 6 SANDCASTLE FLAGS ASSORTED,2010-03-25,2011-12-08,1.0591707317073171,5586.0,4586.48,89.0,True,True,True
21879,HEARTS GIFT TAPE,2009-12-04,2011-12-09,0.7494771241830065,1567.0,664.84,105.0,True,True,True
21880,RED AND WHITE SPOT TAPE,2009-12-02,2011-12-07,0.6523333333333333,2483.0,1289.8300000000002,105.0,True,True,True
21881,CUTE CATS TAPE,2009-12-02,2011-12-08,0.8329661016949151,1332.0,554.95,105.14285714285714,True,True,True
21882,SKULLS TAPE,2009-12-02,2011-11-28,0.7752892561983471,1052.0,499.44000000000005,103.71428571428571,True,True,True
21883,STARS GIFT TAPE,2009-12-01,2011-12-07,0.7366371681415929,2348.0,1199.48,105.14285714285714,True,True,True
21884,CAKES AND BOWS GIFT  TAPE,2009-12-02,2011-12-04,0.9903105590062112,1448.0,663.61,104.57142857142857,True,True,True
21888,BINGO SET,2009-12-01,2011-12-05,4.600822249093108,3520.0,13862.17,104.85714285714286,True,True,True
21889,WOODEN BOX OF DOMINOES,2009-12-01,2011-12-09,1.5520577933450088,12805.0,17095.66,105.42857142857143,True,True,True
21890,S/6 WOODEN SKITTLES IN COTTON BAG,2009-12-01,2011-12-09,3.727256317689531,3489.0,10451.6,105.42857142857143,True,True,True
21891,TRADITIONAL WOODEN SKIPPING ROPE,2009-12-01,2011-12-08,1.5365890570430734,12142.0,15547.75,105.28571428571429,True,True,True
21892,TRADITIONAL WOODEN CATCH CUP GAME,2009-12-01,2011-12-09,1.570631704410012,7826.0,10151.28,105.42857142857143,True,True,True
21893,POTTING SHED SEED TIN,2009-12-01,2010-02-15,5.4975000000000005,172.0,587.8,10.857142857142858,False,False,False
21894,POTTING SHED SEED ENVELOPES,2009-12-02,2011-12-08,1.7396787148594377,1320.0,1836.14,105.14285714285714,True,True,True
21895,POTTING SHED SOW 'N' GROW SET,2009-12-01,2010-12-09,4.853139534883721,555.0,1718.63,53.285714285714285,False,True,False
21896,POTTING SHED TWINE,2009-12-01,2011-12-06,2.4898293515358363,2387.0,4944.04,105.0,True,True,True
21897,POTTING SHED CANDLE CITRONELLA,2009-12-01,2011-04-27,3.107037037037037,866.0,2641.36,73.14285714285714,False,True,False
21898,POTTING SHED ROSE CANDLE,2009-12-01,2011-04-27,3.0016239316239317,827.0,2538.81,73.14285714285714,False,True,False
21899,"KEY FOB , GARAGE DESIGN",2009-12-01,2011-12-08,0.8102218700475435,6676.0,4322.47,105.28571428571429,True,True,True
21900,"KEY FOB , SHED",2009-12-01,2011-12-09,0.8650058892815077,8323.0,5529.14,105.42857142857143,True,True,True
21901,"KEY FOB , BACK DOOR",2009-12-01,2011-12-09,0.8094908062234796,6158.0,4061.51,105.42857142857143,True,True,True
21902,"KEY FOB , FRONT  DOOR",2009-12-01,2011-12-09,0.7798367346938776,5359.0,3408.03,105.42857142857143,True,True,True
21903,MAN FLU METAL SIGN,2009-12-03,2011-12-08,2.436167076167076,3436.0,6908.870000000001,105.0,True,True,True
21904,HOUSE WRECKING METAL SIGN,2009-12-08,2011-05-25,2.090205479452055,757.0,1201.52,76.14285714285714,False,True,False
21905,MORE BUTTER METAL SIGN,2009-12-06,2011-12-09,1.688403041825095,1615.0,2141.07,104.71428571428571,True,True,True
21906,PHARMACIE FIRST AID TIN,2009-12-06,2011-12-09,8.386713615023474,1786.0,12879.46,104.71428571428571,True,True,True
21907,I'M ON HOLIDAY METAL SIGN,2010-01-29,2011-12-07,2.2837194337194338,5163.0,10866.22,96.71428571428571,True,True,True
21908,CHOCOLATE THIS WAY METAL SIGN,2009-12-01,2011-12-09,2.4602136317395726,9678.0,19125.980000000003,105.42857142857143,True,True,True
21910,WAY OUT METAL SIGN,2009-12-03,2011-02-16,1.7615315315315316,1066.0,1398.1799999999998,62.857142857142854,False,True,False
21911,GARDEN METAL SIGN,2009-12-01,2011-04-15,2.044550724637681,2546.0,4080.849999999999,71.42857142857143,False,True,False
21912,VINTAGE SNAKES & LADDERS,2009-12-01,2011-12-09,4.679349397590362,3734.0,14651.33,105.42857142857143,True,True,True
21913,VINTAGE SEASIDE JIGSAW PUZZLES,2009-12-01,2011-12-08,4.348595317725753,1129.0,4302.48,105.28571428571429,True,True,True
21914,BLUE HARMONICA IN BOX,2009-12-01,2011-12-09,1.4485348360655736,12957.0,17725.36,105.42857142857143,True,True,True
21915,RED  HARMONICA IN BOX,2009-12-04,2011-12-07,1.399408341416101,36289.0,42664.54,104.71428571428571,True,True,True
21916,SET 12 RETRO WHITE CHALK STICKS,2009-12-01,2011-12-09,0.5174068965517241,11011.0,4751.06,105.42857142857143,True,True,True
21917,SET 12 KIDS  WHITE CHALK STICKS,2009-12-01,2011-12-08,0.4968577494692144,8010.0,3324.22,105.28571428571429,True,True,True
21918,SET 12 KIDS COLOUR  CHALK STICKS,2009-12-01,2011-12-09,0.5222893081761006,14598.0,6013.139999999999,105.42857142857143,True,True,True
21919,Electronic Talking Breath-A-Loser,2009-12-14,2010-10-07,5.081999999999999,6.0,30.47,42.42857142857143,False,False,False
21922,UNION STRIPE WITH FRINGE  HAMMOCK,2010-04-11,2011-12-08,8.857429305912596,1443.0,11199.18,86.57142857142857,True,True,True
21923,RED/CREAM STRIPE FRINGE HAMMOCK,2009-12-03,2010-08-03,8.58436974789916,337.0,2662.64,34.714285714285715,False,False,False
21924,BLUE/CREAM STRIPE FRINGE HAMMOCK,2009-12-02,2010-10-18,8.614596774193549,315.0,2486.6600000000003,45.714285714285715,False,False,False
21925,UNION STRIPE CUSHION COVER,2010-04-11,2011-12-06,1.5775147928994084,1201.0,1562.33,86.28571428571429,True,True,True
21926,RED/CREAM STRIPE CUSHION COVER,2010-04-11,2011-12-08,1.5961224489795918,1009.0,1325.27,86.57142857142857,True,True,True
21927,BLUE/CREAM STRIPE CUSHION COVER,2010-04-11,2011-12-01,1.6878238341968912,1260.0,1728.24,85.57142857142857,True,True,True
21928,JUMBO BAG SCANDINAVIAN PAISLEY,2009-12-01,2011-12-09,2.476015473887814,24268.0,46202.52,105.42857142857143,True,True,True
21929,JUMBO BAG PINK VINTAGE PAISLEY,2009-12-01,2011-12-09,2.5029736358062538,25608.0,49651.99,105.42857142857143,True,True,True
21930,JUMBO STORAGE BAG SKULLS,2009-12-01,2011-12-09,2.5286163051608077,13390.0,27368.08,105.42857142857143,True,True,True
21931,JUMBO STORAGE BAG SUKI,2009-12-01,2011-12-09,2.533375850340136,29182.0,61537.55,105.42857142857143,True,True,True
21932,SCANDINAVIAN PAISLEY PICNIC BAG,2009-12-02,2011-12-09,2.427794793261868,3871.0,8498.61,105.28571428571429,True,True,True
21933,PINK VINTAGE PAISLEY PICNIC BAG,2009-12-02,2011-12-08,2.4375316455696203,4116.0,9087.63,105.14285714285714,True,True,True
21934,SKULL SHOULDER BAG,2009-12-01,2011-12-09,2.1966574965612105,4597.0,8275.22,105.42857142857143,True,True,True
21935,SUKI  SHOULDER BAG,2009-12-01,2011-12-09,2.310639913232104,7127.0,13103.21,105.42857142857143,True,True,True
21936,RED/WHITE SPOT PICNIC BAG,2009-12-02,2011-12-09,3.6311692015209127,7805.0,22741.31,105.28571428571429,True,True,True
21937,STRAWBERRY   PICNIC BAG,2009-12-02,2011-12-04,3.6050832072617247,4100.0,12038.82,104.57142857142857,True,True,True
21942,SKULLS DESIGN FLANNEL,2009-12-01,2011-12-09,1.2536651583710408,1672.0,1136.28,105.42857142857143,True,True,True
21943,CAKES AND RABBITS DESIGN FLANNEL,2009-12-07,2011-12-08,1.1034228187919464,591.0,529.16,104.42857142857143,True,True,True
21944,KITTENS DESIGN FLANNEL,2009-12-02,2011-12-08,1.1505853658536584,1789.0,1106.01,105.14285714285714,True,True,True
21945,STRAWBERRIES  DESIGN FLANNEL,2009-12-01,2011-12-09,1.2565289256198346,1862.0,1307.1,105.42857142857143,True,True,True
21946,PARTY TIME DESIGN FLANNEL,2009-12-07,2011-12-08,0.99955223880597,625.0,358.96999999999997,104.42857142857143,True,True,True
21947,SET OF 6 HEART CHOPSTICKS,2009-12-01,2011-12-09,1.719407894736842,1675.0,2302.81,105.42857142857143,True,True,True
21948,SET OF 6 CAKE CHOPSTICKS,2009-12-01,2011-12-07,1.8755762081784384,2293.0,2921.36,105.14285714285714,True,True,True
21949,SET OF 6 STRAWBERRY CHOPSTICKS,2009-12-01,2011-12-09,1.7667777777777778,2598.0,3164.18,105.42857142857143,True,True,True
21950,SET OF 6 DOTS CHOPSTICKS,2009-12-03,2010-04-01,2.3994444444444443,211.0,263.63,17.0,False,False,False
21955,UNION JACK GUNS & ROSES  DOORMAT,2009-12-01,2011-12-09,8.588896457765667,3911.0,23734.4,105.42857142857143,True,True,True
21967,PACK OF 12 SKULL TISSUES,2009-12-01,2011-12-09,0.4198347107438016,15652.0,4401.44,105.42857142857143,True,True,True
21972,SET OF 36 DINOSAUR PAPER DOILIES,2009-12-02,2011-12-01,1.644502923976608,1055.0,1560.82,104.14285714285714,True,True,True
21973,SET OF 36 MUSHROOM PAPER DOILIES,2009-12-02,2011-11-28,1.7956190476190474,1670.0,2420.0299999999997,103.71428571428571,True,True,True
21974,SET OF 36 PAISLEY FLOWER DOILIES,2009-12-02,2011-12-08,1.989320987654321,7046.0,10622.15,105.14285714285714,True,True,True
21975,PACK OF 60 DINOSAUR CAKE CASES,2009-12-01,2011-12-08,0.6300827689992475,31332.0,15236.62,105.28571428571429,True,True,True
21976,PACK OF 60 MUSHROOM CAKE CASES,2009-12-01,2011-12-09,0.7703626943005181,14570.0,7792.37,105.42857142857143,True,True,True
21977,PACK OF 60 PINK PAISLEY CAKE CASES,2009-12-01,2011-12-09,0.7112444444444445,56061.0,28081.73,105.42857142857143,True,True,True
21980,PACK OF 12 RED SPOTTY TISSUES,2009-12-01,2011-12-09,0.3861764705882352,31337.0,8650.14,105.42857142857143,True,True,True
21981,PACK OF 12 WOODLAND TISSUES,2009-12-02,2011-12-09,0.4652304964539007,26204.0,7129.46,105.28571428571429,True,True,True
21982,PACK OF 12 SUKI TISSUES,2009-12-07,2011-12-09,0.4508743169398906,32086.0,10395.88,104.57142857142857,True,True,True
21983,PACK OF 12 BLUE PAISLEY TISSUES,2009-12-02,2011-12-09,0.4161162079510703,6118.0,1875.02,105.28571428571429,True,True,True
21984,PACK OF 12 PINK PAISLEY TISSUES,2009-12-02,2011-12-09,0.4113439635535307,25351.0,7023.95,105.28571428571429,True,True,True
21985,PACK OF 12 HEARTS DESIGN TISSUES,2009-12-01,2011-12-08,0.4081974248927039,25523.0,8972.11,105.28571428571429,True,True,True
21986,PACK OF 12 PINK SPOT TISSUES,2009-12-01,2011-12-09,0.4129386892177589,13476.0,4786.13,105.42857142857143,True,True,True
21987,PACK OF 6 SKULL PAPER CUPS,2009-12-01,2011-12-09,0.7309923664122138,6417.0,3988.06,105.42857142857143,True,True,True
21988,PACK OF 6 SKULL PAPER PLATES,2009-12-06,2011-12-06,0.9512735849056604,7829.0,5820.099999999999,104.28571428571429,True,True,True
21989,PACK OF 20 SKULL PAPER NAPKINS,2009-12-01,2011-12-09,1.0801963746223564,8552.0,6790.7,105.42857142857143,True,True,True
21990,MODERN FLORAL STATIONERY SET,2009-12-01,2011-12-09,2.26582,2453.0,4530.54,105.42857142857143,True,True,True
21991,BOHEMIAN COLLAGE STATIONERY SET,2009-12-02,2011-12-08,2.241917808219178,1103.0,1927.54,105.14285714285714,True,True,True
21992,VINTAGE PAISLEY STATIONERY SET,2009-12-02,2011-11-15,2.4166012084592143,3320.0,6744.8,101.85714285714286,True,True,True
21993,FLORAL FOLK STATIONERY SET,2009-12-01,2011-12-09,2.2613275862068964,2849.0,5216.88,105.42857142857143,True,True,True
22016,Dotcomgiftshop Gift Voucher £100.00,2011-08-02,2011-08-02,83.33,1.0,83.33,0.0,False,False,False
22021,BLUE FELT EASTER EGG BASKET,2009-12-14,2011-03-21,1.7891176470588237,1413.0,2430.31,66.0,False,True,False
22023,EMPIRE BIRTHDAY CARD,2009-12-01,2011-12-08,0.5302320185614849,4975.0,2076.77,105.28571428571429,True,True,True
22024,RAINY LADIES BIRTHDAY CARD,2009-12-01,2011-12-09,0.5579271070615034,5391.0,2257.0,105.42857142857143,True,True,True
22025,RING OF ROSES BIRTHDAY CARD,2009-12-01,2011-12-09,0.5371280276816609,3970.0,1641.64,105.42857142857143,True,True,True
22026,BANQUET BIRTHDAY  CARD,2009-12-01,2011-12-09,0.5348360655737705,4029.0,1717.47,105.42857142857143,True,True,True
22027,TEA PARTY BIRTHDAY CARD,2009-12-01,2011-12-09,0.5224793388429751,11297.0,4806.49,105.42857142857143,True,True,True
22028,PENNY FARTHING BIRTHDAY CARD,2009-12-01,2011-12-09,0.5311811023622047,6344.0,2665.13,105.42857142857143,True,True,True
22029,SPACE BOY BIRTHDAY CARD,2009-12-01,2011-12-09,0.5082789855072464,17602.0,7280.76,105.42857142857143,True,True,True
22030,SWALLOWS GREETING CARD,2009-12-01,2011-12-08,0.4647330447330447,12735.0,5197.84,105.28571428571429,True,True,True
22031,BOTANICAL LAVENDER BIRTHDAY CARD,2009-12-01,2011-12-09,0.5171830985915493,1125.0,493.99,105.42857142857143,True,True,True
22032,BOTANICAL LILY GREETING CARD,2009-12-03,2011-11-25,0.4652252252252252,980.0,418.12,103.14285714285714,True,True,True
22033,BOTANICAL ROSE GREETING CARD,2009-12-03,2011-11-22,0.481640625,1603.0,681.93,102.71428571428571,True,True,True
22034,ROBIN CHRISTMAS CARD,2009-12-01,2011-11-25,0.4511702127659574,1617.0,673.49,103.42857142857143,True,True,True
22035,VINTAGE CARAVAN GREETING CARD,2009-12-01,2011-10-31,0.5541274238227146,4083.0,1731.24,99.85714285714286,True,True,True
22036,DINOSAUR BIRTHDAY CARD,2009-12-01,2010-10-04,0.4974074074074073,1649.0,695.11,43.857142857142854,False,False,False
22037,ROBOT BIRTHDAY CARD,2009-12-01,2011-12-09,0.521748031496063,7054.0,3035.7,105.42857142857143,True,True,True
22038,BOTANICAL LAVENDER GIFT WRAP,2009-12-22,2011-12-06,0.4182222222222222,1150.0,481.0,102.0,True,True,True
22039,BOTANICAL LILY GIFT WRAP,2009-12-22,2011-10-25,0.4146666666666666,850.0,353.0,96.0,True,True,True
22040,BOTANICAL ROSE GIFT WRAP,2009-12-04,2011-11-17,0.416595744680851,2815.0,1144.3,101.85714285714286,True,True,True
22041,"RECORD FRAME 7"" SINGLE SIZE",2009-12-01,2011-12-09,3.5552499999999996,7540.0,18650.870000000003,105.42857142857143,True,True,True
22042,CHRISTMAS CARD SINGING ANGEL,2009-12-01,2011-12-06,0.4068992248062015,1738.0,627.19,105.0,True,True,True
22043,CHRISTMAS CARD SCREEN PRINT,2009-12-06,2011-12-02,0.3331746031746031,2197.0,619.25,103.71428571428571,True,True,True
22044,CHRISTMAS CARD STACK OF PRESENTS,2009-12-01,2011-11-07,0.3241573033707865,1940.0,550.28,100.85714285714286,True,True,True
22045,SPACE BOY GIFT WRAP,2009-12-04,2011-12-08,0.4189006342494714,14542.0,5981.64,104.85714285714286,True,True,True
22046,TEA PARTY  WRAPPING PAPER,2009-12-02,2011-12-08,0.4184615384615384,6375.0,2613.5,105.14285714285714,True,True,True
22047,EMPIRE GIFT WRAP,2009-12-02,2011-12-05,0.4179310344827586,8250.0,3351.0,104.71428571428571,True,True,True
22048,BIRTHDAY BANQUET GIFT WRAP,2009-12-04,2011-12-05,0.4192156862745098,2815.0,1166.3,104.42857142857143,True,True,True
22049,WRAP CHRISTMAS SCREEN PRINT,2009-12-02,2011-10-20,0.296,3500.0,1015.75,98.14285714285714,True,True,True
22050,PINK PAISLEY ROSE GIFT WRAP,2009-12-04,2011-12-05,0.4186086956521739,3300.0,1354.0,104.42857142857143,True,True,True
22051,BLUE SCANDINAVIAN PAISLEY WRAP,2009-12-01,2011-11-24,0.4193103448275862,3175.0,1317.5,103.28571428571429,True,True,True
22052,VINTAGE CARAVAN GIFT WRAP,2009-12-04,2011-07-11,0.4181249999999999,3525.0,1460.5,83.42857142857143,False,True,False
22053,EMPIRE DESIGN ROSETTE,2009-12-03,2011-11-08,1.508390804597701,4551.0,4020.8899999999994,100.71428571428571,True,True,True
22054,MINI CAKE STAND HANGING HEARTS,2009-12-01,2010-03-08,2.1535897435897433,361.0,655.01,13.857142857142858,False,False,False
22055,MINI CAKE STAND  HANGING STRAWBERY,2009-12-01,2011-12-08,2.162878179384203,4925.0,8179.19,105.28571428571429,True,True,True
22056,CERAMIC PLATE LOVE HEART DESIGN,2009-12-08,2010-07-27,1.9435294117647055,607.0,656.87,33.0,False,False,False
22057,CERAMIC PLATE STRAWBERRY DESIGN,2009-12-03,2011-12-08,2.046153846153846,3060.0,4011.73,105.0,True,True,True
22058,CERAMIC LOVE HEARTS DESIGN MUG,2009-12-01,2010-11-21,1.663181818181818,520.0,795.72,50.714285714285715,False,False,False
22059,CERAMIC STRWBERRY DESIGN MUG,2009-12-03,2011-12-09,1.772914046121593,4940.0,6639.03,105.14285714285714,True,True,True
22060,LARGE CAKE STAND HANGING HEARTS,2009-12-04,2011-05-23,9.86751552795031,733.0,5691.41,76.42857142857143,False,True,False
22061,LARGE CAKE STAND  HANGING STRAWBERY,2009-12-02,2011-12-09,11.222917466410747,2171.0,19121.37,105.28571428571429,True,True,True
22062,CERAMIC BOWL WITH LOVE HEART DESIGN,2009-12-01,2011-10-14,2.398106060606061,761.0,1248.15,97.42857142857143,True,True,True
22063,CERAMIC BOWL WITH STRAWBERRY DESIGN,2009-12-01,2011-12-08,3.645095890410959,2303.0,6356.06,105.28571428571429,True,True,True
22064,PINK DOUGHNUT TRINKET POT,2009-12-01,2011-12-09,2.1429320113314447,6606.0,10592.66,105.42857142857143,True,True,True
22065,CHRISTMAS PUDDING TRINKET POT,2009-12-01,2011-12-09,1.4237659574468085,8640.0,6273.84,105.42857142857143,True,True,True
22066,LOVE HEART TRINKET POT,2009-12-04,2011-12-06,1.1550714285714283,3435.0,2729.16,104.57142857142857,True,True,True
22067,CHOC TRUFFLE GOLD TRINKET POT,2009-12-02,2011-12-08,2.096968503937008,1855.0,3019.3199999999997,105.14285714285714,True,True,True
22068,BLACK PIRATE TREASURE CHEST,2009-12-01,2011-12-09,2.2503597122302157,1112.0,1979.82,105.42857142857143,True,True,True
22069,BROWN  PIRATE TREASURE CHEST,2009-12-01,2011-12-09,2.9639405204460965,968.0,2164.6299999999997,105.42857142857143,True,True,True
22070,SMALL RETRO SPOT MUG IN BOX  RED,2009-12-01,2011-12-09,4.0357716049382715,1835.0,5701.49,105.42857142857143,True,True,True
22071,SMALL RETRO SPOT MUG IN BOX  WHITE,2009-12-01,2011-12-09,3.8623846153846153,1530.0,4355.88,105.42857142857143,True,True,True
22072,TEA CUP AND SAUCER RETRO SPOT,2009-12-01,2011-12-09,4.430304761904762,2405.0,9231.01,105.42857142857143,True,True,True
22073,RETRO SPOT STORAGE JAR,2009-12-01,2011-05-04,4.6206981519507195,2124.0,8457.89,74.14285714285714,False,True,False
22074,6 RIBBONS SHIMMERING PINKS,2009-12-03,2011-12-09,1.519587628865979,2156.0,2216.3399999999997,105.14285714285714,True,True,True
22075,6 RIBBONS ELEGANT CHRISTMAS,2009-12-01,2011-12-09,1.8114325068870525,3079.0,4660.69,105.42857142857143,True,True,True
22076,6 RIBBONS EMPIRE,2009-12-01,2011-12-09,1.7291556728232191,2353.0,3490.1899999999996,105.42857142857143,True,True,True
22077,6 RIBBONS RUSTIC CHARM,2009-12-01,2011-12-09,2.110567415730337,17238.0,31513.109999999997,105.42857142857143,True,True,True
22078,RIBBON REEL LACE DESIGN,2009-12-02,2011-12-09,2.4969199178644765,3984.0,8449.94,105.28571428571429,True,True,True
22079,RIBBON REEL HEARTS DESIGN,2009-12-01,2011-12-07,1.9348115942028985,5028.0,8457.84,105.14285714285714,True,True,True
22080,RIBBON REEL SPOTS DESIGN,2009-12-01,2011-12-09,1.921145038167939,3887.0,6512.44,105.42857142857143,True,True,True
22081,RIBBON REEL FLORA + FAUNA,2009-12-01,2011-12-09,2.1825986842105265,1559.0,2761.04,105.42857142857143,True,True,True
22082,RIBBON REEL STRIPES DESIGN,2009-12-01,2011-12-07,1.8920799180327867,7267.0,12192.05,105.14285714285714,True,True,True
22083,PAPER CHAIN KIT RETRO SPOT,2009-12-01,2011-12-09,3.616784953867992,13716.0,40412.82,105.42857142857143,True,True,True
22084,PAPER CHAIN KIT EMPIRE,2009-12-02,2011-12-08,3.2735200974421437,8803.0,25163.56,105.14285714285714,True,True,True
22085,PAPER CHAIN KIT SKULLS,2009-12-01,2011-12-09,3.188311688311688,2538.0,6883.87,105.42857142857143,True,True,True
22086,PAPER CHAIN KIT 50'S CHRISTMAS,2009-12-01,2011-12-09,3.3699274661508705,35084.0,117760.29,105.42857142857143,True,True,True
22087,PAPER BUNTING WHITE LACE,2009-12-01,2011-12-09,3.4823468208092487,8475.0,25389.1,105.42857142857143,True,True,True
22088,PAPER BUNTING COLOURED LACE,2009-12-01,2011-07-06,3.5205271565495204,4399.0,13076.88,83.14285714285714,False,True,False
22089,PAPER BUNTING VINTAGE PAISLEY,2009-12-01,2011-12-05,3.3832620320855615,3506.0,10303.35,104.85714285714286,True,True,True
22090,PAPER BUNTING RETRO SPOTS,2009-12-01,2011-12-08,3.674023255813954,16698.0,50431.9,105.28571428571429,True,True,True
22091,EMPIRE TISSUE BOX,2009-12-01,2011-12-09,1.2600925925925923,3179.0,2485.86,105.42857142857143,True,True,True
22092,BLUE PAISLEY TISSUE BOX,2009-12-18,2011-12-08,0.8154285714285714,933.0,592.91,102.85714285714286,True,True,True
22093,MOTORING TISSUE BOX,2009-12-01,2011-12-06,0.9597122302158274,2346.0,1429.87,105.0,True,True,True
22094,RED POLKA DOT TISSUE BOX,2009-12-02,2011-12-08,1.3080994152046783,3557.0,2649.05,105.14285714285714,True,True,True
22095,LADS ONLY TISSUE BOX,2009-12-02,2011-12-09,1.3891780821917807,2978.0,3123.03,105.28571428571429,True,True,True
22096,PINK PAISLEY SQUARE TISSUE BOX,2009-12-02,2011-12-08,0.9154594594594594,1667.0,938.86,105.14285714285714,True,True,True
22097,SWALLOW SQUARE TISSUE BOX,2009-12-02,2011-12-08,0.98532,2064.0,1281.75,105.14285714285714,True,True,True
22098,BOUDOIR SQUARE TISSUE BOX,2009-12-03,2011-12-08,1.2482131661442006,2865.0,1952.04,105.0,True,True,True
22099,CARAVAN SQUARE TISSUE BOX,2009-12-02,2011-12-09,1.2789666666666666,2123.0,1585.46,105.28571428571429,True,True,True
22100,SKULLS SQUARE TISSUE BOX,2009-12-02,2011-12-06,1.46125,1005.0,709.5,104.85714285714286,True,True,True
22101,MIRROR MOSAIC VOTIVE HOLDER,2009-12-01,2011-12-08,2.3282905982905984,1909.0,2790.27,105.28571428571429,True,True,True
22102,MIRROR MOSAIC T-LIGHT HOLDER,2009-12-01,2011-11-28,1.9952542372881357,1842.0,1191.69,103.85714285714286,True,True,True
22103,MIRROR MOSAIC T-LIGHT HOLDER ROUND,2009-12-01,2011-10-24,2.047042253521127,1746.0,1760.64,98.85714285714286,True,True,True
22104,MIRROR MOSAIC CANDLE PLATE,2009-12-08,2011-12-09,1.5765656565656565,1187.0,968.08,104.42857142857143,True,True,True
22105,MIRROR MOSAIC GOBLET CANDLE HOLDER,2009-12-07,2011-12-08,4.25,692.0,1294.7,104.42857142857143,True,True,True
22106,MIRROR MOSAIC HURRICANE LAMP,2010-01-15,2011-12-09,5.470759493670886,509.0,1589.98,99.0,True,True,True
22107,PIZZA PLATE IN BOX,2009-12-01,2011-12-09,4.6385522788203755,1240.0,4840.59,105.42857142857143,True,True,True
22108,PING! MICROWAVE PLATE,2009-12-01,2011-12-09,3.543515625,313.0,978.74,105.42857142857143,True,True,True
22109,FULL ENGLISH BREAKFAST PLATE,2009-12-01,2011-12-09,5.133204930662558,3338.0,13750.11,105.42857142857143,True,True,True
22110,BIRD HOUSE HOT WATER BOTTLE,2009-12-01,2011-12-09,3.8439885496183206,2609.0,8563.76,105.42857142857143,True,True,True
22111,SCOTTIE DOG HOT WATER BOTTLE,2009-12-01,2011-12-09,5.734759698899826,9776.0,49771.94,105.42857142857143,True,True,True
22112,CHOCOLATE HOT WATER BOTTLE,2009-12-01,2011-12-09,5.849994269340974,11065.0,57981.94,105.42857142857143,True,True,True
22113,GREY HEART HOT WATER BOTTLE,2009-12-01,2011-12-09,4.199551656920078,5759.0,22025.93,105.42857142857143,True,True,True
22114,HOT WATER BOTTLE TEA AND SYMPATHY,2009-12-01,2011-12-09,4.774289292423294,11677.0,59189.14,105.42857142857143,True,True,True
22115,METAL SIGN EMPIRE TEA,2009-12-01,2011-12-08,3.2748111332007954,2889.0,5695.1,105.28571428571429,True,True,True
22116,METAL SIGN HIS DINNER IS SERVED,2009-12-01,2011-12-09,1.8223737373737372,823.0,1103.88,105.42857142857143,True,True,True
22117,METAL SIGN HER DINNER IS SERVED,2009-12-01,2011-12-06,3.060434782608696,1765.0,5207.7300000000005,105.0,True,True,True
22118,JOY WOODEN BLOCK LETTERS,2009-12-01,2011-12-09,5.403333333333333,799.0,3842.07,105.42857142857143,True,True,True
22119,PEACE WOODEN BLOCK LETTERS,2009-12-01,2011-12-09,6.8107204610951015,896.0,5543.87,105.42857142857143,True,True,True
22120,WELCOME  WOODEN BLOCK LETTERS,2009-12-01,2011-12-05,11.28659400544959,1018.0,10314.19,104.85714285714286,True,True,True
22121,NOEL WOODEN BLOCK LETTERS,2009-12-01,2011-12-09,6.6425,1481.0,9167.61,105.42857142857143,True,True,True
22122,SET OF 2 FANCY FONT TEA TOWELS,2009-12-01,2010-08-20,3.4707142857142856,1095.0,3290.0800000000004,37.42857142857143,False,False,False
22123,PING MICROWAVE APRON,2009-12-02,2011-12-09,3.733473053892216,655.0,1700.14,105.28571428571429,True,True,True
22124,SET OF 2 TEA TOWELS PING MICROWAVE,2009-12-07,2011-12-09,2.7221969696969697,298.0,751.9300000000001,104.57142857142857,True,True,True
22125,UNION JACK HOT WATER BOTTLE,2009-12-01,2011-11-23,6.847883597883598,653.0,4089.09,103.14285714285714,True,True,True
22127,PARTY CONES CARNIVAL ASSORTED,2009-12-01,2011-03-23,1.8159119496855347,3468.0,4153.11,68.14285714285714,False,True,False
22128,PARTY CONES CANDY ASSORTED,2009-12-01,2011-11-18,1.5353299492385786,3923.0,4759.59,102.42857142857143,True,True,True
22129,PARTY CONES CANDY TREE DECORATION,2009-12-02,2011-12-09,1.634,3246.0,3095.12,105.28571428571429,True,True,True
22130,PARTY CONE CHRISTMAS DECORATION,2009-12-01,2011-12-08,1.8005092592592593,9737.0,10991.21,105.28571428571429,True,True,True
22131,FOOD CONTAINER SET 3 LOVE HEART,2009-12-01,2011-12-08,2.551026722925457,5243.0,9914.89,105.28571428571429,True,True,True
22132,RED LOVE HEART SHAPE CUP,2009-12-01,2011-12-08,1.149254498714653,3345.0,2989.81,105.28571428571429,True,True,True
22133,PINK LOVE HEART SHAPE CUP,2009-12-01,2011-12-08,1.233079268292683,2464.0,2258.61,105.28571428571429,True,True,True
22134,LADLE LOVE HEART RED,2009-12-01,2011-12-09,0.6375919732441471,2354.0,1043.58,105.42857142857143,True,True,True
22135,LADLE LOVE HEART PINK,2009-12-01,2011-12-09,0.6760567823343848,1624.0,806.15,105.42857142857143,True,True,True
22136,LOVE HEART SOCK HANGER,2009-12-01,2011-12-08,2.0905555555555555,1989.0,3322.22,105.28571428571429,True,True,True
22137,BATHROOM SET LOVE HEART DESIGN,2009-12-14,2011-08-11,3.616046511627907,606.0,1508.28,86.42857142857143,False,True,False
22138,BAKING SET 9 PIECE RETROSPOT,2009-12-01,2011-12-09,5.3669730010384225,9366.0,45882.01,105.42857142857143,True,True,True
22139,RETRO SPOT TEA SET CERAMIC 11 PC,2009-12-01,2011-12-09,5.579728958630528,10609.0,52843.01,105.42857142857143,True,True,True
22141,CHRISTMAS CRAFT TREE TOP ANGEL,2009-12-01,2011-12-09,2.595549828178694,3663.0,8895.210000000001,105.42857142857143,True,True,True
22142,CHRISTMAS CRAFT WHITE FAIRY,2009-12-01,2011-12-09,1.7261165048543687,4300.0,6445.389999999999,105.42857142857143,True,True,True
22143,CHRISTMAS CRAFT HEART DECORATIONS,2009-12-01,2010-10-27,2.5798591549295775,446.0,942.88,47.142857142857146,False,False,False
22144,CHRISTMAS CRAFT LITTLE FRIENDS,2009-12-01,2011-12-09,2.5934078212290506,5134.0,12382.47,105.42857142857143,True,True,True
22145,CHRISTMAS CRAFT HEART STOCKING,2009-12-01,2010-12-08,2.3686069651741297,1306.0,2752.6600000000003,53.142857142857146,False,True,False
22146,EASTER CRAFT IVY WREATH WITH CHICK,2009-12-04,2011-01-25,2.0039449541284404,1413.0,2633.13,59.57142857142857,False,True,False
22147,FELTCRAFT BUTTERFLY HEARTS,2009-12-01,2011-12-01,1.6181639624252775,12828.0,17893.579999999998,104.28571428571429,True,True,True
22148,EASTER CRAFT 4 CHICKS,2009-12-02,2011-12-04,2.3137377049180325,3237.0,6480.29,104.57142857142857,True,True,True
22149,FELTCRAFT 6 FLOWER FRIENDS,2009-12-01,2011-11-10,2.382309879175551,12674.0,26218.97,101.28571428571429,True,True,True
22150,3 STRIPEY MICE FELTCRAFT,2009-12-01,2011-12-09,2.1962277951933125,7815.0,14486.55,105.42857142857143,True,True,True
22151,PLACE SETTING WHITE HEART,2009-12-01,2011-12-09,0.5367527173913044,27562.0,11609.19,105.42857142857143,True,True,True
22152,PLACE SETTING WHITE STAR,2009-12-01,2011-12-05,0.5179919678714859,6241.0,2642.2799999999997,104.85714285714286,True,True,True
22153,ANGEL DECORATION STARS ON DRESS,2009-12-01,2011-12-09,0.5477133105802048,5705.0,2469.16,105.42857142857143,True,True,True
22154,ANGEL DECORATION 3 BUTTONS,2009-12-01,2011-12-09,0.5343768996960486,7114.0,3073.32,105.42857142857143,True,True,True
22155,STAR DECORATION RUSTIC,2009-12-01,2011-12-09,0.5615774647887324,5925.0,2671.81,105.42857142857143,True,True,True
22156,HEART DECORATION WITH PEARLS,2009-12-01,2011-12-09,1.0765151515151514,6156.0,5537.57,105.42857142857143,True,True,True
22157,ANGEL DECORATION WITH LACE PADDED,2009-12-02,2011-08-31,0.894296875,1698.0,1451.4,91.0,False,True,False
22158,3 HEARTS HANGING DECORATION RUSTIC,2009-12-03,2011-12-08,3.221857923497268,8985.0,29198.28,105.0,True,True,True
22161,HEART DECORATION RUSTIC HANGING,2009-12-07,2011-12-09,0.6999212598425197,6726.0,2738.28,104.57142857142857,True,True,True
22162,HEART GARLAND RUSTIC PADDED,2009-12-01,2011-11-24,3.383735849056604,1218.0,3737.9,103.28571428571429,True,True,True
22163,HEART STRING MEMO HOLDER HANGING,2009-12-01,2011-12-09,2.3265841584158418,1269.0,2235.1200000000003,105.42857142857143,True,True,True
22164,STRING OF STARS CARD HOLDER,2009-12-03,2011-11-28,3.3463265306122447,315.0,883.2200000000001,103.57142857142857,True,True,True
22165,"DIAMANTE HEART SHAPED WALL MIRROR,",2009-12-01,2011-12-09,12.87021818181818,976.0,7673.73,105.42857142857143,True,True,True
22166,"WALL MIRROR , RECT DIAMANTE, PINK/",2009-12-01,2011-12-08,12.14132075471698,440.0,3528.75,105.28571428571429,True,True,True
22167,"WALL MIRROR , DIAMANTE OVAL SHAPE",2009-12-01,2011-12-09,11.313026315789472,690.0,6056.33,105.42857142857143,True,True,True
22168,"ORGANISER WOOD, ANTIQUE WHITE",2009-12-08,2011-04-12,8.504903846153846,659.0,5475.93,70.0,False,True,False
22169,FAMILY ALBUM WHITE PICTURE FRAME,2009-12-01,2011-12-08,9.794022824536375,2275.0,19507.6,105.28571428571429,True,True,True
22170,PICTURE FRAME WOOD TRIPLE PORTRAIT,2009-12-02,2011-12-09,7.42446956521739,2385.0,15645.27,105.28571428571429,True,True,True
22171,3 HOOK PHOTO SHELF ANTIQUE WHITE,2009-12-01,2011-12-09,9.802632375189107,3141.0,23709.46,105.42857142857143,True,True,True
22172,METAL SHELF WITH RAIL,2009-12-01,2010-09-29,9.579301075268818,378.0,3451.82,43.142857142857146,False,False,False
22173,METAL 4 HOOK HANGER FRENCH CHATEAU,2009-12-01,2011-12-09,3.7266401590457257,5026.0,15411.9,105.42857142857143,True,True,True
22174,PHOTO CUBE,2009-12-01,2011-12-09,2.52070796460177,5122.0,10374.33,105.42857142857143,True,True,True
22175,PINK OWL SOFT TOY,2009-12-02,2011-12-09,3.418246575342466,1824.0,5278.31,105.28571428571429,True,True,True
22176,BLUE OWL SOFT TOY,2009-12-02,2011-10-31,3.3600384615384615,1184.0,3542.7300000000005,99.71428571428571,True,True,True
22177,5 HOOK BLACKBOARD ORGANISER,2009-12-01,2010-08-25,11.89312,325.0,3101.46,38.142857142857146,False,False,False
22178,VICTORIAN GLASS HANGING T-LIGHT,2009-12-01,2011-12-09,1.5693047256925583,40081.0,52382.82,105.42857142857143,True,True,True
22179,SET 10 LIGHTS NIGHT OWL,2009-12-01,2011-12-09,8.44261862917399,2023.0,14418.61,105.42857142857143,True,True,True
22180,RETRO SPOT LAMP,2009-12-01,2011-11-07,11.275756097560974,975.0,10103.38,100.85714285714286,True,True,True
22181,SNOWSTORM PHOTO FRAME FRIDGE MAGNET,2009-12-02,2011-11-29,1.0202142857142855,1538.0,1291.38,103.85714285714286,True,True,True
22182,CAKE STAND VICTORIAN FILIGREE SMALL,2009-12-02,2011-12-09,4.562325581395349,561.0,2156.45,105.28571428571429,True,True,True
22183,CAKE STAND VICTORIAN FILIGREE MED,2009-12-02,2011-11-13,6.313157894736842,586.0,3297.25,101.57142857142857,True,True,True
22184,CAKE STAND VICTORIAN FILIGREE LARGE,2009-12-02,2011-01-27,9.19986301369863,389.0,2887.07,60.142857142857146,False,True,False
22185,SLATE TILE NATURAL HANGING,2009-12-01,2011-12-09,1.9247854077253217,3896.0,6224.719999999999,105.42857142857143,True,True,True
22186,RED STAR CARD HOLDER,2009-12-01,2011-12-09,3.2433526011560696,2004.0,5431.400000000001,105.42857142857143,True,True,True
22187,GREEN CHRISTMAS TREE CARD HOLDER,2009-12-01,2011-12-09,4.355464480874317,2104.0,6820.7,105.42857142857143,True,True,True
22188,BLACK HEART CARD HOLDER,2009-12-14,2011-12-08,4.455873015873016,10353.0,28112.03,103.42857142857143,True,True,True
22189,CREAM HEART CARD HOLDER,2009-12-01,2011-12-08,4.4335582822085895,16186.0,49300.94,105.28571428571429,True,True,True
22190,LOCAL CAFE MUG,2009-12-01,2011-12-09,2.361469387755102,1400.0,2591.67,105.42857142857143,True,True,True
22191,EAU DE NIL DINER WALL CLOCK,2009-12-01,2011-12-08,8.726083467094703,1967.0,16216.05,105.28571428571429,True,True,True
22192,BLUE DINER WALL CLOCK,2009-12-01,2011-12-08,8.901544117647058,1426.0,12104.8,105.28571428571429,True,True,True
22193,RED DINER WALL CLOCK,2009-12-01,2011-12-09,9.215218800648298,1910.0,16117.98,105.42857142857143,True,True,True
22194,BLACK DINER WALL CLOCK,2009-12-01,2011-08-11,9.188625,373.0,3212.1,88.28571428571429,False,True,False
22195,HEART MEASURING SPOONS LARGE,2009-12-01,2011-12-09,2.247609223300971,5127.0,9144.24,105.42857142857143,True,True,True
22196,SMALL HEART MEASURING SPOONS,2009-12-01,2011-12-09,1.178548707753479,6586.0,6141.19,105.42857142857143,True,True,True
22197,"POPCORN HOLDER , SMALL",2009-12-01,2011-12-09,1.0331487743026204,88499.0,79520.2,105.42857142857143,True,True,True
22198,"POPCORN HOLDER , LARGE",2009-12-01,2011-02-21,2.0664525993883793,7331.0,12759.61,63.857142857142854,False,True,False
22199,FRYING PAN RED POLKADOT,2009-12-01,2011-12-09,5.188128078817734,1827.0,7480.35,105.42857142857143,True,True,True
22200,FRYING PAN PINK POLKADOT,2009-12-01,2011-12-09,5.627877094972067,1296.0,5784.92,105.42857142857143,True,True,True
22201,FRYING PAN BLUE POLKADOT,2009-12-01,2011-12-08,4.553674698795181,509.0,2034.4,105.28571428571429,True,True,True
22202,MILK PAN PINK RETROSPOT,2009-12-02,2011-05-05,5.2496226415094345,1074.0,4336.25,74.14285714285714,False,True,False
22203,MILK PAN RED RETROSPOT,2009-12-01,2011-12-08,4.637994923857868,1402.0,5469.51,105.28571428571429,True,True,True
22204,MILK PAN BLUE RETROSPOT,2009-12-03,2011-12-08,4.206882352941176,537.0,1974.29,105.0,True,True,True
22206,"MUG , DOTCOMGIFTSHOP.COM",2010-06-07,2011-11-21,0.842,14.0,11.82,76.0,True,True,True
22207,FRYING PAN UNION FLAG,2009-12-01,2011-12-09,5.545791666666667,3103.0,13298.57,105.42857142857143,True,True,True
22208,WOOD STAMP SET THANK YOU,2009-12-01,2011-12-08,1.5570748299319728,2366.0,3036.95,105.28571428571429,True,True,True
22209,WOOD STAMP SET HAPPY BIRTHDAY,2009-12-03,2011-12-09,1.4162934362934363,1415.0,1753.9399999999998,105.14285714285714,True,True,True
22210,WOOD STAMP SET BEST WISHES,2009-12-02,2011-12-08,1.3789491525423727,1586.0,1898.42,105.14285714285714,True,True,True
22211,WOOD STAMP SET FLOWERS,2009-12-01,2011-12-08,1.5166329966329966,1531.0,2022.35,105.28571428571429,True,True,True
22212,FOUR HOOK  WHITE LOVEBIRDS,2009-12-01,2011-12-09,2.6206428571428573,4024.0,8642.300000000001,105.42857142857143,True,True,True
22214,CANDLE PLATE LACE WHITE,2009-12-01,2011-12-06,2.7232608695652174,549.0,1279.79,105.0,True,True,True
22215,CAKE STAND WHITE TWO TIER LACE,2009-12-01,2011-12-09,9.028802228412257,1085.0,8809.93,105.42857142857143,True,True,True
22216,T-LIGHT HOLDER WHITE LACE,2009-12-02,2011-12-09,1.0712396694214876,1396.0,1215.83,105.28571428571429,True,True,True
22217,T-LIGHT HOLDER HANGING LACE,2009-12-09,2011-12-09,1.405925925925926,2374.0,2814.81,104.28571428571429,True,True,True
22218,CAKE STAND LACE WHITE,2009-12-01,2010-12-15,5.398560606060606,1232.0,5365.66,54.142857142857146,False,True,False
22219,LOVEBIRD HANGING DECORATION WHITE,2009-12-01,2011-12-09,1.1349401709401707,9771.0,9270.48,105.42857142857143,True,True,True
22220,CAKE STAND LOVEBIRD 2 TIER WHITE,2009-12-02,2011-12-09,10.384074074074071,745.0,6885.44,105.28571428571429,True,True,True
22221,CAKE STAND LOVEBIRD 2 TIER PINK,2009-12-17,2011-12-08,10.578535031847132,905.0,6702.33,103.0,True,True,True
22222,CAKE PLATE LOVEBIRD WHITE,2009-12-01,2011-12-08,5.630868486352358,1489.0,6160.84,105.28571428571429,True,True,True
22223,CAKE PLATE LOVEBIRD PINK,2009-12-04,2011-12-06,5.410338983050847,726.0,3359.6600000000003,104.57142857142857,True,True,True
22224,WHITE LOVEBIRD LANTERN,2009-12-01,2011-12-09,3.615792079207921,2373.0,7527.94,105.42857142857143,True,True,True
22227,"DECORATION, HANGING HEART+MIRROR",2009-12-02,2011-12-09,0.8913704819277108,6021.0,4344.17,105.28571428571429,True,True,True
22228,BUNNY WOODEN PAINTED WITH BIRD,2009-12-03,2011-12-08,1.0154676258992803,1727.0,1456.6,105.0,True,True,True
22229,BUNNY WOODEN PAINTED WITH FLOWER,2009-12-04,2011-12-05,1.0193650793650793,1007.0,845.3,104.42857142857143,True,True,True
22230,JIGSAW TREE WITH WATERING CAN,2009-12-02,2011-12-04,0.944795918367347,1657.0,1134.64,104.57142857142857,True,True,True
22231,JIGSAW TREE WITH BIRDHOUSE,2009-12-01,2011-12-08,1.5546843853820598,2135.0,2712.48,105.28571428571429,True,True,True
22232,3 PIECE JIGSAW TOADSTOOLS,2009-12-01,2011-12-07,1.5601898734177215,1109.0,1318.99,105.14285714285714,True,True,True
22233,JIGSAW RABBIT AND BIRDHOUSE,2009-12-09,2011-12-07,1.511137724550898,949.0,1210.11,104.0,True,True,True
22236,CAKE STAND 3 TIER MAGIC GARDEN,2009-12-10,2011-11-23,13.37624703087886,1127.0,13965.52,101.85714285714286,True,True,True
22241,"GARLAND , WOODEN  "" HAPPY EASTER""",2009-12-01,2011-11-23,1.586346555323591,4349.0,5862.42,103.14285714285714,True,True,True
22242,"HOOK, 5 HANGER , MAGIC TOADSTOOL",2009-12-10,2011-02-16,1.915822102425876,4756.0,7559.909999999999,61.857142857142854,False,True,False
22243,"HOOK, 5 HANGER ,MAGIC TOADSTOOL RED",2009-12-13,2011-11-30,1.904632911392405,7678.0,11860.249999999998,102.42857142857143,True,True,True
22244,"HOOK, 3 HANGER ,MAGIC GARDEN",2009-12-09,2011-09-28,2.691319444444445,4760.0,9101.96,94.0,False,True,False
22245,"HOOK, 1 HANGER ,MAGIC GARDEN",2009-12-09,2011-09-01,1.1102870813397128,4633.0,3988.85,90.14285714285714,False,True,False
22246,"GARLAND, MAGIC GARDEN 1.8M",2009-12-01,2011-11-24,2.698465608465608,1081.0,2287.95,103.28571428571429,True,True,True
22247,BUNNY DECORATION MAGIC GARDEN,2009-12-13,2011-11-25,1.0458288770053477,1184.0,1022.79,101.71428571428571,True,True,True
22248,DECORATION  PINK CHICK MAGIC GARDEN,2009-12-02,2011-12-05,1.070893854748603,1013.0,901.5,104.71428571428571,True,True,True
22249,DECORATION WHITE CHICK MAGIC GARDEN,2009-12-13,2011-12-08,1.0390725806451613,1636.0,1434.66,103.57142857142857,True,True,True
22250,DECORATION  BUTTERFLY  MAGIC GARDEN,2009-12-13,2011-12-08,1.1350950570342204,1521.0,1382.96,103.57142857142857,True,True,True
22251,BIRDHOUSE DECORATION MAGIC GARDEN,2009-12-17,2011-12-08,1.5625913621262455,1871.0,2317.64,103.0,True,True,True
22252,BIRDCAGE DECORATION MAGIC GARDEN,2009-12-10,2011-12-09,1.285,956.0,1175.56,104.14285714285714,True,True,True
22253,6 CROCHET STRAWBERRIES,2009-12-01,2010-04-08,1.4741573033707864,964.0,1158.28,18.285714285714285,False,False,False
22254,FELT TOADSTOOL LARGE,2009-12-01,2011-12-07,1.5208,1398.0,1792.21,105.14285714285714,True,True,True
22255,FELT TOADSTOOL  SMALL,2009-12-01,2011-12-07,1.145931034482759,1185.0,1127.11,105.14285714285714,True,True,True
22256,FELT FARM ANIMAL CHICKEN,2009-12-07,2011-09-07,1.5713934426229508,933.0,1200.07,91.28571428571429,False,True,False
22257,FELT FARM ANIMAL SHEEP,2010-01-21,2011-10-30,1.2447457627118643,419.0,345.47999999999996,92.42857142857143,True,True,True
22258,FELT FARM ANIMAL RABBIT,2009-12-04,2011-11-25,1.4597744360902256,1342.0,1291.05,103.0,True,True,True
22259,FELT FARM ANIMAL HEN,2010-01-24,2011-04-26,1.297162162162162,590.0,482.95,65.28571428571429,False,True,False
22260,FELT EGG COSY BLUE RABBIT,2009-12-02,2011-12-09,1.2850813008130082,1557.0,1594.77,105.28571428571429,True,True,True
22261,FELT EGG COSY WHITE RABBIT,2009-12-01,2011-12-09,1.1506299212598423,2105.0,2024.35,105.42857142857143,True,True,True
22262,FELT EGG COSY CHICKEN,2009-12-01,2011-12-06,1.1506583072100314,2026.0,1947.82,105.0,True,True,True
22263,FELT EGG COSY LADYBIRD,2009-12-06,2011-12-08,1.1693457943925232,836.0,627.38,104.57142857142857,True,True,True
22264,FELT FARM ANIMAL WHITE BUNNY,2009-12-14,2011-12-09,1.0628235294117647,2014.0,1152.22,103.57142857142857,True,True,True
22265,EASTER DECORATION NATURAL CHICK,2009-12-02,2011-11-29,0.764406779661017,1843.0,1207.8000000000002,103.85714285714286,True,True,True
22266,EASTER DECORATION HANGING BUNNY,2009-12-17,2011-12-07,0.6852352941176472,2542.0,1040.11,102.85714285714286,True,True,True
22267,EASTER DECORATION EGG BUNNY,2009-12-07,2011-12-05,1.1747107438016529,1472.0,1291.47,104.0,True,True,True
22268,EASTER DECORATION SITTING BUNNY,2009-12-13,2011-11-10,0.8324897959183672,2554.0,1271.29,99.57142857142857,True,True,True
22269,EGG CUP NATURAL CHICKEN,2009-12-02,2011-12-07,1.2078155339805825,1521.0,1357.7,105.0,True,True,True
22270,HAPPY EASTER HANGING DECORATION,2009-12-03,2011-11-22,4.247405063291139,685.0,2638.67,102.71428571428571,True,True,True
22271,FELTCRAFT DOLL ROSIE,2009-12-01,2011-11-25,3.2711712846347605,4866.0,13921.73,103.42857142857143,True,True,True
22272,FELTCRAFT DOLL MARIA,2009-12-01,2011-05-22,3.1599342105263157,1371.0,3848.34,76.71428571428571,False,True,False
22273,FELTCRAFT DOLL MOLLY,2009-12-01,2011-12-09,3.300158536585366,7355.0,20150.99,105.42857142857143,True,True,True
22274,FELTCRAFT DOLL EMILY,2009-12-01,2011-12-08,3.266006051437216,3773.0,10770.070000000002,105.28571428571429,True,True,True
22275,WEEKEND BAG VINTAGE ROSE PAISLEY,2009-12-01,2010-12-02,8.88564263322884,946.0,7875.33,52.285714285714285,False,True,False
22276,WASH BAG VINTAGE ROSE PAISLEY,2009-12-01,2011-12-08,3.0158556149732623,1889.0,4884.86,105.28571428571429,True,True,True
22277,COSMETIC BAG VINTAGE ROSE PAISLEY,2009-12-01,2011-12-09,2.475277777777778,1400.0,2927.49,105.42857142857143,True,True,True
22278,OVERNIGHT BAG VINTAGE ROSE PAISLEY,2009-12-02,2011-12-09,6.753556701030928,1016.0,5959.53,105.28571428571429,True,True,True
22279,POCKET BAG BLUE PAISLEY RED SPOT,2009-12-02,2011-12-09,1.625299539170507,1440.0,2104.62,105.28571428571429,True,True,True
22280,POCKET BAG PINK PAISELY BROWN SPOT,2009-12-01,2011-12-09,1.5551234567901235,877.0,1248.74,105.42857142857143,True,True,True
22281,EASTER TREE YELLOW BIRDS,2009-12-01,2011-12-07,8.12261744966443,511.0,3285.86,105.14285714285714,True,True,True
22282,12 EGG HOUSE PAINTED WOOD,2009-12-01,2011-12-08,16.838657407407407,561.0,7304.69,105.28571428571429,True,True,True
22283,6 EGG HOUSE PAINTED WOOD,2009-12-01,2011-12-08,9.60413612565445,1032.0,8533.09,105.28571428571429,True,True,True
22284,HEN HOUSE DECORATION,2009-12-03,2011-12-05,1.999377049180328,2465.0,4017.74,104.57142857142857,True,True,True
22285,"DECORATION HEN ON NEST, HANGING",2009-12-06,2011-12-05,1.9323048327137544,2705.0,4248.009999999999,104.14285714285714,True,True,True
22286,"DECORATION , WOBBLY RABBIT , METAL",2009-12-01,2011-12-01,1.7414871794871791,1937.0,2200.75,104.28571428571429,True,True,True
22287,"DECORATION , WOBBLY CHICKEN, METAL",2009-12-03,2011-12-01,1.677685950413223,1340.0,1435.7499999999998,104.0,True,True,True
22288,"DECORATION , HANGING METAL RABBIT",2009-12-01,2011-12-06,1.5634400000000002,1310.0,1525.99,105.0,True,True,True
22289,"DECORATION , HANGING METAL CHICKEN",2009-12-01,2011-11-22,1.5467948717948716,764.0,817.48,103.0,True,True,True
22290,STANDING METAL RABBIT WITH EGG,2009-12-09,2010-03-31,2.35620253164557,670.0,1223.02,16.0,False,False,False
22291,"SPRING DEC , HANGING CHICK CREAM",2009-12-03,2011-11-25,1.6439776951672864,3193.0,4412.929999999999,103.14285714285714,True,True,True
22292,"SPRING DEC , HANGING CHICK  YELLOW",2009-12-03,2011-11-25,1.6012334801762116,2779.0,3773.74,103.14285714285714,True,True,True
22293,"SPRING DEC , HANGING CHICK  GREEN",2009-12-02,2011-11-22,1.7955217391304346,2034.0,2860.2,102.85714285714286,True,True,True
22294,HEART FILIGREE DOVE  SMALL,2009-12-01,2011-12-08,1.455212527964206,16671.0,20629.38,105.28571428571429,True,True,True
22295,HEART FILIGREE DOVE LARGE,2009-12-01,2011-12-08,1.8310082872928175,8411.0,13873.54,105.28571428571429,True,True,True
22296,HEART IVORY TRELLIS LARGE,2009-12-01,2011-12-08,1.814789227166276,9719.0,16027.559999999998,105.28571428571429,True,True,True
22297,HEART IVORY TRELLIS SMALL,2009-12-01,2011-12-08,1.6488473205257836,13715.0,17702.62,105.28571428571429,True,True,True
22299,PIG KEYRING WITH LIGHT & SOUND,2009-12-03,2011-12-09,1.629207920792079,3912.0,4430.82,105.14285714285714,True,True,True
22300,COFFEE MUG DOG + BALL DESIGN,2009-12-01,2011-12-09,3.0111320754716977,4116.0,9891.4,105.42857142857143,True,True,True
22301,COFFEE MUG CAT + BIRD DESIGN,2009-12-01,2011-12-09,3.1771007751937983,5009.0,12124.78,105.42857142857143,True,True,True
22302,COFFEE MUG PEARS  DESIGN,2009-12-01,2011-12-09,2.723233082706767,4926.0,10492.45,105.42857142857143,True,True,True
22303,COFFEE MUG APPLES DESIGN,2009-12-01,2011-12-09,2.72731977818854,5439.0,12701.63,105.42857142857143,True,True,True
22304,COFFEE MUG BLUE PAISLEY DESIGN,2009-12-01,2011-12-09,2.8558682634730537,2380.0,4689.56,105.42857142857143,True,True,True
22305,COFFEE MUG PINK PAISLEY DESIGN,2009-12-01,2011-12-07,2.7977083333333335,2267.0,4711.53,105.14285714285714,True,True,True
22306,SILVER MUG BONE CHINA TREE OF LIFE,2009-12-09,2011-12-06,2.025333333333333,1621.0,2316.2,103.85714285714286,True,True,True
22307,GOLD MUG BONE CHINA TREE OF LIFE,2009-12-07,2011-12-09,2.3484873949579828,1199.0,1804.11,104.57142857142857,True,True,True
22308,TEA COSY BLUE STRIPE,2009-12-01,2011-12-09,3.9256074766355136,677.0,2085.0499999999997,105.42857142857143,True,True,True
22309,TEA COSY RED  STRIPE,2009-12-02,2011-12-09,3.446516853932584,1331.0,3459.08,105.28571428571429,True,True,True
22310,KNITTED MUG COSY IVORY COLOUR,2009-12-03,2011-12-08,2.513451327433628,1739.0,3113.94,105.0,True,True,True
22311,OFFICE MUG WARMER BLACK+SILVER,2009-12-01,2011-12-06,4.553046357615894,2116.0,6755.56,105.0,True,True,True
22312,OFFICE MUG WARMER POLKADOT,2009-12-01,2011-12-08,4.289963235294118,1233.0,4254.05,105.28571428571429,True,True,True
22313,OFFICE MUG WARMER PINK,2009-12-02,2011-12-09,4.273453237410072,985.0,3146.07,105.28571428571429,True,True,True
22314,OFFICE MUG WARMER CHOC+BLUE,2009-12-02,2011-12-09,4.341181102362205,1110.0,3888.480000000001,105.28571428571429,True,True,True
22315,200 RED + WHITE BENDY STRAWS,2009-12-01,2011-12-08,1.448560411311054,2136.0,2749.51,105.28571428571429,True,True,True
22316,200 BENDY SKULL STRAWS,2009-12-09,2011-12-06,1.402941176470588,1257.0,1432.82,103.85714285714286,True,True,True
22317,FIVE CATS HANGING DECORATION,2009-12-04,2011-11-29,3.675357142857143,587.0,1827.64,103.57142857142857,True,True,True
22318,FIVE HEART HANGING DECORATION,2009-12-01,2011-12-05,3.6787786259541986,1583.0,4983.9800000000005,104.85714285714286,True,True,True
22319,HAIRCLIPS FORTIES FABRIC ASSORTED,2009-12-01,2011-12-09,0.80816091954023,2987.0,1698.0400000000002,105.42857142857143,True,True,True
22320,BIRDS MOBILE VINTAGE DESIGN,2009-12-01,2011-12-08,6.202333333333334,598.0,3545.02,105.28571428571429,True,True,True
22321,BIRD DECORATION RED SPOT,2009-12-01,2011-12-08,1.2285573770491802,2528.0,2339.95,105.28571428571429,True,True,True
22322,BIRD DECORATION GREEN  SPOT,2009-12-02,2011-11-11,1.2288970588235293,1617.0,1528.2099999999998,101.28571428571429,True,True,True
22323,PINK POLKADOT KIDS BAG,2009-12-03,2011-01-12,3.1910256410256412,635.0,1683.31,57.857142857142854,False,True,False
22324,BLUE POLKADOT KIDS BAG,2009-12-01,2011-12-09,3.3223529411764705,664.0,1797.06,105.42857142857143,True,True,True
22325,MOBILE VINTAGE HEARTS,2009-12-01,2011-11-29,5.006,699.0,3139.99,104.0,True,True,True
22326,"ROUND SNACK BOXES ,SET4, WOODLAND",2010-01-07,2011-12-09,3.4294440484675697,15446.0,44257.740000000005,100.14285714285714,True,True,True
22327,ROUND SNACK BOXES SET OF 4 SKULLS,2010-01-10,2011-12-09,3.80130303030303,3065.0,9943.55,99.71428571428571,True,True,True
22328,"ROUND SNACK BOXES ,SET 4, FRUITS",2010-01-07,2011-12-09,3.1921746575342467,12959.0,36170.31,100.14285714285714,True,True,True
22329,ROUND CONTAINER SET OF 5 RETROSPOT,2010-01-10,2011-12-09,2.079477977161501,5159.0,8430.449999999999,99.71428571428571,True,True,True
22330,72 ROUND PINK DOILIES,2009-12-01,2010-02-07,1.87,128.0,197.9,9.714285714285714,False,False,False
22331,WOODLAND PARTY BAG + STICKER SET,2009-12-02,2011-12-09,1.9771655328798183,3660.0,6011.57,105.28571428571429,True,True,True
22332,SKULLS PARTY BAG + STICKER SET,2009-12-03,2011-12-05,1.8224675324675323,4158.0,6520.549999999999,104.57142857142857,True,True,True
22333,RETRO SPORT PARTY BAG + STICKER SET,2009-12-01,2011-12-07,1.8606125356125351,10030.0,15639.65,105.14285714285714,True,True,True
22334,DINOSAUR PARTY BAG + STICKER SET,2009-12-03,2011-12-07,1.739701492537313,2230.0,3552.3599999999997,104.85714285714286,True,True,True
22335,HEART DECORATION PAINTED ZINC,2009-12-01,2011-12-08,0.8489312977099237,8666.0,5644.77,105.28571428571429,True,True,True
22336,DOVE DECORATION PAINTED ZINC,2009-12-01,2011-10-14,0.7334684684684685,4661.0,2234.96,97.42857142857143,True,True,True
22337,ANGEL DECORATION PAINTED ZINC,2009-12-01,2011-12-02,0.7340939597315437,2473.0,1522.52,104.42857142857143,True,True,True
22338,STAR DECORATION PAINTED ZINC,2009-12-01,2011-12-09,0.5545387453874538,6087.0,2151.99,105.42857142857143,True,True,True
22339,CHRISTMAS TREE PAINTED ZINC,2009-12-02,2011-11-20,0.5729139072847682,3521.0,1385.46,102.57142857142857,True,True,True
22340,NOEL GARLAND PAINTED ZINC,2009-12-01,2011-12-09,1.242391304347826,1799.0,1511.05,105.42857142857143,True,True,True
22341,LOVE GARLAND PAINTED ZINC,2009-12-02,2011-12-08,2.3590495867768593,3467.0,5698.889999999999,105.14285714285714,True,True,True
22342,HOME GARLAND PAINTED ZINC,2009-12-02,2011-12-09,2.0389565217391303,1817.0,2521.2499999999995,105.28571428571429,True,True,True
22343,PARTY PIZZA DISH RED WHITE SPOT,2009-12-02,2011-12-08,0.827659574468085,3297.0,1985.74,105.14285714285714,True,True,True
22344,PARTY PIZZA DISH PINK+WHITE SPOT,2009-12-02,2011-12-08,0.8374436090225563,1580.0,807.3199999999999,105.14285714285714,True,True,True
22345,PARTY PIZZA DISH BLUE+WHITE SPOT,2009-12-02,2011-12-08,0.8035384615384615,1466.0,710.5999999999999,105.14285714285714,True,True,True
22346,PARTY PIZZA DISH GREEN+WHITE SPOT,2009-12-02,2011-12-08,0.8138461538461539,1300.0,612.61,105.14285714285714,True,True,True
22347,PIZZA SLICE DISH,2009-12-01,2010-08-20,1.6625217391304348,2716.0,3119.18,37.42857142857143,False,False,False
22348,TEA BAG PLATE RED SPOTTY,2009-12-01,2011-12-09,1.0709783728115343,12453.0,10583.12,105.42857142857143,True,True,True
22349,"DOG BOWL , CHASING BALL DESIGN",2009-12-01,2011-12-05,4.150815217391305,2571.0,10551.67,104.85714285714286,True,True,True
22350,CAT BOWL,2009-12-01,2011-12-08,3.0777844311377245,2840.0,7883.44,105.28571428571429,True,True,True
22351,DOTCOMGIFTSHOP TEA TOWEL,2010-08-26,2011-06-29,2.766666666666667,15.0,29.809999999999995,43.857142857142854,False,False,False
22352,LUNCHBOX WITH CUTLERY RETROSPOT,2009-12-01,2011-12-09,3.134055258467023,7090.0,17830.71,105.42857142857143,True,True,True
22353,LUNCHBOX WITH CUTLERY FAIRY CAKES,2009-12-01,2011-05-08,3.147369477911646,3039.0,7917.889999999999,74.71428571428571,False,True,False
22354,RETRO SPOT PADDED SEAT CUSHION,2009-12-02,2011-12-06,4.2496441281138795,2228.0,8454.56,104.85714285714286,True,True,True
22355,"CHARLOTTE BAG , SUKI DESIGN",2009-12-01,2011-12-09,1.161101598173516,31956.0,45377.56,105.42857142857143,True,True,True
22356,"CHARLOTTE BAG , PINK/WHITE SPOTS",2009-12-01,2011-12-09,1.1577360850531582,20015.0,20871.9,105.42857142857143,True,True,True
22357,KINGS CHOICE BISCUIT TIN,2010-01-07,2011-12-09,5.123658008658009,2073.0,9352.41,100.14285714285714,True,True,True
22358,KINGS CHOICE TEA CADDY,2010-01-06,2011-12-09,3.872950819672131,2651.0,8393.61,100.28571428571429,True,True,True
22359,GLASS JAR KINGS CHOICE,2010-03-16,2011-12-06,3.624356435643565,1278.0,4052.18,90.0,True,True,True
22360,"GLASS JAR, ENGLISH CONFECTIONERY",2009-12-13,2011-12-08,3.777775175644028,2503.0,7535.5,103.57142857142857,True,True,True
22361,GLASS JAR DAISY FRESH COTTON WOOL,2010-03-15,2011-12-09,4.2679718875502015,1845.0,6036.26,90.57142857142857,True,True,True
22362,GLASS JAR PEACOCK BATH SALTS,2010-03-15,2011-12-09,3.8228853754940713,747.0,2410.53,90.57142857142857,True,True,True
22363,GLASS JAR MARMALADE,2010-03-15,2011-12-08,3.641860465116279,781.0,2303.39,90.42857142857143,True,True,True
22364,GLASS JAR DIGESTIVE BISCUITS,2010-03-15,2011-12-08,3.9219590643274858,2054.0,6498.610000000001,90.42857142857143,True,True,True
22365,DOORMAT RESPECTABLE HOUSE,2010-01-04,2011-12-08,8.92313769751693,2329.0,15289.79,100.42857142857143,True,True,True
22366,DOORMAT AIRMAIL,2010-01-04,2011-12-08,9.055017605633802,2540.0,17242.3,100.42857142857143,True,True,True
22367,CHILDS APRON SPACEBOY DESIGN,2010-01-10,2011-12-09,2.2520757967269596,8059.0,15778.67,99.71428571428571,True,True,True
22371,AIRLINE BAG VINTAGE TOKYO 78,2010-02-12,2011-12-09,5.362751091703057,1828.0,8936.8,95.0,True,True,True
22372,AIRLINE BAG VINTAGE WORLD CHAMPION,2010-02-11,2011-12-09,5.338298611111111,604.0,3073.43,95.14285714285714,True,True,True
22374,AIRLINE BAG VINTAGE JET SET RED,2010-02-14,2011-12-09,5.329907407407408,1023.0,5099.84,94.71428571428571,True,True,True
22375,AIRLINE BAG VINTAGE JET SET BROWN,2010-02-14,2011-12-08,5.488701754385965,590.0,2969.29,94.57142857142857,True,True,True
22376,AIRLINE BAG VINTAGE JET SET WHITE,2010-02-14,2011-12-08,5.216546184738956,529.0,2632.18,94.57142857142857,True,True,True
22377,BOTTLE BAG RETROSPOT,2010-01-26,2011-12-08,2.4734174311926607,3618.0,6920.11,97.28571428571429,True,True,True
22378,WALL TIDY RETROSPOT,2010-01-25,2011-12-09,2.864021937842779,3749.0,6826.51,97.57142857142857,True,True,True
22379,RECYCLING BAG RETROSPOT,2010-01-25,2011-12-09,2.8999178774478835,15765.0,34640.84,97.57142857142857,True,True,True
22380,TOY TIDY SPACEBOY,2010-01-22,2011-12-09,2.4647971014492756,4964.0,10217.66,98.0,True,True,True
22381,TOY TIDY PINK RETROSPOT,2010-01-24,2011-12-09,2.7275517551755173,9265.0,19619.54,97.71428571428571,True,True,True
22382,LUNCHBAG SPACEBOY DESIGN,2010-01-22,2011-12-08,1.895858260469397,20248.0,34071.97,97.85714285714286,True,True,True
22383,LUNCHBAG SUKI  DESIGN,2010-01-22,2011-12-09,2.076506568144499,25058.0,43254.35,98.0,True,True,True
22384,LUNCHBAG PINK RETROSPOT,2010-01-25,2011-12-09,1.945049134300421,20783.0,34088.79,97.57142857142857,True,True,True
22385,JUMBO BAG SPACEBOY DESIGN,2010-01-29,2011-12-08,2.439888800635425,17057.0,32433.5,96.85714285714286,True,True,True
22386,JUMBO BAG PINK WITH WHITE SPOTS,2010-01-29,2011-12-09,2.4137373292199205,39437.0,76324.62,97.0,True,True,True
22389,PAPERWEIGHT SAVE THE PLANET,2010-03-30,2011-12-08,2.5418478260869564,647.0,1245.52,88.28571428571429,True,True,True
22390,PAPERWEIGHT CHILDHOOD MEMORIES,2010-03-26,2011-12-08,2.6522891566265057,813.0,1448.52,88.85714285714286,True,True,True
22391,PAPERWEIGHT HOME SWEET HOME,2010-03-30,2011-12-08,2.8237878787878787,323.0,635.1899999999999,88.28571428571429,True,True,True
22393,PAPERWEIGHT VINTAGE COLLAGE,2010-03-26,2011-12-08,2.8713333333333333,834.0,1459.37,88.85714285714286,True,True,True
22394,PAPERWEIGHT KINGS CHOICE,2010-04-06,2011-12-09,2.540909090909091,346.0,544.29,87.42857142857143,True,True,True
22395,PAPERWEIGHT VINTAGE PAISLEY,2010-04-13,2011-12-08,3.0911320754716978,234.0,413.76,86.28571428571429,True,True,True
22396,MAGNETS PACK OF 4 RETRO PHOTO,2010-03-26,2011-12-09,0.9205945945945946,1895.0,1427.08,89.0,True,True,True
22398,MAGNETS PACK OF 4 SWALLOWS,2010-03-26,2011-12-09,1.0138812785388127,4239.0,3687.48,89.0,True,True,True
22399,MAGNETS PACK OF 4 CHILDHOOD MEMORY,2010-03-26,2011-12-02,1.305791366906475,4040.0,4734.6,88.0,True,True,True
22400,MAGNETS PACK OF 4 HOME SWEET HOME,2010-03-30,2011-12-07,0.8937974683544304,2450.0,2049.56,88.14285714285714,True,True,True
22402,MAGNETS PACK OF 4 VINTAGE COLLAGE,2010-03-26,2011-12-08,0.9221259842519683,3431.0,3012.78,88.85714285714286,True,True,True
22403,MAGNETS PACK OF 4 VINTAGE LABELS,2010-03-29,2011-12-07,1.1050943396226416,1715.0,1195.89,88.28571428571429,True,True,True
22405,MONEY BOX POCKET MONEY DESIGN,2010-03-26,2011-12-08,1.349773755656109,1642.0,1993.38,88.85714285714286,True,True,True
22406,MONEY BOX KINGS CHOICE DESIGN,2010-03-26,2011-12-08,1.4647031963470318,2487.0,3149.35,88.85714285714286,True,True,True
22407,MONEY BOX FIRST ADE DESIGN,2010-03-26,2011-12-07,1.3886666666666665,438.0,521.12,88.71428571428571,True,True,True
22408,MONEY BOX CONFECTIONERY DESIGN,2010-03-26,2011-12-06,1.4648958333333333,650.0,798.67,88.57142857142857,True,True,True
22409,MONEY BOX BISCUITS DESIGN,2010-03-26,2011-12-06,1.551818181818182,1686.0,2290.46,88.57142857142857,True,True,True
22410,MONEY BOX HOUSEKEEPING DESIGN,2010-03-26,2011-12-08,1.393080808080808,1363.0,1667.46,88.85714285714286,True,True,True
22411,JUMBO SHOPPER VINTAGE RED PAISLEY,2010-01-29,2011-12-09,2.4509913988229965,27281.0,57318.71,97.0,True,True,True
22412,METAL SIGN NEIGHBOURHOOD WITCH,2010-01-29,2011-11-10,2.5712315270935964,2401.0,5140.820000000001,92.85714285714286,True,True,True
22413,METAL SIGN TAKE IT OR LEAVE IT,2010-01-29,2011-12-08,3.297567567567568,6976.0,19728.24,96.85714285714286,True,True,True
22414,DOORMAT NEIGHBOURHOOD WITCH,2010-01-10,2011-12-08,9.446954545454544,1187.0,7203.57,99.57142857142857,True,True,True
22415,WHITE TISSUE REAM,2009-12-01,2011-01-26,7.95,317.0,2520.15,60.142857142857146,False,True,False
22416,36 DOILIES SPACEBOY DESIGN,2010-02-03,2011-12-04,1.576477272727273,1970.0,2763.3599999999997,95.57142857142857,True,True,True
22417,PACK OF 60 SPACEBOY CAKE CASES,2010-01-31,2011-12-08,0.7101066666666667,21451.0,11159.9,96.57142857142857,True,True,True
22418,10 COLOUR SPACEBOY PEN,2010-05-06,2011-12-09,1.0154237288135597,12314.0,10417.73,83.14285714285714,True,True,True
22419,LIPSTICK PEN RED,2010-05-07,2011-12-09,0.5990366088631984,6847.0,3242.59,83.0,True,True,True
22420,LIPSTICK PEN BABY PINK,2010-05-07,2011-12-09,0.5855416666666666,2111.0,1014.75,83.0,True,True,True
22421,LIPSTICK PEN FUSCHIA,2010-05-06,2011-12-09,0.5895913461538461,4721.0,2351.86,83.14285714285714,True,True,True
22422,TOOTHPASTE TUBE PEN,2010-05-07,2011-12-09,0.9879944289693592,2743.0,1760.94,83.0,True,True,True
22423,REGENCY CAKESTAND 3 TIER,2010-03-15,2011-12-09,14.190417721518989,26478.0,330590.32,90.57142857142857,True,True,True
22424,ENAMEL BREAD BIN CREAM,2010-05-16,2011-12-09,15.385337837837838,1529.0,20886.89,81.71428571428571,True,True,True
22425,ENAMEL COLLANDER CREAM,2010-05-16,2011-12-08,5.60592715231788,854.0,4321.52,81.57142857142857,True,True,True
22426,ENAMEL WASH BOWL CREAM,2010-04-08,2011-12-08,4.713217158176944,1333.0,5133.3,87.0,True,True,True
22427,ENAMEL FLOWER JUG CREAM,2010-05-14,2011-11-28,6.529052369077307,3210.0,19273.28,80.42857142857143,True,True,True
22428,ENAMEL FIRE BUCKET CREAM,2010-04-08,2011-12-08,7.964375,459.0,3379.67,87.0,True,True,True
22429,ENAMEL MEASURING JUG CREAM,2010-03-18,2011-12-09,4.822738853503185,2280.0,9844.04,90.14285714285714,True,True,True
22430,ENAMEL WATERING CAN CREAM,2010-05-14,2011-12-08,5.599301675977654,1397.0,6761.38,81.85714285714286,True,True,True
22431,WATERING CAN BLUE ELEPHANT,2010-02-22,2011-12-08,2.359582664526485,3365.0,6771.5199999999995,93.42857142857143,True,True,True
22432,WATERING CAN PINK BUNNY,2010-02-18,2011-12-08,2.2739691714836225,3532.0,6730.419999999999,94.0,True,True,True
22433,WATERING CAN GREEN DINOSAUR,2010-02-18,2011-12-08,2.264964705882353,2778.0,5186.28,94.0,True,True,True
22434,BALLOON PUMP WITH 10 BALLOONS,2010-04-07,2011-12-08,2.0394076655052262,2547.0,4733.49,87.14285714285714,True,True,True
22435,SET OF 9 HEART SHAPED BALLOONS,2010-04-08,2011-12-07,1.4271297989031078,4915.0,6185.22,86.85714285714286,True,True,True
22436,12 COLOURED PARTY BALLOONS,2010-04-07,2011-12-07,0.6843537414965987,4215.0,2687.05,87.0,True,True,True
22437,SET OF 9 BLACK SKULL BALLOONS,2010-04-07,2011-12-09,0.9801552106430156,6514.0,5457.97,87.28571428571429,True,True,True
22438,BALLOON ART MAKE YOUR OWN FLOWERS,2010-04-11,2011-12-08,1.924011299435028,1459.0,1913.22,86.57142857142857,True,True,True
22439,6 ROCKET BALLOONS,2010-04-08,2011-12-08,0.7315945945945946,3891.0,2599.01,87.0,True,True,True
22440,BALLOON WATER BOMB PACK OF 35,2010-04-11,2011-12-06,0.4507333333333333,8523.0,3399.41,86.28571428571429,True,True,True
22441,GROW YOUR OWN BASIL IN ENAMEL MUG,2010-03-23,2011-12-09,2.4285924369747898,2644.0,5729.570000000001,89.42857142857143,True,True,True
22442,GROW YOUR OWN FLOWERS SET OF 3,2010-03-23,2011-12-09,7.467803468208093,866.0,4765.32,89.42857142857143,True,True,True
22443,GROW YOUR OWN HERBS SET OF 3,2010-03-23,2011-08-05,8.465509433962264,683.0,5393.43,71.42857142857143,False,True,False
22444,GROW YOUR OWN PLANT IN A CAN,2010-03-23,2011-05-19,1.578920704845815,10132.0,13856.6,60.285714285714285,False,True,False
22445,PENCIL CASE LIFE IS BEAUTIFUL,2010-03-17,2011-12-08,3.4671228070175437,1287.0,3948.8600000000006,90.14285714285714,True,True,True
22446,PIN CUSHION RUSSIAN DOLL PINK,2010-03-18,2011-12-09,3.052328042328042,618.0,1751.93,90.14285714285714,True,True,True
22447,PIN CUSHION RUSSIAN DOLL BLUE,2010-03-23,2011-12-09,3.48609756097561,248.0,796.34,89.42857142857143,True,True,True
22448,PIN CUSHION RUSSIAN DOLL RED,2010-03-18,2011-12-06,3.689180327868853,753.0,2426.73,89.71428571428571,True,True,True
22449,SILK PURSE RUSSIAN DOLL PINK,2010-03-17,2011-11-24,3.465705128205128,1323.0,4374.45,88.14285714285714,True,True,True
22450,SILK PURSE RUSSIAN DOLL BLUE,2010-03-17,2011-11-28,3.5129347826086956,834.0,2798.28,88.71428571428571,True,True,True
22451,SILK PURSE RUSSIAN DOLL RED,2010-03-17,2011-05-13,3.82,1339.0,4496.99,60.285714285714285,False,True,False
22452,MEASURING TAPE RUSSIAN DOLL PINK,2010-03-21,2011-12-06,2.6929961089494165,1271.0,3358.1000000000004,89.28571428571429,True,True,True
22453,MEASURING TAPE RUSSIAN DOLL BLUE,2010-03-21,2011-12-08,2.8793793103448273,801.0,2212.92,89.57142857142857,True,True,True
22454,MEASURING TAPE RUSSIAN DOLL RED,2010-03-19,2011-11-16,3.1449171270718232,1405.0,3933.63,86.71428571428571,True,True,True
22456,NATURAL SLATE CHALKBOARD LARGE,2010-03-04,2011-12-09,6.306929510155317,4416.0,21583.2,92.14285714285714,True,True,True
22457,NATURAL SLATE HEART CHALKBOARD,2010-03-04,2011-12-09,3.5118406993686255,15373.0,47288.23,92.14285714285714,True,True,True
22458,CAST IRON HOOK GARDEN FORK,2010-03-04,2011-04-20,2.86393063583815,1523.0,3790.47,58.857142857142854,False,True,False
22459,CAST IRON HOOK GARDEN TROWEL,2010-03-04,2011-04-27,2.887586206896551,1378.0,3389.74,59.857142857142854,False,True,False
22460,EMBOSSED GLASS TEALIGHT HOLDER,2010-03-08,2011-12-09,1.5209523809523808,4771.0,6283.87,91.57142857142857,True,True,True
22461,SAVOY ART DECO CLOCK,2010-03-07,2011-08-12,12.368561643835616,410.0,3607.81,74.71428571428571,False,True,False
22464,HANGING METAL HEART LANTERN,2010-03-04,2011-12-09,1.9095220125786163,7847.0,12985.309999999998,92.14285714285714,True,True,True
22465,HANGING METAL STAR LANTERN,2010-03-04,2011-12-09,1.865506329113924,4517.0,7284.239999999999,92.14285714285714,True,True,True
22466,FAIRY TALE COTTAGE NIGHTLIGHT,2010-03-05,2011-12-09,2.3722670025188917,5312.0,9857.18,92.0,True,True,True
22467,GUMBALL COAT RACK,2010-03-04,2011-12-09,2.8445724572457243,11868.0,28059.48,92.14285714285714,True,True,True
22468,BABUSHKA LIGHTS STRING OF 10,2010-03-08,2011-12-08,7.880169491525424,1736.0,11542.6,91.42857142857143,True,True,True
22469,HEART OF WICKER SMALL,2010-04-22,2011-12-09,1.9215671981776763,27908.0,48935.10999999999,85.14285714285714,True,True,True
22470,HEART OF WICKER LARGE,2010-04-22,2011-12-08,3.2125426278836513,17773.0,53506.130000000005,85.0,True,True,True
22471,TV DINNER TRAY AIR HOSTESS,2010-03-11,2011-12-09,5.779318181818182,627.0,2568.76,91.14285714285714,True,True,True
22472,TV DINNER TRAY DOLLY GIRL,2010-03-08,2011-12-08,5.8658,1099.0,5160.32,91.42857142857143,True,True,True
22473,TV DINNER TRAY VINTAGE PAISLEY,2010-03-11,2011-12-08,5.201387559808612,811.0,3070.92,91.0,True,True,True
22474,SPACEBOY TV DINNER TRAY,2010-03-08,2011-12-09,6.225859375,972.0,4746.53,91.57142857142857,True,True,True
22475,SKULL DESIGN TV DINNER TRAY,2010-03-05,2011-12-08,6.003552123552124,769.0,3856.8,91.85714285714286,True,True,True
22476,EMPIRE UNION JACK TV DINNER TRAY,2010-03-07,2011-12-09,6.592851851851852,1332.0,5218.61,91.71428571428571,True,True,True
22477,WATERING CAN GARDEN MARKER,2010-03-05,2011-12-08,1.6487364620938627,2414.0,3356.74,91.85714285714286,True,True,True
22478,BIRDHOUSE GARDEN MARKER,2010-03-05,2011-12-09,1.61397476340694,2772.0,3848.41,92.0,True,True,True
22479,DAISY GARDEN MARKER,2010-03-05,2011-12-08,1.5787441860465117,1939.0,2691.19,91.85714285714286,True,True,True
22480,RED TEA TOWEL CLASSIC DESIGN,2010-03-05,2011-08-28,1.2736704119850186,2368.0,2863.06,77.28571428571429,False,True,False
22481,BLACK TEA TOWEL CLASSIC DESIGN,2010-03-07,2011-12-09,1.1607142857142858,1272.0,1309.81,91.71428571428571,True,True,True
22482,BLUE TEA TOWEL CLASSIC DESIGN,2010-03-05,2011-07-05,1.2477064220183487,2319.0,2739.43,69.57142857142857,False,True,False
22483,RED GINGHAM TEDDY BEAR,2010-03-04,2011-12-08,3.3145845272206302,1877.0,5440.51,92.0,True,True,True
22485,SET OF 2 WOODEN MARKET CRATES,2010-03-05,2011-12-09,14.761428571428572,1101.0,14677.84,92.0,True,True,True
22486,PLASMATRONIC LAMP,2010-03-08,2011-12-09,9.821,104.0,856.4,91.57142857142857,True,True,True
22487,WHITE WOOD GARDEN PLANT LADDER,2010-03-05,2011-12-08,10.688288888888888,1632.0,16373.7,91.85714285714286,True,True,True
22488,NATURAL SLATE RECTANGLE CHALKBOARD,2010-03-05,2011-12-09,1.9600369913686808,6905.0,11788.06,92.0,True,True,True
22489,PACK OF 12 TRADITIONAL CRAYONS,2010-03-02,2011-12-09,0.511937106918239,17916.0,7548.67,92.42857142857143,True,True,True
22491,PACK OF 12 COLOURED PENCILS,2010-05-06,2011-12-09,0.8962025316455696,7423.0,5950.0,83.14285714285714,True,True,True
22492,MINI PAINT SET VINTAGE,2010-05-06,2011-12-08,0.7699180327868853,43546.0,27817.590000000004,83.0,True,True,True
22493,PAINT YOUR OWN CANVAS SET,2010-05-07,2011-12-08,1.8342227378190257,4738.0,7608.119999999999,82.85714285714286,True,True,True
22494,EMERGENCY FIRST AID TIN,2010-01-29,2011-12-08,1.7174734607218682,2765.0,3730.92,96.85714285714286,True,True,True
22495,SET OF 2 ROUND TINS CAMEMBERT,2010-01-29,2011-12-09,3.4214644351464436,940.0,2682.32,97.0,True,True,True
22496,SET OF 2 ROUND TINS DUTCH CHEESE,2010-01-29,2011-12-09,3.1207216494845365,731.0,1996.09,97.0,True,True,True
22497,SET OF 2 TINS VINTAGE BATHROOM,2010-01-31,2011-12-05,5.253928571428571,929.0,4239.07,96.14285714285714,True,True,True
22498,WOODEN REGATTA BUNTING,2010-02-03,2011-12-09,6.845091383812011,1135.0,6933.740000000001,96.28571428571429,True,True,True
22499,WOODEN UNION JACK BUNTING,2010-02-02,2011-12-07,6.621156812339332,3584.0,21826.52,96.14285714285714,True,True,True
22500,SET OF 2 TINS JARDIN DE PROVENCE,2010-01-31,2011-12-09,5.186834170854271,580.0,2647.31,96.71428571428571,True,True,True
22501,PICNIC BASKET WICKER LARGE,2010-05-21,2011-11-06,13.588451443569554,2612.0,30339.36,76.28571428571429,True,True,True
22502,PICNIC BASKET WICKER SMALL,2010-05-23,2011-09-25,8.060515574650912,3766.0,60880.3,70.0,False,True,False
22503,CABIN BAG VINTAGE PAISLEY,2010-04-30,2011-11-27,25.080925925925925,141.0,3178.02,82.28571428571429,True,True,True
22504,CABIN BAG VINTAGE RETROSPOT,2010-05-04,2011-12-05,25.72113043478261,366.0,7985.03,82.85714285714286,True,True,True
22505,MEMO BOARD COTTAGE DESIGN,2010-03-10,2011-12-09,5.474500665778962,3773.0,18034.63,91.28571428571429,True,True,True
22507,MEMO BOARD RETROSPOT  DESIGN,2010-03-11,2011-12-09,5.941274944567628,5455.0,25603.46,91.14285714285714,True,True,True
22508,DOORSTOP RETROSPOT HEART,2010-03-11,2011-12-08,4.388196022727272,2880.0,11561.95,91.0,True,True,True
22509,SEWING BOX RETROSPOT DESIGN,2010-03-10,2011-12-08,15.858031914893616,387.0,5130.36,91.14285714285714,True,True,True
22510,DOORSTOP RUSSIAN DOLL GINGHAM,2010-03-12,2011-12-08,3.4143333333333334,316.0,821.57,90.85714285714286,True,True,True
22511,DOORSTOP RUSSIAN DOLL RETROSPOT,2010-03-12,2011-12-08,3.4247321428571427,397.0,1046.66,90.85714285714286,True,True,True
22512,DOORSTOP RACING CAR DESIGN,2010-03-12,2011-12-06,3.630985915492958,384.0,956.17,90.57142857142857,True,True,True
22513,DOORSTOP FOOTBALL DESIGN,2010-03-14,2011-12-09,4.337426900584796,585.0,1894.7,90.71428571428571,True,True,True
22514,CHILDS GARDEN SPADE BLUE,2010-03-28,2011-12-08,2.351802575107296,1082.0,2202.92,88.57142857142857,True,True,True
22515,CHILDS GARDEN SPADE PINK,2010-03-28,2011-12-06,2.451238095238095,1046.0,2129.74,88.28571428571429,True,True,True
22516,CHILDS GARDEN RAKE BLUE,2010-03-28,2011-12-08,2.4978048780487803,839.0,1700.6,88.57142857142857,True,True,True
22517,CHILDS GARDEN RAKE PINK,2010-03-26,2011-12-06,2.3930263157894736,806.0,1589.41,88.57142857142857,True,True,True
22518,CHILDS GARDEN BRUSH BLUE,2010-03-25,2011-05-16,2.545430711610487,1398.0,2899.8,59.57142857142857,False,True,False
22519,CHILDS GARDEN BRUSH PINK,2010-03-25,2011-06-07,2.477846153846154,1425.0,2968.7700000000004,62.714285714285715,False,True,False
22520,CHILDS GARDEN TROWEL BLUE,2010-03-25,2011-05-17,0.9263829787234042,2294.0,2011.28,59.714285714285715,False,True,False
22521,CHILDS GARDEN TROWEL PINK,2010-03-25,2011-05-05,0.935,2288.0,1987.93,58.0,False,True,False
22522,CHILDS GARDEN FORK BLUE,2010-03-25,2011-12-08,0.9080530973451328,2239.0,1905.81,89.0,True,True,True
22523,CHILDS GARDEN FORK PINK,2010-03-25,2011-12-08,0.9272067039106144,2183.0,1882.29,89.0,True,True,True
22524,CHILDRENS GARDEN GLOVES BLUE,2010-03-25,2011-05-24,1.5784067796610168,1925.0,2713.23,60.714285714285715,False,True,False
22525,CHILDRENS GARDEN GLOVES PINK,2010-03-25,2011-04-18,1.6535258358662617,1946.0,2748.79,55.57142857142857,False,True,False
22526,WHEELBARROW FOR CHILDREN,2010-03-26,2011-12-09,13.60014423076923,544.0,6689.67,89.0,True,True,True
22528,GARDENERS KNEELING PAD,2010-03-26,2010-12-07,1.4907692307692308,5824.0,7623.41,36.57142857142857,False,False,False
22529,MAGIC DRAWING SLATE GO TO THE FAIR,2010-03-28,2011-12-08,0.4561538461538461,2437.0,984.03,88.57142857142857,True,True,True
22530,MAGIC DRAWING SLATE DOLLY GIRL,2010-03-28,2011-12-08,0.4945569620253164,10065.0,4257.09,88.57142857142857,True,True,True
22531,MAGIC DRAWING SLATE CIRCUS PARADE,2010-03-31,2011-12-08,0.4853771289537712,8136.0,3507.76,88.14285714285714,True,True,True
22532,MAGIC DRAWING SLATE LEAP FROG,2010-03-28,2011-12-08,0.4546111111111111,2862.0,1101.1,88.57142857142857,True,True,True
22533,MAGIC DRAWING SLATE BAKE A CAKE,2010-03-28,2011-12-08,0.4754237288135593,4519.0,1783.36,88.57142857142857,True,True,True
22534,MAGIC DRAWING SLATE SPACEBOY,2010-03-28,2011-12-08,0.4951166666666666,12891.0,5514.79,88.57142857142857,True,True,True
22535,MAGIC DRAWING SLATE BUNNIES,2010-03-25,2011-12-02,0.4703986710963455,4454.0,1862.49,88.14285714285714,True,True,True
22536,MAGIC DRAWING SLATE PURDEY,2010-03-28,2011-12-08,0.4556417112299465,9091.0,3586.24,88.57142857142857,True,True,True
22537,MAGIC DRAWING SLATE DINOSAUR,2010-03-29,2011-12-05,0.4883286908077994,5861.0,2420.91,88.0,True,True,True
22538,MINI JIGSAW GO TO THE FAIR,2010-03-28,2011-12-05,0.5362790697674419,1443.0,610.4300000000001,88.14285714285714,True,True,True
22539,MINI JIGSAW DOLLY GIRL,2010-03-26,2011-12-09,0.5402811244979919,5654.0,2268.13,89.0,True,True,True
22540,MINI JIGSAW CIRCUS PARADE,2010-03-28,2011-12-09,0.4966315789473684,6162.0,2410.29,88.71428571428571,True,True,True
22541,MINI JIGSAW LEAP FROG,2010-03-28,2011-12-06,0.5591044776119403,1245.0,503.92,88.28571428571429,True,True,True
22543,MINI JIGSAW BAKE A CAKE,2010-03-26,2011-12-08,0.5087288135593221,3247.0,1281.49,88.85714285714286,True,True,True
22544,MINI JIGSAW SPACEBOY,2010-03-25,2011-12-09,0.5107894736842106,9382.0,3756.52,89.14285714285714,True,True,True
22545,MINI JIGSAW BUNNIES,2010-03-26,2011-12-09,0.5332972972972972,3451.0,1421.06,89.0,True,True,True
22546,MINI JIGSAW FIDO,2010-03-26,2011-12-08,0.5167582417582417,4375.0,1760.8,88.85714285714286,True,True,True
22547,MINI JIGSAW DINOSAUR,2010-03-26,2011-12-08,0.5929687499999999,1980.0,846.82,88.85714285714286,True,True,True
22548,HEADS AND TAILS SPORTING FUN,2010-03-25,2011-11-13,1.38725,3526.0,4404.31,85.42857142857143,True,True,True
22549,PICTURE DOMINOES,2010-03-25,2011-12-09,1.8593767313019391,6521.0,9718.41,89.14285714285714,True,True,True
22550,HOLIDAY FUN LUDO,2010-03-25,2011-12-08,4.36481220657277,2058.0,7669.64,89.0,True,True,True
22551,PLASTERS IN TIN SPACEBOY,2010-03-25,2011-12-09,1.811910197869102,15441.0,25912.87,89.14285714285714,True,True,True
22553,PLASTERS IN TIN SKULLS,2010-03-25,2011-12-09,1.9017960288808664,7794.0,13013.149999999998,89.14285714285714,True,True,True
22554,PLASTERS IN TIN WOODLAND ANIMALS,2010-03-25,2011-12-09,1.8651470588235295,13588.0,22853.72,89.14285714285714,True,True,True
22555,PLASTERS IN TIN STRONGMAN,2010-03-25,2011-12-09,1.805651731160896,11549.0,18680.32,89.14285714285714,True,True,True
22556,PLASTERS IN TIN CIRCUS PARADE,2010-03-25,2011-12-09,1.7749835526315791,13585.0,22334.08,89.14285714285714,True,True,True
22557,PLASTERS IN TIN VINTAGE PAISLEY,2010-03-25,2011-12-09,1.8292387543252595,10369.0,17401.3,89.14285714285714,True,True,True
22558,CLOTHES PEGS RETROSPOT PACK 24,2010-04-14,2011-12-09,1.6692161716171616,13809.0,19513.17,86.28571428571429,True,True,True
22559,SEASIDE FRISBEE,2010-03-25,2011-12-05,1.5008823529411766,1583.0,1986.87,88.57142857142857,True,True,True
22560,TRADITIONAL MODELLING CLAY,2010-03-25,2011-12-09,1.3711405835543766,14836.0,17861.71,89.14285714285714,True,True,True
22561,WOODEN SCHOOL COLOURING SET,2010-03-25,2011-12-09,1.7414208242950109,11642.0,19524.269999999997,89.14285714285714,True,True,True
22562,MONSTERS STENCIL CRAFT,2010-03-24,2011-12-08,1.3233585858585857,3978.0,4682.3,89.14285714285714,True,True,True
22563,HAPPY STENCIL CRAFT,2010-03-24,2011-12-08,1.317904411764706,5942.0,6923.85,89.14285714285714,True,True,True
22564,ALPHABET STENCIL CRAFT,2010-03-24,2011-12-08,1.3229360465116278,4570.0,5221.400000000001,89.14285714285714,True,True,True
22565,FELTCRAFT HAIRBANDS PINK + WHITE,2010-03-10,2011-12-09,1.0322695035460991,2086.0,1902.19,91.28571428571429,True,True,True
22566,"FELTCRAFT HAIRBAND S/2, PINK/PURPLE",2010-03-10,2011-12-09,0.9882450331125828,2836.0,2373.8199999999997,91.28571428571429,True,True,True
22567,20 DOLLY PEGS RETROSPOT,2010-03-26,2011-12-09,1.455843137254902,5561.0,6955.83,89.0,True,True,True
22568,FELTCRAFT CUSHION OWL,2010-03-10,2011-12-07,4.161740614334471,5479.0,20244.97,91.0,True,True,True
22569,FELTCRAFT CUSHION BUTTERFLY,2010-03-10,2011-10-25,4.187288776796973,5521.0,20104.43,84.85714285714286,True,True,True
22570,FELTCRAFT CUSHION RABBIT,2010-03-10,2011-11-18,4.310666666666666,5631.0,20901.1,88.28571428571429,True,True,True
22571,ROCKING HORSE RED CHRISTMAS,2010-07-23,2011-12-09,1.044126679462572,5780.0,5135.24,72.0,True,True,True
22572,ROCKING HORSE GREEN CHRISTMAS,2010-07-22,2011-11-29,1.0399731903485254,3439.0,3087.18,70.71428571428571,True,True,True
22573,STAR WOODEN CHRISTMAS DECORATION,2010-07-18,2011-12-09,1.0914669926650369,4907.0,4403.83,72.71428571428571,True,True,True
22574,HEART WOODEN CHRISTMAS DECORATION,2010-07-18,2011-12-09,1.0663095238095237,5074.0,4629.17,72.71428571428571,True,True,True
22575,METAL MERRY CHRISTMAS WREATH,2010-07-18,2011-12-05,2.092623906705539,3113.0,6699.71,72.14285714285714,True,True,True
22576,SWALLOW WOODEN CHRISTMAS DECORATION,2010-07-18,2011-12-09,1.06178674351585,3132.0,2835.08,72.71428571428571,True,True,True
22577,WOODEN HEART CHRISTMAS SCANDINAVIAN,2010-07-18,2011-12-09,0.6502790697674419,14023.0,7154.53,72.71428571428571,True,True,True
22578,WOODEN STAR CHRISTMAS SCANDINAVIAN,2010-07-18,2011-12-09,0.6219178082191781,13302.0,6419.24,72.71428571428571,True,True,True
22579,WOODEN TREE CHRISTMAS SCANDINAVIAN,2010-07-18,2011-11-28,0.6905052264808362,7152.0,3797.28,71.14285714285714,True,True,True
22580,ADVENT CALENDAR GINGHAM SACK,2010-07-20,2011-12-09,6.138709677419355,2322.0,13141.08,72.42857142857143,True,True,True
22581,WOOD STOCKING CHRISTMAS SCANDISPOT,2010-07-18,2011-12-09,0.9357179487179488,3565.0,2852.6299999999997,72.71428571428571,True,True,True
22582,PACK OF 6 SWEETIE GIFT BOXES,2010-03-10,2011-12-08,2.8735430463576157,2522.0,6324.7699999999995,91.14285714285714,True,True,True
22583,PACK OF 6 HANDBAG GIFT BOXES,2010-03-10,2011-12-08,2.978753462603878,1873.0,4955.75,91.14285714285714,True,True,True
22584,PACK OF 6 PANNETONE GIFT BOXES,2010-03-10,2011-12-08,2.86272268907563,5222.0,13287.78,91.14285714285714,True,True,True
22585,PACK OF 6 BIRDY GIFT TAGS,2010-03-10,2011-12-09,1.381512455516014,17557.0,21977.3,91.28571428571429,True,True,True
22586,FELTCRAFT HAIRBAND PINK AND BLUE,2010-03-10,2011-12-09,1.0022666666666666,2087.0,1815.14,91.28571428571429,True,True,True
22587,"FELTCRAFT HAIRBAND, S/2, RED/BLUE",2010-03-10,2011-12-08,1.0048734177215188,2112.0,1841.19,91.14285714285714,True,True,True
22588,CARDHOLDER GINGHAM HEART,2010-07-16,2011-12-08,3.101122448979592,2849.0,7776.84,72.85714285714286,True,True,True
22589,CARDHOLDER GINGHAM STAR,2010-07-16,2011-12-09,3.0943153526970955,1317.0,3626.78,73.0,True,True,True
22591,CARDHOLDER GINGHAM CHRISTMAS TREE,2010-07-16,2011-12-09,3.4746411483253583,1347.0,3854.15,73.0,True,True,True
22592,CARDHOLDER HOLLY WREATH METAL,2010-07-27,2011-12-09,4.434281045751634,1980.0,7956.84,71.42857142857143,True,True,True
22593,CHRISTMAS GINGHAM STAR,2010-07-16,2011-12-09,1.0660671462829736,5420.0,4823.9,73.0,True,True,True
22594,CHRISTMAS GINGHAM TREE,2010-07-18,2011-12-09,1.1050847457627118,4791.0,4377.33,72.71428571428571,True,True,True
22595,CHRISTMAS GINGHAM HEART,2010-07-16,2011-12-08,1.0012779156327545,12535.0,10544.32,72.85714285714286,True,True,True
22596,CHRISTMAS STAR WISH LIST CHALKBOARD,2010-07-16,2011-12-09,1.123573033707865,6331.0,6471.2,73.0,True,True,True
22597,CHRISTMAS MUSICAL ZINC HEART,2010-07-25,2011-12-09,0.7843097643097643,4613.0,2766.08,71.71428571428571,True,True,True
22598,CHRISTMAS MUSICAL ZINC TREE,2010-07-26,2011-12-09,0.7666438356164383,1790.0,1131.85,71.57142857142857,True,True,True
22599,CHRISTMAS MUSICAL ZINC STAR,2010-07-25,2011-12-09,0.7351832460732983,3119.0,1976.88,71.71428571428571,True,True,True
22600,CHRISTMAS RETROSPOT STAR WOOD,2010-07-16,2011-12-09,1.008853211009174,4860.0,4209.9,73.0,True,True,True
22601,CHRISTMAS RETROSPOT ANGEL WOOD,2010-07-18,2011-12-09,1.0235071090047392,5250.0,4547.19,72.71428571428571,True,True,True
22602,CHRISTMAS RETROSPOT HEART WOOD,2010-07-16,2011-12-09,1.0310564663023678,6383.0,5415.589999999999,73.0,True,True,True
22603,CHRISTMAS RETROSPOT TREE WOOD,2010-07-16,2011-12-08,1.0315656565656566,4143.0,3552.0899999999997,72.85714285714286,True,True,True
22604,SET OF 4 NAPKIN CHARMS CUTLERY,2010-07-23,2011-12-08,2.7513147410358565,2017.0,4957.62,71.85714285714286,True,True,True
22605,WOODEN CROQUET GARDEN SET,2010-04-08,2011-12-08,14.766438569206844,1827.0,23426.82,87.0,True,True,True
22606,WOODEN SKITTLES GARDEN SET,2010-04-08,2011-12-08,16.358620689655172,1069.0,14881.94,87.0,True,True,True
22607,WOODEN ROUNDERS GARDEN SET,2010-04-08,2011-12-08,10.02461847389558,2533.0,22906.54,87.0,True,True,True
22608,PENS ASSORTED FUNKY JEWELED,2010-02-26,2011-12-09,0.462235294117647,5735.0,1573.81,93.0,True,True,True
22609,PENS ASSORTED SPACEBALL,2010-02-23,2011-12-08,0.565,7087.0,2414.54,93.28571428571429,True,True,True
22610,PENS ASSORTED FUNNY FACE,2010-02-25,2011-12-07,0.5563194444444445,12680.0,5107.54,92.85714285714286,True,True,True
22611,VINTAGE UNION JACK SHOPPING BAG,2010-03-28,2011-11-25,5.167050000000001,907.0,4338.63,86.71428571428571,True,True,True
22612,TEA COSY VINTAGE UNION JACK,2010-03-28,2010-09-28,4.2005405405405405,1001.0,3984.99,26.285714285714285,False,False,False
22613,PACK OF 20 SPACEBOY NAPKINS,2010-05-06,2011-12-09,0.9653571428571428,3051.0,2419.76,83.14285714285714,True,True,True
22614,PACK OF 12 SPACEBOY TISSUES,2010-05-06,2011-12-09,0.4179892761394101,5726.0,1954.2999999999995,83.14285714285714,True,True,True
22615,PACK OF 12 CIRCUS PARADE TISSUES,2010-05-06,2011-12-09,0.4511640211640211,3718.0,1145.88,83.14285714285714,True,True,True
22616,PACK OF 12 LONDON TISSUES,2010-05-06,2011-12-09,0.4251605231866825,39147.0,12460.16,83.14285714285714,True,True,True
22617,BAKING SET SPACEBOY DESIGN,2010-03-14,2011-12-09,5.301244725738396,4251.0,20546.99,90.71428571428571,True,True,True
22618,COOKING SET RETROSPOT,2010-03-14,2011-05-06,10.469341563786006,718.0,6984.349999999999,59.714285714285715,False,True,False
22619,SET OF 6 SOLDIER SKITTLES,2010-05-07,2011-12-09,4.446620111731844,4008.0,15620.09,83.0,True,True,True
22620,4 TRADITIONAL SPINNING TOPS,2010-05-09,2011-12-09,1.572578763127188,8181.0,11073.45,82.71428571428571,True,True,True
22621,TRADITIONAL KNITTING NANCY,2010-05-06,2011-12-09,1.8153475336322868,8726.0,13784.319999999998,83.14285714285714,True,True,True
22622,BOX OF VINTAGE ALPHABET BLOCKS,2010-05-07,2011-12-09,11.393466898954705,2945.0,29450.109999999997,83.0,True,True,True
22623,BOX OF VINTAGE JIGSAW BLOCKS,2010-05-06,2011-12-07,5.667882136279926,2312.0,12432.28,82.85714285714286,True,True,True
22624,IVORY KITCHEN SCALES,2010-05-04,2011-12-09,9.3401638001638,3152.0,27282.73,83.42857142857143,True,True,True
22625,RED KITCHEN SCALES,2010-05-04,2011-12-09,9.72795789473684,2627.0,22911.55,83.42857142857143,True,True,True
22626,BLACK KITCHEN SCALES,2010-04-30,2011-12-08,9.225457227138644,837.0,7167.4800000000005,83.85714285714286,True,True,True
22627,MINT KITCHEN SCALES,2010-05-04,2011-12-09,9.471406727828748,1600.0,14016.8,83.42857142857143,True,True,True
22628,PICNIC BOXES SET OF 3 RETROSPOT,2010-07-01,2011-12-09,5.627806267806268,1744.0,8367.8,75.14285714285714,True,True,True
22629,SPACEBOY LUNCH BOX,2010-07-01,2011-12-09,2.1693473531544596,20807.0,37955.5,75.14285714285714,True,True,True
22630,DOLLY GIRL LUNCH BOX,2010-07-01,2011-12-09,2.3025796886582652,18058.0,33380.83,75.14285714285714,True,True,True
22631,CIRCUS PARADE LUNCHBOX,2010-03-14,2011-12-09,2.4969093610698367,6272.0,12241.85,90.71428571428571,True,True,True
22632,HAND WARMER RED POLKA DOT,2010-09-20,2011-12-09,2.2049190535491903,10290.0,20540.33,63.57142857142857,True,True,True
22633,HAND WARMER UNION JACK,2010-10-07,2011-12-09,2.213322222222222,8541.0,17576.670000000002,61.142857142857146,True,True,True
22634,CHILDS BREAKFAST SET SPACEBOY,2010-05-20,2011-12-09,10.162814371257484,1688.0,15946.55,81.14285714285714,True,True,True
22635,CHILDS BREAKFAST SET DOLLY GIRL,2010-05-20,2011-12-07,10.30381930184805,1660.0,15795.01,80.85714285714286,True,True,True
22636,CHILDS BREAKFAST SET CIRCUS PARADE,2010-05-20,2011-12-08,8.807667342799189,1618.0,13437.03,81.0,True,True,True
22637,PIGGY BANK RETROSPOT,2010-05-20,2011-11-27,3.0163272120200335,4478.0,11492.82,79.42857142857143,True,True,True
22638,SET OF 4 NAPKIN CHARMS CROWNS,2010-07-23,2011-12-08,2.3525675675675677,405.0,735.23,71.85714285714286,True,True,True
22639,SET OF 4 NAPKIN CHARMS HEARTS,2010-07-18,2011-12-08,2.7065124555160143,1651.0,4021.12,72.57142857142857,True,True,True
22640,SET OF 4 NAPKIN CHARMS 3 KEYS,2010-06-24,2011-12-08,2.561818181818182,357.0,765.39,76.0,True,True,True
22641,SET OF 4 NAPKIN CHARMS INSTRUMENT,2010-07-21,2011-12-07,2.6027536231884056,300.0,704.9,72.0,True,True,True
22642,SET OF 4 NAPKIN CHARMS STARS,2010-07-18,2011-12-08,2.5832876712328763,989.0,2348.47,72.57142857142857,True,True,True
22643,SET OF 4 NAPKIN CHARMS LEAVES,2010-07-18,2011-12-08,2.395208333333333,464.0,1006.24,72.57142857142857,True,True,True
22644,CERAMIC CHERRY CAKE MONEY BANK,2010-05-14,2011-12-09,1.9670195439739413,4857.0,7069.879999999999,82.0,True,True,True
22645,CERAMIC HEART FAIRY CAKE MONEY BANK,2010-05-14,2011-12-09,2.0187282463186076,5560.0,9925.13,82.0,True,True,True
22646,CERAMIC STRAWBERRY CAKE MONEY BANK,2010-05-14,2011-12-09,1.8726793721973096,8913.0,12654.71,82.0,True,True,True
22647,CERAMIC LOVE HEART MONEY BANK,2010-05-14,2011-12-08,1.536951219512195,1058.0,919.63,81.85714285714286,True,True,True
22649,STRAWBERRY FAIRY CAKE TEAPOT,2010-05-14,2011-12-05,5.761379310344828,2302.0,11541.78,81.42857142857143,True,True,True
22650,CERAMIC PIRATE CHEST MONEY BANK,2010-05-14,2011-12-09,1.846947368421053,1786.0,2717.8799999999997,82.0,True,True,True
22651,GENTLEMAN SHIRT REPAIR KIT,2010-07-20,2011-12-09,1.1600367647058822,3175.0,2720.8599999999997,72.42857142857143,True,True,True
22652,TRAVEL SEWING KIT,2010-07-18,2011-11-15,1.9061255924170617,9910.0,16794.05,69.28571428571429,True,True,True
22653,BUTTON BOX,2010-07-19,2011-12-09,2.042291666666667,3031.0,5618.21,72.57142857142857,True,True,True
22654,DELUXE SEWING KIT,2010-07-19,2011-12-09,7.357757475083056,2534.0,16971.27,72.57142857142857,True,True,True
22655,VINTAGE RED KITCHEN CABINET,2010-07-12,2011-11-01,186.32075471698113,76.0,12845.0,68.14285714285714,True,True,True
22656,VINTAGE BLUE KITCHEN CABINET,2010-07-12,2011-10-12,214.86486486486487,45.0,9290.0,65.28571428571429,False,True,False
22657,HEN & 2 CHICKS IN BASKET,2010-01-31,2010-03-21,0.85,59.0,50.15,7.0,False,False,False
22659,LUNCHBOX I LOVE LONDON,2010-03-14,2011-12-09,2.333369763205829,15942.0,29563.81,90.71428571428571,True,True,True
22660,DOORMAT I LOVE LONDON,2010-06-28,2011-12-07,9.09840206185567,881.0,5839.41,75.28571428571429,True,True,True
22661,CHARLOTTE BAG DOLLY GIRL DESIGN,2010-07-19,2011-12-08,0.9583385579937304,8199.0,6620.45,72.42857142857143,True,True,True
22662,LUNCH BAG DOLLY GIRL DESIGN,2010-07-19,2011-12-09,1.9189353233830848,9951.0,16213.61,72.57142857142857,True,True,True
22663,JUMBO BAG DOLLY GIRL DESIGN,2010-07-19,2011-12-09,2.4382778581765554,5764.0,11465.29,72.57142857142857,True,True,True
22664,TOY TIDY DOLLY GIRL DESIGN,2010-07-22,2011-12-09,2.761428571428571,1429.0,2954.19,72.14285714285714,True,True,True
22665,RECIPE BOX BLUE SKETCHBOOK DESIGN,2010-07-11,2011-11-25,3.771145685997172,2955.0,9589.84,71.71428571428571,True,True,True
22666,RECIPE BOX PANTRY YELLOW DESIGN,2010-07-09,2011-12-09,3.6011011370436865,10706.0,33682.62,74.0,True,True,True
22667,RECIPE BOX RETRO SPOT DESIGN,2010-07-09,2011-12-09,2.990979020979021,4845.0,13586.35,74.0,True,True,True
22668,PINK BABY BUNTING,2010-07-07,2011-12-08,3.9153886010362697,3587.0,10898.05,74.14285714285714,True,True,True
22669,RED BABY BUNTING,2010-07-06,2011-12-08,3.627551020408163,2386.0,7613.94,74.28571428571429,True,True,True
22670,FRENCH WC SIGN BLUE METAL,2010-08-17,2011-12-09,1.5685416666666667,4432.0,5510.57,68.42857142857143,True,True,True
22671,FRENCH LAUNDRY SIGN BLUE METAL,2010-08-17,2011-12-08,2.044412955465587,1688.0,2811.3399999999997,68.28571428571429,True,True,True
22672,FRENCH BATHROOM SIGN BLUE METAL,2010-08-17,2011-12-08,1.946595744680851,2850.0,4736.11,68.28571428571429,True,True,True
22673,FRENCH GARDEN SIGN BLUE METAL,2010-08-17,2011-12-08,1.4474999999999998,1320.0,1667.5,68.28571428571429,True,True,True
22674,FRENCH TOILET SIGN BLUE METAL,2010-08-17,2011-12-08,1.4519666666666666,2377.0,2956.33,68.28571428571429,True,True,True
22675,FRENCH KITCHEN SIGN BLUE METAL,2010-08-17,2011-12-08,1.4426373626373623,2227.0,2754.95,68.28571428571429,True,True,True
22676,"FRENCH BLUE METAL DOOR SIGN, 1",2010-08-17,2011-12-09,1.5949185667752444,1830.0,2464.98,68.42857142857143,True,True,True
22677,"FRENCH BLUE METAL DOOR SIGN, 2",2010-08-17,2011-12-02,1.6429893238434163,1583.0,2143.03,67.42857142857143,True,True,True
22678,"FRENCH BLUE METAL DOOR SIGN, 3",2010-08-17,2011-12-08,1.6131451612903225,1400.0,1875.53,68.28571428571429,True,True,True
22679,"FRENCH BLUE METAL DOOR SIGN, 4",2010-08-17,2011-12-08,1.6347826086956525,1263.0,1695.68,68.28571428571429,True,True,True
22680,"FRENCH BLUE METAL DOOR SIGN, 5",2010-08-17,2011-12-08,1.589094827586207,1356.0,1820.45,68.28571428571429,True,True,True
22681,"FRENCH BLUE METAL DOOR SIGN, 6",2010-08-17,2011-12-05,1.6158854166666667,1167.0,1559.52,67.85714285714286,True,True,True
22682,"FRENCH BLUE METAL DOOR SIGN, 7",2010-08-17,2011-12-06,1.533879781420765,1166.0,1521.86,68.0,True,True,True
22683,"FRENCH BLUE METAL DOOR SIGN, 8",2010-08-17,2011-12-02,1.5911979166666663,1131.0,1501.66,67.42857142857143,True,True,True
22684,"FRENCH BLUE METAL DOOR SIGN, 9",2010-08-17,2011-12-09,1.593878787878788,1012.0,1342.44,68.42857142857143,True,True,True
22685,"FRENCH BLUE METAL DOOR SIGN, 0",2010-08-17,2011-12-08,1.4646583850931678,1082.0,1395.84,68.28571428571429,True,True,True
22686,"FRENCH BLUE METAL DOOR SIGN, No",2010-08-17,2011-12-08,1.8236199095022625,1406.0,1857.39,68.28571428571429,True,True,True
22687,DOORMAT CHRISTMAS VILLAGE,2010-06-28,2011-12-08,9.817046979865772,895.0,5784.67,75.42857142857143,True,True,True
22688,DOORMAT PEACE ON EARTH BLUE,2010-06-28,2011-12-08,8.462688172043011,865.0,4756.7,75.42857142857143,True,True,True
22689,DOORMAT MERRY CHRISTMAS RED,2010-06-28,2011-11-28,9.377509433962263,1092.0,8366.72,74.0,True,True,True
22690,DOORMAT HOME SWEET HOME BLUE,2010-06-28,2011-12-08,8.210570776255707,2530.0,15836.35,75.42857142857143,True,True,True
22691,DOORMAT WELCOME SUNRISE,2010-06-28,2011-12-08,8.919128440366974,758.0,5198.6,75.42857142857143,True,True,True
22692,DOORMAT WELCOME TO OUR HOME,2010-06-28,2011-12-08,9.478828382838284,2135.0,15965.95,75.42857142857143,True,True,True
22693,GROW A FLYTRAP OR SUNFLOWER IN TIN,2010-08-05,2011-12-09,1.463076923076923,17875.0,20469.08,70.14285714285714,True,True,True
22694,WICKER STAR,2010-07-29,2011-12-09,2.4002183908045978,4893.0,10958.6,71.14285714285714,True,True,True
22695,WICKER WREATH SMALL,2010-07-29,2011-12-09,1.709304347826087,1457.0,2070.15,71.14285714285714,True,True,True
22696,WICKER WREATH LARGE,2010-07-29,2011-12-07,2.258406779661017,1415.0,2790.83,70.85714285714286,True,True,True
22697,GREEN REGENCY TEACUP AND SAUCER,2010-08-11,2011-12-09,3.782205128205128,9795.0,30425.050000000003,69.28571428571429,True,True,True
22698,PINK REGENCY TEACUP AND SAUCER,2010-08-11,2011-12-09,3.6914051973051007,8193.0,24374.620000000003,69.28571428571429,True,True,True
22699,ROSES REGENCY TEACUP AND SAUCER,2010-08-11,2011-12-09,3.614057063326374,13070.0,38249.5,69.28571428571429,True,True,True
22700,BLACK AND WHITE DOG BOWL,2010-07-01,2011-10-07,2.8379591836734694,1384.0,3155.4,66.14285714285714,False,True,False
22701,PINK DOG BOWL,2010-06-22,2011-12-09,2.842075471698113,675.0,1320.5700000000002,76.42857142857143,True,True,True
22702,BLACK AND WHITE CAT BOWL,2010-06-23,2011-12-02,2.176842105263158,1589.0,3156.3199999999997,75.28571428571429,True,True,True
22703,PINK CAT BOWL,2010-06-23,2011-12-09,1.9321818181818184,513.0,921.81,76.28571428571429,True,True,True
22704,WRAP RED APPLES,2010-05-27,2011-12-09,0.4189152542372881,8678.0,3564.76,80.14285714285714,True,True,True
22705,WRAP GREEN PEARS,2010-05-27,2011-12-06,0.42,3733.0,1567.86,79.71428571428571,True,True,True
22706,WRAP COWBOYS,2010-06-02,2011-12-07,0.41744,4222.0,1693.24,79.0,True,True,True
22707,WRAP MONSTER FUN,2010-05-27,2011-12-02,0.42,2157.0,905.94,79.14285714285714,True,True,True
22708,WRAP DOLLY GIRL,2010-06-02,2011-12-08,0.4184905660377358,5325.0,2140.5,79.14285714285714,True,True,True
22709,WRAP WEDDING DAY,2010-06-02,2011-12-08,0.415064935064935,2799.0,1099.58,79.14285714285714,True,True,True
22710,WRAP I LOVE LONDON,2010-05-27,2011-12-06,0.4159537572254335,7184.0,2821.28,79.71428571428571,True,True,True
22711,WRAP CIRCUS PARADE,2010-05-27,2011-12-09,0.4191160220994475,5377.0,2210.34,80.14285714285714,True,True,True
22712,CARD DOLLY GIRL,2010-05-28,2011-12-09,0.5518664047151277,7295.0,3002.42,80.0,True,True,True
22713,CARD I LOVE LONDON,2010-05-27,2011-12-09,0.5608648648648649,6084.0,2616.12,80.14285714285714,True,True,True
22714,CARD BIRTHDAY COWBOY,2010-05-28,2011-12-09,0.5378830083565459,5277.0,2157.91,80.0,True,True,True
22715,CARD WEDDING DAY,2010-06-01,2011-11-27,0.5086697247706422,2717.0,1133.93,77.71428571428571,True,True,True
22716,CARD CIRCUS PARADE,2010-06-01,2011-12-09,0.5158836689038031,5218.0,2211.41,79.42857142857143,True,True,True
22717,CARD DOG AND BALL,2010-06-02,2011-12-09,0.5398139534883721,2405.0,1018.42,79.28571428571429,True,True,True
22718,CARD CAT AND TREE,2010-06-01,2011-12-07,0.5665530303030303,2605.0,1141.36,79.14285714285714,True,True,True
22719,"GUMBALL COATHOOK., BLACK & WHITE",2010-04-25,2011-05-10,1.880924369747899,1467.0,1987.83,54.285714285714285,False,True,False
22720,SET OF 3 CAKE TINS PANTRY DESIGN,2010-12-13,2011-12-09,5.83371408045977,7483.0,38108.89,51.57142857142857,True,False,False
22721,SET OF 3 CAKE TINS SKETCHBOOK,2010-12-14,2011-12-09,5.396275167785235,1020.0,4671.81,51.42857142857143,True,False,False
22722,SET OF 6 SPICE TINS PANTRY DESIGN,2010-11-11,2011-12-09,4.675660377358491,5972.0,24459.960000000003,56.142857142857146,True,True,True
22723,SET OF 6 HERB TINS SKETCHBOOK,2010-12-13,2011-12-09,4.301208053691275,1164.0,4262.820000000001,51.57142857142857,True,False,False
22725,ALARM CLOCK BAKELIKE CHOCOLATE,2010-09-24,2011-12-09,4.72523381294964,2518.0,10324.92,63.0,True,True,True
22726,ALARM CLOCK BAKELIKE GREEN,2010-09-24,2011-12-09,4.472062256809338,7671.0,32609.32,63.0,True,True,True
22727,ALARM CLOCK BAKELIKE RED,2010-09-24,2011-12-09,4.37068115942029,9234.0,36543.77,63.0,True,True,True
22728,ALARM CLOCK BAKELIKE PINK,2010-09-24,2011-12-09,4.525836734693877,6215.0,24257.31,63.0,True,True,True
22729,ALARM CLOCK BAKELIKE ORANGE,2010-09-24,2011-12-04,4.47391935483871,2999.0,11864.0,62.285714285714285,True,True,True
22730,ALARM CLOCK BAKELIKE IVORY,2010-09-24,2011-12-09,4.39781041388518,3702.0,14867.27,63.0,True,True,True
22731,3D CHRISTMAS STAMPS STICKERS,2010-09-16,2011-12-07,1.5044981412639404,2958.0,3965.62,63.857142857142854,True,True,True
22732,3D VINTAGE CHRISTMAS STICKERS,2010-09-15,2011-12-07,1.539970760233918,3773.0,5001.84,64.0,True,True,True
22733,3D STICKERS TRADITIONAL CHRISTMAS,2010-09-17,2011-12-09,1.5101162790697675,3441.0,4425.49,64.0,True,True,True
22734,SET OF 6 RIBBONS VINTAGE CHRISTMAS,2010-09-16,2011-12-09,3.2632945736434107,9772.0,26763.75,64.14285714285714,True,True,True
22735,RIBBON REEL SOCKS AND MITTENS,2010-09-16,2011-12-09,2.3392340425531915,1434.0,2541.38,64.14285714285714,True,True,True
22736,"RIBBON REEL, MAKING SNOWMEN",2010-09-16,2011-12-09,2.221400966183575,2527.0,4538.28,64.14285714285714,True,True,True
22737,RIBBON REEL CHRISTMAS PRESENT,2010-09-16,2011-12-08,2.1432803180914513,3266.0,5840.43,64.0,True,True,True
22738,RIBBON REEL SNOWY VILLAGE,2010-09-16,2011-12-09,2.1882599999999996,4447.0,8012.57,64.14285714285714,True,True,True
22739,"RIBBON REEL, XMAS SOCK/BAUBLE",2010-09-16,2011-12-08,2.2061943986820425,4021.0,7357.44,64.0,True,True,True
22740,POLKA DOT PEN,2010-09-30,2011-09-26,1.0864784053156145,13345.0,11395.31,51.57142857142857,False,False,False
22741,FUNKY DIVA PEN,2010-09-30,2011-12-09,1.0997610921501706,10652.0,9173.03,62.142857142857146,True,True,True
22742,MAKE YOUR OWN PLAYTIME CARD KIT,2010-08-10,2011-12-08,3.091758241758242,1002.0,2475.3,69.28571428571429,True,True,True
22743,MAKE YOUR OWN FLOWERPOWER CARD KIT,2010-08-10,2011-12-08,3.5751396648044693,1502.0,4542.5,69.28571428571429,True,True,True
22744,MAKE YOUR OWN MONSOON CARD KIT,2010-08-10,2011-12-08,3.216754098360656,1515.0,4245.17,69.28571428571429,True,True,True
22745,POPPY'S PLAYHOUSE BEDROOM,2010-09-24,2011-12-09,2.482682584269663,3976.0,9764.64,63.0,True,True,True
22746,POPPY'S PLAYHOUSE LIVINGROOM,2010-09-24,2011-12-08,2.4317162872154117,2910.0,6699.25,62.857142857142854,True,True,True
22747,POPPY'S PLAYHOUSE BATHROOM,2010-09-24,2011-12-09,2.4089655172413793,2035.0,4487.2,63.0,True,True,True
22748,POPPY'S PLAYHOUSE KITCHEN,2010-09-24,2011-12-09,2.4121276595744683,4142.0,10161.4,63.0,True,True,True
22749,FELTCRAFT PRINCESS CHARLOTTE DOLL,2010-09-08,2011-12-09,4.075775862068965,3759.0,15354.35,65.28571428571429,True,True,True
22750,FELTCRAFT PRINCESS LOLA DOLL,2010-09-06,2011-12-08,4.025092024539878,3125.0,11697.6,65.42857142857143,True,True,True
22751,FELTCRAFT PRINCESS OLIVIA DOLL,2010-09-05,2011-12-09,4.140936170212766,2264.0,8445.97,65.71428571428571,True,True,True
22752,SET 7 BABUSHKA NESTING BOXES,2010-08-06,2011-12-08,9.46467142857143,3459.0,28139.45,69.85714285714286,True,True,True
22753,SMALL YELLOW BABUSHKA NOTEBOOK,2010-08-08,2011-12-09,0.951658536585366,2332.0,1915.21,69.71428571428571,True,True,True
22754,SMALL RED BABUSHKA NOTEBOOK,2010-08-08,2011-12-09,0.994507042253521,3924.0,3044.8599999999997,69.71428571428571,True,True,True
22755,SMALL PURPLE BABUSHKA NOTEBOOK,2010-08-06,2011-12-09,0.9772189349112426,3776.0,2997.6299999999997,70.0,True,True,True
22756,LARGE YELLOW BABUSHKA NOTEBOOK,2010-08-08,2011-12-08,1.4032870370370372,1204.0,1393.45,69.57142857142857,True,True,True
22757,LARGE RED BABUSHKA NOTEBOOK,2010-08-08,2011-12-09,1.519105431309904,2696.0,3070.18,69.71428571428571,True,True,True
22758,LARGE PURPLE BABUSHKA NOTEBOOK,2010-08-06,2011-12-09,1.5309119496855346,2437.0,2618.35,70.0,True,True,True
22759,SET OF 3 NOTEBOOKS IN PARCEL,2010-08-08,2011-11-30,1.973054187192118,9380.0,15866.559999999998,68.42857142857143,True,True,True
22760,"TRAY, BREAKFAST IN BED",2010-10-10,2011-09-05,14.2095,356.0,4506.889999999999,47.142857142857146,False,False,False
22761,CHEST 7 DRAWER MA CAMPAGNE,2010-10-13,2011-12-02,25.308235294117647,48.0,1182.78,59.285714285714285,True,True,True
22762,CUPBOARD 3 DRAWER MA CAMPAGNE,2010-10-10,2011-12-07,17.33932330827068,204.0,3276.62,60.42857142857143,True,True,True
22763,KEY CABINET MA CAMPAGNE,2010-10-10,2011-12-09,11.09311111111111,662.0,5430.59,60.714285714285715,True,True,True
22764,"RUSTIC WOODEN CABINET, GLASS DOORS",2010-10-12,2011-03-25,24.5848,183.0,3462.49,23.428571428571427,False,False,False
22765,NEWSPAPER STAND,2010-10-10,2010-12-09,17.09075471698113,311.0,3508.3,8.571428571428571,False,False,False
22766,PHOTO FRAME CORNICE,2010-10-10,2011-12-08,3.1835038759689924,4367.0,12864.25,60.57142857142857,True,True,True
22767,TRIPLE PHOTO FRAME CORNICE,2010-10-10,2011-12-08,10.317710437710437,1004.0,9478.23,60.57142857142857,True,True,True
22768,FAMILY PHOTO FRAME CORNICE,2010-10-10,2011-12-09,10.684241573033708,1158.0,11064.72,60.714285714285715,True,True,True
22769,CHALKBOARD KITCHEN ORGANISER,2010-10-10,2011-01-04,29.071555555555555,174.0,3656.86,12.285714285714286,False,False,False
22770,MIRROR CORNICE,2010-10-12,2011-12-04,16.329718309859153,112.0,1799.62,59.714285714285715,True,True,True
22771,CLEAR DRAWER KNOB ACRYLIC EDWARDIAN,2010-10-17,2011-12-08,1.5403846153846157,7489.0,10147.08,59.57142857142857,True,True,True
22772,PINK DRAWER KNOB ACRYLIC EDWARDIAN,2010-10-17,2011-12-08,1.6546835443037975,4377.0,5914.92,59.57142857142857,True,True,True
22773,GREEN DRAWER KNOB ACRYLIC EDWARDIAN,2010-10-17,2011-12-07,1.5372294372294373,2392.0,3171.11,59.42857142857143,True,True,True
22774,RED DRAWER KNOB ACRYLIC EDWARDIAN,2010-10-17,2011-12-07,1.5565405405405404,2791.0,3591.06,59.42857142857143,True,True,True
22775,PURPLE DRAWERKNOB ACRYLIC EDWARDIAN,2010-10-17,2011-12-08,1.7003436426116838,3633.0,5190.03,59.57142857142857,True,True,True
22776,SWEETHEART CAKESTAND 3 TIER,2010-10-17,2011-12-09,11.166950867052025,1708.0,17530.46,59.714285714285715,True,True,True
22777,GLASS CLOCHE LARGE,2010-10-22,2011-07-21,10.1677,455.0,3838.82,38.857142857142854,False,False,False
22778,GLASS CLOCHE SMALL,2010-10-18,2011-11-24,4.914676616915423,972.0,3844.46,57.42857142857143,True,True,True
22779,WOODEN OWLS LIGHT GARLAND,2010-10-24,2011-12-08,4.198775510204082,1735.0,6631.35,58.57142857142857,True,True,True
22780,LIGHT GARLAND BUTTERFILES PINK,2010-10-22,2011-12-08,4.196629834254144,1623.0,6167.59,58.857142857142854,True,True,True
22781,GUMBALL MAGAZINE RACK,2010-10-17,2011-12-08,9.49896103896104,867.0,7060.58,59.57142857142857,True,True,True
22782,SET 3 WICKER STORAGE BASKETS,2010-10-27,2011-12-07,19.985714285714284,254.0,3712.3,58.0,True,True,True
22783,SET 3 WICKER OVAL BASKETS W LIDS,2010-10-26,2011-06-14,15.91088888888889,482.0,6316.3,33.0,False,False,False
22784,LANTERN CREAM GAZEBO,2010-10-22,2011-12-08,5.620080428954424,1551.0,7727.14,58.857142857142854,True,True,True
22785,CUSHION COVER PINK UNION FLAG,2010-10-17,2011-12-09,7.328934426229508,412.0,2207.11,59.714285714285715,True,True,True
22786,PILLOWCUSHION COVER PINK UNION JACK,2010-10-17,2011-12-07,7.11,248.0,1549.1,59.42857142857143,True,True,True
22788,BROCANTE COAT RACK,2010-10-17,2011-06-15,11.650238095238096,476.0,3942.62,34.42857142857143,False,False,False
22789,T-LIGHT HOLDER SWEETHEART HANGING,2010-10-17,2011-12-08,2.1268,1238.0,2419.54,59.57142857142857,True,True,True
22790,"MIRROR, ARCHED GEORGIAN",2010-10-14,2010-10-14,19.42,200.0,3884.000000000001,0.0,False,False,False
22791,T-LIGHT GLASS FLUTED ANTIQUE,2010-10-22,2011-12-09,1.5024827586206897,9458.0,11728.69,59.0,True,True,True
22792,FLUTED ANTIQUE CANDLE HOLDER,2010-10-22,2011-12-08,1.124885496183206,3489.0,3241.1299999999997,58.857142857142854,True,True,True
22794,SWEETHEART WIRE MAGAZINE RACK,2010-10-17,2011-12-09,8.881196172248805,389.0,3271.35,59.714285714285715,True,True,True
22795,SWEETHEART RECIPE BOOK STAND,2010-10-17,2011-12-09,7.921394422310757,1597.0,11175.81,59.714285714285715,True,True,True
22796,PHOTO FRAME 3 CLASSIC HANGING,2010-10-10,2011-12-08,10.424025157232704,806.0,8020.45,60.57142857142857,True,True,True
22797,CHEST OF DRAWERS GINGHAM HEART,2010-10-17,2011-12-07,18.55292857142857,242.0,4205.5599999999995,59.42857142857143,True,True,True
22798,ANTIQUE GLASS DRESSING TABLE POT,2010-10-22,2011-12-09,3.730337078651685,2367.0,7336.09,59.0,True,True,True
22799,SWEETHEART WIRE FRUIT BOWL,2010-10-18,2011-12-06,8.828148148148149,253.0,2020.84,59.142857142857146,True,True,True
22800,ANTIQUE TALL SWIRLGLASS TRINKET POT,2010-10-22,2011-12-09,4.836455223880598,1127.0,4586.4,59.0,True,True,True
22801,ANTIQUE GLASS PEDESTAL BOWL,2010-10-22,2011-12-08,4.593202614379085,1300.0,5277.95,58.857142857142854,True,True,True
22802,FAUX FUR CHOCOLATE THROW,2010-10-28,2011-12-07,18.99403225806451,110.0,1933.59,57.857142857142854,True,True,True
22803,IVORY EMBROIDERED QUILT,2010-10-22,2011-11-13,39.10861111111112,59.0,2237.84,55.285714285714285,True,True,True
22804,CANDLEHOLDER PINK HANGING HEART,2010-09-23,2011-12-08,3.152126099706745,5261.0,14075.8,63.0,True,True,True
22805,BLUE DRAWER KNOB ACRYLIC EDWARDIAN,2010-10-17,2011-12-09,1.664025974025974,2207.0,3008.82,59.714285714285715,True,True,True
22806,SET OF 6 T-LIGHTS WEDDING CAKE,2010-09-20,2011-12-08,3.376551724137931,430.0,1149.02,63.42857142857143,True,True,True
22807,SET OF 6 T-LIGHTS TOADSTOOLS,2010-09-20,2011-12-09,3.702675585284281,1375.0,4086.56,63.57142857142857,True,True,True
22808,SET OF 6 T-LIGHTS EASTER CHICKS,2010-09-20,2011-12-09,3.5695180722891573,420.0,1243.88,63.57142857142857,True,True,True
22809,SET OF 6 T-LIGHTS SANTA,2010-09-20,2011-12-09,3.367068062827226,2568.0,7664.72,63.57142857142857,True,True,True
22810,SET OF 6 T-LIGHTS SNOWMEN,2010-09-20,2011-12-05,3.41,2199.0,6729.13,63.0,True,True,True
22811,SET OF 6 T-LIGHTS CACTI,2010-09-21,2011-12-09,4.010921985815602,1021.0,2884.13,63.42857142857143,True,True,True
22812,PACK 3 BOXES CHRISTMAS PANNETONE,2010-09-15,2011-12-05,2.5486680761099367,4879.0,10734.43,63.714285714285715,True,True,True
22813,PACK 3 BOXES BIRD PANNETONE,2010-09-16,2011-12-09,2.4442328042328043,3945.0,7663.83,64.14285714285714,True,True,True
22814,CARD PARTY GAMES,2010-09-21,2011-12-09,0.504135593220339,2728.0,1147.77,63.42857142857143,True,True,True
22815,CARD PSYCHEDELIC APPLES,2010-09-16,2011-12-09,0.5004117647058823,3433.0,1468.53,64.14285714285714,True,True,True
22816,CARD MOTORBIKE SANTA,2010-09-16,2011-12-09,0.4823006833712984,6856.0,2950.93,64.14285714285714,True,True,True
22817,CARD SUKI BIRTHDAY,2010-09-16,2011-12-09,0.4959154929577464,3392.0,1434.9,64.14285714285714,True,True,True
22818,CARD CHRISTMAS VILLAGE,2010-09-16,2011-12-09,0.4758663366336633,6290.0,2720.86,64.14285714285714,True,True,True
22819,"BIRTHDAY CARD, RETRO SPOT",2010-09-20,2011-12-09,0.4827190332326284,3351.0,1418.12,63.57142857142857,True,True,True
22820,GIFT BAG BIRTHDAY,2010-09-15,2011-12-02,0.6358558558558558,1353.0,845.1300000000001,63.285714285714285,True,True,True
22821,GIFT BAG PSYCHEDELIC APPLES,2010-09-15,2011-12-09,0.7250537634408603,1660.0,1047.45,64.28571428571429,True,True,True
22822,CREAM WALL PLANTER HEART SHAPED,2010-11-07,2011-12-08,6.362445652173913,581.0,3367.35,56.57142857142857,True,True,True
22823,CHEST NATURAL WOOD 20 DRAWERS,2010-10-26,2011-11-15,117.5,32.0,3655.0,55.0,True,True,True
22824,3 TIER SWEETHEART GARDEN SHELF,2010-11-07,2011-11-23,35.7,61.0,2153.9500000000003,54.42857142857143,True,True,True
22825,DECORATIVE PLANT POT WITH FRIEZE,2010-10-22,2011-11-27,8.34,100.0,799.02,57.285714285714285,True,True,True
22826,LOVE SEAT ANTIQUE WHITE METAL,2010-12-10,2011-11-23,114.02439024390245,58.0,6210.0,49.714285714285715,True,False,False
22827,GIANT SEVENTEEN DRAWER SIDEBOARD,2010-10-21,2011-11-17,158.71428571428572,46.0,7150.0,56.0,True,True,True
22828,REGENCY MIRROR WITH SHUTTERS,2010-10-21,2011-11-16,154.0909090909091,17.0,2565.0,55.857142857142854,True,True,True
22829,BROCANTE SHELF WITH HOOKS,2010-11-10,2011-11-11,10.993559322033898,241.0,2468.5699999999997,52.285714285714285,True,True,True
22830,UTILTY CABINET WITH HOOKS,2010-10-22,2011-01-16,26.23611111111111,181.0,3760.71,12.285714285714286,False,False,False
22831,WHITE BROCANTE SOAP DISH,2010-11-07,2011-12-01,3.337714285714286,776.0,2286.28,55.57142857142857,True,True,True
22832,SWEETHEART WIRE WALL TIDY,2010-11-09,2011-11-29,11.564117647058824,185.0,2033.15,55.0,True,True,True
22833,HALL CABINET WITH 3 DRAWERS,2010-11-04,2011-02-03,48.14846153846155,120.0,4163.54,13.0,False,False,False
22834,HAND WARMER BABUSHKA DESIGN,2010-09-12,2011-12-09,2.289543230016313,6900.0,11287.63,64.71428571428571,True,True,True
22835,HOT WATER BOTTLE I AM SO POORLY,2010-09-12,2011-12-09,5.639597249508841,5302.0,27082.84,64.71428571428571,True,True,True
22837,HOT WATER BOTTLE BABUSHKA,2010-10-06,2011-09-25,5.290560344827586,3534.0,16455.18,50.57142857142857,False,False,False
22838,3 TIER CAKE TIN RED AND CREAM,2010-10-14,2011-12-09,16.809335793357935,922.0,13220.86,60.142857142857146,True,True,True
22839,"CAKE TIN, 3 TIER MINT/IVORY",2010-10-14,2011-12-08,18.024789272030652,579.0,8971.17,60.0,True,True,True
22840,ROUND CAKE TIN VINTAGE RED,2010-10-13,2011-12-08,8.243781094527364,1323.0,10023.65,60.142857142857146,True,True,True
22841,ROUND CAKE TIN VINTAGE GREEN,2010-10-13,2011-12-08,8.409477124183008,772.0,6002.52,60.142857142857146,True,True,True
22842,BISCUIT TIN VINTAGE RED,2010-10-13,2011-12-05,7.0783193277310925,818.0,5308.58,59.714285714285715,True,True,True
22843,BISCUIT TIN VINTAGE GREEN,2010-10-15,2011-12-05,7.178826815642458,595.0,3858.51,59.42857142857143,True,True,True
22844,VINTAGE CREAM DOG FOOD CONTAINER,2010-10-17,2011-12-09,10.571477045908182,1227.0,11593.28,59.714285714285715,True,True,True
22845,VINTAGE CREAM CAT FOOD CONTAINER,2010-10-15,2011-12-09,7.8148484848484845,999.0,6764.599999999999,60.0,True,True,True
22846,BREAD BIN DINER STYLE RED,2010-10-14,2011-12-08,17.639450867052023,825.0,13264.82,60.0,True,True,True
22847,"BREAD BIN, DINER STYLE, IVORY",2010-10-14,2011-12-08,17.174958506224066,1157.0,18352.74,60.0,True,True,True
22848,BREAD BIN DINER STYLE PINK,2010-10-14,2011-10-30,18.013509933774834,381.0,6128.599999999999,54.42857142857143,True,True,True
22849,"BREAD BIN, DINER STYLE, MINT",2010-10-14,2011-10-20,16.78827160493827,403.0,6287.73,53.0,True,True,True
22850,BREAD BIN DINER STYLE BLACK,2010-10-17,2010-10-17,15.95,8.0,123.6,0.0,False,False,False
22851,SET 20 NAPKINS FAIRY CAKES DESIGN,2010-08-19,2011-12-07,0.9530827067669172,5167.0,4193.679999999999,67.85714285714286,True,True,True
22852,ENAMEL DOG BOWL CREAM,2010-10-15,2011-12-08,4.54825,565.0,2467.11,59.857142857142854,True,True,True
22853,ENAMEL CAT BOWL CREAM,2010-10-15,2011-12-08,3.593561643835616,645.0,2205.57,59.857142857142854,True,True,True
22854,CREAM SWEETHEART EGG HOLDER,2010-09-16,2011-09-22,5.4540650406504065,1160.0,5624.5,53.0,False,True,False
22855,FINE WICKER HEART,2010-09-15,2011-08-30,1.468498845265589,4795.0,5979.24,49.857142857142854,False,False,False
22856,ASSORTED EASTER DECORATIONS  BELLS,2010-10-17,2011-11-20,3.520625,877.0,1059.85,57.0,True,True,True
22857,ASSORTED EASTER GIFT TAGS,2010-10-05,2011-10-24,1.4554545454545456,1230.0,1048.28,54.857142857142854,True,True,True
22858,EASTER TIN KEEPSAKE,2010-11-08,2011-10-06,1.9493571428571423,1135.0,1877.34,47.42857142857143,False,False,False
22859,EASTER TIN BUNNY BOUQUET,2010-10-05,2011-11-15,1.93251497005988,1250.0,2085.75,58.0,True,True,True
22860,EASTER TIN CHICKS PINK DAISY,2010-10-05,2011-11-18,1.9756756756756757,612.0,1060.85,58.42857142857143,True,True,True
22861,EASTER TIN CHICKS IN GARDEN,2010-12-12,2011-04-21,2.0107999999999997,305.0,522.93,18.571428571428573,False,False,False
22862,LOVE HEART NAPKIN BOX,2010-09-16,2011-01-25,4.877876106194691,758.0,3373.22,18.714285714285715,False,False,False
22863,SOAP DISH BROCANTE,2010-09-23,2011-12-06,3.2187058823529417,1107.0,3166.61,62.714285714285715,True,True,True
22864,MUG AND COASTER SET RED CIRCLES,2010-06-02,2010-06-29,0.42,378.0,158.76,3.857142857142857,False,False,False
22865,HAND WARMER OWL DESIGN,2010-09-10,2011-12-09,2.3551353503184713,14537.0,31416.040000000005,65.0,True,True,True
22866,HAND WARMER SCOTTY DOG DESIGN,2010-09-10,2011-12-09,2.3251018600531443,12778.0,28266.870000000003,65.0,True,True,True
22867,HAND WARMER BIRD DESIGN,2010-09-10,2011-12-09,2.3753406998158377,11872.0,26117.63,65.0,True,True,True
22868,"NUMBER TILE COTTAGE GARDEN, 0",2010-10-18,2011-11-21,3.008518518518519,124.0,270.38,57.0,True,True,True
22869,"NUMBER TILE COTTAGE GARDEN, 1",2010-10-17,2011-11-29,3.066140350877193,167.0,393.63,58.285714285714285,True,True,True
22870,"NUMBER TILE COTTAGE GARDEN, 2",2010-10-18,2011-11-29,3.2091489361702124,155.0,367.97,58.142857142857146,True,True,True
22871,"NUMBER TILE COTTAGE GARDEN, 3",2010-10-18,2011-11-16,3.266,127.0,289.39,56.285714285714285,True,True,True
22872,"NUMBER TILE COTTAGE GARDEN, 4",2010-10-18,2011-12-08,3.132051282051282,136.0,311.3,59.42857142857143,True,True,True
22873,"NUMBER TILE COTTAGE GARDEN, 5",2010-10-17,2011-11-25,2.8693548387096777,120.0,262.5,57.714285714285715,True,True,True
22874,"NUMBER TILE COTTAGE GARDEN, 6",2010-10-18,2011-11-09,2.7824137931034483,126.0,272.02,55.285714285714285,True,True,True
22875,"NUMBER TILE COTTAGE GARDEN, 7",2010-10-18,2011-12-08,2.8273333333333333,123.0,268.34999999999997,59.42857142857143,True,True,True
22876,"NUMBER TILE COTTAGE GARDEN, 8",2010-10-18,2011-09-27,2.9117391304347824,118.0,252.22,49.142857142857146,False,False,False
22877,"NUMBER TILE COTTAGE GARDEN, 9",2010-10-18,2011-10-04,2.5785714285714287,128.0,271.64,50.142857142857146,False,False,False
22878,"NUMBER TILE COTTAGE GARDEN, No",2010-10-18,2011-11-16,3.420666666666667,128.0,330.26000000000005,56.285714285714285,True,True,True
22879,NUMBER TILE VINTAGE FONT 0,2010-10-19,2011-10-04,2.9823809523809524,82.0,134.4,50.0,False,False,False
22880,"NUMBER TILE VINTAGE FONT, 1",2010-10-25,2011-11-15,3.1840540540540543,111.0,230.27,55.142857142857146,True,True,True
22881,"NUMBER TILE VINTAGE FONT, 2",2010-10-25,2011-12-09,3.151111111111111,112.0,218.82,58.57142857142857,True,True,True
22882,NUMBER TILE VINTAGE FONT 3,2010-10-19,2011-12-05,2.9504,126.0,255.08,58.857142857142854,True,True,True
22883,NUMBER TILE VINTAGE FONT 4,2010-10-18,2011-12-05,3.288235294117647,109.0,213.05,59.0,True,True,True
22884,NUMBER TILE VINTAGE FONT 5,2010-10-21,2011-11-30,3.0048717948717947,110.0,217.26,57.857142857142854,True,True,True
22885,NUMBER TILE VINTAGE FONT 6,2010-10-20,2011-12-09,3.003142857142857,112.0,210.26,59.285714285714285,True,True,True
22886,"NUMBER TILE VINTAGE FONT, 7",2010-10-25,2011-12-01,2.917586206896552,98.0,174.16,57.42857142857143,True,True,True
22887,NUMBER TILE VINTAGE FONT 8,2010-10-18,2011-12-05,2.9549999999999996,92.0,160.36,59.0,True,True,True
22888,NUMBER TILE VINTAGE FONT 9,2010-11-04,2011-12-09,3.058695652173913,79.0,130.82999999999998,57.142857142857146,True,True,True
22889,"NUMBER TILE VINTAGE FONT, No",2010-10-25,2011-12-05,3.47275,196.0,327.12,58.0,True,True,True
22890,NOVELTY BISCUITS CAKE STAND 3 TIER,2010-10-14,2011-12-09,11.051226053639846,800.0,7821.96,60.142857142857146,True,True,True
22891,TEA FOR ONE POLKADOT,2010-10-15,2011-12-09,5.596608695652174,644.0,3103.7,60.0,True,True,True
22892,SALT AND PEPPER SHAKERS TOADSTOOLS,2010-10-15,2011-11-22,1.317457627118644,3520.0,4322.06,57.57142857142857,True,True,True
22893,MINI CAKE STAND T-LIGHT HOLDER,2010-10-15,2011-12-08,0.6159016393442622,2721.0,1306.09,59.857142857142854,True,True,True
22894,TABLECLOTH RED APPLES DESIGN,2010-09-24,2011-12-09,9.770309278350515,561.0,5160.78,63.0,True,True,True
22895,SET OF 2 TEA TOWELS APPLE AND PEARS,2010-09-24,2011-12-09,3.46310843373494,2847.0,8648.49,63.0,True,True,True
22896,PEG BAG APPLE DESIGN,2010-09-26,2011-12-09,3.1132249322493224,2076.0,5230.55,62.714285714285715,True,True,True
22897,OVEN MITT APPLE DESIGN,2010-09-26,2011-12-08,1.7584615384615383,1956.0,2894.75,62.57142857142857,True,True,True
22898,CHILDRENS APRON APPLE DESIGN,2010-09-26,2011-12-09,2.4603805496828755,3168.0,6604.16,62.714285714285715,True,True,True
22899,CHILDRENS APRON DOLLY GIRL,2010-09-26,2011-12-09,2.4120518867924527,2773.0,5769.76,62.714285714285715,True,True,True
22900,SET 2 TEA TOWELS I LOVE LONDON,2010-09-24,2011-12-09,3.684245283018868,6156.0,19834.04,63.0,True,True,True
22902,TOTE BAG I LOVE LONDON,2010-09-26,2011-12-08,2.593283582089552,1716.0,3506.56,62.57142857142857,True,True,True
22903,CALENDAR FAMILY FAVORITES,2010-09-26,2011-12-08,3.0365853658536586,745.0,2053.96,62.57142857142857,True,True,True
22904,CALENDAR PAPER CUT DESIGN,2010-09-19,2011-11-17,3.3329550321199144,3467.0,10755.05,60.57142857142857,True,True,True
22905,CALENDAR IN SEASON DESIGN,2010-09-19,2011-12-09,2.9630769230769234,1077.0,2957.17,63.714285714285715,True,True,True
22906,12 MESSAGE CARDS WITH ENVELOPES,2010-09-19,2011-12-09,1.993505376344086,3370.0,6214.83,63.714285714285715,True,True,True
22907,PACK OF 20 NAPKINS PANTRY DESIGN,2010-09-16,2011-12-09,0.9729777256740914,8686.0,7279.03,64.14285714285714,True,True,True
22908,PACK OF 20 NAPKINS RED APPLES,2010-09-20,2011-12-09,0.955668016194332,5610.0,4524.0,63.57142857142857,True,True,True
22909,SET OF 20 VINTAGE CHRISTMAS NAPKINS,2010-09-16,2011-12-09,0.976173835125448,17144.0,15275.82,64.14285714285714,True,True,True
22910,PAPER CHAIN KIT VINTAGE CHRISTMAS,2010-09-19,2011-12-09,3.300415224913495,18634.0,58652.7,63.714285714285715,True,True,True
22911,PAPER CHAIN KIT LONDON,2010-09-19,2011-12-05,3.219818181818182,853.0,2454.3500000000004,63.142857142857146,True,True,True
22912,YELLOW COAT RACK PARIS FASHION,2010-11-19,2011-11-28,5.261192660550459,313.0,1471.09,53.42857142857143,True,True,True
22913,RED COAT RACK PARIS FASHION,2010-11-19,2011-12-05,5.491229508196722,450.0,2107.85,54.42857142857143,True,True,True
22914,BLUE COAT RACK PARIS FASHION,2010-11-19,2011-12-09,5.446140350877193,570.0,2720.6600000000003,55.0,True,True,True
22915,ASSORTED BOTTLE TOP  MAGNETS,2010-11-19,2011-12-09,1.1767692307692308,3281.0,1474.52,55.0,True,True,True
22916,HERB MARKER THYME,2010-11-21,2011-12-08,0.8606299212598425,1962.0,1363.38,54.57142857142857,True,True,True
22917,HERB MARKER ROSEMARY,2010-11-21,2011-12-08,0.8575889328063241,1996.0,1386.65,54.57142857142857,True,True,True
22918,HERB MARKER PARSLEY,2010-11-21,2011-12-08,0.8578968253968254,1925.0,1322.86,54.57142857142857,True,True,True
22919,HERB MARKER MINT,2010-11-22,2011-12-08,0.8432669322709163,1800.0,1255.44,54.42857142857143,True,True,True
22920,HERB MARKER BASIL,2010-11-21,2011-12-08,0.8639763779527558,3478.0,2199.19,54.57142857142857,True,True,True
22921,HERB MARKER CHIVES,2010-11-21,2011-12-08,0.8519004524886878,1771.0,1226.72,54.57142857142857,True,True,True
22922,FRIDGE MAGNETS US DINER ASSORTED,2010-11-19,2011-12-09,1.6745132743362832,2073.0,1789.1999999999998,55.0,True,True,True
22923,FRIDGE MAGNETS LES ENFANTS ASSORTED,2010-11-19,2011-12-08,1.0913333333333333,1583.0,1314.89,54.857142857142854,True,True,True
22924,FRIDGE MAGNETS LA VIE EN ROSE,2010-11-19,2011-12-09,1.4349999999999998,1500.0,1323.4199999999998,55.0,True,True,True
22925,BLUE GIANT GARDEN THERMOMETER,2010-11-22,2011-10-28,6.48421875,488.0,2989.52,48.57142857142857,True,False,False
22926,IVORY GIANT GARDEN THERMOMETER,2010-11-21,2011-05-10,6.306635944700461,680.0,4150.31,24.285714285714285,False,False,False
22927,GREEN GIANT GARDEN THERMOMETER,2010-11-21,2011-12-05,6.695493827160495,468.0,2948.57,54.142857142857146,True,True,True
22928,YELLOW GIANT GARDEN THERMOMETER,2010-11-22,2011-12-09,7.738050847457627,296.0,2041.35,54.57142857142857,True,True,True
22929,SCHOOL DESK AND CHAIR,2010-11-24,2011-10-26,64.17058823529412,23.0,1459.75,48.0,True,False,False
22930,BAKING MOULD HEART MILK CHOCOLATE,2010-12-08,2011-12-08,3.073350785340314,1108.0,2846.8,52.142857142857146,True,True,True
22931,BAKING MOULD HEART WHITE CHOCOLATE,2010-12-08,2011-12-08,2.8299999999999996,813.0,1963.3,52.142857142857146,True,True,True
22932,BAKING MOULD TOFFEE CUP CHOCOLATE,2010-12-08,2011-12-08,2.708472222222222,884.0,2000.88,52.142857142857146,True,True,True
22933,BAKING MOULD EASTER EGG MILK CHOC,2010-12-09,2011-12-05,3.48869918699187,940.0,2585.92,51.57142857142857,True,False,False
22934,BAKING MOULD EASTER EGG WHITE CHOC,2010-12-10,2011-11-11,3.2253846153846157,589.0,1707.47,48.0,True,False,False
22935,BAKING MOULD ROSE MILK CHOCOLATE,2010-12-08,2011-12-08,3.8047692307692302,690.0,2066.82,52.142857142857146,True,True,True
22936,BAKING MOULD ROSE WHITE CHOCOLATE,2010-12-08,2011-12-08,4.326153846153846,279.0,895.97,52.142857142857146,True,True,True
22937,BAKING MOULD CHOCOLATE CUPCAKES,2010-12-08,2011-12-07,2.9215853658536584,972.0,2563.24,52.0,True,True,True
22938,CUPCAKE LACE PAPER SET 6,2010-09-20,2011-12-08,2.076981818181818,3687.0,6891.249999999999,63.42857142857143,True,True,True
22939,APRON APPLE DELIGHT,2010-09-26,2011-12-06,5.883149171270718,700.0,3502.54,62.285714285714285,True,True,True
22940,FELTCRAFT CHRISTMAS FAIRY,2010-09-06,2011-12-09,4.533444816053512,3491.0,15282.81,65.57142857142857,True,True,True
22941,CHRISTMAS LIGHTS 10 REINDEER,2010-10-21,2011-12-09,9.705392561983473,2615.0,21727.58,59.142857142857146,True,True,True
22942,CHRISTMAS LIGHTS 10 SANTAS,2010-10-21,2011-12-09,8.545263157894736,1221.0,9466.41,59.142857142857146,True,True,True
22943,CHRISTMAS LIGHTS 10 VINTAGE BAUBLES,2010-10-21,2011-12-09,5.995530726256984,2381.0,11696.64,59.142857142857146,True,True,True
22944,CHRISTMAS METAL POSTCARD WITH BELLS,2010-09-19,2011-12-08,1.3859509202453988,4870.0,3577.99,63.57142857142857,True,True,True
22945,CHRISTMAS METAL TAGS ASSORTED,2010-09-19,2011-12-08,2.2110693641618497,7641.0,7365.7,63.57142857142857,True,True,True
22946,WOODEN ADVENT CALENDAR CREAM,2010-09-16,2011-12-08,18.37695652173913,976.0,15060.57,64.0,True,True,True
22947,WOODEN ADVENT CALENDAR RED,2010-09-16,2011-11-30,14.754761904761905,1011.0,12704.15,62.857142857142854,True,True,True
22948,METAL DECORATION NAUGHTY CHILDREN,2010-09-16,2011-12-09,1.8312903225806452,2155.0,2164.69,64.14285714285714,True,True,True
22949,36 DOILIES DOLLY GIRL,2010-09-19,2011-12-06,1.737231638418079,2010.0,2858.19,63.285714285714285,True,True,True
22950,36 DOILIES VINTAGE CHRISTMAS,2010-09-19,2011-11-07,1.5710393258426965,8333.0,11452.64,59.142857142857146,True,True,True
22951,72 CAKE CASES DOLLY GIRL DESIGN,2010-09-19,2011-12-09,0.6723017107309487,10993.0,5785.97,63.714285714285715,True,True,True
22952,72 CAKE CASES VINTAGE CHRISTMAS,2010-09-17,2011-12-09,0.7211177474402731,32988.0,19240.05,64.0,True,True,True
22953,BIRTHDAY PARTY CORDON BARRIER TAPE,2010-11-04,2011-12-08,1.3815833333333332,760.0,948.55,57.0,True,True,True
22954,HEN PARTY CORDON BARRIER TAPE,2010-11-05,2011-11-24,1.3878,238.0,293.89,54.857142857142854,True,True,True
22955,36 FOIL STAR CAKE CASES,2010-11-04,2011-12-09,2.25953125,1448.0,2885.26,57.142857142857146,True,True,True
22956,36 FOIL HEART CAKE CASES,2010-11-04,2011-12-09,2.200530303030303,2494.0,4878.900000000001,57.142857142857146,True,True,True
22957,SET 3 PAPER VINTAGE CHICK PAPER EGG,2011-01-14,2011-09-29,3.115555555555556,1775.0,5014.650000000001,36.857142857142854,False,False,False
22959,WRAP CHRISTMAS VILLAGE,2010-09-06,2011-12-08,0.4181052631578947,9738.0,3981.96,65.42857142857143,True,True,True
22960,JAM MAKING SET WITH JARS,2010-11-28,2011-12-09,5.059025862068966,9019.0,38380.11,53.714285714285715,True,True,True
22961,JAM MAKING SET PRINTED,2010-07-23,2011-12-09,1.8915876974231087,17252.0,26888.43,72.0,True,True,True
22962,JAM JAR WITH PINK LID,2010-11-28,2011-12-09,1.051380281690141,4366.0,3640.93,53.714285714285715,True,True,True
22963,JAM JAR WITH BLUE LID,2010-07-23,2011-12-09,1.071832298136646,3696.0,3079.41,72.0,True,True,True
22964,3 PIECE SPACEBOY COOKIE CUTTER SET,2010-11-21,2011-12-09,2.513543689320388,2761.0,5768.830000000001,54.714285714285715,True,True,True
22965,3 TRADITIONAl BISCUIT CUTTERS  SET,2010-11-21,2011-12-09,2.3317175572519084,1842.0,3834.04,54.714285714285715,True,True,True
22966,GINGERBREAD MAN COOKIE CUTTER,2010-11-09,2011-12-09,1.440776439089692,8219.0,10131.26,56.42857142857143,True,True,True
22967,SET 3 SONG BIRD PAPER EGGS ASSORTED,2011-01-14,2011-12-07,3.0120289855072464,1171.0,3271.4100000000003,46.714285714285715,True,False,False
22968,ROSE COTTAGE KEEPSAKE BOX,2010-10-29,2011-12-08,11.719281045751634,1127.0,11184.82,57.857142857142854,True,True,True
22969,HOMEMADE JAM SCENTED CANDLES,2010-11-21,2011-12-09,1.7717207334273626,14461.0,21501.99,54.714285714285715,True,True,True
22970,LONDON BUS COFFEE MUG,2010-12-15,2011-12-08,2.730219435736677,4334.0,10140.6,51.142857142857146,True,False,False
22971,QUEENS GUARD COFFEE MUG,2010-12-16,2011-12-08,2.7821167883211677,2431.0,5849.29,51.0,True,False,False
22972,CHILDREN'S SPACEBOY MUG,2010-11-24,2011-12-08,1.988688524590164,1882.0,3219.74,54.142857142857146,True,True,True
22973,CHILDRENS CIRCUS PARADE MUG,2010-11-23,2011-12-07,2.017307692307692,1361.0,2314.33,54.142857142857146,True,True,True
22974,CHILDRENS DOLLY GIRL MUG,2010-11-24,2011-12-08,2.039433962264151,1636.0,2795.8099999999995,54.142857142857146,True,True,True
22975,SPACEBOY CHILDRENS EGG CUP,2010-11-24,2011-12-09,1.5469743589743588,1245.0,1679.66,54.285714285714285,True,True,True
22976,CIRCUS PARADE CHILDRENS EGG CUP,2010-11-24,2011-12-09,1.5033999999999998,1127.0,1465.26,54.285714285714285,True,True,True
22977,DOLLY GIRL CHILDRENS EGG CUP,2010-11-24,2011-12-09,1.4704964539007093,999.0,1313.86,54.285714285714285,True,True,True
22978,PANTRY ROLLING PIN,2011-02-17,2011-12-08,4.3442436974789915,2464.0,9564.98,42.0,True,False,False
22979,PANTRY WASHING UP BRUSH,2011-03-02,2011-12-09,1.8184334203655352,4090.0,6391.82,40.285714285714285,True,False,False
22980,PANTRY SCRUBBING BRUSH,2011-02-16,2011-12-09,1.9236734693877549,2363.0,3910.01,42.285714285714285,True,False,False
22981,PANTRY APPLE CORER,2011-03-03,2011-12-07,1.8700925925925929,471.0,704.13,39.857142857142854,True,False,False
22982,PANTRY PASTRY BRUSH,2011-03-02,2011-12-09,1.6372169811320754,1154.0,1543.77,40.285714285714285,True,False,False
22983,"CARD, BILLBOARD FONT",2010-09-14,2011-12-09,0.5280615942028986,6695.0,2843.55,64.42857142857143,True,True,True
22984,"CARD, GINGHAM ROSE",2010-09-12,2011-12-09,0.4750467289719626,3349.0,1370.73,64.71428571428571,True,True,True
22985,"WRAP, BILLBOARD FONTS DESIGN",2010-09-07,2011-12-09,0.4188235294117647,4722.0,1895.24,65.42857142857143,True,True,True
22986,GINGHAM ROSE WRAP,2010-09-07,2011-12-08,0.419313725490196,5795.0,2389.9,65.28571428571429,True,True,True
22987,"WRAP , SUMMER ROSE DESIGN",2010-09-07,2011-10-10,0.42,252.0,105.84,56.857142857142854,False,True,False
22988,SOLDIERS EGG CUP,2010-11-23,2011-12-09,1.4986474501108646,9363.0,11238.45,54.42857142857143,True,True,True
22989,SET 2 PANTRY DESIGN TEA TOWELS,2011-02-03,2011-12-09,3.6862698412698416,2811.0,8999.27,44.142857142857146,True,False,False
22990,COTTON APRON PANTRY DESIGN,2011-02-06,2011-12-08,5.315301204819277,633.0,2917.4300000000003,43.57142857142857,True,False,False
22991,GIRAFFE WOODEN RULER,2011-02-17,2011-12-09,2.273655913978495,3887.0,7604.889999999999,42.142857142857146,True,False,False
22992,REVOLVER WOODEN RULER,2011-02-17,2011-12-09,2.2714044943820224,5233.0,10373.99,42.142857142857146,True,False,False
22993,SET OF 4 PANTRY JELLY MOULDS,2011-02-16,2011-12-09,1.497788990825688,12649.0,16478.48,42.285714285714285,True,False,False
22994,TRAVEL CARD WALLET RETROSPOT,2011-02-16,2011-12-09,0.5283105022831049,2194.0,956.94,42.285714285714285,True,False,False
22995,TRAVEL CARD WALLET SUKI,2011-02-17,2011-12-09,0.5419402985074626,2381.0,1058.64,42.142857142857146,True,False,False
22996,TRAVEL CARD WALLET VINTAGE TICKET,2011-02-17,2011-12-09,0.5296385542168675,4801.0,2094.93,42.142857142857146,True,False,False
22997,TRAVEL CARD WALLET UNION JACK,2011-02-17,2011-12-09,0.4932735426008968,2545.0,1094.93,42.142857142857146,True,False,False
22998,TRAVEL CARD WALLET KEEP CALM,2011-02-16,2011-12-09,0.4973048327137546,12366.0,5262.82,42.285714285714285,True,False,False
22999,TRAVEL CARD WALLET RETRO PETALS,2011-02-17,2011-12-09,0.4824444444444444,2894.0,1252.59,42.142857142857146,True,False,False
23000,TRAVEL CARD WALLET TRANSPORT,2011-02-16,2011-12-09,0.5197132616487455,3169.0,1368.28,42.285714285714285,True,False,False
23002,TRAVEL CARD WALLET SKULLS,2011-02-16,2011-12-09,0.5232474226804124,2119.0,914.37,42.285714285714285,True,False,False
23003,TRAVEL CARD WALLET VINTAGE ROSE,2011-02-16,2011-06-12,0.4188888888888888,542.0,226.2,16.571428571428573,False,False,False
23004,TRAVEL CARD WALLET PANTRY,2011-02-16,2011-12-09,0.6030357142857142,2002.0,903.16,42.285714285714285,True,False,False
23005,TRAVEL CARD WALLET I LOVE LONDON,2011-02-17,2011-12-09,0.5217213114754098,4733.0,2126.55,42.142857142857146,True,False,False
23006,TRAVEL CARD WALLET FLOWER MEADOW,2011-02-16,2011-12-08,0.5191907514450866,1758.0,762.75,42.142857142857146,True,False,False
23007,SPACEBOY BABY GIFT SET,2011-03-09,2011-12-09,15.913423913043475,498.0,7741.749999999999,39.285714285714285,True,False,False
23008,DOLLY GIRL BABY GIFT SET,2011-03-09,2011-12-08,16.12609022556391,433.0,6719.61,39.142857142857146,True,False,False
23009,I LOVE LONDON BABY GIFT SET,2011-03-09,2011-12-09,15.988252427184465,263.0,4082.519999999999,39.285714285714285,True,False,False
23010,CIRCUS PARADE BABY GIFT SET,2011-03-09,2011-12-04,16.296576576576577,315.0,4879.599999999999,38.57142857142857,True,False,False
23012,GLASS APOTHECARY BOTTLE PERFUME,2011-06-14,2011-12-09,4.62991935483871,1071.0,4197.110000000001,25.428571428571427,True,False,False
23013,GLASS APOTHECARY BOTTLE TONIC,2011-06-14,2011-12-09,4.672946428571429,924.0,3674.16,25.428571428571427,True,False,False
23014,GLASS APOTHECARY BOTTLE ELIXIR,2011-06-14,2011-12-09,4.863838862559241,856.0,3419.5800000000004,25.428571428571427,True,False,False
23015,CORDIAL GLASS JUG,2011-06-17,2011-11-24,8.691052631578946,40.0,338.38,22.857142857142858,True,False,False
23016,GLASS TWIST BON BON JAR,2011-06-16,2011-12-06,8.714583333333332,74.0,575.25,24.714285714285715,True,False,False
23017,APOTHECARY MEASURING JAR,2011-06-26,2011-12-08,12.759545454545451,67.0,826.28,23.571428571428573,True,False,False
23018,LARGE APOTHECARY MEASURING JAR,2011-06-26,2011-11-16,12.900476190476192,51.0,612.1600000000001,20.428571428571427,True,False,False
23019,SMALL APOTHECARY MEASURING JAR,2011-06-21,2011-12-08,8.078571428571427,81.0,629.0500000000001,24.285714285714285,True,False,False
23020,GLASS  SONGBIRD STORAGE JAR,2011-06-14,2011-12-06,12.99592105263158,180.0,2191.84,25.0,True,False,False
23021,GLASS BONNE JAM JAR,2011-06-20,2011-12-06,4.441851851851852,120.0,500.8200000000001,24.142857142857142,True,False,False
23022,SMALL BONNE JAM JAR  T-LIGHT HOLDER,2011-06-15,2011-12-05,2.0316666666666667,422.0,808.16,24.714285714285715,True,False,False
23023,RIDGED BONNE JAM JAR T-LIGHT HOLDER,2011-06-20,2011-12-05,1.7652,274.0,437.81999999999994,24.0,True,False,False
23024,LARGE BONNE JAM JAR  T-LIGHT HOLDER,2011-06-22,2011-11-14,3.0081818181818183,255.0,667.8500000000001,20.714285714285715,True,False,False
23025,DRAWER KNOB VINTAGE GLASS BALL,2011-06-27,2011-12-02,2.269814814814815,350.0,760.8000000000001,22.571428571428573,True,False,False
23026,DRAWER KNOB VINTAGE GLASS STAR,2011-06-16,2011-12-07,2.3271875,556.0,1198.96,24.857142857142858,True,False,False
23027,DRAWER KNOB VINTAGE GLASS HEXAGON,2011-06-22,2011-12-02,2.216666666666667,295.0,627.95,23.285714285714285,True,False,False
23028,DRAWER KNOB CRACKLE GLAZE BLUE,2011-06-14,2011-11-02,1.9253623188405795,1369.0,2377.1299999999997,20.142857142857142,True,False,False
23029,DRAWER KNOB CRACKLE GLAZE GREEN,2011-06-14,2011-12-08,1.8366666666666664,1352.0,2303.9199999999996,25.285714285714285,True,False,False
23031,DRAWER KNOB CRACKLE GLAZE PINK,2011-06-14,2011-12-07,1.827290322580645,1278.0,2152.2999999999997,25.142857142857142,True,False,False
23032,DRAWER KNOB CRACKLE GLAZE IVORY,2011-06-14,2011-11-27,1.7743349753694582,2328.0,3853.68,23.714285714285715,True,False,False
23033,DRAWER KNOB CERAMIC RED,2011-06-14,2011-12-09,1.814864864864865,714.0,1058.9,25.428571428571427,True,False,False
23034,DRAWER KNOB CERAMIC BLACK,2011-06-14,2011-12-09,1.6273333333333335,979.0,1448.6699999999998,25.428571428571427,True,False,False
23035,DRAWER KNOB CERAMIC IVORY,2011-06-14,2011-12-08,1.6449999999999998,2191.0,3199.99,25.285714285714285,True,False,False
23036,T-LIGHT HOLDER SILVER PETIT FOUR,2011-06-22,2011-12-06,1.325625,184.0,232.42,23.857142857142858,True,False,False
23037,CANDLE HOLDER SILVER MADELINE,2011-06-24,2011-12-09,1.886,196.0,325.15999999999997,24.0,True,False,False
23038,T-LIGHT HOLDER SILVER SAUCER,2011-07-11,2011-12-05,1.3299999999999998,44.0,42.919999999999995,21.0,True,False,False
23039,T-LIGHT HOLDER SILVER HEART HANDLE,2011-06-19,2011-12-05,2.3906896551724137,199.0,399.71,24.142857142857142,True,False,False
23040,PAPER LANTERN 9 POINT SNOW STAR,2011-04-28,2011-12-09,6.278372093023257,253.0,1394.03,32.142857142857146,True,False,False
23041,PAPER LANTERN 9 POINT SNOW STAR,2011-04-28,2011-12-09,4.61,272.0,1178.48,32.142857142857146,True,False,False
23042,PAPER LANTERN 7 POINT SNOW STAR,2011-04-28,2011-12-05,7.361428571428571,103.0,711.51,31.571428571428573,True,False,False
23043,PAPER LANTERN 9 POINT HOLLY STAR 40,2011-05-05,2011-12-05,7.33,81.0,543.51,30.571428571428573,True,False,False
23044,PAPER LANTERN 9 POINT HOLLY STAR S,2011-05-08,2011-12-01,4.309230769230769,101.0,423.29,29.571428571428573,True,False,False
23045,PAPER LANTERN 5 POINT STAR MOON 30,2011-05-05,2011-12-07,4.4812,118.0,497.9800000000001,30.857142857142858,True,False,False
23046,PAPER LANTERN 9 POINT DELUXE STAR,2011-05-08,2011-12-05,6.809444444444445,349.0,2111.49,30.142857142857142,True,False,False
23047,PAPER LANTERN 5 POINT SEQUIN STAR,2011-05-08,2011-11-24,5.75,58.0,333.5,28.571428571428573,True,False,False
23048,SET OF 10 LANTERNS FAIRY LIGHT STAR,2011-04-28,2011-12-08,4.6737254901960785,577.0,2368.37,32.0,True,False,False
23049,RECYCLED ACAPULCO MAT RED,2011-03-04,2011-12-01,8.921505376344086,456.0,3896.84,38.857142857142854,True,False,False
23050,RECYCLED ACAPULCO MAT GREEN,2011-03-04,2011-12-09,9.223268292682926,497.0,4286.55,40.0,True,False,False
23051,RECYCLED ACAPULCO MAT BLUE,2011-03-04,2011-12-09,9.636790123456793,365.0,3223.49,40.0,True,False,False
23052,RECYCLED ACAPULCO MAT TURQUOISE,2011-03-04,2011-12-09,9.784460431654676,654.0,5949.34,40.0,True,False,False
23053,RECYCLED ACAPULCO MAT PINK,2011-03-04,2011-12-09,9.819390243902438,364.0,3254.32,40.0,True,False,False
23054,RECYCLED ACAPULCO MAT LAVENDER,2011-03-04,2011-12-09,9.533076923076925,295.0,2604.93,40.0,True,False,False
23055,IVORY CHANDELIER T-LIGHT HOLDER,2011-04-19,2011-11-18,5.62125,657.0,1395.18,30.428571428571427,True,False,False
23056,FLOWERS CHANDELIER T-LIGHT HOLDER,2011-04-19,2011-11-23,6.1842500000000005,963.0,2898.12,31.142857142857142,True,False,False
23057,GEMSTONE CHANDELIER T-LIGHT HOLDER,2011-04-18,2011-11-18,4.781555555555556,773.0,1768.67,30.571428571428573,True,False,False
23058,CHRISTMAS HANGING SNOWFLAKE,2011-09-14,2011-12-07,1.2252083333333337,490.0,430.86,12.0,True,False,False
23060,HEART BEADED TRELLIS DECORATION,2011-04-18,2011-12-07,2.2197727272727272,249.0,528.1700000000001,33.285714285714285,True,False,False
23061,VINTAGE EMBOSSED HEART,2011-04-19,2011-12-08,1.5377777777777777,1015.0,1332.68,33.285714285714285,True,False,False
23064,CINDERELLA CHANDELIER,2011-04-28,2011-11-03,45.48739130434783,221.0,3717.56,27.0,True,False,False
23065,LARGE DECO JEWELLERY STAND,2011-04-15,2011-10-20,12.976161616161615,273.0,3427.44,26.857142857142858,True,False,False
23066,SMALL DECO JEWELLERY STAND,2011-04-18,2011-10-13,8.921294117647058,259.0,2137.81,25.428571428571427,False,False,False
23067,HANGING ENGRAVED METAL HEART,2011-04-26,2011-12-07,4.351951219512196,294.0,1236.66,32.142857142857146,True,False,False
23068,ALUMINIUM STAMPED HEART,2011-04-18,2011-12-06,2.5855072463768116,809.0,1966.93,33.142857142857146,True,False,False
23069,EDWARDIAN PHOTO FRAME,2011-04-26,2011-12-04,6.4440625,88.0,556.21,31.714285714285715,True,False,False
23070,EDWARDIAN HEART PHOTO FRAME,2011-05-04,2011-12-06,5.090909090909091,160.0,709.5400000000001,30.857142857142858,True,False,False
23071,MARIE ANTOIENETT TRINKET BOX GOLD,2011-04-20,2011-10-26,10.5325,315.0,1205.1,27.0,True,False,False
23072,MARIE ANTOINETTE TRINKET BOX SILVER,2011-05-08,2011-10-26,13.725333333333332,334.0,1273.76,24.428571428571427,True,False,False
23073,GEORGIAN TRINKET BOX,2011-04-19,2011-12-01,12.411475409836068,143.0,1706.5,32.285714285714285,True,False,False
23074,EMBOSSED HEART TRINKET BOX,2011-09-11,2011-12-09,2.623125,246.0,547.27,12.714285714285714,True,False,False
23075,DOUBLE CERAMIC PARLOUR HOOK,2011-04-18,2011-12-08,4.248500000000001,472.0,1960.3,33.42857142857143,True,False,False
23076,ICE CREAM SUNDAE LIP GLOSS,2011-03-24,2011-12-09,1.35028880866426,8076.0,9935.76,37.142857142857146,True,False,False
23077,DOUGHNUT LIP GLOSS,2011-03-24,2011-12-09,1.345436046511628,10395.0,13695.77,37.142857142857146,True,False,False
23078,ICE CREAM PEN LIP GLOSS,2011-03-24,2011-12-07,1.4267315175097277,6831.0,8553.34,36.857142857142854,True,False,False
23079,TOADSTOOL BEDSIDE LIGHT,2011-05-11,2011-12-07,8.936915887850466,251.0,2225.45,30.0,True,False,False
23080,RED METAL BOX TOP SECRET,2011-05-11,2011-12-09,9.339272030651342,1074.0,9117.62,30.285714285714285,True,False,False
23081,GREEN METAL BOX ARMY SUPPLIES,2011-05-10,2011-12-08,9.407194244604316,483.0,4038.25,30.285714285714285,True,False,False
23082,SET 6 PAPER TABLE LANTERN HEARTS,2011-05-11,2011-12-09,4.093564356435643,2328.0,8558.76,30.285714285714285,True,False,False
23083,SET 6 PAPER TABLE LANTERN STARS,2011-05-15,2011-12-09,4.236586345381526,1932.0,7250.900000000001,29.714285714285715,True,False,False
23084,RABBIT NIGHT LIGHT,2011-05-10,2011-12-09,2.386401179941003,30739.0,66870.03,30.428571428571427,True,False,False
23085,ANTIQUE SILVER BAUBLE LAMP,2011-05-16,2011-12-08,10.835,376.0,3583.23,29.428571428571427,True,False,False
23086,ZINC  STAR T-LIGHT HOLDER,2011-05-16,2011-12-08,1.5197872340425531,1225.0,1451.43,29.428571428571427,True,False,False
23087,ZINC  HEART T-LIGHT HOLDER,2011-05-13,2011-12-08,1.5915942028985506,868.0,1090.66,29.857142857142858,True,False,False
23088,ZINC HEART FLOWER T-LIGHT HOLDER,2011-05-12,2011-12-09,1.627594936708861,795.0,1033.28,30.142857142857142,True,False,False
23089,GLASS BON BON JAR,2011-05-12,2011-12-09,2.380175438596491,2354.0,4215.78,30.142857142857142,True,False,False
23090,VINTAGE GLASS T-LIGHT HOLDER,2011-05-16,2011-12-07,0.9790131578947368,2237.0,1870.0299999999995,29.285714285714285,True,False,False
23091,ZINC HERB GARDEN CONTAINER,2011-05-11,2011-11-10,6.728142857142857,580.0,3656.32,26.142857142857142,True,False,False
23092,LARGE ANTIQUE WHITE PHOTO FRAME,2011-05-16,2011-12-08,8.100962962962964,523.0,3757.78,29.428571428571427,True,False,False
23093,SMALL PARISIENNE HEART PHOTO FRAME,2011-05-11,2011-12-09,2.7882394366197185,939.0,2239.24,30.285714285714285,True,False,False
23094,LE GRAND TRAY CHIC SET,2011-05-11,2011-11-28,12.815443037974685,152.0,1924.92,28.714285714285715,True,False,False
23096,PETIT TRAY CHIC,2011-05-10,2011-12-08,2.027808219178082,1033.0,1736.6899999999998,30.285714285714285,True,False,False
23099,FRENCH CARRIAGE LANTERN,2011-05-16,2011-12-07,7.039152542372881,137.0,925.35,29.285714285714285,True,False,False
23100,SILVER BELLS TABLE DECORATION,2011-05-11,2011-12-08,1.426235741444867,2166.0,2739.38,30.142857142857142,True,False,False
23101,SILVER STARS TABLE DECORATION,2011-05-12,2011-12-08,0.9744859813084112,2031.0,1739.63,30.0,True,False,False
23102,SILVER HEARTS TABLE DECORATION,2011-05-11,2011-12-04,0.970754716981132,1274.0,1075.03,29.571428571428573,True,False,False
23103,BELL HEART DECORATION,2011-05-11,2011-12-09,1.8441489361702128,4072.0,6846.159999999999,30.285714285714285,True,False,False
23104,IVORY PANTRY HANGING LAMP,2011-05-11,2011-12-07,12.859130434782609,118.0,1405.42,30.0,True,False,False
23106,ZINC HEARTS PLANT POT HOLDER,2011-05-13,2011-12-08,2.9428301886792454,291.0,815.59,29.857142857142858,True,False,False
23107,WHITE WIRE PLANT POT HOLDER,2011-05-12,2011-12-08,3.2009589041095894,359.0,1009.51,30.0,True,False,False
23108,SET OF 10 LED DOLLY LIGHTS,2011-05-11,2011-12-08,6.469919571045577,2219.0,13290.52,30.142857142857142,True,False,False
23109,LED TEA LIGHTS,2011-05-11,2011-12-08,3.264963235294118,2386.0,6835.02,30.142857142857142,True,False,False
23110,PARISIENNE KEY CABINET,2011-05-11,2011-12-09,6.66234375,700.0,4147.18,30.285714285714285,True,False,False
23111,PARISIENNE SEWING BOX,2011-05-11,2011-12-09,13.468920863309354,312.0,3839.24,30.285714285714285,True,False,False
23112,PARISIENNE CURIO CABINET,2011-05-11,2011-12-09,9.16721991701245,546.0,4507.08,30.285714285714285,True,False,False
23113,PANTRY CHOPPING BOARD,2011-09-16,2011-12-08,6.361754385964912,1154.0,5868.5,11.857142857142858,True,False,False
23114,VINTAGE LEAF CHOPPING BOARD,2011-09-30,2011-12-07,5.451333333333333,149.0,737.95,9.714285714285714,True,False,False
23115,RED APPLES CHOPPING BOARD,2011-09-30,2011-12-08,5.8406666666666665,152.0,770.32,9.857142857142858,True,False,False
23116,VEGETABLE GARDEN CHOPPING BOARD,2011-09-30,2011-12-05,6.240909090909091,76.0,382.44,9.428571428571429,True,False,False
23117,POPPY FIELDS CHOPPING BOARD,2011-09-30,2011-12-06,5.598888888888888,93.0,501.23,9.571428571428571,True,False,False
23118,PARISIENNE JEWELLERY DRAWER,2011-05-10,2011-12-09,8.39046511627907,813.0,6102.18,30.428571428571427,True,False,False
23119,PACK OF 6 LARGE FRUIT STRAWS,2011-06-17,2011-12-08,0.7791390728476821,2282.0,1401.7,24.857142857142858,True,False,False
23120,PACK OF 6 SMALL FRUIT STRAWS,2011-06-17,2011-12-08,0.4681904761904761,1685.0,682.39,24.857142857142858,True,False,False
23121,PACK OF 6 COCKTAIL PARASOL STRAWS,2011-06-17,2011-12-06,0.5528448275862069,2501.0,1000.44,24.571428571428573,True,False,False
23122,PARTY CHARMS 50 PIECES,2011-06-17,2011-12-09,1.0386029411764706,2251.0,1726.09,25.0,True,False,False
23123,COCKTAIL SWORDS 50 PIECES,2011-06-17,2011-12-08,1.014421052631579,935.0,759.5699999999999,24.857142857142858,True,False,False
23124,18PC WOODEN CUTLERY SET DISPOSABLE,2011-06-17,2011-11-03,1.751627906976744,567.0,751.38,19.857142857142858,True,False,False
23125,6PC WOOD PLATE SET DISPOSABLE,2011-06-17,2011-11-29,1.9131578947368424,459.0,574.88,23.571428571428573,True,False,False
23126,DOLLCRAFT GIRL AMELIE KIT,2011-03-02,2011-12-09,5.375153583617748,1109.0,5532.04,40.285714285714285,True,False,False
23127,DOLLCRAFT GIRL NICOLE,2011-03-02,2011-12-09,5.259591836734694,736.0,3759.0,40.285714285714285,True,False,False
23128,FELTCRAFT BOY JEAN-PAUL KIT,2011-03-03,2011-12-08,5.266906474820144,448.0,2258.6600000000003,40.0,True,False,False
23129,HEART SHAPED HOLLY WREATH,2011-05-18,2011-12-05,4.576279069767442,950.0,3999.500000000001,28.714285714285715,True,False,False
23130,MISTLETOE HEART WREATH GREEN,2011-05-01,2011-12-04,4.519456521739131,962.0,3988.98,31.0,True,False,False
23131,MISTLETOE HEART WREATH CREAM,2011-04-26,2011-12-08,4.2041379310344835,942.0,3835.980000000001,32.285714285714285,True,False,False
23132,SMALL IVORY HEART WALL ORGANISER,2011-04-19,2011-12-08,6.2221710526315785,1020.0,5138.6,33.285714285714285,True,False,False
23133,LARGE IVORY HEART WALL ORGANISER,2011-04-20,2011-12-08,9.162451612903226,782.0,5525.4,33.142857142857146,True,False,False
23134,LARGE ZINC HEART WALL ORGANISER,2011-04-20,2011-09-18,7.906842105263157,1065.0,6431.110000000001,21.571428571428573,False,False,False
23135,SMALL ZINC HEART WALL ORGANISER,2011-04-19,2011-12-08,5.675777777777777,1541.0,5416.18,33.285714285714285,True,False,False
23136,IVORY WIRE SWEETHEART LETTER TRAY,2011-04-21,2011-12-06,4.034081632653061,135.0,511.89,32.714285714285715,True,False,False
23137,ZINC WIRE SWEETHEART LETTER TRAY,2011-04-21,2011-12-07,3.9765217391304346,83.0,275.62,32.857142857142854,True,False,False
23138,SINGLE WIRE HOOK IVORY HEART,2011-04-21,2011-12-05,1.5985714285714283,879.0,1231.51,32.57142857142857,True,False,False
23139,SINGLE WIRE HOOK PINK HEART,2011-04-21,2011-12-07,1.6128571428571428,414.0,528.6999999999999,32.857142857142854,True,False,False
23140,TRIPLE WIRE HOOK IVORY HEART,2011-04-19,2011-11-13,4.535769230769231,182.0,766.1,29.714285714285715,True,False,False
23141,TRIPLE WIRE HOOK PINK HEART,2011-04-19,2011-12-09,4.2404,79.0,272.91,33.42857142857143,True,False,False
23142,IVORY WIRE KITCHEN ORGANISER,2011-04-21,2011-11-27,11.11675,121.0,1220.8200000000002,31.428571428571427,True,False,False
23143,ZINC WIRE KITCHEN ORGANISER,2011-05-04,2011-12-09,9.929375,30.0,239.97,31.285714285714285,True,False,False
23144,ZINC T-LIGHT HOLDER STARS SMALL,2011-04-21,2011-12-08,0.9436727272727272,5089.0,4197.83,33.0,True,False,False
23145,ZINC T-LIGHT HOLDER STAR LARGE,2011-04-21,2011-12-09,1.0791764705882354,2084.0,1979.48,33.142857142857146,True,False,False
23146,TRIPLE HOOK ANTIQUE IVORY ROSE,2011-04-19,2011-12-05,3.5144155844155844,798.0,2645.26,32.857142857142854,True,False,False
23147,SINGLE ANTIQUE ROSE HOOK IVORY,2011-04-21,2011-12-08,1.5256226415094338,1868.0,2752.2,33.0,True,False,False
23148,MINIATURE ANTIQUE ROSE HOOK IVORY,2011-04-21,2011-12-08,0.9133858267716536,2139.0,1816.31,33.0,True,False,False
23149,ANTIQUE IVORY WIRE BOWL SMALL,2011-05-03,2011-11-29,2.7252380952380952,99.0,251.45,30.0,True,False,False
23150,IVORY SWEETHEART SOAP DISH,2011-04-21,2011-12-05,2.9436734693877553,148.0,390.75000000000006,32.57142857142857,True,False,False
23151,ZINC SWEETHEART SOAP DISH,2011-05-05,2011-12-09,2.2395238095238095,61.0,114.33,31.142857142857142,True,False,False
23152,IVORY SWEETHEART WIRE LETTER RACK,2011-04-20,2011-12-04,3.9519375,554.0,2080.65,32.57142857142857,True,False,False
23153,ZINC SWEETHEART WIRE LETTER RACK,2011-04-18,2011-12-08,4.236666666666666,263.0,1020.69,33.42857142857143,True,False,False
23154,SET OF 4 JAM JAR MAGNETS,2011-03-25,2011-12-07,2.2075000000000005,2701.0,5842.88,36.714285714285715,True,False,False
23155,KNICKERBOCKERGLORY MAGNET ASSORTED,2011-03-25,2011-12-08,1.472074074074074,2221.0,1904.77,36.857142857142854,True,False,False
23156,SET OF 5 MINI GROCERY MAGNETS,2011-03-25,2011-12-08,2.261497584541063,1665.0,3423.29,36.857142857142854,True,False,False
23157,SET OF 6 NATIVITY MAGNETS,2011-03-31,2011-12-05,2.361597633136095,2557.0,5143.06,35.57142857142857,True,False,False
23158,SET OF 5 LUCKY CAT MAGNETS,2011-03-25,2011-12-09,2.674823529411765,2633.0,5513.83,37.0,True,False,False
23159,SET OF 5 PANCAKE DAY MAGNETS,2011-03-25,2011-11-28,2.3199107142857143,2293.0,4713.52,35.42857142857143,True,False,False
23160,REGENCY TEA SPOON,2011-05-03,2011-12-08,1.488157894736842,1450.0,1794.48,31.285714285714285,True,False,False
23161,REGENCY CAKE FORK,2011-05-03,2011-12-08,1.593061224489796,1715.0,2145.3,31.285714285714285,True,False,False
23162,REGENCY TEA STRAINER,2011-04-27,2011-12-08,4.422272727272728,1412.0,5143.6900000000005,32.142857142857146,True,False,False
23163,REGENCY SUGAR TONGS,2011-04-27,2011-12-08,3.329234449760766,1832.0,4515.22,32.142857142857146,True,False,False
23164,REGENCY CAKE SLICE,2011-05-03,2011-12-08,5.579673913043479,578.0,2718.65,31.285714285714285,True,False,False
23165,LARGE CERAMIC TOP STORAGE JAR,2011-05-12,2011-12-09,1.9777738515901064,3114.0,5141.0599999999995,30.142857142857142,True,False,False
23166,MEDIUM CERAMIC TOP STORAGE JAR,2011-01-18,2011-12-09,1.46848,78033.0,81700.92000000001,46.42857142857143,True,False,False
23167,SMALL CERAMIC TOP STORAGE JAR,2011-05-11,2011-12-09,1.0025210084033611,5847.0,4476.009999999999,30.285714285714285,True,False,False
23168,CLASSIC SUGAR DISPENSER,2011-05-12,2011-12-09,1.777485380116959,3291.0,4558.67,30.142857142857142,True,False,False
23169,CLASSIC GLASS SWEET JAR,2011-05-12,2011-12-06,4.724095238095239,1556.0,6662.84,29.714285714285715,True,False,False
23170,REGENCY TEA PLATE ROSES,2011-05-10,2011-12-09,2.075707865168539,6857.0,11097.249999999998,30.428571428571427,True,False,False
23171,REGENCY TEA PLATE GREEN,2011-05-10,2011-12-09,2.128433420365535,6247.0,10051.99,30.428571428571427,True,False,False
23172,REGENCY TEA PLATE PINK,2011-05-10,2011-12-09,2.06783606557377,3861.0,6344.409999999999,30.428571428571427,True,False,False
23173,REGENCY TEAPOT ROSES,2011-05-10,2011-12-09,11.119714964370546,2766.0,24879.13,30.428571428571427,True,False,False
23174,REGENCY SUGAR BOWL GREEN,2011-05-10,2011-12-08,4.795123456790124,3055.0,12342.43,30.285714285714285,True,False,False
23175,REGENCY MILK JUG PINK,2011-05-10,2011-12-09,3.8787915407854983,3160.0,9587.15,30.428571428571427,True,False,False
23176,ABC TREASURE BOOK BOX,2011-03-02,2011-12-08,2.663215859030837,2165.0,4693.08,40.142857142857146,True,False,False
23177,TREASURE ISLAND BOOK BOX,2011-03-02,2011-12-09,2.702074074074074,2532.0,5521.29,40.285714285714285,True,False,False
23178,JAM CLOCK MAGNET,2011-03-03,2011-12-09,3.360294117647059,327.0,936.89,40.142857142857146,True,False,False
23179,CLOCK MAGNET MUM'S KITCHEN,2011-03-03,2011-12-08,3.52433962264151,324.0,930.48,40.0,True,False,False
23180,MUM'S KITCHEN CLOCK,2011-03-04,2011-12-08,5.939387755102041,122.0,621.09,39.857142857142854,True,False,False
23181,BULL DOG BOTTLE TOP WALL CLOCK,2011-03-08,2011-12-09,9.421463414634143,201.0,1733.57,39.42857142857143,True,False,False
23182,TOILET SIGN OCCUPIED OR VACANT,2011-03-01,2011-12-09,1.5304347826086957,3741.0,3688.21,40.42857142857143,True,False,False
23183,MOTHER'S KITCHEN SPOON REST,2011-03-03,2011-12-09,4.879411764705883,226.0,967.17,40.142857142857146,True,False,False
23184,BULL DOG BOTTLE OPENER,2011-03-06,2011-12-09,6.4533082706766915,874.0,4764.5,39.714285714285715,True,False,False
23185,FRENCH STYLE STORAGE JAR JAM,2011-03-04,2011-12-06,0.3516129032258064,317.0,114.85,39.57142857142857,True,False,False
23186,FRENCH STYLE STORAGE JAR CAFE,2011-03-08,2011-12-07,0.3409859154929577,1982.0,819.4599999999999,39.142857142857146,True,False,False
23187,FRENCH STYLE STORAGE JAR BONBONS,2011-03-08,2011-11-03,0.3154666666666667,2338.0,695.06,34.285714285714285,True,False,False
23188,VINTAGE  2 METER FOLDING RULER,2011-06-14,2011-12-09,1.934985163204748,3471.0,6447.7699999999995,25.428571428571427,True,False,False
23189,SET OF 12 FORK CANDLES,2011-08-03,2011-12-08,3.3956338028169015,1249.0,3507.51,18.142857142857142,True,False,False
23190,BUNDLE OF 3 SCHOOL EXERCISE BOOKS,2011-05-09,2011-12-09,1.7966009852216749,1702.0,2761.8999999999996,30.571428571428573,True,False,False
23191,BUNDLE OF 3 RETRO NOTE BOOKS,2011-05-10,2011-12-09,1.8722996515679444,2201.0,3628.8899999999994,30.428571428571427,True,False,False
23192,BUNDLE OF 3 ALPHABET EXERCISE BOOKS,2011-05-10,2011-12-08,1.774330484330484,3516.0,6114.24,30.285714285714285,True,False,False
23193,BUFFALO BILL TREASURE BOOK BOX,2011-03-02,2011-12-09,2.730571428571429,1922.0,4079.28,40.285714285714285,True,False,False
23194,GYMKHANNA TREASURE BOOK BOX,2011-03-02,2011-12-09,2.71331797235023,1835.0,4077.37,40.285714285714285,True,False,False
23196,RETRO LEAVES MAGNETIC NOTEPAD,2011-06-23,2011-12-09,1.796447368421053,1872.0,2842.24,24.142857142857142,True,False,False
23197,SKETCHBOOK MAGNETIC SHOPPING LIST,2011-06-23,2011-12-09,1.95224,1478.0,2303.5,24.142857142857142,True,False,False
23198,PANTRY MAGNETIC  SHOPPING LIST,2011-06-22,2011-12-09,1.7995876288659791,3342.0,5062.599999999999,24.285714285714285,True,False,False
23199,JUMBO BAG APPLES,2011-04-11,2011-12-09,2.5699290060851925,14908.0,30450.69,34.57142857142857,True,False,False
23200,JUMBO BAG PEARS,2011-05-06,2011-12-09,2.4302508361204014,7067.0,14188.96,31.0,True,False,False
23201,JUMBO BAG ALPHABET,2011-04-11,2011-12-09,2.3900109769484086,13366.0,27850.83,34.57142857142857,True,False,False
23202,JUMBO BAG VINTAGE LEAF,2011-05-06,2011-12-09,2.2962302483069976,10941.0,21810.43,31.0,True,False,False
23203,JUMBO BAG DOILEY PATTERNS,2011-05-06,2011-12-09,2.275764895330113,20485.0,42030.34,31.0,True,False,False
23204,CHARLOTTE BAG APPLES DESIGN,2011-04-11,2011-12-09,1.1219453924914675,7976.0,7741.94,34.57142857142857,True,False,False
23205,CHARLOTTE BAG VINTAGE ALPHABET,2011-04-11,2011-12-09,1.1491063829787236,5857.0,5726.38,34.57142857142857,True,False,False
23206,LUNCH BAG APPLE DESIGN,2011-04-11,2011-12-09,2.0589553656220323,12147.0,20852.58,34.57142857142857,True,False,False
23207,LUNCH BAG ALPHABET DESIGN,2011-04-11,2011-12-09,1.990965608465608,7830.0,13325.55,34.57142857142857,True,False,False
23208,LUNCH BAG VINTAGE LEAF DESIGN,2011-04-12,2011-12-09,1.9362038404726736,6308.0,10441.91,34.42857142857143,True,False,False
23209,LUNCH BAG DOILEY PATTERN,2011-05-08,2011-12-08,1.82475763016158,13170.0,21418.82,30.571428571428573,True,False,False
23210,WHITE ROCKING HORSE HAND PAINTED,2011-06-02,2011-12-09,1.4668316831683168,2849.0,3551.53,27.142857142857142,True,False,False
23211,RED ROCKING HORSE HAND PAINTED,2011-06-02,2011-12-08,1.5651851851851852,2329.0,2930.57,27.0,True,False,False
23212,HEART WREATH DECORATION WITH BELL,2011-06-02,2011-12-09,1.4950261780104712,2296.0,2860.89,27.142857142857142,True,False,False
23213,STAR WREATH DECORATION WITH BELL,2011-06-02,2011-12-09,1.4865806451612902,1682.0,2138.42,27.142857142857142,True,False,False
23214,JINGLE BELL HEART ANTIQUE GOLD,2011-06-01,2011-12-08,2.3925961538461538,789.0,1695.04,27.142857142857142,True,False,False
23215,JINGLE BELL HEART ANTIQUE SILVER,2011-06-01,2011-12-09,2.261596244131455,3564.0,7038.400000000001,27.285714285714285,True,False,False
23216,LAUREL HEART ANTIQUE GOLD,2011-06-02,2011-12-08,1.446888888888889,525.0,630.73,27.0,True,False,False
23217,LAUREL HEART ANTIQUE SILVER,2011-06-02,2011-12-06,1.5415151515151515,1309.0,1613.82,26.714285714285715,True,False,False
23218,LAUREL STAR ANTIQUE GOLD,2011-07-18,2011-12-08,1.57225,379.0,483.03,20.428571428571427,True,False,False
23219,LAUREL STAR ANTIQUE SILVER,2011-06-02,2011-12-08,1.52765625,430.0,568.6,27.0,True,False,False
23220,REINDEER HEART DECORATION GOLD,2011-06-09,2011-12-09,1.0827884615384615,993.0,869.15,26.142857142857142,True,False,False
23221,REINDEER HEART DECORATION SILVER,2011-05-31,2011-12-08,1.0762416107382549,1536.0,1363.04,27.285714285714285,True,False,False
23222,CHRISTMAS TREE HANGING GOLD,2011-06-23,2011-12-08,1.0467532467532468,799.0,718.53,24.0,True,False,False
23223,CHRISTMAS TREE HANGING SILVER,2011-06-23,2011-12-08,1.089438202247191,801.0,750.1899999999999,24.0,True,False,False
23224,CHERUB HEART DECORATION GOLD,2011-06-02,2011-12-09,1.0394366197183098,738.0,649.02,27.142857142857142,True,False,False
23225,CHERUB HEART DECORATION SILVER,2011-06-02,2011-12-08,1.0939772727272727,1355.0,1176.1699999999998,27.0,True,False,False
23226,FILIGREE HEART DAISY WHITE,2011-05-31,2011-12-05,1.5736363636363635,1247.0,1596.67,26.857142857142858,True,False,False
23227,FILIGREE HEART BUTTERFLY WHITE,2011-05-26,2011-12-08,1.5737606837606837,1642.0,2070.06,28.0,True,False,False
23228,FILIGREE HEART BIRD WHITE,2011-05-26,2011-12-08,1.7907142857142857,1492.0,1960.0,28.0,True,False,False
23229,VINTAGE DONKEY TAIL GAME,2011-06-14,2011-12-09,4.2430078125,1869.0,6739.71,25.428571428571427,True,False,False
23230,WRAP ALPHABET DESIGN,2011-01-13,2011-12-08,0.4173617021276595,7976.0,3217.92,47.0,True,False,False
23231,WRAP DOILEY DESIGN,2011-01-12,2011-12-08,0.419076923076923,7277.0,3008.34,47.142857142857146,True,False,False
23232,WRAP VINTAGE PETALS  DESIGN,2011-01-17,2011-12-08,0.417489539748954,8526.0,3436.92,46.42857142857143,True,False,False
23233,WRAP POPPIES  DESIGN,2011-01-16,2011-12-08,0.4186163522012578,5175.0,2105.5,46.57142857142857,True,False,False
23234,BISCUIT TIN VINTAGE CHRISTMAS,2011-06-14,2011-12-09,3.379208633093526,1722.0,5079.78,25.428571428571427,True,False,False
23235,STORAGE TIN VINTAGE LEAF,2011-06-08,2011-12-09,2.9825714285714287,736.0,1950.66,26.285714285714285,True,False,False
23236,DOILEY STORAGE TIN,2011-06-08,2011-12-08,3.2796969696969698,2493.0,7059.97,26.142857142857142,True,False,False
23237,SET OF 4 KNICK KNACK TINS LEAVES,2011-06-08,2011-12-09,4.251129943502825,1053.0,4274.39,26.285714285714285,True,False,False
23238,SET OF 4 KNICK KNACK TINS LONDON,2011-06-07,2011-12-09,4.752158273381295,1849.0,7771.610000000001,26.428571428571427,True,False,False
23239,SET OF 4 KNICK KNACK TINS POPPIES,2011-06-08,2011-12-09,4.393646408839779,842.0,3353.84,26.285714285714285,True,False,False
23240,SET OF 4 KNICK KNACK TINS DOILEY,2011-06-07,2011-12-09,4.445494505494506,4177.0,17000.170000000002,26.428571428571427,True,False,False
23241,TREASURE TIN GYMKHANA DESIGN,2011-06-08,2011-12-09,2.4851092896174864,2165.0,4669.55,26.285714285714285,True,False,False
23242,TREASURE TIN BUFFALO BILL,2011-06-08,2011-12-08,2.2825345622119815,1470.0,3024.63,26.142857142857142,True,False,False
23243,SET OF TEA COFFEE SUGAR TINS PANTRY,2011-06-08,2011-12-09,5.866072186836518,4800.0,23489.42,26.285714285714285,True,False,False
23244,ROUND STORAGE TIN VINTAGE LEAF,2011-06-08,2011-12-08,2.089642857142857,936.0,1733.9799999999998,26.142857142857142,True,False,False
23245,SET OF 3 REGENCY CAKE TINS,2011-06-08,2011-12-09,5.883424657534246,6345.0,31118.550000000003,26.285714285714285,True,False,False
23247,BISCUIT TIN 50'S CHRISTMAS,2011-06-08,2011-12-09,3.2880906148867313,2194.0,6681.25,26.285714285714285,True,False,False
23249,VINTAGE RED ENAMEL TRIM PLATE,2011-06-14,2011-12-07,1.8880246913580248,842.0,1426.1,25.142857142857142,True,False,False
23250,VINTAGE RED TRIM ENAMEL BOWL,2011-06-14,2011-12-08,1.4680909090909091,1179.0,1531.03,25.285714285714285,True,False,False
23251,VINTAGE RED ENAMEL TRIM MUG,2011-06-14,2011-12-09,1.4126666666666667,1712.0,2105.75,25.428571428571427,True,False,False
23252,VINTAGE RED ENAMEL TRIM JUG,2011-06-12,2011-12-08,4.0390579710144925,603.0,2261.61,25.571428571428573,True,False,False
23253,16 PIECE CUTLERY SET PANTRY DESIGN,2011-04-18,2011-12-08,17.148857142857143,258.0,3848.86,33.42857142857143,True,False,False
23254,CHILDRENS CUTLERY DOLLY GIRL,2011-04-07,2011-12-09,4.267142857142858,1703.0,6903.110000000001,35.142857142857146,True,False,False
23255,CHILDRENS CUTLERY CIRCUS PARADE,2011-04-10,2011-12-09,4.346962025316456,1014.0,4097.22,34.714285714285715,True,False,False
23256,CHILDRENS CUTLERY SPACEBOY,2011-04-07,2011-12-09,4.463064516129032,2113.0,8667.07,35.142857142857146,True,False,False
23263,SET OF 3 WOODEN HEART DECORATIONS,2011-06-02,2011-12-08,1.447995780590717,3863.0,5147.19,27.0,True,False,False
23264,SET OF 3 WOODEN SLEIGH DECORATIONS,2011-06-09,2011-12-09,1.496592356687898,1963.0,2690.81,26.142857142857142,True,False,False
23265,SET OF 3 WOODEN TREE DECORATIONS,2011-06-09,2011-12-09,1.483901639344262,1769.0,2404.79,26.142857142857142,True,False,False
23266,SET OF 3 WOODEN STOCKING DECORATION,2011-06-09,2011-12-09,1.454005934718101,2053.0,2743.82,26.142857142857142,True,False,False
23267,SET OF 4 SANTA PLACE SETTINGS,2011-06-23,2011-12-08,1.4116216216216215,1202.0,1531.95,24.0,True,False,False
23268,SET OF 2 CERAMIC CHRISTMAS REINDEER,2011-06-12,2011-11-20,1.6910112359550562,1447.0,2018.14,23.0,True,False,False
23269,SET OF 2 CERAMIC CHRISTMAS TREES,2011-06-12,2011-12-08,1.7109473684210526,779.0,1152.98,25.571428571428573,True,False,False
23270,SET OF 2 CERAMIC PAINTED HEARTS,2011-06-02,2011-12-09,1.501171875,1174.0,1646.32,27.142857142857142,True,False,False
23271,CHRISTMAS TABLE CANDLE SILVER SPIKE,2011-06-13,2011-12-08,1.0537735849056602,1731.0,1496.89,25.428571428571427,True,False,False
23272,TREE T-LIGHT HOLDER WILLIE WINKIE,2011-06-22,2011-12-09,1.916818181818182,364.0,562.2199999999999,24.285714285714285,True,False,False
23273,HEART T-LIGHT HOLDER WILLIE WINKIE,2011-06-05,2011-12-08,1.8786725663716817,969.0,1649.0499999999995,26.571428571428573,True,False,False
23274,STAR T-LIGHT HOLDER WILLIE WINKIE,2011-06-05,2011-12-09,2.0156666666666667,1180.0,2005.0,26.714285714285715,True,False,False
23275,SET OF 3 HANGING OWLS OLLIE BEAK,2011-06-02,2011-12-09,1.4738323353293412,3720.0,4521.72,27.142857142857142,True,False,False
23280,FOLDING BUTTERFLY MIRROR HOT PINK,2011-05-09,2011-12-09,1.0603164556962026,2023.0,1614.16,30.571428571428573,True,False,False
23281,FOLDING BUTTERFLY MIRROR RED,2011-05-10,2011-12-08,0.9803846153846152,1280.0,1000.82,30.285714285714285,True,False,False
23282,FOLDING BUTTERFLY MIRROR IVORY,2011-05-09,2011-12-05,1.255912408759124,812.0,757.86,30.0,True,False,False
23283,DOORMAT VINTAGE LEAVES DESIGN,2011-04-27,2011-12-08,8.65824034334764,994.0,7003.38,32.142857142857146,True,False,False
23284,DOORMAT KEEP CALM AND COME IN,2011-04-27,2011-12-09,8.776284153005465,5487.0,38133.64,32.285714285714285,True,False,False
23285,PINK VINTAGE SPOT BEAKER,2011-06-12,2011-12-09,1.06703125,4807.0,4572.41,25.714285714285715,True,False,False
23286,BLUE VINTAGE SPOT BEAKER,2011-06-12,2011-12-08,1.03009009009009,5048.0,4747.62,25.571428571428573,True,False,False
23287,RED VINTAGE SPOT BEAKER,2011-06-13,2011-12-09,1.03395,1879.0,1603.39,25.571428571428573,True,False,False
23288,GREEN VINTAGE SPOT BEAKER,2011-06-12,2011-12-08,1.0418817204301074,4625.0,4444.2300000000005,25.571428571428573,True,False,False
23289,DOLLY GIRL CHILDRENS BOWL,2011-06-13,2011-12-08,1.5367708333333334,1622.0,2013.7,25.428571428571427,True,False,False
23290,SPACEBOY CHILDRENS BOWL,2011-06-13,2011-12-09,1.4357009345794394,2430.0,2890.3500000000004,25.571428571428573,True,False,False
23291,DOLLY GIRL CHILDRENS CUP,2011-06-13,2011-12-08,1.5237244897959183,1634.0,2059.03,25.428571428571427,True,False,False
23292,SPACE BOY CHILDRENS CUP,2011-06-13,2011-12-09,1.5313004484304933,2181.0,2703.33,25.571428571428573,True,False,False
23293,SET OF 12 FAIRY CAKE BAKING CASES,2011-07-12,2011-12-09,1.0651805054151624,8471.0,6989.54,21.428571428571427,True,False,False
23294,SET OF 6 SNACK LOAF BAKING CASES,2011-07-12,2011-12-09,1.089776536312849,4392.0,3607.81,21.428571428571427,True,False,False
23295,SET OF 12 MINI LOAF BAKING CASES,2011-07-12,2011-12-09,1.1117555555555554,6134.0,5073.45,21.428571428571427,True,False,False
23296,SET OF 6 TEA TIME BAKING CASES,2011-07-12,2011-12-08,1.524240837696335,4979.0,5985.55,21.285714285714285,True,False,False
23297,SET 40 HEART SHAPE PETIT FOUR CASES,2011-07-12,2011-11-22,1.838957055214724,4303.0,6792.23,19.0,True,False,False
23298,SPOTTY BUNTING,2011-05-04,2011-12-09,5.519121447028423,8466.0,43148.18,31.285714285714285,True,False,False
23299,FOOD COVER WITH BEADS SET 2,2011-05-04,2011-12-09,4.370479452054795,1012.0,3772.88,31.285714285714285,True,False,False
23300,GARDENERS KNEELING PAD CUP OF TEA,2011-05-15,2011-12-09,1.9087597911227152,6809.0,11785.99,29.714285714285715,True,False,False
23301,GARDENERS KNEELING PAD KEEP CALM,2011-05-15,2011-12-09,1.943967391304348,8807.0,16327.35,29.714285714285715,True,False,False
23302,KNEELING MAT HOUSEWORK  DESIGN,2011-05-15,2011-12-09,1.8876394849785407,1536.0,2181.4199999999996,29.714285714285715,True,False,False
23303,SET 4 PICNIC CUTLERY FONDANT,2011-10-26,2011-12-05,1.95,65.0,126.75,5.714285714285714,True,False,False
23304,SET 4 PICNIC CUTLERY CHERRY,2011-10-30,2011-12-06,1.95,71.0,138.45,5.285714285714286,True,False,False
23305,SET 4 PICNIC CUTLERY BLUEBERRY,2011-10-23,2011-12-06,1.95,82.0,159.9,6.285714285714286,True,False,False
23306,SET OF 36 DOILIES PANTRY DESIGN,2011-06-05,2011-12-05,1.8061290322580643,2808.0,4123.38,26.142857142857142,True,False,False
23307,SET OF 60 PANTRY DESIGN CAKE CASES,2011-06-03,2011-12-09,0.6839469578783152,12049.0,6371.89,27.0,True,False,False
23308,SET OF 60 VINTAGE LEAF CAKE CASES,2011-06-05,2011-12-09,0.6942159383033419,6139.0,3272.61,26.714285714285715,True,False,False
23309,SET OF 60 I LOVE LONDON CAKE CASES,2011-06-02,2011-12-09,0.7424170616113744,8275.0,4495.85,27.142857142857142,True,False,False
23310,BUBBLEGUM RING ASSORTED,2011-06-09,2011-12-09,0.4780487804878048,12050.0,4997.28,26.142857142857142,True,False,False
23311,VINTAGE CHRISTMAS STOCKING,2011-07-14,2011-12-09,2.9656772334293944,2390.0,6488.2,21.142857142857142,True,False,False
23312,VINTAGE CHRISTMAS GIFT SACK,2011-07-17,2011-12-09,4.452293577981651,1423.0,5964.150000000001,20.714285714285715,True,False,False
23313,VINTAGE CHRISTMAS BUNTING,2011-07-12,2011-12-09,5.548627450980392,2990.0,15798.66,21.428571428571427,True,False,False
23314,VINTAGE CHRISTMAS TABLECLOTH,2011-07-15,2011-12-09,13.607881355932204,407.0,5012.96,21.0,True,False,False
23315,IVORY REFECTORY CLOCK,2011-06-23,2011-12-08,10.776511627906975,213.0,2094.24,24.0,True,False,False
23316,RED REFECTORY CLOCK,2011-06-23,2011-12-08,11.109454545454543,250.0,2501.64,24.0,True,False,False
23317,BLUE REFECTORY CLOCK,2011-06-26,2011-12-09,11.226951219512197,173.0,1777.46,23.714285714285715,True,False,False
23318,BOX OF 6 MINI VINTAGE CRACKERS,2011-07-04,2011-12-09,2.7416492146596863,3809.0,9162.41,22.571428571428573,True,False,False
23319,BOX OF 6 MINI 50'S CRACKERS,2011-07-07,2011-12-09,2.651167883211679,3720.0,9219.53,22.142857142857142,True,False,False
23320,GIANT 50'S CHRISTMAS CRACKER,2011-07-05,2011-12-09,2.805680473372781,2661.0,7053.57,22.428571428571427,True,False,False
23321,SMALL WHITE HEART OF WICKER,2011-06-09,2011-12-08,1.7480124223602485,4716.0,8438.539999999999,26.0,True,False,False
23322,LARGE WHITE HEART OF WICKER,2011-06-12,2011-12-09,3.1351398601398603,3069.0,8878.210000000001,25.714285714285715,True,False,False
23323,WHITE WICKER STAR,2011-06-23,2011-12-09,2.251291390728477,1469.0,3146.78,24.142857142857142,True,False,False
23324,RUSTIC STRAWBERRY JAMPOT LARGE,2011-08-05,2011-12-05,2.209318181818182,399.0,816.0400000000001,17.428571428571427,True,False,False
23325,RUSTIC STRAWBERRY JAMPOT SMALL,2011-08-11,2011-11-27,1.8145714285714285,462.0,740.9399999999999,15.428571428571429,True,False,False
23326,HANGING MINI COLOURED BOTTLES,2011-08-11,2011-12-09,2.638026315789473,3442.0,2237.08,17.142857142857142,True,False,False
23327,HANGING CLEAR MINI BOTTLE,2011-08-10,2011-12-05,0.7871428571428571,1734.0,1051.14,16.714285714285715,True,False,False
23328,SET 6 SCHOOL MILK BOTTLES IN CRATE,2011-08-08,2011-12-09,4.845672371638142,2841.0,13269.49,17.571428571428573,True,False,False
23329,DECORATIVE WICKER HEART LARGE,2011-08-07,2011-12-08,1.7691199999999998,1767.0,3038.1899999999996,17.571428571428573,True,False,False
23330,DECORATIVE WICKER HEART MEDIUM,2011-08-08,2011-12-08,1.3630044843049327,1794.0,2286.97,17.428571428571427,True,False,False
23331,DECORATIVE WICKER HEART SMALL,2011-08-10,2011-12-08,0.781578947368421,1596.0,1062.28,17.142857142857142,True,False,False
23332,IVORY WICKER HEART LARGE,2011-08-07,2011-12-09,1.7616891891891888,2059.0,3542.7099999999996,17.714285714285715,True,False,False
23333,IVORY WICKER HEART MEDIUM,2011-08-08,2011-12-07,1.3329218106995884,2089.0,2695.45,17.285714285714285,True,False,False
23334,IVORY WICKER HEART SMALL,2011-08-08,2011-12-09,0.7883823529411764,2271.0,1491.75,17.571428571428573,True,False,False
23335,EGG FRYING PAN IVORY,2011-06-13,2011-12-08,2.3288659793814435,377.0,790.7800000000001,25.428571428571427,True,False,False
23336,EGG FRYING PAN PINK,2011-06-13,2011-12-09,2.604418604651163,225.0,519.25,25.571428571428573,True,False,False
23337,EGG FRYING PAN MINT,2011-06-13,2011-12-08,2.287971014492754,180.0,388.75,25.428571428571427,True,False,False
23338,EGG FRYING PAN RED,2011-06-12,2011-12-09,2.3390825688073393,431.0,915.4,25.714285714285715,True,False,False
23339,EGG FRYING PAN BLUE,2011-06-13,2011-12-08,2.511578947368421,173.0,400.84,25.428571428571427,True,False,False
23340,VINTAGE CHRISTMAS CAKE FRILL,2011-07-31,2011-12-09,1.9589473684210523,2500.0,4034.08,18.714285714285715,True,False,False
23341,PINK DINER WALL CLOCK,2011-06-24,2011-12-08,9.943057851239669,307.0,2741.35,23.857142857142858,True,False,False
23342,MINT DINER WALL CLOCK,2011-06-24,2011-12-07,8.833496932515336,373.0,3176.41,23.714285714285715,True,False,False
23343,JUMBO BAG VINTAGE CHRISTMAS,2011-06-13,2011-12-09,2.417366255144033,6078.0,13972.71,25.571428571428573,True,False,False
23344,JUMBO BAG 50'S CHRISTMAS,2011-06-15,2011-12-09,2.4177423822714683,10285.0,23772.07,25.285714285714285,True,False,False
23345,DOLLY GIRL BEAKER,2011-07-24,2011-12-09,1.5064204545454545,2451.0,2886.25,19.714285714285715,True,False,False
23346,SPACEBOY BEAKER,2011-07-24,2011-12-08,1.5186559139784948,2628.0,3112.34,19.571428571428573,True,False,False
23347,I LOVE LONDON BEAKER,2011-07-24,2011-12-09,1.5569387755102042,860.0,1077.3,19.714285714285715,True,False,False
23348,CHILDRENS TOY COOKING UTENSIL SET,2011-04-18,2011-11-23,2.5796470588235296,746.0,1633.81,31.285714285714285,True,False,False
23349,ROLL WRAP VINTAGE CHRISTMAS,2011-08-04,2011-12-09,1.5426530612244898,3221.0,4342.6,18.142857142857142,True,False,False
23350,ROLL WRAP VINTAGE SPOT,2011-08-04,2011-12-09,1.4612861736334404,2712.0,3445.08,18.142857142857142,True,False,False
23351,ROLL WRAP 50'S CHRISTMAS,2011-08-04,2011-12-09,1.5103072625698326,3535.0,4875.65,18.142857142857142,True,False,False
23352,ROLL WRAP 50'S RED CHRISTMAS,2011-08-04,2011-12-09,1.511643192488263,1800.0,2459.2,18.142857142857142,True,False,False
23353,6 GIFT TAGS VINTAGE CHRISTMAS,2011-08-02,2011-12-09,0.9988519637462236,4007.0,3510.0499999999997,18.428571428571427,True,False,False
23354,6 GIFT TAGS 50'S CHRISTMAS,2011-08-02,2011-12-09,0.9722121212121212,3740.0,3429.3999999999996,18.428571428571427,True,False,False
23355,HOT WATER BOTTLE KEEP CALM,2011-08-22,2011-12-09,5.271557788944723,5816.0,28718.800000000003,15.571428571428571,True,False,False
23356,LOVE HOT WATER BOTTLE,2011-08-22,2011-12-09,6.205617283950618,2359.0,13334.320000000002,15.571428571428571,True,False,False
23357,HOT WATER BOTTLE SEX BOMB,2011-08-21,2011-12-09,5.005242718446602,450.0,1982.05,15.714285714285714,True,False,False
23358,HOT STUFF HOT WATER BOTTLE,2011-08-21,2011-12-09,4.198539325842697,594.0,2008.38,15.714285714285714,True,False,False
23359,SET OF 12 T-LIGHTS VINTAGE DOILEY,2011-08-02,2011-12-08,1.9862025316455696,990.0,1866.46,18.285714285714285,True,False,False
23360,SET 8 CANDLES VINTAGE DOILEY,2011-08-02,2011-12-08,2.0620689655172413,1182.0,2286.4,18.285714285714285,True,False,False
23365,SET 12 COLOUR PENCILS LOVE LONDON,2011-09-22,2011-12-09,0.7943930635838151,1857.0,1463.0800000000002,11.142857142857142,True,False,False
23366,SET 12 COLOURING PENCILS DOILY,2011-09-22,2011-12-09,0.8156565656565656,2249.0,1667.95,11.142857142857142,True,False,False
23367,SET 12 COLOUR PENCILS SPACEBOY,2011-09-22,2011-12-09,0.7566666666666667,3278.0,2491.2000000000003,11.142857142857142,True,False,False
23368,SET 12 COLOUR PENCILS DOLLY GIRL,2011-09-22,2011-12-09,0.784322033898305,2379.0,1679.5500000000002,11.142857142857142,True,False,False
23369,SET 36 COLOUR PENCILS LOVE LONDON,2011-09-22,2011-12-09,1.4970542635658914,1105.0,1581.06,11.142857142857142,True,False,False
23370,SET 36 COLOUR PENCILS DOILEY,2011-09-22,2011-12-09,1.538627450980392,1550.0,2151.6,11.142857142857142,True,False,False
23371,SET 36 COLOUR PENCILS SPACEBOY,2011-09-22,2011-12-09,1.5179032258064515,1705.0,2304.78,11.142857142857142,True,False,False
23372,SET 36 COLOUR PENCILS DOLLY GIRL,2011-09-22,2011-12-09,1.6135761589403974,1389.0,1750.29,11.142857142857142,True,False,False
23373,VINTAGE CHRISTMAS PAPER GIFT BAG,2011-08-02,2011-12-06,0.9071,1608.0,1313.39,18.0,True,False,False
23374,RED SPOT PAPER GIFT BAG,2011-08-02,2011-12-08,0.867175572519084,2456.0,1962.83,18.285714285714285,True,False,False
23375,50'S CHRISTMAS PAPER GIFT BAG,2011-08-22,2011-12-09,0.9369902912621358,1342.0,1100.6899999999998,15.571428571428571,True,False,False
23376,PACK OF 12 VINTAGE CHRISTMAS TISSUE,2011-09-01,2011-12-09,0.5079245283018868,3039.0,1384.91,14.142857142857142,True,False,False
23377,PACK OF 12 DOLLY GIRL TISSUES,2011-09-04,2011-12-09,0.5607462686567164,1351.0,592.4499999999999,13.714285714285714,True,False,False
23378,PACK OF 12 50'S CHRISTMAS TISSUES,2011-09-01,2011-12-09,0.4632240437158469,3997.0,1840.08,14.142857142857142,True,False,False
23379,PACK OF 12 RED APPLE TISSUES,2011-09-05,2011-12-09,0.5376623376623376,1220.0,465.36,13.571428571428571,True,False,False
23380,PACK OF 12 VINTAGE DOILY TISSUES,2011-09-05,2011-12-09,0.4852032520325203,2344.0,983.5,13.571428571428571,True,False,False
23381,PACK OF 12 VINTAGE LEAF TISSUES,2011-09-05,2011-12-09,0.4760493827160494,1496.0,562.88,13.571428571428571,True,False,False
23382,BOX OF 6 CHRISTMAS CAKE DECORATIONS,2011-10-13,2011-12-09,4.660950226244344,1875.0,7356.18,8.142857142857142,True,False,False
23388,WOODLAND MINI BACKPACK,2011-09-11,2011-12-09,4.634285714285714,821.0,3432.09,12.714285714285714,True,False,False
23389,SPACEBOY MINI BACKPACK,2011-09-11,2011-12-09,4.531338912133891,1115.0,4751.49,12.714285714285714,True,False,False
23390,DOLLY GIRL MINI BACKPACK,2011-09-11,2011-12-09,4.389759036144579,747.0,3025.59,12.714285714285714,True,False,False
23391,I LOVE LONDON MINI BACKPACK,2011-09-11,2011-12-09,4.611363636363636,389.0,1628.17,12.714285714285714,True,False,False
23392,SPACEBOY ROCKET LOLLY MAKERS,2011-09-06,2011-12-09,2.704298245614035,662.0,1475.03,13.428571428571429,True,False,False
23393,HOME SWEET HOME CUSHION COVER,2011-09-04,2011-12-08,4.481428571428571,801.0,3207.91,13.571428571428571,True,False,False
23394,POSTE FRANCE CUSHION COVER,2011-09-04,2011-12-08,4.954210526315789,435.0,1877.65,13.571428571428571,True,False,False
23395,BELLE JARDINIERE CUSHION COVER,2011-09-04,2011-12-08,4.915592417061611,748.0,3257.08,13.571428571428571,True,False,False
23396,BUTTERFLY CUSHION COVER,2011-09-04,2011-12-08,4.802587064676617,654.0,2750.5299999999997,13.571428571428571,True,False,False
23397,FOOT STOOL HOME SWEET HOME,2011-09-04,2011-12-08,11.573870967741934,489.0,5097.65,13.571428571428571,True,False,False
23398,HANGING HEART BONHEUR,2011-09-04,2011-12-08,1.0450666666666666,606.0,535.35,13.571428571428571,True,False,False
23399,HOME SWEET HOME HANGING HEART,2011-09-04,2011-12-09,1.1070085470085471,1914.0,1745.55,13.714285714285714,True,False,False
23400,SHELF WITH 4 HOOKS HOME SWEET HOME,2011-09-06,2011-12-08,6.854074074074074,461.0,2409.34,13.285714285714286,True,False,False
23401,RUSTIC MIRROR WITH LACE HEART,2011-09-07,2011-12-08,7.090361445783133,459.0,2354.87,13.142857142857142,True,False,False
23402,HOME SWEEET HOME 3 PEG HANGER,2011-09-05,2011-12-08,4.4525,296.0,1147.28,13.428571428571429,True,False,False
23403,LETTER HOLDER HOME SWEET HOME,2011-09-05,2011-12-08,4.374,625.0,2204.11,13.428571428571429,True,False,False
23404,HOME SWEET HOME BLACKBOARD,2011-09-05,2011-12-09,6.0208875739644965,1011.0,4561.76,13.571428571428571,True,False,False
23405,HOME SWEET HOME 2 DRAWER CABINET,2011-09-05,2011-12-09,5.985492957746479,252.0,1311.48,13.571428571428571,True,False,False
23406,HOME SWEET HOME KEY HOLDER,2011-09-05,2011-12-06,7.10990990990991,456.0,2422.6600000000003,13.142857142857142,True,False,False
23407,SET OF 2 TRAYS HOME SWEET HOME,2011-09-04,2011-12-08,10.68142857142857,265.0,2709.43,13.571428571428571,True,False,False
23408,PHOTO FRAME LINEN AND LACE SMALL,2011-09-07,2011-12-07,2.08,310.0,644.8000000000001,13.0,True,False,False
23409,PHOTO FRAME LINEN AND LACE LARGE,2011-09-07,2011-12-05,3.814883720930232,215.0,801.6800000000001,12.714285714285714,True,False,False
23410,CURIO CABINET LINEN AND LACE,2011-09-08,2011-11-25,8.027777777777779,36.0,290.1,11.142857142857142,True,False,False
23411,TRELLIS COAT RACK,2011-09-04,2011-12-02,5.844035087719298,227.0,1118.61,12.714285714285714,True,False,False
23412,HEART MIRROR ANTIQUE WHITE,2011-09-06,2011-10-10,7.724415584415584,358.0,2354.8,4.857142857142857,False,False,False
23413,VINTAGE COFFEE GRINDER BOX,2011-09-07,2011-12-08,6.318275862068965,173.0,909.31,13.142857142857142,True,False,False
23414,ZINC BOX SIGN HOME,2011-09-04,2011-11-30,10.07375,141.0,1378.75,12.428571428571429,True,False,False
23415,HOME SWEET HOME HOOK,2011-09-07,2011-12-08,1.4517021276595743,328.0,412.1799999999999,13.142857142857142,True,False,False
23416,CHAMBRE HOOK,2011-09-12,2011-12-08,1.7564,132.0,184.68,12.428571428571429,True,False,False
23417,BATHROOM HOOK,2011-09-07,2011-12-08,1.5964285714285713,146.0,157.5,13.142857142857142,True,False,False
23418,LAVENDER TOILETTE BOTTLE,2011-09-11,2011-12-09,2.562025316455696,557.0,1166.0,12.714285714285714,True,False,False
23419,HOME SWEET HOME BOTTLE,2011-09-11,2011-12-08,2.6725581395348836,473.0,1043.72,12.571428571428571,True,False,False
23420,PANTRY HOOK TEA STRAINER,2011-09-15,2011-12-04,2.33625,164.0,351.37,11.428571428571429,True,False,False
23421,PANTRY HOOK SPATULA,2011-09-08,2011-12-04,2.5148484848484847,160.0,349.2,12.428571428571429,True,False,False
23422,PANTRY HOOK BALLOON WHISK,2011-09-07,2011-12-08,2.777872340425532,213.0,477.89,13.142857142857142,True,False,False
23423,PANTRY 3 HOOK ROLLING PIN HANGER,2011-09-08,2011-12-08,4.536969696969697,219.0,876.9,13.0,True,False,False
23424,GINGHAM RECIPE BOOK BOX,2011-09-04,2011-12-09,6.186740740740741,462.0,2509.62,13.714285714285714,True,False,False
23425,STORAGE TIN HOME SWEET HOME,2011-09-04,2011-12-09,3.0989285714285715,275.0,621.44,13.714285714285714,True,False,False
23426,METAL SIGN DROP YOUR PANTS,2011-09-05,2011-12-09,3.3344711538461542,1275.0,3444.4300000000003,13.571428571428571,True,False,False
23427,STOOL HOME SWEET HOME,2011-09-04,2011-12-08,12.967478260869566,237.0,2860.58,13.571428571428571,True,False,False
23428,IVORY RETRO KITCHEN WALL CLOCK,2011-11-17,2011-12-09,9.915454545454546,77.0,675.91,3.142857142857143,True,False,False
23429,RED RETRO KITCHEN WALL CLOCK,2011-11-21,2011-12-09,8.887391304347826,47.0,400.01,2.5714285714285716,True,False,False
23430,BLUE RETRO KITCHEN WALL CLOCK,2011-11-20,2011-12-09,8.621111111111112,36.0,301.88,2.7142857142857144,True,False,False
23431,NATURAL HANGING QUILTED HEARTS,2011-08-26,2011-12-01,1.363918918918919,1449.0,1171.23,13.857142857142858,True,False,False
23432,PRETTY HANGING QUILTED HEARTS,2011-08-31,2011-12-06,1.3654054054054052,1276.0,1088.36,13.857142857142858,True,False,False
23433,HANGING QUILTED PATCHWORK APPLES,2011-08-26,2011-12-04,1.500224719101123,1258.0,1108.58,14.285714285714286,True,False,False
23434,3 RAFFIA RIBBONS 50'S CHRISTMAS,2011-09-11,2011-12-09,0.8802,2095.0,1884.17,12.714285714285714,True,False,False
23435,3 RAFFIA RIBBONS VINTAGE CHRISTMAS,2011-09-09,2011-12-09,0.8976767676767677,824.0,732.4200000000001,13.0,True,False,False
23436,GIFT BAG LARGE VINTAGE CHRISTMAS,2011-08-02,2011-12-08,1.4442982456140352,1979.0,2367.39,18.285714285714285,True,False,False
23437,50'S CHRISTMAS GIFT BAG LARGE,2011-08-22,2011-12-09,1.4238931297709925,1939.0,2373.63,15.571428571428571,True,False,False
23438,RED SPOT GIFT BAG LARGE,2011-08-03,2011-12-09,1.370183486238532,1809.0,2209.92,18.285714285714285,True,False,False
23439,HAND WARMER RED LOVE HEART,2011-08-24,2011-12-09,2.2266262135922332,3986.0,8855.51,15.285714285714286,True,False,False
23440,PAINT YOUR OWN EGGS IN CRATE,2011-11-24,2011-12-07,2.022,164.0,299.36,1.8571428571428572,True,False,False
23441,HAND PAINTED HANGING EASTER EGG,2011-11-23,2011-12-07,0.42,22.0,9.24,2.0,True,False,False
23442,12 HANGING EGGS HAND PAINTED,2011-11-15,2011-12-07,2.08,40.0,83.2,3.142857142857143,True,False,False
23444,Next Day Carriage,2011-05-26,2011-12-08,15.189873417721518,79.0,1200.0,28.0,True,False,False
23445,ICE CREAM BUBBLES,2011-08-24,2011-12-09,0.8659803921568627,2668.0,2161.24,15.285714285714286,True,False,False
23446,BLUE BUNNY EASTER EGG BASKET,2011-10-10,2011-12-07,1.5833333333333333,157.0,230.24999999999997,8.285714285714286,True,False,False
23447,PINK BUNNY EASTER EGG BASKET,2011-10-10,2011-12-07,1.6,158.0,231.9,8.285714285714286,True,False,False
23448,CREAM BUNNY EASTER EGG BASKET,2011-10-10,2011-11-30,1.6499999999999997,25.0,41.24999999999999,7.285714285714286,True,False,False
23449,SET OF 6 EASTER RAINBOW CHICKS,2011-11-15,2011-11-15,1.25,12.0,15.0,0.0,True,False,False
23451,SQUARE MINI PORTRAIT FRAME,2011-10-14,2011-12-09,2.273396226415094,277.0,556.17,8.0,True,False,False
23452,HEART MINI PORTRAIT FRAME,2011-10-14,2011-12-08,2.07183908045977,518.0,1021.76,7.857142857142857,True,False,False
23453,OVAL  MINI PORTRAIT FRAME,2011-10-14,2011-12-08,1.9883673469387753,316.0,615.98,7.857142857142857,True,False,False
23454,SET OF 3 MINI HANGING PORTRAITS,2011-10-21,2011-12-08,4.5190909090909095,174.0,733.2,6.857142857142857,True,False,False
23455,SMALL PARLOUR PICTURE FRAME,2011-10-16,2011-12-08,2.867777777777778,207.0,569.4300000000001,7.571428571428571,True,False,False
23456,MEDIUM PARLOUR PICTURE FRAME,2011-10-16,2011-12-04,4.116666666666667,158.0,634.1,7.0,True,False,False
23457,LARGE PARLOUR PICTURE FRAME,2011-10-16,2011-12-08,5.109354838709678,112.0,549.88,7.571428571428571,True,False,False
23458,DOLLY CABINET 3 DRAWERS,2011-10-17,2011-12-08,14.95,51.0,762.4499999999999,7.428571428571429,True,False,False
23459,DOLLY CABINET 2 DRAWERS,2011-10-16,2011-12-08,12.5,33.0,412.5,7.571428571428571,True,False,False
23460,SWEETHEART WALL TIDY,2011-10-20,2011-12-05,9.90093023255814,108.0,1007.08,6.571428571428571,True,False,False
23461,SWEETHEART BIRD HOUSE,2011-09-29,2011-12-07,4.551500000000001,847.0,3041.21,9.857142857142858,True,False,False
23462,ROCOCO WALL MIRROR WHITE,2011-10-20,2011-12-08,20.69695652173913,80.0,1607.04,7.0,True,False,False
23463,VINTAGE ZINC WATERING CAN,2011-10-16,2011-12-09,11.20625,13.0,139.39999999999998,7.714285714285714,True,False,False
23464,VINTAGE ZINC WATERING CAN SMALL,2011-10-16,2011-12-09,6.2125,18.0,99.2,7.714285714285714,True,False,False
23465,TUSCAN VILLA FEEDING STATION,2011-10-04,2011-12-08,8.77375,29.0,247.63,9.285714285714286,True,False,False
23466,TUSCAN VILLA DOVECOTE,2011-09-30,2011-12-08,10.084444444444443,55.0,498.03,9.857142857142858,True,False,False
23467,VINTAGE ZINC PLANTER,2011-10-17,2011-12-09,4.366363636363636,32.0,120.08,7.571428571428571,True,False,False
23468,TUSCAN VILLA BIRD TABLE,2011-10-06,2011-11-23,8.25,19.0,156.75,6.857142857142857,True,False,False
23469,CARD HOLDER LOVE BIRD SMALL,2011-09-30,2011-12-09,4.643611111111111,332.0,1355.24,10.0,True,False,False
23470,CARD HOLDER LOVE BIRD LARGE,2011-10-02,2011-12-05,6.810714285714286,232.0,1460.5,9.142857142857142,True,False,False
23471,SIX DRAWER OFFICE TIDY,2011-09-30,2011-12-02,10.162592592592592,65.0,616.79,9.0,True,False,False
23472,NINE DRAWER OFFICE TIDY,2011-10-02,2011-12-07,16.09060606060606,58.0,894.42,9.428571428571429,True,False,False
23473,WOODLAND SMALL RED FELT HEART,2011-10-20,2011-12-07,0.9533333333333333,678.0,552.02,6.857142857142857,True,False,False
23474,WOODLAND SMALL BLUE FELT HEART,2011-10-24,2011-12-08,1.0405263157894735,312.0,270.96,6.428571428571429,True,False,False
23475,WOODLAND SMALL PINK FELT HEART,2011-10-27,2011-12-07,0.959032258064516,286.0,242.18,5.857142857142857,True,False,False
23476,WOODLAND LARGE RED FELT HEART,2011-10-20,2011-11-30,1.4700000000000002,205.0,264.72,5.857142857142857,True,False,False
23477,WOODLAND LARGE BLUE FELT HEART,2011-10-20,2011-11-30,1.7153846153846155,92.0,123.47,5.857142857142857,True,False,False
23478,WOODLAND LARGE PINK FELT HEART,2011-10-20,2011-12-01,1.5130769230769232,285.0,324.40000000000003,6.0,True,False,False
23479,WIRE EGG BASKET,2011-10-17,2011-12-08,8.26659090909091,113.0,872.38,7.428571428571429,True,False,False
23480,MINI LIGHTS WOODLAND MUSHROOMS,2011-10-19,2011-12-09,4.428761467889909,1798.0,6719.14,7.285714285714286,True,False,False
23481,PEARLISED IVORY HEART SMALL,2011-10-17,2011-12-06,1.28125,228.0,281.17,7.142857142857143,True,False,False
23482,PEARLISED IVORY HEART LARGE,2011-10-14,2011-12-06,1.765897435897436,418.0,661.02,7.571428571428571,True,False,False
23483,HANGING  BUTTERFLY T-LIGHT HOLDER,2011-10-03,2011-12-08,2.409054054054054,1328.0,1636.36,9.428571428571429,True,False,False
23484,HEART TRELLISTRIPLE T-LIGHT HOLDER,2011-09-30,2011-12-08,3.673333333333334,185.0,547.35,9.857142857142858,True,False,False
23485,BOTANICAL GARDENS WALL CLOCK,2011-10-20,2011-12-08,24.791807228915665,262.0,5843.92,7.0,True,False,False
23486,ANTIQUE HEART SHELF UNIT,2011-10-20,2011-12-08,17.8127027027027,275.0,4145.47,7.0,True,False,False
23487,SWEET HEART CAKE CARRIER,2011-10-14,2011-12-08,10.365454545454543,80.0,795.5799999999999,7.857142857142857,True,False,False
23489,"GARLAND, VINTAGE BELLS",2011-10-20,2011-12-09,3.221454545454545,913.0,2709.23,7.142857142857143,True,False,False
23490,T-LIGHT HOLDER HANGING LOVE BIRD,2011-10-14,2011-12-08,3.961287128712871,542.0,2032.77,7.857142857142857,True,False,False
23491,VINTAGE JINGLE BELLS HEART,2011-10-20,2011-12-07,8.462151898734177,228.0,1897.76,6.857142857142857,True,False,False
23492,VINTAGE JINGLE BELLS WREATH,2011-10-20,2011-12-05,8.549285714285714,76.0,635.38,6.571428571428571,True,False,False
23493,VINTAGE DOILY TRAVEL SEWING KIT,2011-09-22,2011-12-09,2.156320754716981,3964.0,8497.98,11.142857142857142,True,False,False
23494,VINTAGE DOILY DELUXE SEWING KIT,2011-09-25,2011-12-09,6.812864077669903,809.0,5354.01,10.714285714285714,True,False,False
23495,SET OF 3 PANTRY WOODEN SPOONS,2011-10-30,2011-12-09,1.7221951219512197,225.0,306.66,5.714285714285714,True,False,False
23496,PANTRY KITCHEN THERMOMETER,2011-10-30,2011-12-08,1.562258064516129,112.0,154.52,5.571428571428571,True,False,False
23497,CLASSIC CHROME BICYCLE BELL,2011-10-28,2011-12-09,1.62365,2558.0,3656.02,6.0,True,False,False
23498,CLASSIC BICYCLE CLIPS,2011-11-25,2011-12-09,1.657941176470588,1640.0,2372.68,2.0,True,False,False
23499,SET 12 VINTAGE DOILY CHALK,2011-10-20,2011-12-08,0.4831858407079646,1312.0,586.23,7.0,True,False,False
23500,KEY RING BASEBALL BOOT ASSORTED,2011-10-04,2011-12-08,1.3861764705882351,1626.0,2038.33,9.285714285714286,True,False,False
23501,KEY RING BASEBALL BOOT UNION JACK,2011-10-05,2011-12-09,1.4955263157894738,1821.0,2217.87,9.285714285714286,True,False,False
23502,PLAYING CARDS VINTAGE DOILEY,2011-09-22,2011-12-07,1.3016842105263158,714.0,896.41,10.857142857142858,True,False,False
23503,PLAYING CARDS KEEP CALM & CARRY ON,2011-09-22,2011-12-09,1.279298245614035,3643.0,4860.55,11.142857142857142,True,False,False
23504,PLAYING CARDS JUBILEE UNION JACK,2011-09-22,2011-12-08,1.3483410138248846,1927.0,2848.89,11.0,True,False,False
23505,PLAYING CARDS I LOVE LONDON,2011-09-22,2011-12-08,1.3546153846153848,1200.0,1651.29,11.0,True,False,False
23506,MINI PLAYING CARDS SPACEBOY,2011-09-22,2011-12-09,0.4626490066225165,2723.0,1129.12,11.142857142857142,True,False,False
23507,MINI PLAYING CARDS BUFFALO BILL,2011-09-22,2011-12-08,0.4734645669291338,2882.0,1155.67,11.0,True,False,False
23508,MINI PLAYING CARDS DOLLY GIRL,2011-09-22,2011-12-09,0.4665625,2627.0,1163.45,11.142857142857142,True,False,False
23509,MINI PLAYING CARDS FUN FAIR,2011-09-22,2011-12-08,0.4865151515151515,1062.0,451.46,11.0,True,False,False
23510,MINI PLAYING CARDS GYMKHANA,2011-09-22,2011-12-09,0.4972,2521.0,1118.8,11.142857142857142,True,False,False
23511,EMBROIDERED RIBBON REEL EMILY,2011-09-22,2011-12-08,2.3309090909090906,571.0,1252.01,11.0,True,False,False
23512,EMBROIDERED RIBBON REEL ROSIE,2011-09-22,2011-12-08,2.3164912280701753,500.0,975.24,11.0,True,False,False
23513,EMBROIDERED RIBBON REEL SUSIE,2011-09-22,2011-12-05,2.306,566.0,1114.26,10.571428571428571,True,False,False
23514,EMBROIDERED RIBBON REEL SALLY,2011-09-22,2011-12-04,2.349189189189189,478.0,977.39,10.428571428571429,True,False,False
23515,EMBROIDERED RIBBON REEL DAISY,2011-09-22,2011-12-09,2.3925,579.0,1164.98,11.142857142857142,True,False,False
23516,EMBROIDERED RIBBON REEL SOPHIE,2011-09-25,2011-12-05,3.848181818181818,296.0,1058.6,10.142857142857142,True,False,False
23517,EMBROIDERED RIBBON REEL REBECCA,2011-09-22,2011-12-06,3.4480952380952385,334.0,996.38,10.714285714285714,True,False,False
23518,EMBROIDERED RIBBON REEL RACHEL,2011-09-22,2011-12-02,3.0959090909090907,361.0,980.41,10.142857142857142,True,False,False
23519,EMBROIDERED RIBBON REEL CLAIRE,2011-09-25,2011-11-24,4.484583333333333,224.0,792.31,8.571428571428571,True,False,False
23520,EMBROIDERED RIBBON REEL RUBY,2011-09-22,2011-12-05,3.9675,167.0,600.55,10.571428571428571,True,False,False
23521,CAT AND BIRD WALL ART,2011-10-03,2011-12-09,4.204090909090909,413.0,793.37,9.571428571428571,True,False,False
23522,DOG AND BALL WALL ART,2011-10-03,2011-12-08,3.680625,354.0,727.4399999999999,9.428571428571429,True,False,False
23523,TREASURE AHOY WALL ART,2011-10-03,2011-12-08,3.9346341463414634,360.0,1173.8100000000002,9.428571428571429,True,False,False
23524,HORSE & PONY WALL ART,2011-10-02,2011-12-09,4.323968253968254,481.0,1557.63,9.714285714285714,True,False,False
23525,BUFFALO BILL WALL ART,2011-10-02,2011-12-09,4.1639622641509435,582.0,1863.82,9.714285714285714,True,False,False
23526,DOG LICENCE WALL ART,2011-10-03,2011-12-09,8.24888888888889,1012.0,6021.4,9.571428571428571,True,False,False
23527,ANIMALS AND NATURE WALL ART,2011-10-03,2011-12-09,3.998125,420.0,1428.56,9.571428571428571,True,False,False
23528,SPACEBOY WALL ART,2011-10-03,2011-12-08,4.7792,479.0,1504.49,9.428571428571429,True,False,False
23529,DOLLY GIRL WALL ART,2011-10-03,2011-12-08,4.338648648648649,637.0,2011.99,9.428571428571429,True,False,False
23530,WALL ART ONLY ONE PERSON,2011-10-03,2011-12-09,5.577586206896552,1056.0,4436.27,9.571428571428571,True,False,False
23531,WALL ART BIG LOVE,2011-10-03,2011-12-08,7.661681415929204,976.0,5538.26,9.428571428571429,True,False,False
23532,WALL ART WORK REST AND PLAY,2011-10-02,2011-12-08,5.301612903225807,210.0,901.58,9.571428571428571,True,False,False
23533,WALL ART GARDEN HAVEN,2011-10-03,2011-12-09,6.166944444444445,215.0,998.64,9.571428571428571,True,False,False
23534,STOP FOR TEA WALL ART,2011-10-02,2011-12-09,7.53896551724138,1387.0,8608.9,9.714285714285714,True,False,False
23535,BICYCLE SAFTEY WALL ART,2011-10-02,2011-12-09,7.446898148148148,1324.0,8440.24,9.714285714285714,True,False,False
23536,VILLAGE SHOW WALL ART,2011-10-03,2011-12-09,6.794705882352942,626.0,3442.13,9.571428571428571,True,False,False
23537,I LOVE LONDON WALL ART,2011-10-03,2011-12-09,6.9405882352941175,111.0,581.13,9.571428571428571,True,False,False
23538,WALL ART VINTAGE HEART,2011-10-03,2011-12-09,5.7790625,331.0,1329.54,9.571428571428571,True,False,False
23539,WALL ART LOVES' SECRET,2011-10-02,2011-12-05,6.594047619047619,247.0,1227.95,9.142857142857142,True,False,False
23540,WALL ART THE MAGIC FOREST,2011-10-03,2011-12-06,8.424285714285714,150.0,947.06,9.142857142857142,True,False,False
23541,WALL ART CLASSIC PUDDINGS,2011-10-02,2011-12-06,9.71203947368421,872.0,6823.91,9.285714285714286,True,False,False
23542,70'S ALPHABET WALL ART,2011-10-03,2011-12-08,9.784157303370788,506.0,3800.16,9.428571428571429,True,False,False
23543,KEEP CALM WALL ART,2011-10-03,2011-12-08,8.530952380952382,1236.0,7010.76,9.428571428571429,True,False,False
23544,WALL ART MID CENTURY MODERN,2011-10-03,2011-12-06,7.523000000000001,164.0,1015.78,9.142857142857142,True,False,False
23545,WRAP RED DOILEY,2011-07-20,2011-12-08,0.4190588235294117,2480.0,1025.6,20.142857142857142,True,False,False
23546,WRAP PAISLEY PARK,2011-07-19,2011-12-08,0.42,3250.0,1365.0,20.285714285714285,True,False,False
23547,WRAP FLOWER SHOP,2011-07-20,2011-12-06,0.42,1575.0,661.5,19.857142857142858,True,False,False
23548,WRAP MAGIC FOREST,2011-07-20,2011-12-08,0.42,1075.0,451.5,20.142857142857142,True,False,False
23549,WRAP BIRD GARDEN,2011-07-19,2011-12-01,0.42,1305.0,548.1,19.285714285714285,True,False,False
23550,WRAP ALPHABET POSTER,2011-07-18,2011-12-09,0.41875,1855.0,763.1,20.571428571428573,True,False,False
23551,PACK OF 12 PAISLEY PARK TISSUES,2011-09-01,2011-12-09,0.5168115942028985,1840.0,839.8399999999999,14.142857142857142,True,False,False
23552,BICYCLE PUNCTURE REPAIR KIT,2011-11-25,2011-12-09,2.2640650406504066,1863.0,3881.91,2.0,True,False,False
23553,LANDMARK FRAME CAMDEN TOWN,2011-10-20,2011-12-08,13.30220588235294,568.0,6444.65,7.0,True,False,False
23554,LANDMARK FRAME OXFORD STREET,2011-10-19,2011-12-08,13.047017543859647,422.0,4805.53,7.142857142857143,True,False,False
23555,LANDMARK FRAME NOTTING HILL,2011-10-19,2011-12-09,12.897450980392156,421.0,4780.57,7.285714285714286,True,False,False
23556,LANDMARK FRAME COVENT GARDEN,2011-10-19,2011-12-08,12.61811320754717,436.0,4937.01,7.142857142857143,True,False,False
23557,LANDMARK FRAME BAKER STREET,2011-10-19,2011-12-08,13.181875,350.0,3930.27,7.142857142857143,True,False,False
23558,LANDMARK FRAME LONDON BRIDGE,2011-10-19,2011-12-08,13.125384615384617,415.0,4703.87,7.142857142857143,True,False,False
23559,WOODLAND BUNNIES LOLLY MAKERS,2011-09-08,2011-12-09,2.8688709677419357,649.0,1482.41,13.142857142857142,True,False,False
23560,SET OF 6 RIBBONS COUNTRY STYLE,2011-11-27,2011-12-08,3.543846153846154,172.0,499.18,1.5714285714285714,True,False,False
23561,SET OF 6 RIBBONS PARTY,2011-11-27,2011-12-09,3.40875,170.0,476.0,1.7142857142857142,True,False,False
23562,SET OF 6 RIBBONS PERFECTLY PRETTY,2011-11-27,2011-12-09,3.2853488372093027,251.0,724.59,1.7142857142857142,True,False,False
23564,EGG CUP MILKMAID INGRID,2011-10-13,2011-12-09,1.7567105263157894,644.0,841.31,8.142857142857142,True,False,False
23565,EGG CUP MILKMAID HELGA,2011-10-16,2011-12-09,1.8453968253968256,410.0,586.31,7.714285714285714,True,False,False
23566,EGG CUP MILKMAID HEIDI,2011-10-17,2011-12-08,1.769759036144578,881.0,1156.93,7.428571428571429,True,False,False
23567,EGG CUP HENRIETTA HEN PINK,2011-10-14,2011-12-09,1.823157894736842,211.0,291.58,8.0,True,False,False
23568,EGG CUP HENRIETTA HEN CREAM,2011-10-16,2011-12-08,1.7454166666666666,630.0,787.52,7.571428571428571,True,False,False
23569,TRADTIONAL ALPHABET STAMP SET,2011-10-21,2011-12-09,5.3034693877551025,954.0,4717.66,7.0,True,False,False
23570,TRADITIONAL PICK UP STICKS GAME,2011-10-21,2011-12-09,1.431118881118881,2772.0,4931.87,7.0,True,False,False
23571,TRADITIONAL NAUGHTS & CROSSES,2011-10-21,2011-12-09,1.892137404580153,2841.0,6406.91,7.0,True,False,False
23574,PACKING CHARGE,2011-07-06,2011-12-07,7.5,14.0,105.0,22.0,True,False,False
23575,SNACK TRAY PAISLEY PARK,2011-11-27,2011-12-09,2.5823529411764703,179.0,367.35,1.7142857142857142,True,False,False
23576,SNACK TRAY RED VINTAGE DOILY,2011-11-27,2011-12-08,2.4010526315789473,198.0,400.04,1.5714285714285714,True,False,False
23578,SNACK TRAY RED GINGHAM,2011-11-27,2011-12-08,2.417142857142857,60.0,125.72,1.5714285714285714,True,False,False
23579,SNACK TRAY I LOVE LONDON,2011-10-18,2011-12-09,2.6265714285714283,169.0,358.75,7.428571428571429,True,False,False
23580,SNACK TRAY HAPPY FOREST,2011-11-27,2011-12-07,2.2116,116.0,234.92,1.4285714285714286,True,False,False
23581,JUMBO BAG PAISLEY PARK,2011-10-25,2011-12-09,2.256289855072464,5020.0,11581.83,6.428571428571429,True,False,False
23582,VINTAGE DOILY JUMBO BAG RED,2011-10-25,2011-12-08,2.2147709923664123,4802.0,10206.41,6.285714285714286,True,False,False
23583,LUNCH BAG PAISLEY PARK,2011-10-25,2011-12-09,1.8020481927710843,3385.0,5497.33,6.428571428571429,True,False,False
23597,PAPER BUNTING PAISLEY PARK,2011-11-10,2011-12-08,3.186129032258065,249.0,679.07,4.0,True,False,False
23598,PAPER BUNTING VINTAGE PARTY,2011-11-10,2011-12-09,3.235106382978723,427.0,1215.53,4.142857142857143,True,False,False
23601,SET 10 CARDS SNOWY SNOWDROPS  17100,2011-09-23,2011-11-28,2.49,8.0,19.92,9.428571428571429,True,False,False
23602,SET 10 CARDS 3 WISE MEN 17107,2011-11-11,2011-11-11,2.91,1.0,2.91,0.0,True,False,False
23603,SET 10 CARD KRAFT REINDEER 17084,2011-10-14,2011-12-08,2.49,20.0,49.8,7.857142857142857,True,False,False
23604,SET 10 MINI SANTA & SNOWMAN  17087,2011-10-03,2011-10-17,1.66,4.0,6.64,2.0,True,False,False
23605,SET 10 CARDS 12 DAYS OF XMAS 17059,2011-10-05,2011-10-05,2.91,4.0,11.64,0.0,False,False,False
23607,SET 10 CARDS HATS & STOCKINGS 17081,2011-09-13,2011-11-24,1.66,8.0,13.28,10.285714285714286,True,False,False
23608,SET 10 CARDS RUDOLPHS NOSE 17097,2011-11-03,2011-12-08,2.91,4.0,11.64,5.0,True,False,False
23609,SET 10 CARDS SNOWY ROBIN 17099,2011-11-28,2011-11-28,2.91,1.0,2.91,0.0,True,False,False
23610,SET 10 CARDS CHRISTMAS ROBIN 17095,2011-09-23,2011-11-11,2.08,3.0,6.24,7.0,True,False,False
23611,SET 10 CARDS RED RIDING HOOD 17214,2011-09-12,2011-12-09,2.49,40.0,99.6,12.571428571428571,True,False,False
23612,SET 10 MINICARDS CUTE SNOWMAN 17071,2011-10-06,2011-11-17,1.66,5.0,8.299999999999999,6.0,True,False,False
23613,SET 10 XMAS CARDS & BADGES 17070,2011-09-07,2011-11-28,2.49,11.0,27.39,11.714285714285714,True,False,False
23614,SET 10 CARDS 12 DAYS WRAP  17058,2011-09-07,2011-12-08,3.33,26.0,86.58000000000001,13.142857142857142,True,False,False
23615,SET 10 CARDS PRINTED GRAPHIC 17219,2011-10-27,2011-12-06,2.49,4.0,9.96,5.714285714285714,True,False,False
23616,SET 10 CARDS JINGLE BELLS 17217,2011-11-09,2011-12-09,2.49,8.0,19.92,4.285714285714286,True,False,False
23617,SET 10 CARDS SWIRLY XMAS TREE 17104,2011-11-29,2011-11-29,2.91,2.0,5.82,0.0,True,False,False
23619,SET 10 CARDS POINSETTIA 17093,2011-10-05,2011-11-08,2.49,4.0,9.96,4.857142857142857,True,False,False
23620,SET 10 CARDS PERFECT POST 17090,2011-09-02,2011-11-18,2.49,10.0,24.9,11.0,True,False,False
23621,SET 10 CARDS DAVID'S MADONNA 17074,2011-11-11,2011-12-09,2.49,6.0,14.94,4.0,True,False,False
23623,SET 10 CARD CHRISTMAS WELCOME 17112,2011-09-02,2011-11-29,2.91,8.0,23.28,12.571428571428571,True,False,False
23624,SET 10 CARD PERFECT NATIVITY 17089,2011-09-22,2011-11-11,2.49,4.0,9.96,7.142857142857143,True,False,False
23625,SET 6 CARDS SPARKLY REINDEER 17262,2011-09-15,2011-12-02,4.99,9.0,44.91,11.142857142857142,True,False,False
23626,SET 10 CARDS DINKY TREE 17076,2011-10-03,2011-12-08,2.49,43.0,107.07,9.428571428571429,True,False,False
23627,SET 10 CARDS XMAS GRAPHIC  17218,2011-11-11,2011-11-25,2.49,7.0,17.43,2.0,True,False,False
23628,SET 10 CARDS TRIANGLE ICONS  17220,2011-10-31,2011-10-31,2.91,1.0,2.91,0.0,True,False,False
23629,SET 10 CARDS DRESSING UP 17077,2011-09-21,2011-11-25,2.49,24.0,59.760000000000005,9.285714285714286,True,False,False
23630,SET 10 CARDS HANGING BAUBLES 17080,2011-09-22,2011-11-30,2.74,2.0,5.48,9.857142857142858,True,False,False
23632,SET 10 CARDS CHEERFUL ROBIN 17065,2011-09-23,2011-11-30,2.08,15.0,31.200000000000003,9.714285714285714,True,False,False
23633,SET 10 CARDS WORLD CHILDREN 17067,2011-10-31,2011-11-21,2.49,3.0,7.470000000000001,3.0,True,False,False
23634,SET 10 CARDS XMAS CHOIR 17068,2011-09-02,2011-12-06,2.91,5.0,14.55,13.571428571428571,True,False,False
23635,SET 10 CARDS CHRISTMAS HOLLY  17259,2011-10-05,2011-12-09,4.16,3.0,12.48,9.285714285714286,True,False,False
23636,SET 10 CARDS WISHING TREE 17116,2011-10-24,2011-12-08,2.91,9.0,26.19,6.428571428571429,True,False,False
23637,SET 10 CARDS OUT OF ORDER 17216,2011-09-07,2011-12-08,2.49,11.0,27.39,13.142857142857142,True,False,False
23638,SET 10 CARDS ROBIN WATERPUMP  17096,2011-09-27,2011-11-24,2.91,2.0,5.82,8.285714285714286,True,False,False
23639,SET 10 CARDS MAGICAL TREE 17086,2011-09-15,2011-11-17,3.33,4.0,13.32,9.0,True,False,False
23640,SET 10 CARDS SCOTTIE DOG 17211,2011-09-07,2011-12-08,2.49,9.0,22.410000000000004,13.142857142857142,True,False,False
23643,SET 10 CARDS CHRISTMAS BAUBLE 16954,2011-10-31,2011-10-31,3.33,1.0,3.33,0.0,True,False,False
23644,SET 10 CARDS CHRISTMAS TREE 16955,2011-09-30,2011-12-09,3.3299999999999996,5.0,16.65,10.0,True,False,False
23645,SET 10 CHRISTMAS CARDS HOHOHO 16956,2011-10-27,2011-12-08,2.49,9.0,22.410000000000004,6.0,True,False,False
23646,SET 10 CARDS JINGLE BELLS 16957,2011-09-07,2011-11-17,2.49,8.0,19.92,10.142857142857142,True,False,False
23649,SET 10 CARDS DECK THE HALLS 16960,2011-11-15,2011-11-25,2.49,2.0,4.98,1.4285714285714286,True,False,False
23650,SET 10 CARDS FILIGREE BAUBLE 16961,2011-09-27,2011-12-08,2.49,4.0,9.96,10.285714285714286,True,False,False
23652,SET 10 CARD CHRISTMAS STAMPS 16963,2011-11-17,2011-11-17,2.91,2.0,5.82,0.0,True,False,False
23654,SET 10 CARD SNOWMAN 16965,2011-10-27,2011-12-08,2.49,5.0,12.45,6.0,True,False,False
23660,HENRIETTA HEN MUG,2011-10-13,2011-12-09,2.2404761904761905,306.0,534.66,8.142857142857142,True,False,False
23661,MILK MAIDS MUG,2011-10-13,2011-12-09,2.2335294117647058,219.0,393.59,8.142857142857142,True,False,False
23664,FLOWER SHOP DESIGN MUG,2011-11-11,2011-11-11,1.65,1.0,1.65,0.0,True,False,False
23681,LUNCH BAG RED VINTAGE DOILY,2011-11-06,2011-12-09,1.8662406015037591,1576.0,2525.04,4.714285714285714,True,False,False
23691,KEEP CALM BIRTHDAY WRAP,2011-11-02,2011-12-07,0.4184210526315789,1175.0,481.5,5.0,True,False,False
23692,WRAP A PRETTY THANK YOU,2011-11-09,2011-11-30,0.42,50.0,21.0,3.0,True,False,False
23694,PAISLEY PARK CARD,2011-11-14,2011-12-08,0.5885365853658536,376.0,165.07999999999998,3.4285714285714284,True,False,False
23695,DOILY THANK YOU CARD,2011-11-09,2011-12-08,0.5042105263157894,741.0,313.24,4.142857142857143,True,False,False
23697,A PRETTY THANK YOU CARD,2011-11-09,2011-12-08,0.5208333333333334,456.0,194.58,4.142857142857143,True,False,False
23702,High Resolution Image,2011-10-19,2011-11-16,8.5,4.0,27.0,4.0,True,False,False
23843,"PAPER CRAFT , LITTLE BIRDIE",2011-12-09,2011-12-09,2.08,80995.0,168469.6,0.0,True,False,False
30086C,ASSORTED FRUIT STRAWS,2009-12-01,2009-12-01,1.7,1.0,1.7,0.0,False,False,False
35001B,HAND OPEN SHAPE BLACK,2009-12-17,2010-03-16,3.49,17.0,59.330000000000005,12.714285714285714,False,False,False
35001G,HAND OPEN SHAPE GOLD,2009-12-01,2011-12-07,4.204857142857143,715.0,2259.47,105.14285714285714,True,True,True
35001P,HAND OPEN SHAPE PINK,2009-12-14,2009-12-17,3.49,2.0,6.98,0.42857142857142855,False,False,False
35001W,HAND OPEN SHAPE DECO.WHITE,2009-12-01,2010-12-16,4.085520833333334,883.0,2806.69,54.285714285714285,False,True,False
35004B,SET OF 3 BLACK FLYING DUCKS,2009-12-01,2011-12-09,6.741594202898551,1474.0,6809.650000000001,105.42857142857143,True,True,True
35004C,SET OF 3 COLOURED  FLYING DUCKS,2009-12-02,2011-03-07,7.756394366197183,3035.0,15874.38,65.71428571428571,False,True,False
35004G,SET OF 3 GOLD FLYING DUCKS,2009-12-01,2011-12-07,6.24974025974026,359.0,1419.51,105.14285714285714,True,True,True
35004P,SET OF 3 PINK FLYING DUCKS,2009-12-01,2010-12-10,6.8058139534883715,120.0,638.97,53.42857142857143,False,True,False
35004S,SET OF 3 SILVER FLYING DUCKS,2009-12-01,2009-12-23,7.283333333333332,145.0,505.4,3.142857142857143,False,False,False
35004c,SET OF 3 COLOURED  FLYING DUCKS,2009-12-01,2010-11-12,12.7312,27.0,343.72,49.42857142857143,False,False,False
35004p,SET OF 3 PINK FLYING DUCKS,2010-10-22,2010-10-22,12.72,1.0,12.72,0.0,False,False,False
35004s,SET OF 3 SILVER FLYING DUCKS,2009-12-01,2009-12-01,13.0,1.0,13.0,0.0,False,False,False
35015,JACOBS LADDER SMALL,2009-12-02,2010-11-07,0.0912820512820512,2072.0,134.08,48.57142857142857,False,False,False
35051B,PINK BEADED CONE CHRISTMAS,2009-12-01,2009-12-07,0.42,14.0,5.88,0.8571428571428571,False,False,False
35071,ASSORTED SANTA CHRISTMAS DECORATION,2009-12-01,2009-12-09,2.084285714285714,50.0,51.13999999999999,1.1428571428571428,False,False,False
35085E,IVORY ROSE LAMPSHADE,2009-12-01,2010-07-14,1.1666666666666667,39.0,44.25,32.142857142857146,False,False,False
35095A,BLUE VICTORIAN FABRIC OVAL BOX,2009-12-01,2011-12-09,0.6371686746987951,1809.0,725.56,105.42857142857143,True,True,True
35095B,RED VICTORIAN FABRIC OVAL BOX,2009-12-01,2011-12-09,0.6162146892655367,1952.0,766.64,105.42857142857143,True,True,True
35096A,BLUE VICTORIAN FABRIC HEART BOX,2009-12-02,2010-03-05,0.6742,765.0,272.45,13.285714285714286,False,False,False
35096B,RED VICTORIAN FABRIC HEART BOX,2009-12-02,2010-03-05,0.4675999999999999,293.0,106.49,13.285714285714286,False,False,False
35160,BUDDHA INCENSE HOLDER ASSORTED,2009-12-01,2010-10-12,0.8171428571428571,2180.0,1590.64,45.0,False,False,False
35233,PASTA ENAMEL/BRASS CONTAINER,2009-12-08,2010-05-18,3.75,10.0,37.5,23.0,False,False,False
35240,ENAMEL BLUE RIM OVAL TRAY SET/2,2010-05-27,2010-11-21,8.49,49.0,416.01,25.428571428571427,False,False,False
35241,ENAMEL BLUE RIM BISCUIT BIN,2009-12-02,2011-05-03,6.062538461538462,309.0,1631.42,73.85714285714286,False,True,False
35265,COLOURFUL FLOWER FRUIT BOWL,2010-05-25,2011-10-02,3.453125,21.0,80.0,70.71428571428571,False,True,False
35271S,GOLD PRINT PAPER BAG,2009-12-05,2010-12-02,0.2339999999999999,420.0,85.97,51.714285714285715,False,False,False
35400,WOODEN BOX ADVENT CALENDAR,2009-12-01,2011-11-23,10.473995271867611,1435.0,13999.1,103.14285714285714,True,True,True
35443,RASTA IN BATH W SPLIFF ASHTRAY,2009-12-06,2011-11-24,0.85,16.0,13.6,102.57142857142857,True,True,True
35471A,SET OF 3 BIRD L.BLUE FEATHER,2009-12-01,2010-11-14,1.613529411764706,421.0,499.31,49.714285714285715,False,False,False
35471D,SET OF 3 BIRD LIGHT PINK FEATHER,2009-12-01,2011-12-09,1.2320786516853932,2241.0,1591.86,105.42857142857143,True,True,True
35537,CANDLE RING W/CLEAR BEADS,2009-12-06,2010-05-19,0.42,13.0,5.46,23.428571428571427,False,False,False
35591T,TURQUOISE CHRISTMAS TREE,2010-09-05,2011-11-20,1.25,17.0,21.25,63.0,True,True,True
35594,WOODEN CHRISTMAS TREE 3 HANGING,2009-12-01,2010-10-29,0.9984615384615384,165.0,103.06,47.42857142857143,False,False,False
35596,WOOD XMAS TREE 9 FIG SHELVES,2010-10-12,2010-10-22,0.85,29.0,24.65,1.4285714285714286,False,False,False
35597A,DUSTY PINK CHRISTMAS TREE 30CM,2010-09-06,2010-12-06,1.25,10.0,12.5,13.0,False,False,False
35597B,BLACKCHRISTMAS TREE 30CM,2009-12-13,2010-12-06,1.5514285714285714,78.0,224.1,51.142857142857146,False,False,False
35597D,PINK/WHITE CHRISTMAS TREE 30CM,2009-12-04,2011-09-01,0.5825,58.0,25.28,90.85714285714286,False,True,False
35598A,DUSTY PINK CHRISTMAS TREE 60CM,2009-12-07,2011-11-20,2.9500000000000006,10.0,29.500000000000004,101.85714285714286,True,True,True
35598B,BLACK CHRISTMAS TREE 60CM,2009-12-01,2011-11-30,2.5542105263157895,931.0,874.6500000000001,104.14285714285714,True,True,True
35598C,WHITE CHRISTMAS TREE 60CM,2009-12-18,2011-11-24,2.9500000000000006,3.0,8.850000000000001,100.85714285714286,True,True,True
35598D,PINK/WHITE CHRISTMAS TREE 60CM,2009-12-02,2011-12-04,1.6382524271844658,1727.0,1312.2,104.57142857142857,True,True,True
35599B,BLACK CHRISTMAS TREE 120CM,2009-12-02,2011-12-04,5.7886274509803926,268.0,974.81,104.57142857142857,True,True,True
35599D,PINK AND WHITE CHRISTMAS TREE 120CM,2009-12-01,2011-12-04,4.735631067961165,406.0,1366.48,104.71428571428571,True,True,True
35600D,PINK AND WHITE CHRISTMAS TREE 180CM,2009-12-01,2010-09-28,7.084615384615384,141.0,497.7000000000001,43.0,False,False,False
35603B,S/16 BLACK SHINY/MAT BAUBLES,2009-12-17,2009-12-18,0.42,50.0,21.0,0.14285714285714285,False,False,False
35603C,SET/16 WHITE SHINY & MATT BAUBLES,2009-12-02,2010-11-09,0.6888,83.0,48.3,48.857142857142854,False,False,False
35607A,PINK FLUFFY CHRISTMAS DECORATION,2009-12-11,2011-01-18,0.3312903225806451,554.0,118.43,57.57142857142857,False,True,False
35607B,BLACK FEATHER CHRISTMAS DECORATION,2009-12-11,2011-09-15,0.2788235294117647,312.0,62.3,91.85714285714286,False,True,False
35609A,PINK FEATHER CHRISTMAS DECORATION,2009-12-02,2010-12-10,0.8216666666666667,447.0,133.23,53.285714285714285,False,True,False
35610A,PINK CHRISTMAS FLOCK DROPLET,2009-12-07,2010-12-15,1.5366666666666664,143.0,105.43,53.285714285714285,False,True,False
35610B,BLACK CHRISTMAS FLOCK DROPLET,2009-12-02,2010-12-13,1.1314285714285717,179.0,144.07,53.714285714285715,False,True,False
35610C,WHITE CHRISTMAS FLOCK DROPLET,2009-12-10,2010-12-13,1.46875,94.0,81.56,52.57142857142857,False,True,False
35611B,BLACK ASSORTED DROPLET DECORATION,2009-12-03,2010-11-23,2.23,62.0,45.760000000000005,50.714285714285715,False,False,False
35633B,BLUE TINSEL GARLAND,2009-12-04,2010-11-28,0.19,130.0,24.7,51.285714285714285,False,False,False
35637A,IVORY STRING CURTAIN WITH POLE,2009-12-13,2011-11-27,6.165849056603774,551.0,1445.05,102.0,True,True,True
35637C,PINK STRING CURTAIN WITH POLE,2010-01-14,2011-11-27,6.51,100.0,331.14,97.42857142857143,True,True,True
35638A,PINK AND BLACK STRING CURTAIN,2010-01-25,2011-11-20,3.95,39.0,88.04999999999998,94.85714285714286,True,True,True
35638B,PINK/BLUE STRING CURTAIN,2009-12-09,2011-11-20,6.6036363636363635,118.0,313.28999999999996,101.57142857142857,True,True,True
35644,PAIR PINK/BLACK COATHANGERS,2010-02-03,2010-11-21,1.95,21.0,40.95,41.57142857142857,False,False,False
35645,VINTAGE BEAD PINK JEWEL BOX,2009-12-09,2011-10-20,5.501764705882353,61.0,301.81,97.14285714285714,True,True,True
35646,VINTAGE BEAD PINK EVENING BAG,2009-12-02,2011-12-09,2.324245283018868,642.0,1043.44,105.28571428571429,True,True,True
35647,VINTAGE BEAD PINK SHADE,2009-12-08,2011-03-11,1.7655999999999998,563.0,748.24,65.42857142857143,False,True,False
35648,VINTAGE BEAD PINK PURSE,2009-12-02,2011-12-09,1.7656849315068497,1041.0,1270.93,105.28571428571429,True,True,True
35649,VINTAGE BEAD COSMETIC BAG,2009-12-02,2011-12-08,3.0605555555555557,1826.0,1362.9,105.14285714285714,True,True,True
35650,VINTAGE BEAD PINK JEWEL STAND,2010-06-03,2011-08-01,4.95,3.0,14.85,60.57142857142857,False,True,False
35651,VINTAGE BEAD PINK SCARF,2009-12-02,2011-11-10,3.42234375,459.0,1057.62,101.14285714285714,True,True,True
35652,VINTAGE BEAD CHAISE LONG JEWEL BOX,2009-12-16,2010-03-08,3.625,18.0,21.5,11.714285714285714,False,False,False
35653,VINTAGE BEAD NOTEBOOK,2009-12-02,2011-08-11,3.711681415929203,311.0,982.53,88.14285714285714,False,True,False
35654,VINTAGE BEAD FILLED PINK CUSHION,2010-01-05,2010-08-04,4.95,12.0,59.400000000000006,30.142857142857142,False,False,False
35751C,PURPLE CURRENT CANDLE RING,2009-12-01,2009-12-02,0.47,31.0,12.61,0.14285714285714285,False,False,False
35751D,PINK CURRENT CANDLE RING,2009-12-02,2009-12-02,0.19,28.0,5.32,0.0,False,False,False
35793,S/3 PUPPIES CHRISTMAS DECORATIONS,2009-12-01,2009-12-22,3.776875,108.0,216.33,3.0,False,False,False
35809A,ENAMEL PINK TEA CONTAINER,2009-12-03,2011-06-09,2.4808426966292134,1137.0,1666.78,79.0,False,True,False
35809B,ENAMEL BLUE RIM TEA CONTAINER,2009-12-02,2011-04-11,2.5727272727272728,104.0,227.54,70.71428571428571,False,True,False
35809a,ENAMEL PINK TEA CONTAINER,2010-11-26,2011-05-10,4.154,10.0,41.54,23.571428571428573,False,False,False
35810A,ENAMEL PINK COFFEE CONTAINER,2009-12-03,2011-10-30,2.3456976744186044,1205.0,1604.74,99.42857142857143,True,True,True
35810B,ENAMEL BLUE RIM COFFEE CONTAINER,2009-12-02,2011-11-30,2.2813235294117646,325.0,517.71,104.0,True,True,True
35811A,ENAMEL PINK SUGAR CONTAINER,2009-12-03,2010-10-08,2.913809523809524,434.0,762.97,44.142857142857146,False,False,False
35815B,"ACRYLIC JEWEL SNOWFLAKE,BLUE",2009-12-07,2009-12-15,1.6866666666666663,95.0,43.940000000000005,1.1428571428571428,False,False,False
35815P,"ACRYLIC JEWEL SNOWFLAKE, PINK",2010-10-18,2011-09-26,1.1171428571428572,168.0,75.88000000000001,49.0,False,False,False
35816B,"ACRYLIC JEWEL ANGEL,BLUE",2009-12-16,2010-05-14,1.4,139.0,58.07,21.285714285714285,False,False,False
35816P,"ACRYLIC JEWEL ANGEL,PINK",2010-02-18,2011-08-16,1.143333333333333,297.0,137.43,77.71428571428571,False,True,False
35817B,"ACRYLIC JEWEL SNOWFLAKE,BLUE",2009-12-03,2010-05-14,2.6999999999999997,143.0,61.3,23.142857142857142,False,False,False
35817P,"ACRYLIC JEWEL SNOWFLAKE,PINK",2010-05-14,2011-08-12,1.5945454545454545,420.0,216.7,65.0,False,True,False
35818B,"ACRYLIC JEWEL ICICLE, BLUE",2010-04-13,2011-11-01,1.1527272727272726,408.0,180.05,81.0,True,True,True
35818C,"ACRYLIC JEWEL ICICLE, CLEAR",2009-12-14,2009-12-14,3.43,1.0,3.43,0.0,False,False,False
35818P,"ACRYLIC JEWEL ICICLE, PINK",2010-05-14,2011-12-05,0.9732,559.0,242.15,81.42857142857143,True,True,True
35819B,"ACRYLIC HANGING JEWEL,BLUE",2009-12-14,2011-11-30,0.712,385.0,192.3,102.28571428571429,True,True,True
35819P,"ACRYLIC HANGING JEWEL,PINK",2011-09-16,2011-11-13,0.5042857142857143,95.0,66.55,8.285714285714286,True,False,False
35821B,"JEWELLED DECORATION,BLUE",2009-12-10,2010-04-08,0.38,150.0,57.0,17.0,False,False,False
35821P,"JEWELLED DECORATION,PINK",2009-12-02,2009-12-15,2.95,2.0,5.9,1.8571428571428572,False,False,False
35822B,"ACRYLIC BEAD CHAIN, BLUE",2010-01-27,2010-01-27,0.38,229.0,87.02,0.0,False,False,False
35822P,"ACRYLIC BEAD CHAIN, PINK",2010-01-27,2010-01-27,0.38,114.0,43.32,0.0,False,False,False
35823P,"ACRYLIC BEAD GARLAND,PINK",2010-02-21,2010-07-15,2.95,2.0,5.9,20.571428571428573,False,False,False
35824B,"HANGING FLOWERS+MIRROR,BLUE",2009-12-10,2010-05-14,0.8133333333333334,528.0,203.24,22.142857142857142,False,False,False
35824C,"HANGING FLOWERS+MIRROR,CLEAR",2009-12-03,2010-04-08,0.935,235.0,117.05,18.0,False,False,False
35824P,"HANGING FLOWERS+MIRROR,PINK",2010-03-22,2010-04-23,0.75,324.0,136.44,4.571428571428571,False,False,False
35832,WOOLLY HAT SOCK GLOVE ADVENT STRING,2009-12-01,2010-11-04,3.706736842105264,1737.0,5341.85,48.285714285714285,False,False,False
35833G,4 GOLD FLOCK CHRISTMAS BALLS,2009-12-06,2010-12-06,1.657058823529412,134.0,220.66,52.142857142857146,False,True,False
35833P,4 PINK FLOCK CHRISTMAS BALLS,2009-12-06,2011-11-24,2.33578125,185.0,342.17,102.57142857142857,True,True,True
35837,SET OF SIX SILVER+RED FLOCK BAUBLES,2009-12-10,2009-12-10,0.85,2.0,1.7,0.0,False,False,False
35838A,S/6 MULTICOLOUR ORNAMENETAL CANDLE,2009-12-07,2010-09-29,1.175,180.0,184.4,42.285714285714285,False,False,False
35838B,S/6 SILVER ORNAMENETAL CANDLE,2009-12-09,2010-09-28,0.85,100.0,85.0,41.857142857142854,False,False,False
35840,FLAT GLASS  BAUBLE WHITE FLOCK,2009-12-04,2009-12-23,3.7590909090909097,45.0,107.13,2.7142857142857144,False,False,False
35909A,RABBIT EASTER DECORATION,2010-02-23,2011-04-26,2.95,20.0,59.00000000000001,61.0,False,True,False
35909B,PINK FLOWERS RABBIT EASTER,2009-12-06,2011-06-14,2.95,16.0,47.2,79.28571428571429,False,True,False
35910A,MULTICOLOUR EASTER RABBIT,2009-12-13,2011-03-28,1.9499999999999995,53.0,103.35,67.14285714285714,False,True,False
35910B,PINK FLOWERS RABBIT EASTER,2010-01-07,2011-11-06,2.515,29.0,61.07,95.42857142857143,True,True,True
35911A,MULTICOLOUR RABBIT EGG WARMER,2009-12-02,2011-11-04,1.5051546391752575,388.0,466.69,100.28571428571429,True,True,True
35911B,PINK/FLOWER RABBIT EGG WARMER,2009-12-11,2011-03-22,1.50125,159.0,184.76,66.57142857142857,False,True,False
35912B,WHITE/PINK CHICK DECORATION,2010-01-07,2011-10-30,1.850666666666667,288.0,355.58000000000004,94.42857142857143,True,True,True
35913B,WHITE/PINK CHICK EASTER DECORATION,2010-01-07,2011-11-06,1.065217391304348,100.0,92.39,95.42857142857143,True,True,True
35914,PINK CHICK EGG WARMER + EGG CUP,2009-12-02,2011-10-19,1.637758620689655,243.0,336.58,98.0,True,True,True
35915A,CREAM KNITTED HEN,2009-12-18,2009-12-18,1.27,288.0,365.76,0.0,False,False,False
35915B,BLUE KNITTED HEN,2009-12-18,2011-09-23,1.2102941176470587,563.0,713.7299999999999,92.0,False,True,False
35915C,PEACH KNITTED HEN,2009-12-03,2011-04-18,1.3530487804878046,662.0,793.3199999999999,71.57142857142857,False,True,False
35916A,YELLOW FELT HANGING HEART W FLOWER,2009-12-07,2011-10-18,1.015681818181818,129.0,112.04,97.14285714285714,True,True,True
35916B,BLUE FELT HANGING HEART W FLOWER,2009-12-01,2011-10-18,0.9663043478260868,132.0,119.67,98.0,True,True,True
35916C,PINK FELT HANGING HEART W FLOWER,2009-12-01,2011-10-18,1.220952380952381,157.0,167.54999999999998,98.0,True,True,True
35918B,BLUE FLORIBUNDA EGG WARMER,2009-12-02,2010-02-23,1.25,10.0,12.5,11.857142857142858,False,False,False
35920,FOUR RABBIT EASTER DECORATIONS,2010-01-27,2011-04-19,1.6679166666666667,1070.0,296.34,63.857142857142854,False,True,False
35921,EASTER BUNNY HANGING GARLAND,2010-01-22,2011-04-19,2.8282,183.0,330.32,64.57142857142857,False,True,False
35922,EASTER BUNNY WREATH,2009-12-22,2011-04-08,7.111666666666666,97.0,575.99,67.42857142857143,False,True,False
35923,CANDY HEART HANGING DECORATION,2009-12-08,2011-12-01,1.2692920353982302,1545.0,1023.77,103.28571428571429,True,True,True
35924,HANGING FAIRY CAKE DECORATION,2009-12-01,2011-12-08,2.7565104166666665,2164.0,4049.4,105.28571428571429,True,True,True
35930,PINK HEART CHRISTMAS DECORATION,2009-12-16,2009-12-16,0.38,1.0,0.38,0.0,False,False,False
35931,PINK STAR CHRISTMAS DECORATION,2009-12-01,2010-11-12,0.4846666666666666,156.0,78.12,49.42857142857143,False,False,False
35932,PINK CHRISTMAS TREE DECORATION,2009-12-04,2010-11-12,0.537,37.0,15.63,49.0,False,False,False
35933,PINK STOCKING CHRISTMAS DECORATION,2009-12-01,2011-11-06,0.6982142857142858,319.0,131.38,100.71428571428571,True,True,True
35936,CERISE+GOLD CHRISTMAS TREE DEC,2009-12-11,2010-10-17,0.38,36.0,13.68,44.285714285714285,False,False,False
35937,CERISE+GOLD CHRISTMAS STOCKING DEC,2009-12-15,2010-10-18,0.38,188.0,71.44,43.857142857142854,False,False,False
35945,GOLD CHRISTMAS STOCKING DECORATION,2009-12-18,2009-12-18,1.95,1.0,1.95,0.0,False,False,False
35950,FOLKART HEART CHRISTMAS DECORATIONS,2010-03-03,2010-03-03,1.25,1.0,1.25,0.0,False,False,False
35951,FOLKART BAUBLE CHRISTMAS DECORATION,2009-12-01,2010-11-25,1.1871739130434782,1352.0,717.99,51.285714285714285,False,False,False
35953,FOLKART STAR CHRISTMAS DECORATIONS,2009-12-03,2011-12-09,0.7825316455696203,3868.0,2007.22,105.14285714285714,True,True,True
35954,SMALL FOLKART STAR CHRISTMAS DEC,2009-12-01,2011-11-09,1.2202678571428571,2181.0,850.49,101.14285714285714,True,True,True
35955,SMALL FOLKART CHRISTMAS TREE DEC,2009-12-01,2010-05-13,0.374,135.0,34.620000000000005,23.285714285714285,False,False,False
35957,SMALLFOLKART BAUBLE CHRISTMAS DEC,2009-12-01,2011-01-13,1.2358108108108108,3565.0,1254.9,58.285714285714285,False,True,False
35958,FOLKART ZINC STAR CHRISTMAS DEC,2009-12-03,2010-12-09,0.9695180722891568,1131.0,984.63,53.0,False,True,False
35961,FOLKART ZINC HEART CHRISTMAS DEC,2009-12-01,2011-12-08,1.1431424148606812,11430.0,9514.78,105.28571428571429,True,True,True
35962,12 ASS ZINC CHRISTMAS DECORATIONS,2009-12-01,2010-10-20,2.8220833333333335,581.0,1351.7800000000002,46.142857142857146,False,False,False
35963,FOLKART ZINC CLIP ON ANGEL WINGS,2009-12-16,2010-09-22,0.38,101.0,38.38,40.0,False,False,False
35964,FOLKART CLIP ON STARS,2009-12-04,2011-12-09,1.1159701492537313,1187.0,689.76,105.0,True,True,True
35965,FOLKART HEART NAPKIN RINGS,2009-12-01,2011-11-15,3.2986781609195406,629.0,1423.63,102.0,True,True,True
35966,FOLKART CHRISTMAS TREE T-LIGHT HOLD,2009-12-02,2011-08-24,0.6815384615384615,255.0,111.34,90.0,False,True,False
35967,FOLK ART METAL STAR T-LIGHT HOLDER,2009-12-02,2011-12-08,0.765625,936.0,488.51,105.14285714285714,True,True,True
35968,FOLK ART METAL HEART T-LIGHT HOLDER,2009-12-02,2011-11-01,0.6993421052631579,761.0,363.34,99.85714285714286,True,True,True
35969,FOLKART CROWN TABLE DECORATIONS,2009-12-02,2010-11-18,1.9160526315789477,523.0,542.47,50.142857142857146,False,False,False
35970,ZINC FOLKART SLEIGH BELLS,2010-03-19,2011-12-09,2.25901269393512,8375.0,15072.58,90.0,True,True,True
35971,ROSE FOLKART HEART DECORATIONS,2009-12-01,2011-12-05,1.7866222222222223,1963.0,1947.74,104.85714285714286,True,True,True
35972,DAISY FOLKART HEART DECORATION,2009-12-04,2011-11-06,1.757954545454545,440.0,611.38,100.28571428571429,True,True,True
35973,GERANIUM FOLKART HEART DECORATION,2009-12-09,2010-03-21,1.25,49.0,61.25,14.571428571428571,False,False,False
35974,S/6 CHRISTMAS TREE PLACE SETTING,2009-12-16,2009-12-16,3.75,1.0,3.75,0.0,False,False,False
35976B,WHITE SCANDINAVIAN HEART CHRISTMAS,2009-12-06,2009-12-06,1.25,1.0,1.25,0.0,False,False,False
35979,SIX STRING SCANDINAVIAN HEART DECS,2009-12-01,2010-04-09,3.823571428571429,94.0,311.03000000000003,18.428571428571427,False,False,False
35980B,RED TOP SCANDINAVIAN HEART,2009-12-18,2010-05-16,0.38,4.0,1.52,21.285714285714285,False,False,False
35980C,REDWHITE STRIPE SCANDINAVIAN HEART,2009-12-14,2010-10-13,0.4555172413793103,377.0,147.64,43.285714285714285,False,False,False
35981C,WHITE SNOW SCANDINAVIAN STOCKING,2009-12-02,2010-10-17,0.6566666666666667,589.0,297.62,45.57142857142857,False,False,False
35991,SET/6 BLACK SNOWFLAKE T-LIGHTS,2009-12-01,2010-11-17,0.8748214285714286,402.0,232.08,50.142857142857146,False,False,False
35995,SET/6 BLACK GLITTER REINDEER CANDLE,2009-12-01,2009-12-23,0.756,5.0,3.78,3.142857142857143,False,False,False
35999,S/6 SCANDINAVIAN HEART T-LIGHT,2009-12-13,2009-12-13,2.55,1.0,2.55,0.0,False,False,False
37112,YELLOW BIRDS FELT DES FOODCOVER,2009-12-04,2010-02-02,3.75,10.0,37.5,8.571428571428571,False,False,False
37326,FAIRY DESIGN MUGS,2010-01-11,2010-03-29,2.3049999999999997,2.0,4.609999999999999,11.0,False,False,False
37327,ASSTD MULTICOLOUR CIRCLES MUG,2009-12-02,2011-11-10,1.642197802197802,1739.0,1051.69,101.14285714285714,True,True,True
37330,SPOTS MUG,2010-01-11,2011-03-22,2.306785714285714,517.0,927.46,62.142857142857146,False,True,False
37333,"RETRO ""TEA FOR ONE""",2009-12-03,2011-05-03,6.922586206896551,145.0,805.1,73.71428571428571,False,True,False
37340,MULTICOLOUR SPRING FLOWER MUG,2009-12-01,2011-12-08,3.3486341463414635,13665.0,3881.33,105.28571428571429,True,True,True
37342,SPOTTY COFFEE CUP & SAUCER,2009-12-07,2011-09-02,2.103712121212121,1629.0,1731.4,90.57142857142857,False,True,False
37343,SPOTS DESIGN MUG W PINK INSIDE,2009-12-01,2011-03-09,2.08451923076923,1110.0,1759.04,66.14285714285714,False,True,False
37345,ASSTD HEARTS DESIGN MUGS,2009-12-03,2010-01-07,4.038888888888889,321.0,561.05,5.0,False,False,False
37348,SET OF 4 PASTEL STACKING MUGS,2009-12-02,2010-03-31,2.55,14.0,35.7,17.0,False,False,False
37351,ORANGE FLOWER MUG,2009-12-22,2011-03-20,3.753636363636363,5404.0,612.5099999999999,64.71428571428571,False,True,False
37352,BIRD IN TREE MUG,2009-12-17,2010-11-01,1.10625,4643.0,504.55,45.57142857142857,False,False,False
37370,RETRO COFFEE MUGS ASSORTED,2009-12-01,2011-11-22,5.550721442885772,7145.0,10821.29,103.0,True,True,True
37379A,PINK CHERRY BLOSSOM CUP & SAUCER,2009-12-02,2011-01-19,7.996874999999999,41.0,159.2,59.0,False,True,False
37379B,BLUE CHERRY BLOSSOM CUP & SAUCER,2010-03-04,2010-03-23,0.8833333333333333,1122.0,181.5,2.7142857142857144,False,False,False
37399,"ASS RETROSPOOF MUGS,SPORTS",2009-12-13,2009-12-22,0.9733333333333332,143.0,75.0,1.2857142857142858,False,False,False
37408,ASSORTED DESIGN GEISHA GIRL MUGS,2009-12-04,2009-12-04,1.25,5.0,6.25,0.0,False,False,False
37409,ASSORTED DESIGN FLOWER MUGS,2010-01-14,2010-04-11,0.85,7.0,5.949999999999999,12.428571428571429,False,False,False
37410,BLACK AND WHITE PAISLEY FLOWER MUG,2009-12-01,2010-04-07,7.556969696969697,25707.0,3288.65,18.142857142857142,False,False,False
37413,ICON MUG REVOLUTIONARY,2011-02-07,2011-12-05,0.4107228915662651,703.0,284.49,43.0,True,False,False
37422,WHITE WITH BLACK CATS BOWL,2009-12-01,2010-05-26,1.3546575342465754,434.0,292.08,25.142857142857142,False,False,False
37423,WHITE WITH BLACK CATS PLATE,2009-12-02,2011-03-18,1.330285714285714,6168.0,843.88,67.28571428571429,False,True,False
37424,WHITE WITH BLACK CATS MUG,2009-12-01,2010-11-21,1.2837037037037036,5249.0,1134.68,50.714285714285715,False,False,False
37432,MUG PINK AND PURPLE ARABIC DESIGN,2009-12-08,2009-12-08,0.65,6.0,3.9,0.0,False,False,False
37438,FUNKY FLOWER COFFEE POT,2009-12-13,2009-12-13,3.75,1.0,3.75,0.0,False,False,False
37441,ASSORTED WHITE EMBOSSED CHINA MUGS,2009-12-03,2010-08-02,5.037777777777778,700.0,1639.8000000000002,34.57142857142857,False,False,False
37444A,YELLOW BREAKFAST CUP AND SAUCER,2009-12-01,2011-07-13,3.199767441860465,2709.0,563.43,84.14285714285714,False,True,False
37444B,BLUE BREAKFAST CUP AND SAUCER,2009-12-01,2011-03-28,3.815,2010.0,409.6,68.85714285714286,False,True,False
37444C,PINK BREAKFAST CUP AND SAUCER,2009-12-01,2011-03-28,4.633888888888889,1654.0,673.72,68.85714285714286,False,True,False
37446,MINI CAKE STAND WITH HANGING CAKES,2009-12-01,2011-12-06,1.8811084337349395,3691.0,5332.25,105.0,True,True,True
37447,CERAMIC CAKE DESIGN SPOTTED PLATE,2009-12-01,2011-12-08,1.988224043715847,2891.0,4540.849999999999,105.28571428571429,True,True,True
37448,CERAMIC CAKE DESIGN SPOTTED MUG,2009-12-01,2011-12-08,1.8049816176470588,4549.0,6827.21,105.28571428571429,True,True,True
37449,CERAMIC CAKE STAND + HANGING CAKES,2009-12-01,2011-12-07,11.180564853556485,2382.0,22333.3,105.14285714285714,True,True,True
37450,CERAMIC CAKE BOWL + HANGING CAKES,2009-12-01,2011-12-08,3.4510804020100503,2444.0,7023.14,105.28571428571429,True,True,True
37451,CERAMIC CAKE TEAPOT WITH CHERRY,2010-02-07,2010-02-07,4.95,1.0,4.95,0.0,False,False,False
37461,FUNKY MONKEY MUG,2009-12-01,2010-12-05,1.61,742.0,778.64,52.714285714285715,False,True,False
37462B,"PET MUG, BUDGIE",2009-12-01,2010-10-12,0.754375,170.0,87.28,45.0,False,False,False
37462E,"PET MUG, GOLDFISH",2010-01-10,2011-12-05,0.6485714285714286,107.0,47.12,99.14285714285714,True,True,True
37464,ROBOT MUG IN DISPLAY BOX,2009-12-01,2010-12-17,1.7680722891566265,316.0,431.18,54.42857142857143,False,True,False
37467,PIG MUG IN TWO COLOUR DESIGNS,2009-12-02,2011-10-10,2.58890625,273.0,328.51,96.71428571428571,False,True,False
37468,HARDMAN MUG 3 ASSORTED,2009-12-18,2011-10-19,1.422857142857143,65.0,39.81,95.71428571428571,True,True,True
37471,MULTICOLOUR DOTS PLATE,2009-12-22,2011-10-12,3.6599999999999993,1405.0,197.85,94.14285714285714,False,True,False
37474,SET/4 2 TONE EGG SHAPE MIXING BOWLS,2009-12-02,2010-12-06,10.81222222222222,63.0,651.05,52.714285714285715,False,True,False
37475,SET/4 COLOURFUL MIXING BOWLS,2009-12-14,2011-12-02,10.565833333333332,116.0,1160.56,102.57142857142857,True,True,True
37476,CONDIMENT TRAY 4 BOWLS AND 4 SPOONS,2009-12-02,2011-10-20,11.156538461538462,209.0,2010.6,98.14285714285714,True,True,True
37477B,"FLOWER FAIRY MUG+COASTER,LAVENDER",2009-12-02,2010-11-22,3.75,11.0,41.25,50.714285714285715,False,False,False
37477C,"FLOWER FAIRY MUG+COASTER,ROSE",2010-11-23,2010-11-23,3.75,6.0,22.5,0.0,False,False,False
37479B,CUBIC MUG FLOCK BLUE ON BROWN,2010-01-11,2011-06-15,3.110625,1253.0,1095.85,74.28571428571429,False,True,False
37479P,CUBIC MUG FLOCK PINK ON BROWN,2010-06-11,2011-11-08,2.251714285714286,170.0,160.08,73.57142857142857,True,True,True
37481,CUBIC MUG TEATIME CAKES,2010-06-06,2010-06-06,2.55,6.0,15.3,0.0,False,False,False
37482B,CUBIC MUG BLUE POLKA DOT,2009-12-05,2010-08-01,5.19,1251.0,1127.91,34.142857142857146,False,False,False
37482P,CUBIC MUG PINK POLKA DOT,2009-12-02,2011-04-13,4.041190476190476,667.0,906.31,71.0,False,True,False
37482b,CUBIC MUG BLUE POLKA DOT,2009-12-22,2009-12-22,17.35,1.0,17.35,0.0,False,False,False
37482p,CUBIC MUG PINK POLKA DOT,2009-12-01,2009-12-22,17.35,2.0,34.7,3.0,False,False,False
37483,ENGLISH ROSE MUG IN GIFT BOX,2010-05-16,2010-06-08,2.46,143.0,232.89,3.2857142857142856,False,False,False
37484,ENGLISH ROSE TEA FOR ONE GIFT BOX,2009-12-08,2009-12-08,6.75,1.0,6.75,0.0,False,False,False
37485,ENGLISH ROSE TEA SET IN GIFT BOX,2009-12-01,2010-02-22,4.5975,49.0,207.69,11.857142857142858,False,False,False
37487B,YELLOW/ORANGE FLOWER DESIGN PLATE,2011-04-11,2011-04-13,0.29,68.0,19.72,0.2857142857142857,False,False,False
37488A,YELLOW PINK FLOWER DESIGN BIG BOWL,2010-02-23,2011-04-13,1.414,31.0,19.770000000000003,59.142857142857146,False,True,False
37489A,YELLOW/PINK FLOWER DESIGN BIG MUG,2009-12-13,2011-11-21,1.2283333333333333,46.0,46.56,101.14285714285714,True,True,True
37489B,BLUE/YELLOW FLOWER DESIGN BIG MUG,2010-02-12,2011-11-21,1.0323529411764707,38.0,30.42,92.42857142857143,True,True,True
37489C,GREEN/BLUE FLOWER DESIGN BIG MUG,2009-12-01,2011-09-14,1.5541666666666665,27.0,26.06,93.14285714285714,False,True,False
37489D,PINK/GREEN FLOWER DESIGN BIG MUG,2010-01-14,2011-12-05,0.7614285714285715,46.0,28.86,98.57142857142857,True,True,True
37491A,YELLOW/PINK CERAMIC CANDLE HOLDER,2009-12-15,2011-10-31,2.6915384615384617,18.0,48.3,97.85714285714286,True,True,True
37491B,BLUE/YELLOW CERAMIC CANDLE HOLDER,2010-01-11,2011-07-18,2.3,14.0,30.08,79.0,False,True,False
37491C,GREEN/BLUE CERAMIC CANDLE HOLDER,2009-12-11,2011-07-18,2.163,58.0,167.52,83.42857142857143,False,True,False
37491D,PURPLE/BLUE CERAMIC CANDLE HOLDER,2010-01-27,2011-07-18,2.696923076923077,26.0,63.28,76.71428571428571,False,True,False
37492A,YELLOW RED FLOWER PIGGY BANK,2009-12-01,2009-12-23,4.274545454545454,108.0,216.07,3.142857142857143,False,False,False
37492B,BLUE YELLOW FLOWER PIGGY BANK,2009-12-02,2010-10-05,3.6697727272727274,489.0,946.72,43.857142857142854,False,False,False
37492C,GREEN BLUE FLOWER PIGGY BANK,2009-12-01,2010-05-18,3.81,242.0,477.2999999999999,24.0,False,False,False
37492D,PURPLE GREEN FLOWER PIGGY BANK,2009-12-04,2010-05-21,4.201538461538462,361.0,682.9899999999999,24.0,False,False,False
37494A,FAIRY CAKE CERAMIC BUTTER DISH,2009-12-02,2010-04-01,4.476274509803922,237.0,793.44,17.142857142857142,False,False,False
37494a,FAIRY CAKE CERAMIC BUTTER DISH,2009-12-22,2009-12-22,6.04,4.0,24.16,0.0,False,False,False
37495,FAIRY CAKE BIRTHDAY CANDLE SET,2009-12-04,2011-12-08,4.146737160120845,1560.0,5732.6,104.85714285714286,True,True,True
37500,TEA TIME TEAPOT IN GIFT BOX,2009-12-01,2011-12-09,9.145227272727272,881.0,6787.46,105.42857142857143,True,True,True
37501,TEA TIME TEA SET IN GIFT BOX,2009-12-02,2011-08-10,7.300000000000001,481.0,3401.15,88.0,False,True,False
37502,TEA TIME MUG IN GIFT BOX,2009-12-01,2010-07-30,3.311387283236994,868.0,2599.79,34.42857142857143,False,False,False
37503,TEA TIME CAKE STAND IN GIFT BOX,2009-12-01,2010-08-01,11.723193116634798,2465.0,25428.33,34.714285714285715,False,False,False
37506,NEW ENGLAND MILK JUG W GIFT BOX,2009-12-02,2010-08-24,5.950000000000001,32.0,190.4,37.857142857142854,False,False,False
37508,NEW ENGLAND CERAMIC CAKE SERVER,2009-12-01,2010-08-24,2.60695652173913,89.0,229.57,38.0,False,False,False
37509,NEW ENGLAND MUG W GIFT BOX,2010-03-22,2010-12-06,2.55,28.0,71.39999999999999,37.0,False,False,False
40001,WHITE BAMBOO RIBS LAMPSHADE,2009-12-06,2011-11-13,1.0641322314049586,2484.0,1911.65,101.0,True,True,True
40002,WHITE BAMBOO RIBS LAMPSHADE,2009-12-18,2009-12-18,0.85,78.0,66.3,0.0,False,False,False
40003,WHITE BAMBOO RIBS LAMPSHADE,2009-12-18,2011-06-06,1.524166666666667,1150.0,1257.02,76.42857142857143,False,True,False
40005B,BLUE ORGANDY ROUND LAMPSHADE W BEA,2010-03-25,2011-11-22,0.8499999999999999,33.0,28.05,86.71428571428571,True,True,True
40016,CHINESE DRAGON PAPER LANTERNS,2009-12-01,2011-09-21,1.9042857142857144,15435.0,5487.3099999999995,94.14285714285714,False,True,False
40018E,TEA TIME PAPER LANTERNS,2009-12-01,2010-07-25,2.8451851851851853,384.0,837.02,33.714285714285715,False,False,False
40018F,CHERRY DESIGN PAPERLANTERNS,2009-12-01,2010-09-05,2.2838655462184874,1092.0,2100.33,39.714285714285715,False,False,False
40046A,RED DAISY PAPER LAMPSHADE,2009-12-02,2011-10-17,1.7974193548387096,355.0,472.07,97.71428571428571,True,True,True
40046C,PINK BUTTERFLY PAPER LAMPSHADE,2009-12-06,2009-12-16,1.25,3.0,3.75,1.4285714285714286,False,False,False
44089A,PINK GAUZE BUTTERFLY LAMPSHADE,2010-02-04,2011-11-27,0.42,40.0,16.8,94.42857142857143,True,True,True
44089C,LILAC GAUZE BUTTERFLY LAMPSHADE,2010-02-04,2011-09-23,0.42,68.0,28.56,85.14285714285714,False,True,False
44091A,BLUE CRUSOE CHECK LAMPSHADE,2010-03-26,2011-07-20,0.42,18.0,7.56,68.71428571428571,False,True,False
44091C,MULTICOLOUR CRUSOE CHECK LAMPSHADE,2009-12-17,2010-08-04,0.5682352941176471,61.0,30.66,32.857142857142854,False,False,False
44092B,BLUE WHITE PLASTIC RINGS LAMPSHADE,2010-07-18,2011-09-05,0.85,15.0,12.75,59.142857142857146,False,True,False
44092C,PURPLE/COPPER HANGING LAMPSHADE,2009-12-18,2011-10-20,0.85,23.0,19.55,95.85714285714286,True,True,True
44217M,MULTICOLOUR FEATHERS CURTAIN,2010-02-15,2010-02-15,3.616666666666667,72.0,236.40000000000003,0.0,False,False,False
44228,CANNABIS LEAF BEAD CURTAIN,2010-11-18,2011-08-23,0.85,48.0,40.8,39.714285714285715,False,False,False
44230,SQUARE MIRROR CURTAIN,2009-12-01,2010-10-10,9.157547169811322,347.0,3381.6200000000003,44.714285714285715,False,False,False
44234,ASSORTED CIRCULAR MOBILE,2009-12-14,2011-12-09,0.3788524590163934,1213.0,260.39,103.57142857142857,True,True,True
44235,ASS COL CIRCLE MOBILE,2010-01-13,2011-12-07,0.415,816.0,303.84,99.0,True,True,True
44236,PINK/PURPLE CIRCLE CURTAIN,2010-01-24,2011-08-21,2.868461538461539,64.0,112.32,82.0,False,True,False
44241C,BLUE BUTTERFLY ON SPRING,2010-01-25,2010-08-04,0.85,70.0,59.5,27.285714285714285,False,False,False
44242A,LILAC FEATHERS CURTAIN,2010-03-25,2011-07-10,1.02,14.0,11.98,67.42857142857143,False,True,False
44242B,PINK FEATHERS CURTAIN,2009-12-06,2011-09-26,1.1477777777777778,109.0,121.53,94.14285714285714,False,True,False
44265,M/COLOUR POM-POM CURTAIN,2009-12-08,2011-02-10,4.25,8.0,34.0,61.285714285714285,False,True,False
45008C,DECORATIVE NET CANOPY CREAM,2009-12-03,2010-07-14,12.162647058823527,83.0,792.0699999999999,31.857142857142858,False,False,False
45013,FOLDING SHOE TIDY,2010-05-12,2011-10-23,2.9000000000000004,48.0,132.0,75.57142857142857,True,True,True
45014,FOLDING SHIRT TIDY,2010-07-15,2010-07-15,4.65,1.0,4.65,0.0,False,False,False
45016,DECORATIVE NET CANOPY LEOPARD,2009-12-14,2010-09-09,5.946923076923077,101.0,423.73,38.42857142857143,False,False,False
46000M,POLYESTER FILLER PAD 45x45cm,2009-12-01,2011-12-07,1.55,2517.0,3901.35,105.14285714285714,True,True,True
46000P,POLYESTER FILLER PAD 65CMx65CM,2009-12-01,2011-09-04,4.25,213.0,905.25,91.71428571428571,False,True,False
46000R,POLYESTER FILLER PAD 45x30cm,2010-01-26,2011-12-07,1.45,243.0,352.34999999999997,97.14285714285714,True,True,True
46000S,POLYESTER FILLER PAD 40x40cm,2009-12-01,2011-12-08,1.45,3471.0,5032.95,105.28571428571429,True,True,True
46000U,POLYESTER FILLER PAD 30CMx30CM,2009-12-03,2011-12-04,1.25,251.0,313.75,104.42857142857143,True,True,True
46037A,PINK CANVAS DES CUSHION COVER,2010-05-25,2010-08-12,1.25,6.0,7.5,11.285714285714286,False,False,False
46115B,GREEN POP ART MAO CUSHION COVER,2010-05-11,2011-03-04,0.1899999999999999,286.0,54.34,42.42857142857143,False,False,False
46118,FUNKY MONKEY CUSHION COVER,2009-12-03,2011-12-09,3.027945205479452,373.0,513.58,105.14285714285714,True,True,True
46126A,ELVIS WALLHANGING / CURTAIN,2009-12-03,2011-05-18,1.5891666666666666,317.0,419.99,75.85714285714286,False,True,False
46137D,GREEN CHENILLE SHAGGY RUG,2010-01-29,2010-03-19,2.95,45.0,132.75,7.0,False,False,False
46138B,BLUE CHENILLE SHAGGY CUSHION COVER,2009-12-07,2011-11-13,2.678,71.0,156.29,100.85714285714286,True,True,True
46138D,GREEN CHENILLE SHAGGY C/COVER,2010-03-25,2010-03-25,1.95,1.0,1.95,0.0,False,False,False
46307,ROSES BLUE BASE CUSHION COVER,2009-12-21,2010-07-29,5.2645454545454555,51.0,246.03,31.428571428571427,False,False,False
46775A,BUBBLE GUM CHUNKY KNITTED THROW,2009-12-02,2010-02-24,14.045,83.0,1044.23,12.0,False,False,False
46775B,BERRIES CHUNKY KNITTED THROW,2009-12-02,2009-12-10,16.95,5.0,84.75,1.1428571428571428,False,False,False
46775D,SUNSET COLOUR CHUNKY KNITTED THROW,2009-12-13,2011-12-05,12.674,153.0,1938.19,103.14285714285714,True,True,True
46775E,CANDY POP CHUNKY KNITTED THROW,2009-12-11,2010-09-12,13.26686274509804,101.0,1282.9,39.285714285714285,False,False,False
46776A,WOVEN BUBBLE GUM CUSHION COVER,2009-12-04,2011-12-09,4.361487603305785,406.0,1283.23,105.0,True,True,True
46776B,WOVEN BERRIES CUSHION COVER,2009-12-03,2011-12-09,4.262352941176471,428.0,1369.23,105.14285714285714,True,True,True
46776C,WOVEN FROST CUSHION COVER,2009-12-10,2011-12-09,4.324742268041237,258.0,905.1,104.14285714285714,True,True,True
46776D,WOVEN SUNSET CUSHION COVER,2009-12-04,2011-12-09,4.279605263157895,153.0,658.07,105.0,True,True,True
46776E,WOVEN CANDY CUSHION COVER,2010-01-04,2011-12-09,4.191948051948051,205.0,662.1,100.57142857142857,True,True,True
46776F,WOVEN ROSE GARDEN CUSHION COVER,2009-12-03,2011-12-09,4.206687898089172,487.0,1675.73,105.14285714285714,True,True,True
46776a,WOVEN BUBBLE GUM CUSHION COVER,2011-10-31,2011-10-31,4.13,5.0,20.65,0.0,True,False,False
46776b,WOVEN BERRIES CUSHION COVER,2011-10-31,2011-10-31,4.13,1.0,4.13,0.0,True,False,False
46776e,WOVEN CANDY CUSHION COVER,2011-10-31,2011-10-31,4.13,1.0,4.13,0.0,True,False,False
46776f,WOVEN ROSE GARDEN CUSHION COVER,2011-10-31,2011-10-31,4.13,7.0,28.91,0.0,True,False,False
47013A,WINE BOTTLE DRESSING LT.BLUE,2009-12-16,2011-04-19,0.2764,141.0,39.87,69.85714285714286,False,True,False
47013C,WINE BOTTLE DRESSING DARK BLUE,2009-12-04,2011-06-20,0.35,147.0,40.52,80.42857142857143,False,True,False
47016,LIGHT DECORATION BATTERY OPERATED,2009-12-07,2011-11-01,2.1,31.0,65.10000000000001,99.14285714285714,True,True,True
47021G,SET/6 BEAD COASTERS GAUZE BAG GOLD,2009-12-01,2011-06-23,2.199577464788732,713.0,541.96,81.28571428571429,False,True,False
47310M,"SMALL POP BOX,FUNKY MONKEY",2009-12-09,2011-12-09,1.6646820809248557,746.0,1004.94,104.28571428571429,True,True,True
47341A,FUSCHIA TABLE RUN FLOWER,2010-09-13,2011-06-08,2.3214285714285716,29.0,46.25,38.285714285714285,False,False,False
47341B,BLUE TABLE RUN FLOWER,2009-12-09,2011-11-30,1.7857142857142858,48.0,67.5,103.0,True,True,True
47343A,FUSCHIA FLOWER PURSE WITH BEADS,2009-12-17,2011-08-07,1.1875,200.0,206.26,85.42857142857143,False,True,False
47344B,BLUE FLOWER DES PURSE,2009-12-17,2011-06-02,1.082,54.0,56.16,76.0,False,True,False
47347B,BLUE FLOWER T-LIGHT HOLDER,2009-12-07,2010-03-08,1.64,240.0,179.88,13.0,False,False,False
47348A,FUSCHIA VOILE POINTY SHOE DEC,2010-04-11,2011-09-01,0.78,103.0,62.01,72.57142857142857,False,True,False
47351B,BLUE  VOILE LAMPSHADE,2009-12-06,2011-11-06,2.9214285714285717,98.0,269.90000000000003,100.0,True,True,True
47367B,PAIR PADDED HANGERS PINK CHECK,2009-12-14,2011-10-26,3.528854166666666,242.0,834.95,97.28571428571429,True,True,True
47369A,PINK GREEN EMBROIDERY COSMETIC BAG,2010-03-08,2011-12-01,3.0524,48.0,140.4,90.42857142857143,True,True,True
47369B,BLUE GREEN EMBROIDERY COSMETIC BAG,2009-12-13,2011-12-01,3.187241379310345,54.0,153.18,102.57142857142857,True,True,True
47420,ASSORTED COLOUR SUCTION CUP HOOK,2009-12-02,2011-12-04,0.19,358.0,68.02000000000001,104.57142857142857,True,True,True
47421,ASSORTED COLOUR LIZARD SUCTION HOOK,2010-02-07,2011-12-08,0.4148148148148148,1463.0,572.6999999999999,95.57142857142857,True,True,True
47422,ASSORTED MONKEY SUCTION CUP HOOK,2010-02-07,2011-12-01,0.4140845070422535,1177.0,458.34,94.57142857142857,True,True,True
47469,ASSORTED SHAPES PHOTO CLIP SILVER,2010-01-19,2011-12-08,0.6308333333333334,1220.0,594.28,98.28571428571429,True,True,True
47471,RAINBOW PEGS PHOTO CLIP STRING,2009-12-01,2011-12-08,0.9604761904761904,428.0,295.72,105.28571428571429,True,True,True
47480,HANGING PHOTO CLIP ROPE LADDER,2009-12-07,2011-12-09,2.285066666666667,1638.0,2713.9799999999996,104.57142857142857,True,True,True
47481,50CM METAL STRING WITH  7 CLIPS,2009-12-03,2011-11-29,1.1075,326.0,265.4,103.71428571428571,True,True,True
47502,POLKADOT CUTLERY 24 PCS IN TRAY,2009-12-09,2010-09-13,14.809113924050632,640.0,6855.75,39.714285714285715,False,False,False
47503A,ASS FLORAL PRINT MULTI SCREWDRIVER,2009-12-02,2011-11-28,0.63315,2853.0,1405.51,103.71428571428571,True,True,True
47503E,ASS FLORAL PRINT SCISSORS,2009-12-08,2010-09-28,1.206,6842.0,1186.9,42.0,False,False,False
47503F,ASS FLORAL PRINT TORCH,2009-12-02,2010-03-09,1.5227272727272727,2567.0,729.9499999999999,13.857142857142858,False,False,False
47503G,ASS FLORAL PRINT TAPE MEASURE,2009-12-02,2010-03-12,1.5697222222222222,284.0,367.36,14.285714285714286,False,False,False
47503H,ASS FLORAL PRINT SPIRIT LEVEL,2009-12-08,2011-12-07,1.917936507936508,160.0,246.12,104.14285714285714,True,True,True
47503J,SET/3 FLORAL GARDEN TOOLS IN BAG,2009-12-01,2010-12-07,10.9716,344.0,2719.38,53.0,False,True,False
47503K,ASSORTED FLORAL SECATEURS,2009-12-01,2010-06-21,2.262325581395349,3177.0,1389.44,28.857142857142858,False,False,False
47504E,ENGLISH ROSE SCISSORS,2009-12-01,2010-10-12,1.849375,4387.0,931.86,45.0,False,False,False
47504F,ENGLISH ROSE TORCH,2009-12-01,2010-02-15,1.6721428571428572,527.0,196.46,10.857142857142858,False,False,False
47504G,ENGLISH ROSE TAPE MEASURE,2009-12-01,2010-05-11,1.92859649122807,266.0,366.81,23.0,False,False,False
47504H,ENGLISH ROSE SPIRIT LEVEL,2009-12-03,2011-12-09,2.128857142857143,1028.0,1113.07,105.14285714285714,True,True,True
47504J,ENGLISH ROSE SET/3 GARDEN TOOLS,2009-12-03,2009-12-16,14.825,5.0,67.25,1.8571428571428572,False,False,False
47504K,ENGLISH ROSE GARDEN SECATEURS,2009-12-01,2011-11-09,1.8726498422712936,2654.0,3096.08,101.14285714285714,True,True,True
47505,MINATURE COLOURED GARDENING SET,2009-12-01,2010-06-07,5.334722222222222,737.0,3527.42,26.857142857142858,False,False,False
47518F,ICON PLACEMAT POP ART ELVIS,2010-01-26,2011-11-29,0.4135294117647059,903.0,153.14,96.0,True,True,True
47518f,ICON PLACEMAT POP ART ELVIS,2009-12-01,2011-10-26,4.194444444444445,9.0,37.75,99.14285714285714,True,True,True
47552A,DOTS IRONING BOARD COVER,2009-12-10,2010-06-17,1.95,12.0,23.4,27.0,False,False,False
47554,S/3 COLOURS FLOCK TEA TOWELS,2009-12-06,2009-12-06,2.55,1.0,2.55,0.0,False,False,False
47556,SET/2 SPOTTY + ROSE TEA TOWELS,2009-12-02,2009-12-02,2.55,1.0,2.55,0.0,False,False,False
47556B,TEA TIME TEA TOWELS,2009-12-01,2011-04-18,3.198761061946903,5201.0,13691.02,71.85714285714286,False,True,False
47556b,TEA TIME TEA TOWELS,2010-02-19,2010-08-02,5.91,4.0,23.64,23.428571428571427,False,False,False
47559B,TEA TIME OVEN GLOVE,2009-12-08,2011-12-09,1.407918424753868,5116.0,6311.69,104.42857142857143,True,True,True
47559b,TEA TIME OVEN GLOVE,2010-02-19,2011-12-08,3.2895454545454546,154.0,511.46,93.85714285714286,True,True,True
47562,ENGLISH ROSE IRONING BOARD COVER,2009-12-03,2010-03-29,3.75,104.0,390.0,16.571428571428573,False,False,False
47563A,RETRO LONGBOARD IRONING BOARD COVER,2009-12-02,2011-12-09,3.3438410596026493,343.0,836.62,105.28571428571429,True,True,True
47563B,WAVELINE SURF IRONING BOARD COVER,2010-02-14,2010-11-28,3.75,8.0,30.0,41.0,False,False,False
47566,PARTY BUNTING,2009-12-01,2011-12-09,5.718177449168207,28200.0,148318.28,105.42857142857143,True,True,True
47566B,TEA TIME PARTY BUNTING,2009-12-01,2011-12-04,5.292057291666667,5801.0,25803.49,104.71428571428571,True,True,True
47566b,TEA TIME PARTY BUNTING,2010-06-24,2011-11-08,8.317079646017698,212.0,1761.2599999999998,71.71428571428571,True,True,True
47567B,TEA TIME KITCHEN APRON,2009-12-10,2011-12-05,6.212670454545455,2166.0,11683.27,103.57142857142857,True,True,True
47567b,TEA TIME KITCHEN APRON,2009-12-22,2010-11-19,12.906666666666666,3.0,38.72,47.42857142857143,False,False,False
47568,ENGLISH ROSE DESIGN PEG BAG,2009-12-01,2010-08-22,2.543430656934307,2384.0,4983.02,37.714285714285715,False,False,False
47569,ENGLISH ROSE DESIGN SHOPPING BAG,2009-12-02,2009-12-02,2.55,1.0,2.55,0.0,False,False,False
47570,ENGLISH ROSE TABLE CLOTH,2009-12-02,2010-04-26,12.235696202531646,220.0,2373.01,20.714285714285715,False,False,False
47570B,TEA TIME TABLE CLOTH,2009-12-01,2011-03-29,11.808805309734511,973.0,9622.27,69.0,False,True,False
47570b,TEA TIME TABLE CLOTH,2010-06-24,2011-01-25,21.175,8.0,169.4,30.714285714285715,False,False,False
47574A,ENGLISH ROSE SCENTED HANGING FLOWER,2009-12-09,2011-10-07,2.3022307692307695,573.0,792.73,95.28571428571429,False,True,False
47574B,ENGLISH ROSE SCENTED HANGING HEART,2010-01-06,2011-05-18,4.25,49.0,208.25,71.0,False,True,False
47578A,ENGLISH ROSE SMALL SCENTED FLOWER,2009-12-02,2011-12-08,1.0512162162162162,307.0,279.88,105.14285714285714,True,True,True
47579,TEA TIME BREAKFAST BASKET,2009-12-02,2010-12-05,2.5601785714285716,185.0,420.87,52.57142857142857,False,True,False
47580,TEA TIME DES TEA COSY,2009-12-02,2011-12-08,3.132997118155619,1662.0,4298.599999999999,105.14285714285714,True,True,True
47581B,FAIRY CAKE WICKER PICNIC BASKET,2009-12-08,2010-05-25,16.319444444444443,46.0,753.77,24.0,False,False,False
47583A,SET OF 3 WICKER BASKET ROSE,2010-01-11,2010-02-17,26.30333333333333,71.0,612.8199999999999,5.285714285714286,False,False,False
47583B,SET OF 3 WICKER BASKET TEA AND CAKE,2009-12-16,2010-02-17,21.958333333333332,27.0,332.6,9.0,False,False,False
47585A,PINK FAIRY CAKE CUSHION COVER,2009-12-07,2011-12-01,4.460067567567568,1084.0,2612.88,103.42857142857143,True,True,True
47586A,PINK FAIRY CAKE CUSHION COVER,2009-12-14,2011-11-23,2.32,200.0,270.43,101.28571428571429,True,True,True
47587A,PINK FAIRY CAKE COASTER,2009-12-01,2010-05-14,1.231153846153846,2706.0,1099.88,23.428571428571427,False,False,False
47589,CONGRATULATIONS BUNTING,2009-12-15,2011-05-24,5.597792207792208,183.0,1008.73,75.0,False,True,False
47590A,BLUE HAPPY BIRTHDAY BUNTING,2009-12-02,2011-12-06,5.7879565217391304,4752.0,24174.01,104.85714285714286,True,True,True
47590B,PINK HAPPY BIRTHDAY BUNTING,2009-12-07,2011-12-09,5.73623006833713,5738.0,29363.86,104.57142857142857,True,True,True
47590a,BLUE HAPPY BIRTHDAY BUNTING,2010-07-07,2010-07-07,11.02,1.0,11.02,0.0,False,False,False
47590b,PINK HAPPY BIRTHDAY BUNTING,2010-11-19,2011-11-13,10.813,13.0,140.5,51.285714285714285,True,False,False
47591A,CAROUSEL DES CHILD'S APRON,2009-12-01,2010-08-24,1.6547142857142856,163.0,269.53999999999996,38.0,False,False,False
47591B,SCOTTIES DES CHILD'S APRON,2009-12-01,2011-02-02,1.6697163120567375,1054.0,1696.05,61.142857142857146,False,True,False
47591C,BLUE FAIRY CAKE CHILD'S APRON,2009-12-01,2010-08-15,2.091446540880503,1051.0,2012.43,36.714285714285715,False,False,False
47591D,PINK FAIRY CAKE CHILD'S APRON,2009-12-01,2011-12-08,2.1153826086956524,9390.0,17442.29,105.28571428571429,True,True,True
47591b,SCOTTIES CHILDRENS APRON,2010-09-22,2011-12-08,4.1899999999999995,8.0,33.6,63.142857142857146,True,True,True
47591c,BLUE FAIRY CAKE CHILD'S APRON,2010-06-04,2010-07-07,4.21,4.0,16.84,4.714285714285714,False,False,False
47591d,PINK FAIRY CAKE CHILDRENS APRON,2010-08-13,2011-11-29,4.989166666666666,253.0,1274.38,67.57142857142857,True,True,True
47592A,CAROUSEL DES CHILD'S OVERALL,2009-12-02,2010-09-13,1.842079207920792,331.0,637.37,40.714285714285715,False,False,False
47592B,SCOTTIES DESIGN CHILD'S OVERALL,2009-12-03,2010-07-21,1.9331034482758624,67.0,131.9,32.857142857142854,False,False,False
47593A,CAROUSEL DESIGN BABY BIB,2009-12-07,2011-03-29,0.9405050505050504,303.0,306.67,68.14285714285714,False,True,False
47593B,SCOTTIES DESIGN BABY BIB,2009-12-02,2011-12-08,0.7918282548476453,2341.0,1320.99,105.14285714285714,True,True,True
47593a,CAROUSEL DESIGN BABY BIB,2010-05-26,2010-05-26,2.51,1.0,2.51,0.0,False,False,False
47593b,SCOTTIE DOGS BABY BIB,2011-10-31,2011-10-31,0.83,6.0,4.9799999999999995,0.0,True,False,False
47594A,CAROUSEL DESIGN WASHBAG,2009-12-14,2011-11-24,2.0837142857142856,344.0,678.3,101.42857142857143,True,True,True
47594B,SCOTTIES DESIGN WASHBAG,2009-12-03,2011-11-08,2.1536065573770493,408.0,808.39,100.71428571428571,True,True,True
47594a,CAROUSEL DESIGN WASHBAG,2010-05-05,2010-05-05,4.21,1.0,4.21,0.0,False,False,False
47597,NEW ENGLAND TEATOWELS,2009-12-10,2010-08-31,1.9637301587301583,322.0,644.88,37.714285714285715,False,False,False
47598,NEW ENGLAND EGG WARMER,2009-12-01,2010-06-25,0.7571875,138.0,89.12,29.428571428571427,False,False,False
47599A,PINK PARTY BAGS,2009-12-04,2011-12-02,2.2879892761394105,5967.0,11180.57,104.0,True,True,True
47599B,BLUE PARTY BAGS,2010-01-11,2011-12-02,2.2239100346020764,3492.0,6662.54,98.57142857142857,True,True,True
48103,DOOR MAT KISS MY.......,2009-12-18,2010-07-16,7.051,35.0,201.73,30.0,False,False,False
48111,DOOR MAT 3 SMILEY CATS,2009-12-01,2011-12-09,8.748113730929266,4248.0,25970.0,105.42857142857143,True,True,True
48116,DOOR MAT MULTICOLOUR STRIPE,2009-12-01,2011-12-08,8.784173387096773,3452.0,20712.63,105.28571428571429,True,True,True
48129,DOOR MAT TOPIARY,2009-12-01,2011-12-08,8.213369963369964,3127.0,19608.91,105.28571428571429,True,True,True
48138,DOOR MAT UNION FLAG,2009-12-15,2011-12-09,8.034214628297361,10077.0,67010.31,103.42857142857143,True,True,True
48173A,DOOR MAT BLUE FLOCK,2010-01-26,2010-01-26,6.75,1.0,6.75,0.0,False,False,False
48173C,DOOR MAT BLACK FLOCK,2009-12-01,2011-12-08,7.908383233532934,4077.0,23132.92,105.28571428571429,True,True,True
48173c,DOOR MAT BLACK FLOCK,2009-12-01,2011-05-03,15.670270270270269,70.0,1123.55,74.0,False,True,False
48175,DOOR MAT CAMOUFLAGE,2009-12-14,2009-12-15,5.02,39.0,158.04,0.14285714285714285,False,False,False
48179,DOOR MAT SWEET HOME,2009-12-01,2009-12-16,9.736363636363636,34.0,214.47,2.142857142857143,False,False,False
48184,DOOR MAT ENGLISH ROSE,2009-12-01,2011-12-08,8.227356051703879,4715.0,31142.63,105.28571428571429,True,True,True
48185,DOOR MAT FAIRY CAKE,2009-12-01,2011-12-08,9.175698380566802,6822.0,45723.84,105.28571428571429,True,True,True
48187,DOOR MAT NEW ENGLAND,2009-12-01,2011-12-09,8.06861370716511,7314.0,46405.4,105.42857142857143,True,True,True
48188,DOOR MAT WELCOME PUPPIES,2009-12-01,2011-12-06,8.50131805157593,4872.0,28639.1,105.0,True,True,True
48189,DOOR MAT FRIENDSHIP,2009-12-01,2011-04-26,9.05051094890511,1321.0,8470.28,73.0,False,True,False
48194,DOORMAT HEARTS,2009-12-01,2011-12-08,8.588780487804879,7726.0,48726.56,105.28571428571429,True,True,True
48195,DOOR MAT GREEN PAISLEY,2009-12-01,2010-07-22,8.18344827586207,269.0,1627.99,33.285714285714285,False,False,False
48197,DOOR MAT BIRD ON THE WIRE,2009-12-01,2010-07-28,9.610977777777777,898.0,5905.64,34.142857142857146,False,False,False
51008,AFGHAN SLIPPER SOCK PAIR,2009-12-02,2011-11-27,3.4,2604.0,8378.8,103.57142857142857,True,True,True
51012C,"FEATHER DUSTER, COAL BLACK",2009-12-01,2010-02-26,1.25,171.0,213.75,12.428571428571429,False,False,False
51012L,"FEATHER DUSTER, LIGHT PINK",2009-12-03,2009-12-11,1.25,10.0,12.5,1.1428571428571428,False,False,False
51014A,"FEATHER PEN,HOT PINK",2009-12-01,2011-12-09,0.8243882978723404,6671.0,4556.5,105.42857142857143,True,True,True
51014C,"FEATHER PEN,COAL BLACK",2009-12-01,2011-12-08,0.8284586466165413,4268.0,2751.5,105.28571428571429,True,True,True
51014L,"FEATHER PEN,LIGHT PINK",2009-12-04,2011-12-09,0.7759471365638766,3445.0,2222.35,105.0,True,True,True
51014c,"FEATHER PEN,COAL BLACK",2011-10-31,2011-10-31,0.83,1.0,0.83,0.0,True,False,False
51020A,SUMMER FUN DESIGN SHOWER CAP,2009-12-16,2011-04-27,0.8276,1303.0,463.30999999999995,71.0,False,True,False
51020B,STRIPY DESIGN SHOWER CAP,2009-12-04,2011-04-27,0.962,1084.0,488.11999999999995,72.71428571428571,False,True,False
62018,SOMBRERO,2009-12-02,2011-12-06,1.7956692913385826,9567.0,12450.85,104.85714285714286,True,True,True
62043B,BLUE CHECK BAG W HANDLE 34X20CM,2010-04-30,2011-05-19,1.2399999999999998,54.0,75.15999999999998,54.857142857142854,False,True,False
62074B,ELEPHANT CLIP W SUCTION CUP,2009-12-13,2011-07-12,0.42,38.0,15.96,82.28571428571429,False,True,False
62086A,PINK RETRO BIG FLOWER BAG,2010-03-01,2011-06-23,1.95,113.0,220.35,68.42857142857143,False,True,False
62094B,TURQ ICE CREAM BUM BAG,2010-01-19,2011-02-04,3.935820895522388,305.0,677.99,54.42857142857143,False,True,False
62095B,TURQOISE ICE CREAM SUNHAT,2010-02-01,2010-11-28,1.558095238095238,292.0,310.83,42.857142857142854,False,False,False
62096A,PINK/YELLOW FLOWERS HANDBAG,2010-01-07,2011-02-24,2.2487912087912085,383.0,592.79,59.0,False,True,False
62096B,PURPLE/TURQ FLOWERS HANDBAG,2009-12-07,2011-03-07,2.315542168674699,257.0,441.99,65.0,False,True,False
62097A,PINK STRIPES SHOULDER BAG,2009-12-11,2010-08-06,2.9500000000000006,3.0,8.850000000000001,34.0,False,False,False
62097B,BLUE STRIPES SHOULDER BAG,2010-06-16,2011-05-23,1.36,11.0,13.37,48.714285714285715,False,False,False
70006,LOVE HEART POCKET WARMER,2009-12-01,2011-12-08,1.9677364864864864,4438.0,4139.5599999999995,105.28571428571429,True,True,True
70007,HI TEC ALPINE HAND WARMER,2009-12-01,2011-12-08,2.123381642512077,1306.0,1684.58,105.28571428571429,True,True,True
71028B,SILVER BLUE EGG T-LIGHT HOLDER,2009-12-01,2010-01-17,1.8407692307692307,494.0,227.48,6.714285714285714,False,False,False
71038,WHITE HANGING BEADS CANDLE HOLDER,2009-12-02,2011-11-28,5.411379310344827,717.0,3789.25,103.71428571428571,True,True,True
71050,SMALL SINGLE FLAME CANDLE HOLDER,2010-06-08,2011-12-02,0.35,51.0,17.849999999999998,77.42857142857143,True,True,True
71053,WHITE METAL LANTERN,2009-12-01,2011-12-09,4.509704301075269,4769.0,18906.77,105.42857142857143,True,True,True
71101A,ANGEL ON KNEES METAL POLE 100CM H,2009-12-13,2009-12-13,0.85,6.0,5.1,0.0,False,False,False
71101E,STANDING FAIRY POLE SUPPORT,2009-12-13,2011-11-21,0.8364583333333333,777.0,626.13,101.14285714285714,True,True,True
71143,SILVER BOOK MARK WITH BEADS,2009-12-01,2011-07-13,1.9806060606060605,349.0,514.4499999999999,84.14285714285714,False,True,False
71215,METAL BASE FOR CANDLES,2009-12-09,2011-05-26,0.4091666666666667,177.0,68.1,76.14285714285714,False,True,False
71270,PHOTO CLIP LINE,2009-12-18,2011-12-09,1.67,370.0,525.4,103.0,True,True,True
71279,PINK GLASS CANDLEHOLDER,2009-12-01,2011-11-09,3.8759493670886074,293.0,972.11,101.14285714285714,True,True,True
71403,"PINK/WHITE ""KEEP CLEAN"" BULLET BIN",2009-12-04,2011-11-16,4.638260869565218,176.0,656.0500000000001,101.71428571428571,True,True,True
71406C,BLACK ORANGE SQUEEZER,2009-12-03,2011-11-29,0.4691428571428571,210.0,89.92,103.71428571428571,True,True,True
71434B,"BLACK RND BULLET""KEEP CLEAN"" BIN",2010-01-26,2010-03-10,2.55,2.0,5.1,6.142857142857143,False,False,False
71459,HANGING JAM JAR T-LIGHT HOLDER,2009-12-02,2011-12-09,1.1175858684985278,32989.0,26738.79,105.28571428571429,True,True,True
71477,COLOUR GLASS. STAR T-LIGHT HOLDER,2009-12-01,2011-12-08,3.7375606796116503,15089.0,44680.75,105.28571428571429,True,True,True
71495A,CD WALL TIDY BLUE OFFICE,2010-02-09,2011-11-24,0.6395,225.0,87.96000000000001,93.28571428571429,True,True,True
71495B,CD WALL TIDY RED FLOWERS,2010-01-28,2011-11-24,0.5449999999999999,294.0,111.57,95.0,True,True,True
71496A,A4 WALL TIDY BLUE OFFICE,2010-03-01,2011-11-02,1.0505882352941176,244.0,148.01000000000002,87.28571428571429,True,True,True
71496B,A4 WALL TIDY RED FLOWERS,2010-04-20,2011-11-02,0.59,15.0,8.67,80.14285714285714,True,True,True
71510,SQUARE METAL CANDLEHOLDER BASE,2009-12-17,2011-11-24,0.7935294117647059,177.0,112.05,101.0,True,True,True
72008,FROSTED BOX 9 WHITE T-LIGHT CANDLES,2009-12-01,2010-11-14,0.441,3819.0,1531.4,49.714285714285715,False,False,False
72023F,RED ORGANIC CANDLE IN GLASS,2009-12-01,2010-08-08,1.35,640.0,669.62,35.714285714285715,False,False,False
72024U,LILAC VOTIVE CANDLE,2009-12-02,2011-06-27,0.21,220.0,46.2,81.71428571428571,False,True,False
72038P,PRICE'S CANDLE PEACH,2009-12-02,2010-08-27,0.1522222222222222,1050.0,116.5,38.285714285714285,False,False,False
72045D,ROSES ON BLUE TEACUP CANDLE,2009-12-03,2010-03-03,2.98,539.0,918.65,12.857142857142858,False,False,False
72051S,BAG OF SILVER STONES,2009-12-01,2011-04-13,0.6721818181818182,300.0,190.89,71.14285714285714,False,True,False
72083A,STRAWBERY SWIRL FLARE CANDLE,2010-02-24,2010-03-31,2.1,24.0,50.400000000000006,5.0,False,False,False
72084B,CHOCOLATE ICE CREAM CANDLE,2010-03-26,2010-03-26,1.95,2.0,3.9,0.0,False,False,False
72122,COFFEE SCENT PILLAR CANDLE,2009-12-04,2011-12-08,1.1326612903225806,586.0,593.3299999999999,104.85714285714286,True,True,True
72127,COLUMBIAN CANDLE ROUND,2009-12-01,2011-11-23,1.3138805970149254,366.0,445.94,103.14285714285714,True,True,True
72128,COLUMBIAN CANDLE ROUND,2009-12-07,2011-12-08,0.8893406593406593,714.0,442.24,104.42857142857143,True,True,True
72129,COLUMBIAN CANDLE ROUND,2009-12-18,2010-09-29,0.7061111111111111,74.0,49.11000000000001,40.714285714285715,False,False,False
72130,COLUMBIAN CANDLE ROUND,2009-12-13,2011-11-30,0.6849152542372882,753.0,306.35,102.42857142857143,True,True,True
72131,COLUMBIAN CANDLE RECTANGLE,2009-12-10,2011-11-25,1.6534482758620688,748.0,692.28,102.14285714285714,True,True,True
72132,COLUMBIAN CUBE CANDLE,2009-12-21,2011-11-27,1.6935714285714287,549.0,462.15,100.85714285714286,True,True,True
72133,COLUMBIAN CANDLE RECTANGLE,2009-12-13,2011-12-08,1.3336363636363635,109.0,122.63,103.57142857142857,True,True,True
72134,COLUMBIAN  CUBE CANDLE,2009-12-13,2011-12-08,0.8983333333333333,339.0,134.85,103.57142857142857,True,True,True
72140E,BEST DAD CANDLE LETTERS,2009-12-07,2011-10-16,0.8927586206896552,218.0,156.72,96.85714285714286,True,True,True
72140F,HAPPY ANNIVERSARY CANDLE LETTERS,2009-12-01,2010-11-24,0.416,175.0,69.17999999999999,51.142857142857146,False,False,False
72225C,LAVENDER SCENT CAKE CANDLE,2009-12-17,2011-11-29,0.2689473684210526,1926.0,466.38,101.71428571428571,True,True,True
72225D,VANILLA SCENT CAKE CANDLE,2009-12-17,2010-05-13,0.2681818181818181,962.0,219.46,21.0,False,False,False
72232,FENG SHUI PILLAR CANDLE,2009-12-06,2011-12-09,0.19,6268.0,1190.92,104.71428571428571,True,True,True
72267,PREMIUM CHURCH CANDLE,2009-12-01,2010-03-28,2.175869565217391,265.0,530.16,16.714285714285715,False,False,False
72349B,SET/6 PURPLE BUTTERFLY T-LIGHTS,2009-12-01,2011-12-09,2.432474226804124,1990.0,4049.99,105.42857142857143,True,True,True
72349b,SET/6 PURPLE BUTTERFLY T-LIGHTS,2009-12-01,2011-12-09,4.165357142857142,204.0,848.41,105.42857142857143,True,True,True
72351A,SET/6 TURQUOISE BUTTERFLY T-LIGHTS,2009-12-02,2011-12-08,2.299032258064516,3728.0,7368.68,105.14285714285714,True,True,True
72351B,SET/6 PINK  BUTTERFLY T-LIGHTS,2009-12-03,2011-12-07,2.362924901185771,5785.0,11184.89,104.85714285714286,True,True,True
72351a,SET/6 TURQUOISE BUTTERFLY T-LIGHTS,2010-02-19,2011-10-26,4.184285714285714,37.0,154.89,87.71428571428571,True,True,True
72369A,PINK CLEAR GLASS CANDLE PLATE,2009-12-03,2011-11-28,1.7473333333333334,67.0,101.29,103.57142857142857,True,True,True
72484,ROSES IN WHITE HEART CANDLE,2009-12-02,2010-03-04,1.21,1818.0,991.38,13.142857142857142,False,False,False
72487,ROSES WHITE ROUND CANDLE,2009-12-01,2009-12-14,1.1528571428571428,827.0,355.05,1.8571428571428572,False,False,False
72529W,WHITE ADVENT CANDLE,2009-12-01,2010-09-30,2.4578723404255323,464.0,918.75,43.285714285714285,False,False,False
72529w,WHITE ADVENT CANDLE,2009-12-01,2009-12-01,4.3,1.0,4.3,0.0,False,False,False
72586,"S/6 HALLOWEEN GHOST T LIGHTS, 5CM H",2009-12-04,2011-12-01,0.5866666666666667,2303.0,1010.1,103.85714285714286,True,True,True
72598,SET/12 TAPER CANDLES,2009-12-01,2011-12-08,1.1791304347826088,1244.0,1145.76,105.28571428571429,True,True,True
72606A,BROWN ANTIQUE CUBE CANDLE,2010-01-11,2010-10-05,0.42,226.0,94.92,38.142857142857146,False,False,False
72708,SCULPTED ROUND IVORY CANDLE,2009-12-10,2010-08-23,0.21,44.0,9.24,36.57142857142857,False,False,False
72709,IVORY SCULPTED RND CANDLE,2010-04-19,2011-11-13,0.8499999999999999,74.0,62.9,81.85714285714286,True,True,True
72715,SPHERICAL IVORY CANDLE,2010-02-16,2010-08-26,0.42,88.0,36.96,27.285714285714285,False,False,False
72724,SET/6 CHRISTMAS ICICLE T-LIGHTS,2009-12-01,2009-12-10,1.25,36.0,45.0,1.2857142857142858,False,False,False
72728,ROSE SCENT CANDLES IN GLASS,2009-12-10,2010-08-04,0.8452727272727273,643.0,523.15,33.857142857142854,False,False,False
72739B,WHITE CHOCOLATE SCENT CANDLE,2009-12-01,2010-01-26,1.835357142857143,394.0,328.39000000000004,8.0,False,False,False
72739C,DARK CHOCOLATE SCENTCANDLE,2009-12-02,2010-01-27,1.6782608695652177,326.0,279.08,8.0,False,False,False
72740A,LARGE STRAWBERRY CHOCOLATE CANDLE,2009-12-02,2010-01-05,3.8616666666666664,65.0,141.23,4.857142857142857,False,False,False
72740B,LARGE WHITE CHOCOLATE CANDLE,2010-01-11,2010-01-11,5.06,1.0,5.06,0.0,False,False,False
72741,GRAND CHOCOLATECANDLE,2009-12-01,2011-12-09,1.7381798483206934,19712.0,27239.46,105.42857142857143,True,True,True
72750A,"F.FAIRY S/3 CANDLE/GLASS,LILY/VALLY",2009-12-02,2010-04-23,2.45,383.0,766.85,20.285714285714285,False,False,False
72750B,"F.FAIRY S/3 CANDLE/GLASS,LAVENDER",2009-12-14,2010-11-11,3.078205128205128,496.0,1047.2,47.42857142857143,False,False,False
72750C,"F.FAIRY S/3 CANDLE/GLASS, ROSE",2009-12-01,2010-03-30,2.75,232.0,476.4,17.0,False,False,False
72750D,F.FAIRY S/3 CANDLE/GLASS,2009-12-07,2010-01-28,2.6772727272727272,110.0,226.5,7.428571428571429,False,False,False
72751A,"F.FAIRY S/3 SML CANDLE,LILY/VALLEY",2009-12-04,2009-12-04,5.95,1.0,5.95,0.0,False,False,False
72751B,"F.FAIRY S/3 SML CANDLE, LAVENDER",2009-12-04,2009-12-04,5.95,1.0,5.95,0.0,False,False,False
72751C,"F.FAIRY S/3 SML CANDLE, ROSE",2010-02-07,2010-02-07,5.95,1.0,5.95,0.0,False,False,False
72752A,"F.FAIRY,CANDLE IN GLASS,LILY/VALLEY",2009-12-04,2009-12-04,4.25,1.0,4.25,0.0,False,False,False
72752B,"F.FAIRY,CANDLE IN GLASS,LAVENDER",2009-12-04,2009-12-11,4.25,3.0,12.75,1.0,False,False,False
72753A,S/3 FLWR FAIRY LILLY CANDLES,2009-12-01,2010-01-27,3.735,315.0,690.24,8.142857142857142,False,False,False
72753B,S/3 FLWR FAIRY LAVENDER CANDLES,2009-12-04,2010-03-26,3.3414285714285716,445.0,957.73,16.0,False,False,False
72753C,S/3 FLWR FAIRY ROSE CANDLES,2009-12-06,2010-01-20,4.021666666666667,43.0,107.68,6.428571428571429,False,False,False
72753D,S/3 FLWR FAIRY SUMMER CANDLES,2009-12-06,2010-01-17,2.1,144.0,302.40000000000003,6.0,False,False,False
72754A,FLOWER FAIRY POTPOURRI CUSHION LILY,2009-12-04,2010-02-24,1.066,292.0,201.24,11.714285714285714,False,False,False
72754B,F FAIRY POTPOURRI CUSHIONS LAVENDER,2009-12-01,2010-01-08,1.17,170.0,137.54000000000002,5.428571428571429,False,False,False
72754D,F FAIRY POTPOURRI CUSHIONS SUMMER,2009-12-02,2009-12-02,1.69,1.0,1.69,0.0,False,False,False
72755C,FLOWER FAIRY OIL BURNER SET ROSE,2009-12-22,2010-03-26,1.8928571428571428,592.0,767.0,13.428571428571429,False,False,False
72755D,FLOWER FAIRY OIL BURNER SET SUMMER,2009-12-04,2010-03-26,1.9423076923076923,533.0,693.25,16.0,False,False,False
72756,FAIRY CAKE CANDLES,2009-12-01,2010-06-15,1.46953488372093,4012.0,5459.48,28.0,False,False,False
72760B,VINTAGE CREAM 3 BASKET CAKE STAND,2009-12-01,2011-12-09,10.82219758064516,1699.0,16409.02,105.42857142857143,True,True,True
72771B,BURG FLOCK GOLD CUP/CANDLE,2009-12-10,2009-12-15,1.2822222222222222,117.0,56.9,0.7142857142857143,False,False,False
72771C,BLACK FLOCK GOLD CANDLE,2009-12-07,2009-12-13,1.7133333333333332,54.0,42.08,0.8571428571428571,False,False,False
72772,SET/4 SCENTED CANDLES IN RAMEKINS,2009-12-13,2010-01-17,2.531111111111111,457.0,615.84,5.0,False,False,False
72779,SET/6 BLACK ROSE T-LIGHT CANDLES,2009-12-02,2010-05-05,1.69,48.0,81.12,22.0,False,False,False
72780,BLACK SILOUETTE CANDLE PLATE,2009-12-06,2011-12-08,0.8411363636363636,514.0,418.18,104.57142857142857,True,True,True
72781,BLACK SILOUETTE CANDLE PLATE,2009-12-17,2010-10-11,2.0453333333333332,121.0,229.5,42.57142857142857,False,False,False
72783,BLACK SIL'T SQU CANDLE PLATE,2009-12-01,2011-12-08,2.1,43.0,90.3,105.28571428571429,True,True,True
72785A,S/4 CONTEMPORY PINK ROSEBUD CANDLES,2009-12-11,2010-02-19,2.1,8.0,16.8,10.0,False,False,False
72785B,S/4 CONTEMPORY RED ROSEBUD CANDLES,2009-12-11,2010-01-29,1.5666666666666669,9.0,10.9,7.0,False,False,False
72789,BASKET/8 SCENTED LOVE TOKEN CANDLES,2009-12-10,2010-10-10,3.837608695652174,122.0,461.53,43.42857142857143,False,False,False
72793,BLACK BOX MIRROR LANTERN,2009-12-13,2010-10-26,5.5600000000000005,55.0,268.75,45.285714285714285,False,False,False
72796A,S/3 ENGLISH LAVENDER SQU CANDLE,2009-12-02,2010-04-29,1.6499999999999997,11.0,18.15,21.142857142857142,False,False,False
72796B,S/3 FRENCH VANILLA SQU CANDLE,2009-12-02,2010-07-04,1.65,27.0,44.55,30.571428571428573,False,False,False
72796C,S/3 ROSE GARDEN SCENT SQU CANDLE,2010-01-17,2010-01-17,1.65,1.0,1.65,0.0,False,False,False
72798C,SET/4 GARDEN ROSE DINNER CANDLE,2009-12-01,2011-02-03,2.1106666666666665,28.0,53.11,61.285714285714285,False,True,False
72799A,BLACK PILLAR CANDLE SILVER FLOCK,2009-12-03,2010-08-04,2.4555555555555557,612.0,877.8000000000001,34.857142857142854,False,False,False
72799B,PURPLE PILLAR CANDLE BLACK FLOCK,2009-12-01,2010-01-05,3.664375,322.0,467.71,5.0,False,False,False
72799C,PINK PILLAR CANDLE SILVER FLOCK,2009-12-01,2011-12-07,3.06625,471.0,783.1,105.14285714285714,True,True,True
72799D,BLUE PILLAR CANDLE SILVER FLOCK,2009-12-01,2010-09-29,3.742105263157895,78.0,260.67,43.142857142857146,False,False,False
72799E,IVORY PILLAR CANDLE SILVER FLOCK,2009-12-01,2011-12-08,2.9414525139664804,1232.0,2600.6400000000003,105.28571428571429,True,True,True
72799F,IVORY PILLAR CANDLE GOLD FLOCK,2009-12-01,2011-11-25,3.1107547169811323,1125.0,2082.74,103.42857142857143,True,True,True
72800A,S/4 BLACK DINNER CANDLE SILVER FLOC,2009-12-01,2010-05-16,2.9821739130434786,674.0,743.26,23.714285714285715,False,False,False
72800B,S/4 PURPLE DINNER CANDLE BLK FLOCK,2009-12-04,2011-12-08,2.6212765957446806,985.0,1276.78,104.85714285714286,True,True,True
72800C,S/4 PINK DINNER CANDLE SILVER FLOCK,2009-12-07,2011-12-08,2.6556249999999997,660.0,924.84,104.42857142857143,True,True,True
72800D,S/4 BLUE DINNER CANDLE SILVER FLOCK,2009-12-04,2011-11-28,2.70953488372093,631.0,1020.21,103.42857142857143,True,True,True
72800E,4 IVORY DINNER CANDLES SILVER FLOCK,2009-12-01,2011-12-09,2.49421768707483,1388.0,2613.82,105.42857142857143,True,True,True
72800F,4 IVORY DINNER CANDLES GOLD FLOCK,2009-12-01,2010-11-21,2.497391304347826,822.0,1060.19,50.714285714285715,False,False,False
72801C,S/4 ROSE PINK DINNER CANDLES,2009-12-11,2011-12-08,1.3680357142857142,708.0,531.36,103.85714285714286,True,True,True
72801D,S/4 SKY BLUE DINNER CANDLES,2009-12-04,2011-12-08,1.4506557377049178,553.0,446.17,104.85714285714286,True,True,True
72801E,S/4 FESTIVE GREEN DINNER CANDLES,2009-12-01,2010-09-02,1.19875,769.0,404.75,39.285714285714285,False,False,False
72801F,S/4 FESTIVE RED DINNER CANDLES,2009-12-01,2010-01-28,1.25,234.0,292.5,8.285714285714286,False,False,False
72801G,S/4 BURGUNDY WINE DINNER CANDLES,2009-12-01,2011-11-15,1.3536923076923075,1323.0,796.12,102.0,True,True,True
72801c,S/4 ROSE PINK DINNER CANDLES,2010-02-19,2011-12-07,2.475277777777778,62.0,153.67,93.71428571428571,True,True,True
72801d,S/4 SKY BLUE DINNER CANDLES,2010-01-25,2011-12-08,2.476393442622951,103.0,254.98,97.42857142857143,True,True,True
72801e,S/4 FESTIVE GREEN DINNER CANDLES,2010-03-29,2010-08-12,2.51,7.0,17.57,19.428571428571427,False,False,False
72801g,S/4 BURGUNDY WINE DINNER CANDLES,2010-02-19,2010-11-04,2.51,10.0,25.1,36.857142857142854,False,False,False
72802A,ROSE SCENT CANDLE IN JEWELLED BOX,2009-12-02,2011-12-01,4.502459016393443,914.0,3789.9,104.14285714285714,True,True,True
72802B,OCEAN SCENT CANDLE IN JEWELLED BOX,2009-12-01,2011-11-03,4.411596244131455,1559.0,4258.97,100.28571428571429,True,True,True
72802C,VANILLA SCENT CANDLE JEWELLED BOX,2009-12-01,2011-11-04,4.5729520295202954,2184.0,6047.5599999999995,100.42857142857143,True,True,True
72802a,ROSE SCENT CANDLE IN JEWELLED BOX,2010-06-08,2011-07-08,8.379999999999999,9.0,74.97,56.42857142857143,False,True,False
72802c,VANILLA SCENT CANDLE JEWELLED BOX,2011-11-23,2011-11-23,8.29,1.0,8.29,0.0,True,False,False
72803A,ROSE SCENT CANDLE JEWELLED DRAWER,2009-12-02,2011-11-06,4.382680412371134,724.0,1553.5,100.57142857142857,True,True,True
72803B,OCEAN SCENT CANDLE JEWELLED DRAWER,2009-12-03,2010-11-01,4.472105263157895,92.0,407.88,47.57142857142857,False,False,False
72803b,OCEAN SCENT CANDLE JEWELLED DRAWER,2010-12-03,2010-12-03,8.47,1.0,8.47,0.0,False,False,False
72805,VANILLA CANDLE IN EMBOSSED ZINC POT,2009-12-06,2010-02-07,1.6900000000000002,10.0,16.9,9.0,False,False,False
72807A,SET/3 ROSE CANDLE IN JEWELLED BOX,2009-12-01,2011-11-24,5.681651376146789,924.0,4213.54,103.28571428571429,True,True,True
72807B,SET/3 OCEAN SCENT CANDLE JEWEL BOX,2009-12-01,2011-11-24,5.263973799126638,1059.0,4645.87,103.28571428571429,True,True,True
72807C,SET/3 VANILLA SCENTED CANDLE IN BOX,2009-12-01,2011-11-25,5.3535057471264365,1983.0,8489.17,103.42857142857143,True,True,True
72807a,SET/3 ROSE CANDLE IN JEWELLED BOX,2010-03-29,2011-11-25,8.319999999999999,9.0,74.78999999999999,86.57142857142857,True,True,True
72807b,SET/3 OCEAN SCENT CANDLE JEWEL BOX,2009-12-22,2011-04-15,8.488947368421051,26.0,220.94000000000003,68.42857142857143,False,True,False
72807c,SET/3 VANILLA SCENTED CANDLE IN BOX,2009-12-01,2011-11-23,8.494545454545454,60.0,511.98,103.14285714285714,True,True,True
72811,SMALL ZINC/GLASS CANDLEHOLDER,2009-12-02,2011-12-08,1.4468181818181818,445.0,340.45,105.14285714285714,True,True,True
72812,LARGE ZINC/GLASS CANDLEHOLDER,2009-12-11,2011-12-08,3.236774193548387,105.0,288.46000000000004,103.85714285714286,True,True,True
72814,SET/3 CHRISTMAS BRIAR CANDLES,2009-12-01,2010-11-22,3.8874545454545455,266.0,967.92,50.857142857142854,False,False,False
72815,3 WICK CHRISTMAS BRIAR CANDLE,2009-12-01,2011-01-26,3.9998591549295774,282.0,1083.36,60.142857142857146,False,True,False
72816,SET/3 CHRISTMAS DECOUPAGE CANDLES,2009-12-01,2011-10-17,1.958970588235294,1344.0,1671.52,97.85714285714286,True,True,True
72817,SET/2 CHRISTMAS DECOUPAGE CANDLES,2009-12-02,2011-11-23,1.2844907407407409,1553.0,1671.28,103.0,True,True,True
72818,CHRISTMAS DECOUPAGE CANDLE,2009-12-02,2011-10-31,0.8364661654135338,2394.0,1283.13,99.71428571428571,True,True,True
72819,CUPID DESIGN SCENTED CANDLES,2009-12-04,2011-12-08,2.9731914893617017,694.0,1174.01,104.85714285714286,True,True,True
72821,CUPID SCENTED CANDLE IN GLASS,2010-01-31,2011-02-10,1.65,61.0,100.65,53.57142857142857,False,True,False
75011,BLUE DAISY MOBILE,2009-12-11,2011-11-28,1.39,181.0,172.51,102.42857142857143,True,True,True
75013B,"STRING OF 8 BUTTERFLIES,PINK",2009-12-01,2011-01-16,2.02275,390.0,669.6199999999999,58.714285714285715,False,True,False
75049L,LARGE CIRCULAR MIRROR MOBILE,2009-12-02,2011-12-07,1.554119318181818,13968.0,13153.8,105.0,True,True,True
75131,METAL TUBE CHIME ON BAMBOO,2009-12-11,2011-04-04,1.700735294117647,1217.0,1543.03,68.42857142857143,False,True,False
75149N,STRING CRYSTALS NATURAL,2009-12-04,2010-05-04,1.25,272.0,340.0,21.571428571428573,False,False,False
75172,PAINTED SEA SHELL METAL WINDCHIME,2010-06-23,2011-07-04,2.1354545454545457,97.0,100.31,53.714285714285715,False,True,False
75178,ASSTD COL BUTTERFLY/CRYSTAL W/CHIME,2010-02-18,2011-12-06,1.4992,497.0,273.93,93.71428571428571,True,True,True
77079,DOLPHIN WINDMILL,2010-03-03,2011-06-12,2.12,64.0,135.68,66.57142857142857,False,True,False
77081,FLOWER WINDMILL,2009-12-01,2010-08-31,1.7766666666666666,242.0,308.38,39.0,False,False,False
77101A,UNION FLAG WINDSOCK,2009-12-06,2011-03-21,1.5012359550561796,1082.0,1255.97,67.14285714285714,False,True,False
78026,SEAGRASS S/3 SQU LAUNDRY BOX,2010-01-17,2010-09-03,19.975,12.0,139.95,32.714285714285715,False,False,False
78027,SEAGRASS S/2 CORNER LAUNDRY,2010-01-31,2010-09-03,18.03,6.0,100.15,30.714285714285715,False,False,False
78033,FLAG OF ST GEORGE CHAIR,2010-01-27,2011-10-06,5.525,76.0,370.6,88.14285714285714,False,True,False
78034B,BLUE NETTING STORAGE HANGER,2010-06-16,2011-10-02,1.95,15.0,29.25,67.57142857142857,False,True,False
78056,CAMOUFLAGE BACKPACK ON WHEELS,2009-12-02,2009-12-08,9.95,3.0,29.85,0.8571428571428571,False,False,False
78124,MAGAZINE RACK GEBRA ASSORTED,2009-12-03,2011-11-28,1.8825806451612903,730.0,969.61,103.57142857142857,True,True,True
79000,MOROCCAN TEA GLASS,2009-12-01,2011-09-12,1.3779587155963302,11973.0,9759.91,92.85714285714286,False,True,False
79026B,"S/4 ICON COASTER,ELVIS LIVES",2009-12-01,2011-05-18,1.595945945945946,69.0,89.25,76.14285714285714,False,True,False
79029,GLASS HONEYPOT WASP CATCHER,2009-12-01,2010-08-09,2.2632378223495704,2944.0,5473.82,35.857142857142854,False,False,False
79030A,"TUMBLER, ENGLISH ROSE",2009-12-01,2010-07-29,5.692424242424242,171.0,438.25,34.285714285714285,False,False,False
79030D,"TUMBLER, BAROQUE",2009-12-08,2011-11-10,2.0401639344262295,1009.0,711.64,100.28571428571429,True,True,True
79030G,"TUMBLER, NEW ENGLAND",2009-12-02,2011-06-03,2.966694214876034,1751.0,1462.9499999999998,78.28571428571429,False,True,False
79051A,SMOKEY GREY COLOUR D.O.F. GLASS,2009-12-02,2011-12-07,0.73,938.0,380.34,105.0,True,True,True
79051a,SMOKEY GREY COLOUR D.O.F. GLASS,2009-12-22,2009-12-22,6.04,1.0,6.04,0.0,False,False,False
79062D,"RETRO TIN ASHTRAY,REVOLUTIONARY",2011-02-17,2011-08-16,0.38,52.0,19.4,25.714285714285715,False,False,False
79063C,"RETRO PILL BOX KEY CHAIN,THE KING",2011-03-09,2011-12-08,0.1892857142857142,235.0,43.65,39.142857142857146,True,False,False
79063D,"RETRO PILL BOX , REVOLUTIONARY",2011-02-09,2011-11-27,0.21,189.0,35.14,41.57142857142857,True,False,False
79065A,TEATIME ROUND CAKE TINS,2009-12-02,2009-12-02,9.95,4.0,39.8,0.0,False,False,False
79066K,RETRO MOD TRAY,2009-12-07,2011-12-09,1.0829460580912864,1377.0,1200.25,104.57142857142857,True,True,True
79066k,RETRO MOD TRAY,2010-02-19,2011-11-20,1.645,26.0,42.71,91.28571428571429,True,True,True
79067,CORONA MEXICAN TRAY,2009-12-01,2010-12-21,4.938517587939699,1615.0,6380.2,55.0,False,True,False
79070b,ENGLISH ROSE SQUARE CAKE TINS,2009-12-01,2009-12-01,11.26,1.0,11.26,0.0,False,False,False
79071B,ENGLISH ROSE METAL WASTE BIN,2010-02-01,2011-06-13,3.1742424242424243,142.0,433.7000000000001,71.0,False,True,False
79072,TEATIME CAKE TIN WITH HANDLE,2009-12-01,2010-03-29,12.714485981308412,284.0,3083.2,16.857142857142858,False,False,False
79140,ASS WINDPROOF MARIJUANA LIGHTERS,2010-02-01,2010-06-01,0.42,15.0,6.3,17.142857142857142,False,False,False
79144B,PAINTED LIGHTBULB STAR+ MOON,2009-12-04,2011-12-08,0.6481521739130435,350.0,181.03,104.85714285714286,True,True,True
79144C,PAINTED LIGHTBULB RAINBOW DESIGN,2009-12-14,2011-12-08,0.7314432989690722,306.0,180.14,103.42857142857143,True,True,True
79149B,SILICON STAR BULB  BLUE,2009-12-04,2011-12-06,0.42,29.0,12.18,104.57142857142857,True,True,True
79151B,"SILICON CUBE 25W, BLUE",2010-12-05,2011-11-28,0.42,11.0,4.62,51.142857142857146,True,False,False
79157B,UBO-LIGHT TRIOBASE BLUE,2010-02-07,2011-12-06,0.85,5.0,4.25,95.28571428571429,True,True,True
79157V,UBO-LIGHT TRIOBASE PURPLE,2011-10-09,2011-11-03,0.85,5.0,4.25,3.5714285714285716,True,False,False
79160,HEART SHAPE WIRELESS DOORBELL,2009-12-01,2011-12-08,2.515767441860465,944.0,1973.07,105.28571428571429,True,True,True
79161A,ST GEORGE SET OF 10 PARTY LIGHTS,2010-03-10,2011-11-22,2.95,51.0,150.45000000000002,88.85714285714286,True,True,True
79163,BLACK CHAMPAGNE GLASS,2009-12-02,2011-09-18,2.532769230769231,1833.0,1240.83,93.57142857142857,False,True,False
79164,BLACK WINE GLASS,2009-12-01,2011-11-07,6.560434782608695,3653.0,3196.01,100.85714285714286,True,True,True
79172D,PURPLE TINT ACRYLIC FLOWER VASE,2010-03-08,2010-10-31,0.85,24.0,20.4,33.857142857142854,False,False,False
79190A,RETRO PLASTIC 70'S TRAY,2009-12-03,2011-12-09,0.577983193277311,790.0,364.25,105.14285714285714,True,True,True
79190B,RETRO PLASTIC POLKA TRAY,2009-12-02,2011-12-09,0.539264705882353,1485.0,603.08,105.28571428571429,True,True,True
79190D,RETRO PLASTIC DAISY TRAY,2009-12-03,2011-12-02,0.5636607142857143,641.0,296.58,104.14285714285714,True,True,True
79191B,RETRO PLASTIC POLKA TRAY,2009-12-04,2011-12-09,1.0322857142857145,479.0,397.37,105.0,True,True,True
79191C,RETRO PLASTIC ELEPHANT TRAY,2009-12-02,2011-12-06,0.982025316455696,1619.0,1293.76,104.85714285714286,True,True,True
79191D,RETRO PLASTIC DAISY TRAY,2009-12-02,2011-12-09,1.2092857142857143,138.0,143.87,105.28571428571429,True,True,True
79192A,RETRO PLASTIC 70'S TRAY,2009-12-02,2011-02-02,1.4317142857142855,114.0,152.64,61.0,False,True,False
79301,FEATHER HEART LIGHTS,2010-01-21,2010-01-21,2.95,1.0,2.95,0.0,False,False,False
79302M,"ART LIGHTS,FUNK MONKEY",2009-12-01,2011-12-08,3.6983333333333337,624.0,1774.18,105.28571428571429,True,True,True
79302m,"ART LIGHTS,FUNK MONKEY",2009-12-22,2010-04-09,5.9425,4.0,23.77,15.428571428571429,False,False,False
79303A,WHITE ROHMBIC BLOCK TABLE LAMP,2010-01-26,2010-01-26,2.95,2.0,5.9,0.0,False,False,False
79303B,BLUE STAR BLOCK TABLE LAMP,2009-12-02,2010-08-09,4.752000000000001,109.0,339.57,35.714285714285715,False,False,False
79303D,LILAC FLOWER BLOCK TABLE LAMP,2009-12-01,2010-08-09,4.860526315789474,78.0,272.45,35.857142857142854,False,False,False
79308B,MOSAIC CANDLE DISH BLUE PURPLE,2010-06-02,2010-06-29,0.85,144.0,122.4,3.857142857142857,False,False,False
79315W,FLYING SAUCER TABLE LIGHT IN WHITE,2009-12-03,2010-08-09,4.3561538461538465,199.0,611.5100000000001,35.57142857142857,False,False,False
79320,FLAMINGO LIGHTS,2009-12-02,2010-09-22,5.884066666666667,904.0,4357.38,42.0,False,False,False
79321,CHILLI LIGHTS,2009-12-01,2011-12-09,6.290666082383875,15841.0,80540.88,105.42857142857143,True,True,True
79323B,BLACK CHERRY LIGHTS,2009-12-01,2011-02-11,7.727241379310345,242.0,1565.7,62.42857142857143,False,True,False
79323G,GOLD  CHERRY LIGHTS,2009-12-01,2010-04-19,7.712295081967213,314.0,2007.88,19.857142857142858,False,False,False
79323GR,GREEN CHERRY LIGHTS,2009-12-01,2010-04-20,7.097469879518073,532.0,3209.36,20.0,False,False,False
79323LP,LIGHT PINK CHERRY LIGHTS,2009-12-01,2010-10-25,6.871764705882353,1433.0,8481.19,46.857142857142854,False,False,False
79323P,PINK CHERRY LIGHTS,2009-12-01,2011-01-11,7.28390977443609,2281.0,13787.93,58.0,False,True,False
79323S,SILVER CHERRY LIGHTS,2009-12-01,2010-09-16,7.9071428571428575,334.0,2084.32,41.285714285714285,False,False,False
79323W,WHITE CHERRY LIGHTS,2009-12-01,2010-09-16,7.03,3004.0,18048.72,41.285714285714285,False,False,False
79328,BLUE FLOCK GLASS CANDLEHOLDER,2009-12-01,2010-07-26,1.4888235294117649,594.0,260.76,33.857142857142854,False,False,False
79329,PINK FLOCK GLASS CANDLEHOLDER,2009-12-02,2011-04-10,1.2871428571428571,100.0,65.94,70.57142857142857,False,True,False
79331,PINK FLOCK GLASS CANDLEHOLDER,2010-02-10,2011-04-07,1.3677777777777775,60.0,73.6,60.142857142857146,False,True,False
79336,LIGHT PINK FLOCK GLASS CANDLEHOLDER,2009-12-02,2011-09-02,1.4557142857142855,840.0,369.78,91.28571428571429,False,True,False
79337,BLUE FLOCK GLASS CANDLEHOLDER,2010-01-04,2011-07-08,1.0266666666666666,1194.0,502.03,78.57142857142857,False,True,False
79338,DARK PINK FLOCK GLASS CANDLEHOLDER,2009-12-03,2010-03-02,1.4692307692307691,553.0,252.29,12.714285714285714,False,False,False
79341,WILLOW BRANCH LIGHTS.,2009-12-01,2010-04-20,8.0465,725.0,4423.6900000000005,20.0,False,False,False
79342B,BROWN FLOWER LIGHTS,2009-12-01,2010-04-06,8.726470588235294,119.0,824.95,18.0,False,False,False
79342b,BROWN FLOWER LIGHTS,2010-02-19,2010-02-19,13.57,1.0,13.57,0.0,False,False,False
79403,FROSTED WHITE BASE,2009-12-18,2011-12-02,1.1430555555555555,216.0,199.02,102.0,True,True,True
79406,FROSTED WHITE BASE,2009-12-04,2011-12-08,0.3961904761904762,259.0,65.62,104.85714285714286,True,True,True
79413,GLASS WINE GLASS DECORATIONS,2009-12-04,2010-05-04,1.25,30.0,37.5,21.571428571428573,False,False,False
79532,MOSAIC GLASS BALL CANDLEHOLDER,2010-06-07,2010-10-05,1.25,97.0,121.25,17.142857142857142,False,False,False
79534,MULTICOLOUR GLASS PLATE,2009-12-02,2010-10-05,0.55,116.0,63.8,43.857142857142854,False,False,False
81950B,FLOWER BLUE CLOCK W/SUCKER,2009-12-03,2011-08-17,0.9374285714285716,216.0,126.74,88.85714285714286,False,True,False
81950V,FLOWER PURPLE CLOCK W/SUCKER,2009-12-03,2011-07-13,0.6972727272727273,32.0,18.799999999999997,83.85714285714286,False,True,False
81952B,ROUND BLUE CLOCK W/SUCKER,2010-01-11,2011-07-26,0.7045,254.0,84.56,80.14285714285714,False,True,False
81952V,ROUND PURPLE CLOCK W/SUCKER,2009-12-02,2011-11-27,0.7021276595744681,464.0,159.87,103.57142857142857,True,True,True
81953B,ROUND ARTICULATED BLUE CLOCK W/SUCK,2010-05-09,2011-07-18,0.4375,14.0,4.64,62.142857142857146,False,True,False
81953P,ROUND ARTICULATED PINK CLOCK W/SUCK,2010-02-24,2011-07-21,0.52,33.0,9.57,73.14285714285714,False,True,False
81985A,"ICON ALARM CLOCK,FUSCHIA  PIN UP",2009-12-07,2010-08-22,2.55,23.0,58.64999999999999,36.857142857142854,False,False,False
82001S,VINYL RECORD FRAME SILVER,2009-12-01,2011-12-08,4.256120689655172,2926.0,10531.4,105.28571428571429,True,True,True
82001s,VINYL RECORD FRAME SILVER,2010-07-30,2011-12-09,7.47103448275862,125.0,932.98,71.0,True,True,True
82011A,"BATHROOM SCALES, TROPICAL BEACH",2010-02-03,2011-11-13,4.359705882352941,59.0,246.58,92.57142857142857,True,True,True
82011B,BATHROOM SCALES RUBBER DUCKS,2009-12-02,2011-11-23,4.251041666666667,93.0,348.8,103.0,True,True,True
82011C,BATHROOM SCALES FOOTPRINTS IN SAND,2009-12-07,2011-11-23,5.237887323943662,131.0,595.1800000000001,102.28571428571429,True,True,True
82011E,"BATHROOM SCALES, FAG BREAK",2010-02-11,2010-02-11,3.75,2.0,7.5,0.0,False,False,False
82069,BEECH WOOD P/FRAME,2009-12-16,2010-10-18,6.275454545454545,17.0,109.85,43.714285714285715,False,False,False
82072,WHITE WOOD SINGLE P/FRAME,2010-02-07,2010-08-27,1.25,5.0,6.25,28.714285714285715,False,False,False
82076,BEECH WOOD PHOTO FRAME,2009-12-01,2010-01-27,2.726842105263158,290.0,403.64,8.142857142857142,False,False,False
82081,PINK HEARTS PHOTO ALBUM,2009-12-01,2010-02-24,5.259130434782609,174.0,451.35,12.142857142857142,False,False,False
82093,HEART SHAPE BUTTON FRAME,2009-12-01,2010-01-22,3.1478571428571427,139.0,283.49,7.428571428571429,False,False,False
82095,HEART BUTTONS JEWELLERY BOX,2009-12-09,2011-07-05,6.192916666666666,100.0,600.91,81.85714285714286,False,True,False
82482,WOODEN PICTURE FRAME WHITE FINISH,2009-12-01,2011-12-09,2.924807502467917,16914.0,41837.6,105.42857142857143,True,True,True
82483,WOOD 2 DRAWER CABINET WHITE FINISH,2009-12-01,2011-12-08,6.514496466431095,4878.0,29003.370000000003,105.28571428571429,True,True,True
82484,WOOD BLACK BOARD ANT WHITE FINISH,2010-04-11,2011-12-09,7.810832625318607,9831.0,56745.73,86.71428571428571,True,True,True
82486,WOOD S/3 CABINET ANT WHITE FINISH,2009-12-01,2011-12-09,8.635784161490683,4728.0,38052.33,105.42857142857143,True,True,True
82494L,WOODEN FRAME ANTIQUE WHITE,2009-12-01,2011-12-08,3.2012643678160924,15301.0,43811.16,105.28571428571429,True,True,True
82494l,WOODEN FRAME ANTIQUE WHITE,2010-05-05,2011-12-08,8.21860465116279,378.0,3155.93,83.14285714285714,True,True,True
82545A,COGNAC AUX OEUFS METAL 1 HOOK,2010-01-14,2010-10-21,1.25,31.0,38.75,40.0,False,False,False
82551,LAUNDRY 15C METAL SIGN,2009-12-01,2011-12-08,1.6683046357615894,5641.0,8081.139999999999,105.28571428571429,True,True,True
82552,WASHROOM METAL SIGN,2009-12-02,2011-12-09,1.5468875,6955.0,9527.16,105.28571428571429,True,True,True
82553,POP'S GREASY SPOON METAL SIGN,2009-12-01,2010-02-18,2.577380952380953,114.0,237.73,11.285714285714286,False,False,False
82567,"AIRLINE LOUNGE,METAL SIGN",2009-12-01,2011-12-09,2.17200408997955,1207.0,2498.98,105.42857142857143,True,True,True
82578,KITCHEN METAL SIGN,2009-12-01,2011-12-08,0.7130898876404494,5595.0,3129.24,105.28571428571429,True,True,True
82580,BATHROOM METAL SIGN,2009-12-01,2011-12-09,0.7649147516679022,13249.0,7458.52,105.42857142857143,True,True,True
82581,TOILET METAL SIGN,2009-12-01,2011-12-09,0.6903583061889251,8399.0,4649.0,105.42857142857143,True,True,True
82582,AREA PATROLLED METAL SIGN,2009-12-01,2011-12-09,2.3533042394014965,7479.0,15110.98,105.42857142857143,True,True,True
82583,HOT BATHS METAL SIGN,2009-12-01,2011-12-09,2.760100166944908,12877.0,27981.99,105.42857142857143,True,True,True
82585,SWEET VALENCIA CANDLE+CUP,2009-12-02,2010-03-02,1.8791836734693876,164.0,235.9,12.857142857142858,False,False,False
82587,TEXRIO TOMATOES CANDLE+CUP,2009-12-06,2010-05-13,1.455853658536585,128.0,166.78,22.571428571428573,False,False,False
82597,BOMBS AWAY METAL SIGN,2009-12-01,2010-11-01,2.577926267281106,1210.0,2569.6600000000003,47.857142857142854,False,False,False
82599,FANNY'S REST STOPMETAL SIGN,2009-12-02,2011-05-08,2.7062035225048926,2505.0,5479.4400000000005,74.57142857142857,False,True,False
82600,NO SINGING METAL SIGN,2009-12-01,2011-12-09,2.4013576158940397,12675.0,25736.19,105.42857142857143,True,True,True
82605,OLD DOC.RUSSEL METAL SIGN,2009-12-02,2011-03-18,2.3973809523809524,268.0,595.07,67.28571428571429,False,True,False
82607A,GLASS BONBON JAR PARFUME AUX FLEURE,2009-12-03,2010-10-12,1.8113207547169812,663.0,923.72,44.714285714285715,False,False,False
82607C,GLASS BONBON JAR. SUPERFINES,2009-12-01,2010-03-09,1.901627906976744,115.0,175.61,14.0,False,False,False
82607E,GLASS BONBON JAR. D'AMANDES,2009-12-03,2010-10-31,1.25,101.0,126.25,47.42857142857143,False,False,False
82613A,"METAL SIGN,CUPCAKE SINGLE HOOK",2009-12-02,2011-07-14,1.6133620689655173,492.0,667.47,84.14285714285714,False,True,False
82613B,"METAL SIGN,CUPCAKE SINGLE HOOK",2009-12-01,2011-12-06,1.724170403587444,896.0,985.57,105.0,True,True,True
82613C,"METAL SIGN,CUPCAKE SINGLE HOOK",2009-12-02,2011-12-02,1.7389304812834223,770.0,820.01,104.28571428571429,True,True,True
82613D,METAL SIGN CUPCAKE SINGLE HOOK,2009-12-01,2011-12-06,1.688450184501845,1186.0,1281.86,105.0,True,True,True
82613a,"METAL SIGN,CUPCAKE SINGLE HOOK",2010-02-01,2011-06-08,2.493333333333333,3.0,7.48,70.28571428571429,False,True,False
82613b,"METAL SIGN,CUPCAKE SINGLE HOOK",2010-02-01,2011-07-08,2.5009090909090905,14.0,35.04,74.57142857142857,False,True,False
82613c,"METAL SIGN,CUPCAKE SINGLE HOOK",2010-02-01,2011-10-26,2.5016666666666665,13.0,32.48,90.28571428571429,True,True,True
82615,PINK MARSHMALLOW SCARF KNITTING KIT,2009-12-02,2010-12-01,3.277444444444445,582.0,1603.97,52.0,False,True,False
82616A,BUBBLE GUM SCARF KNITTING KIT,2009-12-02,2010-10-27,2.9890384615384615,316.0,624.21,47.0,False,False,False
82616B,FRAPPUCINO SCARF KNITTING KIT,2009-12-01,2011-12-08,2.211796875,606.0,977.55,105.28571428571429,True,True,True
82616C,MIDNIGHT GLAMOUR SCARF KNITTING KIT,2009-12-02,2011-12-08,2.1964084507042254,632.0,1024.1,105.14285714285714,True,True,True
84006,MAGIC TREE -PAPER FLOWERS,2009-12-01,2011-12-08,1.1082075471698114,1856.0,1738.07,105.28571428571429,True,True,True
84007,MAGIC GARDEN MOUNT FUJI,2009-12-01,2010-11-30,2.6815384615384614,157.0,413.12,52.0,False,True,False
84012,MAGIC SHEEP WOOL GROWING FROM PAPER,2009-12-01,2011-12-08,1.7253333333333334,1838.0,2628.47,105.28571428571429,True,True,True
84016,FLAG OF ST GEORGE CAR FLAG,2009-12-07,2011-09-14,53.19758064516129,1004.0,3791.67,92.28571428571429,False,True,False
84029C,BROWN FURRY HOT WATER BOTTLE,2009-12-01,2010-01-05,4.5562499999999995,204.0,766.19,5.0,False,False,False
84029D,LEOPARD PRINT HOT WATER BOTTLE,2009-12-07,2010-02-08,4.223333333333334,51.0,183.98,9.0,False,False,False
84029E,RED WOOLLY HOTTIE WHITE HEART.,2009-12-01,2011-12-09,4.464668959587274,10628.0,42994.240000000005,105.42857142857143,True,True,True
84029G,KNITTED UNION FLAG HOT WATER BOTTLE,2009-12-01,2011-12-09,4.793914728682171,6830.0,29533.87,105.42857142857143,True,True,True
84029c,BROWN FURRY HOT WATER BOTTLE,2009-12-22,2009-12-22,7.78,1.0,7.78,0.0,False,False,False
84030B,KNITTED POM POM HOT WATER BOTTLE,2010-02-09,2010-03-05,3.75,5.0,18.75,3.4285714285714284,False,False,False
84030C,KNITTED RAINBOW HOT WATER BOTTLE,2009-12-01,2010-03-05,4.421666666666667,21.0,82.78,13.428571428571429,False,False,False
84030E,ENGLISH ROSE HOT WATER BOTTLE,2009-12-03,2011-12-08,4.866748466257669,2122.0,9042.15,105.0,True,True,True
84030b,KNITTED POM POM HOT WATER BOTTLE,2010-01-25,2010-01-25,8.46,1.0,8.46,0.0,False,False,False
84030c,KNITTED RAINBOW HOT WATER BOTTLE,2009-12-01,2010-03-05,7.718461538461539,32.0,248.0,13.428571428571429,False,False,False
84030e,ENGLISH ROSE HOT WATER BOTTLE,2010-09-30,2011-12-08,8.486326530612244,120.0,979.4,62.0,True,True,True
84031A,CHARLIE+LOLA RED HOT WATER BOTTLE,2009-12-01,2011-12-09,4.696772151898735,1098.0,4404.02,105.42857142857143,True,True,True
84031B,CHARLIE LOLA BLUE HOT WATER BOTTLE,2009-12-01,2011-12-09,4.701090909090909,839.0,3263.03,105.42857142857143,True,True,True
84031a,CHARLIE+LOLA RED HOT WATER BOTTLE,2011-10-31,2011-10-31,16.63,1.0,16.63,0.0,True,False,False
84031b,CHARLIE LOLA BLUE HOT WATER BOTTLE,2011-10-31,2011-10-31,16.63,1.0,16.63,0.0,True,False,False
84032A,CHARLIE+LOLA PINK HOT WATER BOTTLE,2009-12-01,2011-12-09,3.3137987987987993,3234.0,8624.1,105.42857142857143,True,True,True
84032B,CHARLIE + LOLA RED HOT WATER BOTTLE,2009-12-01,2011-12-09,3.087963576158941,3285.0,7699.25,105.42857142857143,True,True,True
84033,FLAG OF ST GEORGE,2010-01-15,2011-09-14,3.4216,392.0,735.38,86.71428571428571,False,True,False
84050,PINK HEART SHAPE EGG FRYING PAN,2009-12-01,2011-11-01,2.1541551246537396,9853.0,14525.0,100.0,True,True,True
84051,ASS COLOUR GLOWING TIARAS,2009-12-06,2011-12-06,0.8963934426229508,746.0,607.98,104.28571428571429,True,True,True
84077,WORLD WAR 2 GLIDERS ASSTD DESIGNS,2009-12-01,2011-12-09,0.2831213307240704,106139.0,24445.609999999997,105.42857142857143,True,True,True
84078A,SET/4 WHITE RETRO STORAGE CUBES,2009-12-02,2011-12-08,45.85689024390244,1128.0,43844.96000000001,105.14285714285714,True,True,True
84081,WHITE CERAMIC PARTY SET (5PCS),2009-12-02,2010-07-14,5.212000000000001,100.0,389.3,32.0,False,False,False
84086B,YELLOW/BLUE RETRO RADIO,2010-05-16,2011-12-06,2.95,24.0,70.80000000000001,81.28571428571429,True,True,True
84086C,PINK/PURPLE RETRO RADIO,2009-12-09,2011-11-30,3.2385227272727275,297.0,884.75,103.0,True,True,True
84192,ASSORTED COLOUR METAL CAT,2010-02-08,2011-12-04,1.2402564102564102,226.0,271.1,94.85714285714286,True,True,True
84199,GLOW IN DARK DOLPHINS,2009-12-01,2011-12-06,0.2213888888888888,554.0,121.08,105.0,True,True,True
84201B,HAPPY BIRTHDAY CARD STRIPEY TEDDY,2009-12-06,2011-11-25,0.19,39.0,7.41,102.71428571428571,True,True,True
84201C,HAPPY BIRTHDAY CARD TEDDY/CAKE,2010-08-23,2011-08-28,0.19,10.0,1.9,52.857142857142854,False,True,False
84205C,HAPPY BIRTHDAY GINGER CAT CARD,2010-03-03,2010-03-03,0.19,2.0,0.38,0.0,False,False,False
84206A,3 BLACK CATS W HEARTS BLANK CARD,2009-12-06,2011-11-25,0.19,79.0,15.010000000000002,102.71428571428571,True,True,True
84206B,CAT W SUNGLASSES BLANK CARD,2010-08-24,2011-11-20,0.19,9.0,1.71,64.71428571428571,True,True,True
84206C,CHAMPAGNE TRAY BLANK CARD,2009-12-06,2011-11-25,0.19,10.0,1.9,102.71428571428571,True,True,True
84212,"ASSORTED FLOWER COLOUR ""LEIS""",2009-12-06,2011-12-06,0.8430935251798561,24794.0,11961.49,104.28571428571429,True,True,True
84218,BOX/12 CHICK & EGG IN BASKET,2010-01-31,2011-03-31,2.0510204081632653,261.0,503.51,60.57142857142857,False,True,False
84219,BOX/12 MOTHER & CHICK IN BASKET/BOW,2010-01-31,2010-03-28,2.5967857142857143,137.0,303.86,8.0,False,False,False
84226,HEN HOUSE W FAMILY IN BARN & NEST,2010-02-28,2011-06-08,0.8383333333333334,77.0,58.31,66.42857142857143,False,True,False
84227,HEN HOUSE W CHICK IN NEST,2010-02-18,2011-03-14,0.42,112.0,47.04,55.57142857142857,False,True,False
84228,HEN HOUSE W CHICK STANDING,2009-12-07,2011-11-29,0.6284782608695653,354.0,156.07,103.14285714285714,True,True,True
84231,EASTER BUNNY WITH BASKET ON BACK,2010-01-24,2011-11-04,0.8629411764705882,230.0,166.21,92.71428571428571,True,True,True
84247C,PACK/12 BLUE REINDEER CARD,2009-12-01,2010-11-29,2.95,72.0,212.40000000000003,51.857142857142854,False,False,False
84247E,PACK/12 XMAS FUN CARD,2010-06-30,2011-12-01,2.8541666666666665,376.0,1064.0500000000002,74.14285714285714,True,True,True
84247G,"DECOUPAGE,GREETING CARD,",2009-12-03,2011-07-14,0.486448598130841,1414.0,602.67,84.0,False,True,False
84247H,PACK/12 DECOUPAGE CARD,2009-12-22,2010-06-17,2.317,42.0,109.13,25.285714285714285,False,False,False
84247J,PACK/12 RUSSIAN DOLL CARDS,2009-12-02,2009-12-18,1.3244444444444443,10.0,12.78,2.2857142857142856,False,False,False
84247K,"FOLK ART GREETING CARD,pack/12",2009-12-02,2011-10-16,3.2764285714285717,75.0,233.48,97.57142857142857,True,True,True
84247L,FAWN AND MUSHROOM GREETING CARD,2009-12-03,2011-04-19,0.5278181818181817,1137.0,498.21,71.71428571428571,False,True,False
84247N,PACK/12 BLUE FOLKART CARDS,2010-01-11,2011-11-27,2.3926415094339624,113.0,297.48,97.85714285714286,True,True,True
84249A,"GREETING CARD,SQUARE, DOUGHNUTS",2010-02-04,2011-12-09,0.6129411764705882,252.0,113.22,96.14285714285714,True,True,True
84249D,FAIRY CAKE GREETINGS CARD,2009-12-02,2010-08-23,0.4790625,823.0,347.3,37.714285714285715,False,False,False
84250M,"GREETING CARD, BLACKPOOL ROCK",2009-12-03,2010-07-15,0.7992307692307693,28.0,15.9,32.0,False,False,False
84251B,"GREETING CARD, STICKY GORDON",2010-03-08,2011-09-25,0.3998360655737705,319.0,84.84,80.85714285714286,False,True,False
84251C,"GREETING CARD, TWO SISTERS.",2009-12-14,2011-08-04,0.4383018867924528,247.0,76.68,85.42857142857143,False,True,False
84251F,"GREETING CARD, RITA",2009-12-01,2010-09-20,0.4414,341.0,83.97,41.857142857142854,False,False,False
84251G,"GREETING CARD, OVERCROWDED POOL.",2009-12-01,2011-12-08,0.4517582417582417,472.0,127.56,105.28571428571429,True,True,True
84251J,"GREETING CARD, THE BLACK CAT",2009-12-01,2010-06-07,0.7458823529411764,74.0,37.04,26.857142857142858,False,False,False
84255A,PINK GLASS COCKTAIL LAMP,2009-12-13,2010-01-21,2.1,2.0,4.2,5.571428571428571,False,False,False
84255B,ORANGE COCKTAIL GLASS LAMP,2009-12-03,2010-03-09,4.4911111111111115,65.0,190.16,13.714285714285714,False,False,False
84270,ASSTD DESIGN BUBBLE GUM RING,2009-12-01,2010-12-06,0.2478361344537815,22936.0,4824.3,52.857142857142854,False,True,False
84279B,CHERRY BLOSSOM DECORATIVE FLASK,2009-12-01,2011-06-17,4.296511627906977,808.0,3076.92,80.42857142857143,False,True,False
84279P,CHERRY BLOSSOM  DECORATIVE FLASK,2009-12-06,2011-12-01,4.604666666666667,1145.0,4476.67,103.57142857142857,True,True,True
84288B,SET/2 BLUE  NOODLE BASKETS,2009-12-01,2010-06-23,1.95,61.0,118.95,29.142857142857142,False,False,False
84292,ROSE PINK METAL FOLDING CHAIR,2009-12-03,2010-06-16,10.534285714285714,44.0,385.98,27.857142857142858,False,False,False
84292B,BLUE COL METAL FOLDING CHAIR,2010-01-04,2010-04-29,7.359999999999999,8.0,51.8,16.428571428571427,False,False,False
84306,S/3 PINK SQUARE PLANTERS ROSES,2009-12-03,2011-03-22,12.064193548387095,48.0,557.4799999999999,67.71428571428571,False,True,False
84311,CAMOFLAGE CUSHION COVER,2010-02-09,2010-02-09,1.65,11.0,18.15,0.0,False,False,False
84313A,PINK TV TRAY TABLE,2009-12-15,2010-10-10,6.26,38.0,212.42,42.714285714285715,False,False,False
84313B,BLUE TV TRAY TABLE,2009-12-01,2011-04-01,6.966024096385543,227.0,1164.04,69.42857142857143,False,True,False
84313C,ORANGE TV TRAY TABLE,2010-01-11,2011-06-02,5.152739726027397,548.0,1442.39,72.42857142857143,False,True,False
84327A,PINK JUMPER LARRY THE LAMB,2009-12-01,2010-08-05,2.097642276422764,959.0,1820.27,35.285714285714285,False,False,False
84340,LARGE FIBRE OPTIC CHRISTMAS TREE,2009-12-01,2009-12-22,4.346363636363637,21.0,65.76,3.0,False,False,False
84341B,SMALL PINK MAGIC CHRISTMAS TREE,2009-12-01,2011-11-15,0.8920799999999999,1757.0,922.18,102.0,True,True,True
84347,ROTATING SILVER ANGELS T-LIGHT HLDR,2009-12-01,2011-12-09,3.3425352112676054,31409.0,71300.4,105.42857142857143,True,True,True
84352,SILVER CHRISTMAS TREE BAUBLE STAND,2009-12-01,2011-09-21,17.837936507936508,206.0,3505.58,94.14285714285714,False,True,False
84356,POMPOM CURTAIN,2009-12-04,2011-12-09,6.5449624060150375,750.0,3771.04,105.0,True,True,True
84358,FLOOR LAMP SHADE WOOD BASE,2009-12-01,2011-08-09,12.642413793103447,121.0,1097.48,88.0,False,True,False
84360,TABLE LAMP WHITE SHADE WOOD BASE,2009-12-01,2011-12-05,6.240243902439024,179.0,956.89,104.85714285714286,True,True,True
84366,VENDETTA CANVAS PICTURE,2010-02-02,2010-05-13,3.75,3.0,11.25,14.285714285714286,False,False,False
84367,LA STREGA CANVAS PICTURE,2009-12-09,2010-08-04,2.175,74.0,126.29999999999998,34.0,False,False,False
84371,BIG PINK POODLE,2009-12-02,2010-01-25,17.375,30.0,257.1,7.714285714285714,False,False,False
84375,SET OF 20 KIDS COOKIE CUTTERS,2009-12-01,2011-12-09,2.5122166874221667,7575.0,15753.18,105.42857142857143,True,True,True
84378,SET OF 3 HEART COOKIE CUTTERS,2009-12-01,2011-12-09,1.5957911392405062,11637.0,15388.44,105.42857142857143,True,True,True
84380,SET OF 3 BUTTERFLY COOKIE CUTTERS,2009-12-01,2011-12-09,1.6672395369545858,10405.0,14076.34,105.42857142857143,True,True,True
84387A,BIRD ON BRANCH CANVAS SCREEN,2011-07-21,2011-07-21,1.95,11.0,21.45,0.0,False,False,False
84388,WISE MAN STAR SHAPE EGG PAN,2009-12-01,2011-04-19,1.4856521739130435,70.0,89.03999999999999,72.0,False,True,False
84396,6 HOOK JEWELLERY STAND BLACK DRESS,2009-12-01,2010-02-24,5.774400000000001,552.0,1380.52,12.142857142857142,False,False,False
84402B,PURPLE DRESS JEWELLERY STAND,2010-11-17,2011-07-21,1.33,62.0,51.14,35.142857142857146,False,False,False
84402D,PINK DRESS JEWELLERY STAND,2009-12-01,2010-03-19,2.2946153846153847,373.0,358.92999999999995,15.428571428571429,False,False,False
84405A,S/3 PINK COL METAL BASKET W HANDLE,2009-12-02,2010-10-05,11.7106,129.0,1042.16,43.857142857142854,False,False,False
84406B,CREAM CUPID HEARTS COAT HANGER,2009-12-01,2011-12-05,3.74048178613396,7131.0,23080.13,104.85714285714286,True,True,True
84406b,CREAM CUPID HEARTS COAT HANGER,2009-12-22,2009-12-22,6.91,2.0,13.82,0.0,False,False,False
84414B,FUSCHIA/GREEN STRIPE WOOLLY BLANKET,2009-12-10,2010-03-25,13.965555555555556,78.0,536.24,15.0,False,False,False
84415A,PINK FLOCK SUEDE CUSHION COVER,2009-12-08,2011-06-24,2.9166666666666665,27.0,71.25,80.42857142857143,False,True,False
84415B,BLUE FLOCK CUSHION COVER,2009-12-03,2011-06-08,3.392857142857143,24.0,80.0,78.85714285714286,False,True,False
84422,PINK/BLUE DISC/MIRROR STRING,2009-12-20,2011-09-16,1.0126315789473683,782.0,427.95,90.71428571428571,False,True,False
84424A,FOUR PICTURE WHITE GLASS FRAME,2010-06-09,2010-10-24,3.75,23.0,86.25,19.571428571428573,False,False,False
84425A,WHITE GLASS TV TRIPLE FRAME,2009-12-04,2010-05-13,4.2555555555555555,18.0,76.6,22.857142857142858,False,False,False
84427B,BLACK GLASS TV DOUBLE P/FRAME 15X10,2009-12-04,2010-03-07,4.25,17.0,72.25,13.285714285714286,False,False,False
84429A,MEDIUM PINK BUDDHA HEAD,2009-12-02,2011-12-08,4.005,109.0,371.78,105.14285714285714,True,True,True
84437A,S/6 PINK EASTER DECS IN BOX,2010-01-11,2010-04-09,0.8924999999999998,106.0,90.95,12.571428571428571,False,False,False
84447,6 RABBIT CHAIN EASTER,2010-01-27,2010-03-23,1.361578947368421,69.0,72.42,7.857142857142857,False,False,False
84450A,PINK RABBIT SITTING EASTER,2009-12-16,2010-02-03,0.4979999999999999,52.0,24.18,7.0,False,False,False
84450B,YELLOW RABBIT SAT EASTER,2009-12-10,2010-04-01,0.722,139.0,84.55,16.0,False,False,False
84452,METAL RABBIT LADDER EASTER,2009-12-04,2011-10-20,1.1748888888888889,198.0,186.16,97.85714285714286,True,True,True
84454,WOBBLING METAL CHICKEN EASTER,2009-12-07,2010-04-09,1.075,93.0,85.53,17.571428571428573,False,False,False
84455,SET OF 3 RABBIT CARROTS EASTER,2010-01-11,2010-04-09,1.014,85.0,77.96,12.571428571428571,False,False,False
84456,SET OF 3 RABBIT EGG EASTER,2009-12-04,2010-06-25,0.95625,37.0,33.15,29.0,False,False,False
84457,SET/3 RABBITS FLOWER SKIPPPING ROPE,2010-01-24,2011-11-09,1.1467692307692303,291.0,278.72999999999996,93.42857142857143,True,True,True
84458,S/3 RABBIT FLOWER/EGG/CARROT ROPE,2010-01-18,2010-03-21,0.85,124.0,105.4,8.857142857142858,False,False,False
84459A,PINK METAL CHICKEN HEART,2009-12-01,2011-10-30,2.3394117647058823,1263.0,2041.69,99.71428571428571,True,True,True
84459B,YELLOW METAL CHICKEN HEART,2009-12-07,2011-04-07,2.115852534562212,1475.0,2341.77,69.42857142857143,False,True,False
84461,12 PINK HEN+CHICKS IN BASKET,2010-01-31,2011-04-20,2.60775,99.0,253.79,63.42857142857143,False,True,False
84462,3 PINK HEN+CHICKS IN BASKET,2010-02-02,2011-04-14,1.3264285714285715,100.0,114.86,62.285714285714285,False,True,False
84464,S/60 PINK FLUFFY CHICKS IN BOX,2010-01-08,2010-02-19,2.4954545454545456,82.0,179.1,6.0,False,False,False
84465,15 PINK FLUFFY CHICKS IN BOX,2010-02-03,2011-11-04,3.041739130434783,32.0,96.51,91.28571428571429,True,True,True
84466,TOP SECRET PEN SET,2009-12-01,2011-07-14,1.6404109589041096,1256.0,1348.36,84.28571428571429,False,True,False
84467,ENGLISH ROSE DESIGN QUILTED THROW,2009-12-06,2010-07-27,24.040602409638552,816.0,17477.66,33.285714285714285,False,False,False
84469,ROSE DES PADDED FLOOR CUSHION,2009-12-04,2010-03-24,5.513863636363637,664.0,2249.41,15.714285714285714,False,False,False
84472,PINK AND LILAC QUILTED THROW,2009-12-01,2010-05-11,46.424,87.0,3402.32,23.0,False,False,False
84482,BUTTONS DESIGN JEWELLERY BOX,2009-12-06,2010-10-03,4.106666666666667,75.0,293.02,43.0,False,False,False
84493,BLUE/PINK NEST STRIPE BOX,2010-06-13,2010-09-27,1.5619999999999998,1142.0,111.12,15.142857142857142,False,False,False
84497,BUTTONS AND STRIPES NOTEBOOK,2009-12-02,2011-11-15,4.15102564102564,97.0,387.13,101.85714285714286,True,True,True
84499,BLACK FLOWER CANDLE PLATE,2009-12-16,2011-01-04,1.238780487804878,326.0,272.16999999999996,54.857142857142854,False,True,False
84507B,STRIPES DESIGN MONKEY DOLL,2009-12-01,2011-09-07,2.9207758620689654,1349.0,1764.03,92.14285714285714,False,True,False
84507C,BLUE CIRCLES DESIGN MONKEY DOLL,2009-12-01,2011-10-23,2.7132394366197183,433.0,634.64,98.71428571428571,True,True,True
84508A,CAMOFLAGE DESIGN TEDDY,2009-12-01,2011-09-21,2.511743119266055,3809.0,8091.48,94.14285714285714,False,True,False
84508B,STRIPES DESIGN TEDDY,2009-12-04,2011-11-27,2.8228378378378376,169.0,453.76,103.28571428571429,True,True,True
84508C,BLUE CIRCLES DESIGN TEDDY,2009-12-04,2011-11-17,2.949302325581395,103.0,279.82,101.85714285714286,True,True,True
84509A,ENGLISH ROSE PLACEMATS,2009-12-01,2011-12-08,4.56210396039604,1523.0,5897.79,105.28571428571429,True,True,True
84509B,FAIRY CAKE PLACEMATS,2009-12-02,2011-12-08,4.262878787878788,649.0,2452.67,105.14285714285714,True,True,True
84509C,DOTTY PLACEMATS,2009-12-04,2011-12-05,4.392083333333333,277.0,1085.96,104.42857142857143,True,True,True
84509E,CAROUSEL PLACEMATS,2010-01-11,2011-12-07,4.1315625,161.0,323.36,99.28571428571429,True,True,True
84509F,NEW ENGLAND PLACEMATS,2009-12-04,2010-11-10,3.937173913043478,2781.0,2456.1,48.714285714285715,False,False,False
84509G,FAIRY CAKE PLACEMATS,2009-12-03,2011-12-08,3.7734591194968554,802.0,2045.45,105.0,True,True,True
84509a,ENGLISH ROSE PLACEMATS,2009-12-22,2011-12-09,7.477066666666667,113.0,844.74,102.42857142857143,True,True,True
84509b,SET OF 4 FAIRY CAKE PLACEMATS,2011-02-02,2011-11-13,7.46,5.0,37.3,40.57142857142857,True,False,False
84509c,DOTTY PLACEMATS,2009-12-01,2011-12-05,7.547272727272727,67.0,505.26,104.85714285714286,True,True,True
84509e,SET OF 4 CAROUSEL PLACEMATS,2010-07-07,2010-07-07,7.62,2.0,15.24,0.0,False,False,False
84509g,SET OF 4 FAIRY CAKE PLACEMATS,2011-05-10,2011-05-10,7.46,2.0,14.92,0.0,False,False,False
84510A,SET OF 4 ENGLISH ROSE COASTERS,2009-12-01,2011-12-09,1.6820964360587003,2402.0,3254.14,105.42857142857143,True,True,True
84510B,SET OF 4 FAIRY CAKES COASTERS,2009-12-01,2010-07-07,1.673157894736842,1171.0,1481.05,31.142857142857142,False,False,False
84510C,SET OF 4 POLKADOTS COASTERS,2009-12-02,2011-12-05,1.6765346534653465,274.0,401.59,104.71428571428571,True,True,True
84510E,SET OF 4 GREEN CAROUSEL COASTERS,2010-01-11,2011-12-06,1.8128571428571427,148.0,117.77,99.14285714285714,True,True,True
84510F,SET OF 4 NEW ENGLAND COASTERS,2009-12-02,2010-10-07,1.4618421052631578,1099.0,432.75,44.142857142857146,False,False,False
84510a,SET OF 4 ENGLISH ROSE COASTERS,2010-06-24,2011-06-28,2.477241379310345,75.0,185.7,52.714285714285715,False,True,False
84510b,SET OF 4 FAIRY CAKES COASTERS,2010-08-02,2010-08-02,2.15,1.0,2.15,0.0,False,False,False
84510c,SET OF 4 POLKADOTS COASTERS,2010-06-08,2011-12-05,2.4820588235294117,56.0,138.86,77.85714285714286,True,True,True
84510e,SET OF 4 GREEN CAROUSEL COASTERS,2010-04-09,2011-04-15,2.5016666666666665,14.0,35.089999999999996,53.0,False,True,False
84519A,TOMATO CHARLIE+LOLA COASTER SET,2009-12-01,2011-12-09,2.9695566502463056,1200.0,2788.4500000000003,105.42857142857143,True,True,True
84519B,CARROT CHARLIE+LOLA COASTER SET,2009-12-01,2011-12-09,2.900372093023256,867.0,1895.37,105.42857142857143,True,True,True
84520B,PACK 20 ENGLISH ROSE PAPER NAPKINS,2009-12-01,2011-03-03,1.040450204638472,7390.0,6321.62,65.28571428571429,False,True,False
84520D,PACK OF 20 FAIRY CAKE PAPER NAPKINS,2009-12-02,2010-02-26,1.1359574468085107,699.0,639.4699999999999,12.285714285714286,False,False,False
84520b,PACK 20 ENGLISH ROSE PAPER NAPKINS,2010-03-05,2010-09-21,2.085,110.0,257.4,28.571428571428573,False,False,False
84522,PINK PARTY SUNGLASSES,2009-12-07,2011-11-22,1.859615384615385,186.0,311.86,102.14285714285714,True,True,True
84526,GIANT BLACK SUNGLASSES,2009-12-02,2010-11-18,2.112058823529412,538.0,1503.64,50.142857142857146,False,False,False
84527,FLAMES SUNGLASSES PINK LENSES,2010-03-30,2011-11-25,2.1160869565217393,77.0,146.11,86.42857142857143,True,True,True
84529A,PINK KNITTED KIDS RUCKSACK,2009-12-16,2010-04-20,6.563684210526316,50.0,290.78,17.857142857142858,False,False,False
84529B,BLUE KNITTED KID'S RUCKSACK,2010-02-14,2010-04-23,5.226,13.0,62.35,9.714285714285714,False,False,False
84529C,YELLOW KNITTED KIDS RUCKSACK,2009-12-16,2010-06-04,5.033783783783784,78.0,414.74,24.285714285714285,False,False,False
84531A,PINK KNITTED EGG COSY,2009-12-07,2011-04-18,1.294468085106383,191.0,169.36,71.0,False,True,False
84531B,BLUE KNITTED EGG COSY,2009-12-07,2011-04-18,1.1726190476190477,194.0,164.01,71.0,False,True,False
84532B,FAIRY CAKES RECTANGLUAR BOXES,2009-12-02,2010-03-31,7.502903225806452,54.0,417.58,17.0,False,False,False
84533B,FAIRY CAKES ROUND NESTING BOXES,2009-12-01,2010-03-12,7.096666666666667,59.0,377.93,14.428571428571429,False,False,False
84534B,FAIRY CAKE NOTEBOOK A5 SIZE,2009-12-01,2011-01-20,1.1997326203208556,818.0,774.7099999999999,59.285714285714285,False,True,False
84534b,FAIRY CAKE NOTEBOOK A5 SIZE,2010-06-24,2010-12-21,1.66,5.0,8.3,25.714285714285715,False,False,False
84535A,ENGLISH ROSE NOTEBOOK A6 SIZE,2009-12-01,2011-05-08,0.8453846153846154,607.0,346.93,74.71428571428571,False,True,False
84535B,FAIRY CAKES NOTEBOOK A6 SIZE,2009-12-01,2011-12-08,0.8490090090090091,2686.0,1747.76,105.28571428571429,True,True,True
84536A,ENGLISH ROSE NOTEBOOK A7 SIZE,2009-12-01,2011-12-08,0.533872,5077.0,2289.73,105.28571428571429,True,True,True
84536B,FAIRY CAKES NOTEBOOK A7 SIZE,2009-12-01,2011-12-06,0.5752357320099255,3504.0,1561.49,105.0,True,True,True
84536a,ENGLISH ROSE NOTEBOOK A7 SIZE,2010-03-29,2011-11-20,0.8033333333333333,25.0,19.97,85.85714285714286,True,True,True
84536b,FAIRY CAKES NOTEBOOK A7 SIZE,2010-06-24,2010-12-09,0.81,8.0,6.48,24.0,False,False,False
84537B,FAIRY CAKES GIFT BAG,2009-12-03,2010-03-15,0.42,117.0,49.14,14.571428571428571,False,False,False
84539,KNITTED RABBIT DOLL,2009-12-07,2011-07-10,1.6499999999999997,55.0,90.75,82.85714285714286,False,True,False
84546,CROCHET POODLE KEYRING,2010-03-01,2010-07-14,1.6499999999999997,21.0,34.64999999999999,19.285714285714285,False,False,False
84548,CROCHET BEAR RED/BLUE  KEYRING,2009-12-03,2011-07-08,1.65,48.0,79.19999999999999,83.14285714285714,False,True,False
84549,CROCHET WHITE RABBIT KEYRING,2009-12-08,2011-11-08,2.368125,75.0,137.26999999999998,100.0,True,True,True
84550,CROCHET LILAC/RED BEAR KEYRING,2009-12-11,2011-11-25,1.65,15.0,24.749999999999996,102.0,True,True,True
84551,CROCHET DOG KEYRING,2009-12-08,2011-10-06,1.65,39.0,64.35,95.28571428571429,False,True,False
84555A,YELLOW VW BEETLE CERAMIC MONEY BOX,2010-02-02,2010-06-13,2.926470588235294,47.0,133.85000000000002,18.714285714285715,False,False,False
84558A,3D DOG PICTURE PLAYING CARDS,2009-12-01,2011-12-05,3.133529411764706,1259.0,3628.11,104.85714285714286,True,True,True
84558a,3D DOG PICTURE PLAYING CARDS,2009-12-01,2011-12-09,5.952105263157895,21.0,125.17,105.42857142857143,True,True,True
84559A,3D SHEET OF DOG STICKERS,2009-12-01,2011-12-09,1.0671428571428572,1321.0,1190.1699999999998,105.42857142857143,True,True,True
84559B,3D SHEET OF CAT STICKERS,2009-12-01,2011-11-02,1.0304060913705584,1199.0,1065.55,100.14285714285714,True,True,True
84559D,3D SHEET OF SEA WORLD STICKERS,2009-12-01,2010-11-15,0.9067741935483872,147.0,126.71,49.857142857142854,False,False,False
84559a,3D SHEET OF DOG STICKERS,2010-02-01,2011-06-27,1.6787499999999995,57.0,95.7,73.0,False,True,False
84559b,3D SHEET OF CAT STICKERS,2010-09-28,2011-09-20,1.6707999999999998,32.0,53.54,51.0,False,False,False
84559d,3D SHEET OF SEA WORLD STICKERS,2010-10-22,2010-10-22,1.69,2.0,3.38,0.0,False,False,False
84562A,PINK/WHITE RIBBED MELAMINE JUG,2009-12-03,2011-02-20,9.355443037974684,169.0,1378.26,63.42857142857143,False,True,False
84562B,BLUE/WHITE RIBBED MELAMINE JUG,2009-12-02,2010-01-22,10.53,10.0,106.59,7.285714285714286,False,False,False
84563A,PINK & WHITE BREAKFAST TRAY,2009-12-07,2011-05-17,6.021612903225806,139.0,685.15,75.14285714285714,False,True,False
84563B,BLUE & WHITE BREAKFAST TRAY,2009-12-20,2011-06-19,5.206271186440678,128.0,590.04,78.0,False,True,False
84564,6 SEGMENT COLOURED SNACK BOWL,2009-12-08,2010-06-09,8.725454545454546,21.0,175.48000000000002,26.142857142857142,False,False,False
84567,FROSTED GLASS WITH SILVER SURROUND,2010-01-20,2010-01-20,1.65,9.0,14.85,0.0,False,False,False
84568,GIRLS ALPHABET IRON ON PATCHES,2009-12-01,2011-12-09,0.3733870967741935,37066.0,7788.67,105.42857142857143,True,True,True
84569A,PACK 3 IRON ON DOG PATCHES,2009-12-02,2011-12-05,1.3568421052631578,562.0,702.42,104.71428571428571,True,True,True
84569B,PACK 3 FIRE ENGINE/CAR PATCHES,2009-12-04,2011-03-22,1.427763157894737,433.0,557.18,67.57142857142857,False,True,False
84569C,PACK 4 FLOWER/BUTTERFLY PATCHES,2009-12-02,2011-03-25,1.792696629213483,415.0,584.93,68.28571428571429,False,True,False
84569D,PACK 6 HEART/ICE-CREAM PATCHES,2009-12-03,2011-12-09,1.4511049723756906,1023.0,1287.54,105.14285714285714,True,True,True
84570B,WHITE SATIN DRESS JEWEL STAND,2009-12-15,2010-01-20,4.95,4.0,19.8,5.142857142857143,False,False,False
84572,6 HOOK JEWEL STAND LILAC DRESS,2009-12-02,2009-12-02,8.49,1.0,8.49,0.0,False,False,False
84575A,PINK DOG CANNISTER,2010-02-21,2011-04-19,5.334615384615385,24.0,98.8,60.285714285714285,False,True,False
84575B,BROWN DOG CANNISTER W BONE,2009-12-09,2010-02-15,5.95,4.0,23.8,9.714285714285714,False,False,False
84576,BLUE CAT BISCUIT BARREL PINK HEART,2009-12-06,2011-07-20,4.8925,96.0,337.04,84.42857142857143,False,True,False
84578,ELEPHANT TOY WITH BLUE T-SHIRT,2009-12-01,2010-04-09,3.86859649122807,222.0,854.91,18.428571428571427,False,False,False
84580,MOUSE TOY WITH PINK T-SHIRT,2009-12-01,2011-12-08,3.876792873051225,1057.0,4051.94,105.28571428571429,True,True,True
84581,DOG TOY WITH PINK CROCHET SKIRT,2009-12-03,2011-12-04,3.8482627118644066,506.0,1920.02,104.42857142857143,True,True,True
84582,PINK CROCHET CAT WITH SCARF,2009-12-01,2010-03-26,4.25,14.0,59.5,16.428571428571427,False,False,False
84584,PINK GINGHAM CAT WITH SCARF,2009-12-03,2011-07-10,2.8196,282.0,696.75,83.42857142857143,False,True,False
84586L,"PINK ROSES/GINGHAM PATCH RABBIT 8""",2009-12-06,2010-01-31,2.95,15.0,44.25000000000001,8.0,False,False,False
84592,CROCHET ROSE PURSE WITH SUEDE BACK,2009-12-06,2011-11-30,3.443829787234043,173.0,536.4000000000001,103.42857142857143,True,True,True
84593,CROCHET ROSE DES CLOTHES HANGER,2009-12-06,2011-03-07,2.95,25.0,73.75,65.14285714285714,False,True,False
84595B,LARGE TRIFLE DESIGN L BLUE BOWL,2009-12-15,2010-06-27,3.09375,230.0,408.9,27.714285714285715,False,False,False
84595E,LARGE TORTILLA DESIGN RED BOWL,2009-12-03,2011-08-02,3.282093023255814,367.0,723.5699999999999,86.71428571428571,False,True,False
84596B,SMALL DOLLY MIX DESIGN ORANGE BOWL,2009-12-01,2011-12-09,0.8488524590163935,6221.0,4074.67,105.42857142857143,True,True,True
84596E,SMALL LICORICE DES PINK BOWL,2009-12-01,2011-04-01,1.2426600985221674,1127.0,1137.84,69.42857142857143,False,True,False
84596F,SMALL MARSHMALLOWS PINK BOWL,2009-12-01,2011-12-09,0.8523645320197045,4720.0,3196.43,105.42857142857143,True,True,True
84596G,SMALL CHOCOLATES PINK BOWL,2009-12-01,2011-12-08,0.8623011363636363,2226.0,1440.76,105.28571428571429,True,True,True
84596I,WRAP SWEETS LIGHT PINK SMALL BOWL,2010-02-19,2010-04-11,1.3472727272727274,72.0,80.62,7.285714285714286,False,False,False
84596J,MIXED NUTS LIGHT GREEN BOWL,2009-12-09,2011-05-23,1.183623188405797,810.0,621.74,75.71428571428571,False,True,False
84596K,JELLY BABIES YELLOW SMALL BOWL,2009-12-01,2010-11-16,1.4280645161290322,428.0,543.41,50.0,False,False,False
84596L,BISCUITS SMALL BOWL LIGHT BLUE,2009-12-01,2011-09-18,0.9655686274509804,1536.0,1013.96,93.71428571428571,False,True,False
84596b,SMALL DOLLY MIX DESIGN ORANGE BOWL,2010-06-08,2010-12-21,2.51,10.0,25.1,28.0,False,False,False
84596e,SMALL LICORICE DES PINK BOWL,2010-01-25,2010-12-14,2.51,27.0,67.77,46.142857142857146,False,False,False
84596f,SMALL MARSHMALLOWS PINK BOWL,2010-09-13,2011-12-05,2.467142857142857,19.0,46.89,64.0,True,True,True
84596g,SMALL CHOCOLATES PINK BOWL,2010-11-26,2011-02-17,2.485,5.0,12.4,11.857142857142858,False,False,False
84596j,MIXED NUTS LIGHT GREEN BOWL,2010-04-09,2010-11-29,2.51,2.0,5.02,33.42857142857143,False,False,False
84596l,BISCUITS SMALL BOWL LIGHT BLUE,2011-05-26,2011-05-26,2.46,1.0,2.46,0.0,False,False,False
84597B,RETRO BROWN BALL ASHTRAY,2009-12-09,2011-06-19,1.612962962962963,205.0,259.37,79.57142857142857,False,True,False
84597C,RETRO PINK BALL ASHTRAY,2009-12-02,2011-06-02,1.4622727272727274,364.0,450.98,78.14285714285714,False,True,False
84598,BOYS ALPHABET IRON ON PATCHES,2009-12-01,2011-12-09,0.3711981566820276,20775.0,4350.14,105.42857142857143,True,True,True
84599,CANDY STRIPE ROSE FLOOR CUSHION,2010-01-14,2010-04-23,12.04,15.0,160.15,14.142857142857142,False,False,False
84600,NEW BAROQUE JEWELLERY BOX,2009-12-02,2011-12-08,9.616730769230768,108.0,918.27,105.14285714285714,True,True,True
84601A,NEW BAROQUE IVORY CUSHION COVER,2009-12-01,2010-07-15,3.6726666666666663,260.0,638.34,32.285714285714285,False,False,False
84608,ORNATE EDWARDIAN CANDLE HOLDER,2009-12-04,2010-01-15,7.95,6.0,47.7,6.0,False,False,False
84609,TALL ROCOCO CANDLE HOLDER,2009-12-16,2011-12-05,10.889473684210529,143.0,1289.24,102.71428571428571,True,True,True
84611B,BLACK NEW BAROQUE FLOCK BOX,2010-01-07,2010-11-15,5.95,7.0,41.65,44.57142857142857,False,False,False
84612B,SET/4 BLACK  BAROQUE FLOCK COASTER,2010-01-08,2010-10-26,2.55,20.0,51.0,41.57142857142857,False,False,False
84613A,PINK NEW BAROQUE FLOCK CANDLESTICK,2010-02-23,2011-02-02,4.65,22.0,102.3,49.142857142857146,False,False,False
84613C,BLUE NEW BAROQUE FLOCK CANDLESTICK,2010-03-15,2010-12-08,4.580000000000001,62.0,258.06,38.285714285714285,False,False,False
84614A,PINK BAROQUE FLOCK CANDLE HOLDER,2010-02-18,2010-12-03,7.726000000000001,17.0,124.83,41.142857142857146,False,False,False
84614C,BLUE BAROQUE FLOCK CANDLE HOLDER,2010-01-05,2010-01-05,5.95,3.0,17.85,0.0,False,False,False
84615,PINK ROUND BUTTERFLY MIRROR,2009-12-08,2010-04-12,5.614285714285714,240.0,748.48,17.857142857142858,False,False,False
84616,SILVER ROCCOCO CHANDELIER,2009-12-16,2011-11-22,27.726799999999997,72.0,1472.62,100.85714285714286,True,True,True
84617,NEW BAROQUE BLACK BOXES,2009-12-07,2011-11-14,12.75,11.0,140.25,101.0,True,True,True
84619,BLUE GINGHAM ROSE QUILT,2009-12-02,2010-03-03,35.91413793103448,72.0,1622.96,13.0,False,False,False
84620,BLUE GINGHAM ROSE CUSHION COVER,2009-12-02,2010-12-15,6.5352,121.0,746.61,54.0,False,True,False
84621,BLUE GINGHAM ROSE FLOOR CUSHION,2009-12-14,2010-04-23,9.064,29.0,247.26,18.571428571428573,False,False,False
84622,PINK GINGHAM ROSE CUSHION COVER,2009-12-01,2010-02-01,7.699999999999999,23.0,152.6,8.857142857142858,False,False,False
84623,PINK GINGHAM ROSE FLOOR CUSHION,2009-12-02,2010-03-03,8.072142857142858,56.0,310.44,13.0,False,False,False
84625A,PINK NEW BAROQUECANDLESTICK CANDLE,2009-12-03,2011-12-07,2.842345679012346,838.0,1193.0,104.85714285714286,True,True,True
84625B,BLCK NEW BAROQUE CANDLESTICK CANDLE,2009-12-04,2010-03-24,2.3323529411764707,180.0,279.0,15.714285714285714,False,False,False
84625C,BLUE NEW BAROQUE CANDLESTICK CANDLE,2009-12-02,2011-10-03,2.6590140845070422,770.0,1024.15,95.71428571428571,False,True,False
84625D,WHITE NEWBAROQUE CANDLESTICK CANDLE,2009-12-03,2010-11-17,2.3296153846153844,650.0,793.34,49.857142857142854,False,False,False
84626,CANDY STRIPE ROSE QUILT,2009-12-09,2009-12-09,45.95,1.0,45.95,0.0,False,False,False
84627,CANDY STRIPE ROSE C/COVER,2009-12-03,2010-09-26,5.95,50.0,297.5,42.42857142857143,False,False,False
84629,WHITE 3 FRAME BIRDS AND TREE,2010-02-22,2011-07-26,12.796153846153846,24.0,237.8,74.14285714285714,False,True,False
84630,FLOWERS AND BIRDS WALL PLAQUE,2010-01-21,2010-01-21,7.95,2.0,15.9,0.0,False,False,False
84631,FRUIT TREE AND BIRDS WALL PLAQUE,2009-12-16,2011-06-30,9.515999999999998,288.0,1106.16,80.14285714285714,False,True,False
84632,DECORATIVE HANGING SHELVING UNIT,2010-03-11,2011-07-21,59.040909090909096,15.0,859.25,71.0,False,True,False
84637,KITCHEN FLOWER POTS WALL PLAQUE,2009-12-14,2011-09-23,5.804122807017544,585.0,1454.49,92.57142857142857,False,True,False
84638,SMALL KITCHEN FLOWER POTS PLAQUE,2009-12-03,2011-10-20,7.495652173913044,400.0,1101.55,98.0,True,True,True
84648,NEW BAROQUE WALL MIRROR,2009-12-01,2009-12-01,12.75,1.0,12.75,0.0,False,False,False
84653,GREEN ROSE QUILT,2010-01-11,2010-03-24,54.88166666666667,14.0,750.48,10.285714285714286,False,False,False
84656,WHITE ROSE C/COVER,2009-12-01,2010-05-20,5.950000000000001,22.0,130.9,24.285714285714285,False,False,False
84657,GREEN ROSE CUSHION COVER,2009-12-18,2010-04-19,4.4990000000000006,246.0,517.48,17.428571428571427,False,False,False
84658,WHITE STITCHED CUSHION COVER,2009-12-01,2011-12-06,6.96723076923077,214.0,1199.66,105.0,True,True,True
84659A,WHITE TRAVEL ALARM CLOCK,2009-12-03,2011-11-21,2.5639555555555553,588.0,1469.51,102.57142857142857,True,True,True
84660A,WHITE STITCHED WALL CLOCK,2009-12-18,2011-10-03,2.2080392156862745,860.0,855.26,93.42857142857143,False,True,False
84660B,BLACK STITCHED WALL CLOCK,2009-12-01,2011-09-01,3.0591803278688525,745.0,899.48,91.28571428571429,False,True,False
84660C,PINK STITCHED WALL CLOCK,2009-12-02,2011-09-08,3.6374117647058823,725.0,987.98,92.14285714285714,False,True,False
84660a,WHITE STITCHED WALL CLOCK,2010-08-02,2011-06-21,7.556,7.0,52.7,46.142857142857146,False,False,False
84660b,BLACK STITCHED WALL CLOCK,2010-06-24,2011-09-07,7.593333333333334,7.0,53.18,62.857142857142854,False,True,False
84660c,PINK STITCHED WALL CLOCK,2010-05-26,2011-08-11,7.551428571428572,31.0,233.98,63.142857142857146,False,True,False
84661A,WHITE SQUARE TABLE CLOCK,2009-12-07,2011-12-08,2.9223255813953486,222.0,308.99,104.42857142857143,True,True,True
84661B,BLACK SQUARE TABLE CLOCK,2009-12-16,2011-12-08,3.2335294117647058,243.0,530.22,103.14285714285714,True,True,True
84661C,PINK SQUARE TABLE CLOCK,2009-12-04,2011-12-06,2.8408,150.0,179.75,104.57142857142857,True,True,True
84661a,WHITE SQUARE TABLE CLOCK,2010-10-15,2011-05-17,5.01,2.0,10.02,30.571428571428573,False,False,False
84661b,BLACK SQUARE TABLE CLOCK,2011-10-17,2011-10-17,4.96,1.0,4.96,0.0,True,False,False
84661c,PINK SQUARE TABLE CLOCK,2010-03-05,2010-11-24,5.06,2.0,10.12,37.714285714285715,False,False,False
84663A,GRASS HOPPER WOODEN WALL CLOCK,2009-12-07,2011-11-20,4.415,373.0,746.39,101.85714285714286,True,True,True
84664,CHERRY BLOSSOM BATHROOM CABINET,2009-12-09,2010-10-24,4.95,193.0,955.35,45.57142857142857,False,False,False
84665,SQUARE CHERRY BLOSSOM CABINET,2009-12-09,2011-11-08,6.375531914893617,226.0,1364.7,99.85714285714286,True,True,True
84666,SQUARE CHERRY BLOSSOM CABINET,2009-12-09,2011-04-19,3.95,226.0,892.7,70.85714285714286,False,True,False
84670,JAPANESE CROCHETED ANIMAL,2009-12-01,2010-11-22,0.4957671957671958,5196.0,2128.72,50.857142857142854,False,False,False
84671B,CROCHET BEAR WITH BLUE STRIPES,2009-12-01,2010-01-11,3.185151515151515,109.0,306.77,5.857142857142857,False,False,False
84673A,PINK FLY SWAT,2009-12-02,2011-11-24,0.740990099009901,500.0,314.84000000000003,103.14285714285714,True,True,True
84673B,BLUE FLY SWAT,2009-12-01,2011-12-05,0.9244776119402984,503.0,391.31,104.85714285714286,True,True,True
84674,FLYING PIG WATERING CAN,2009-12-08,2011-12-05,3.208691588785047,460.0,1175.93,103.85714285714286,True,True,True
84675,FROG KING WATERING CAN,2009-12-03,2011-01-17,3.6961290322580647,206.0,571.71,58.57142857142857,False,True,False
84676,BATH DUCK WATERING CAN,2009-12-03,2010-08-18,3.135545454545454,848.0,2102.46,36.857142857142854,False,False,False
84678,CLASSICAL ROSE SMALL VASE,2009-12-08,2011-03-23,2.8865476190476187,565.0,1108.28,67.14285714285714,False,True,False
84679,CLASSICAL ROSE TABLE LAMP,2010-03-02,2011-12-06,8.95,14.0,103.3,92.0,True,True,True
84680,CLASSICAL ROSE URN,2009-12-03,2010-09-05,7.06764705882353,94.0,372.3,39.42857142857143,False,False,False
84682,CLASSICAL ROSE DISH,2009-12-08,2010-09-27,3.3329411764705887,295.0,596.94,41.857142857142854,False,False,False
84683,CLASSICAL ROSE CANDLESTAND,2009-12-02,2011-05-03,1.6375510204081631,537.0,516.85,73.85714285714286,False,True,False
84684,BEACH HUT PHOTO FRAME,2009-12-01,2010-06-04,3.28775,609.0,720.6999999999999,26.428571428571427,False,False,False
84685,BEACH HUT KEY CABINET,2009-12-02,2011-05-22,5.732,435.0,1366.17,76.57142857142857,False,True,False
84686,BEACH HUT MIRROR,2009-12-01,2011-07-10,5.956842105263158,389.0,1027.79,83.71428571428571,False,True,False
84687,BEACH HUT SHELF W 3 DRAWERS,2009-12-03,2011-11-13,6.919315068493151,314.0,1208.06,101.42857142857143,True,True,True
84688,BEACH HUT DESIGN BLACKBOARD,2009-12-02,2011-05-12,5.835432098765432,422.0,1313.52,75.14285714285714,False,True,False
84689,S/2 BEACH HUT TREASURE CHESTS,2009-12-18,2011-05-04,5.3012500000000005,312.0,742.9,71.71428571428571,False,True,False
84690,S/2 BEACH HUT STOOLS,2009-12-02,2010-08-15,7.95,27.0,214.65,36.57142857142857,False,False,False
84691,PACK 20 DOLLY PEGS,2009-12-01,2011-05-31,1.0269491525423728,2747.0,2225.5,78.0,False,True,False
84692,BOX OF 24 COCKTAIL PARASOLS,2009-12-02,2011-12-09,0.6297456140350877,19085.0,9336.68,105.28571428571429,True,True,True
84705A,ENGLISH ROSE PHOTO FRAME,2009-12-02,2010-04-07,4.65,14.0,65.10000000000001,18.0,False,False,False
84705B,FAIRY CAKES PHOTO FRAME,2009-12-08,2009-12-23,4.006666666666667,84.0,113.27,2.142857142857143,False,False,False
84705C,PINK FLOCK PHOTO FRAME,2009-12-04,2011-05-03,3.92875,162.0,227.33,73.57142857142857,False,True,False
84705D,CHERRY BLOSSOM PHOTO FRAME,2009-12-02,2010-07-12,4.386,22.0,97.9,31.714285714285715,False,False,False
84705F,RED PEONY PHOTO FRAME,2009-12-02,2010-04-18,4.65,8.0,37.2,19.571428571428573,False,False,False
84705b,FAIRY CAKES PHOTO FRAME,2009-12-01,2009-12-22,3.43,2.0,6.86,3.0,False,False,False
84706A,ENGLISH ROSE TABLE CLOCK,2009-12-17,2010-02-28,7.339999999999999,137.0,325.88,10.428571428571429,False,False,False
84706B,FAIRY CAKES TABLE CLOCK,2009-12-03,2010-02-11,10.03111111111111,20.0,188.73,10.0,False,False,False
84706C,PINK FLOCK TABLE CLOCK,2009-12-01,2010-01-27,3.7,84.0,170.8,8.142857142857142,False,False,False
84706D,CHERRY BLOSSOM TABLE CLOCK,2009-12-18,2011-05-22,4.771249999999999,219.0,500.19,74.28571428571429,False,True,False
84706F,RED PEONY TABLE CLOCK,2009-12-01,2011-11-27,5.616666666666666,34.0,208.3,103.71428571428571,True,True,True
84707A,SILVER JEWELLED MIRROR TRINKET TRAY,2009-12-07,2011-12-08,10.48765625,125.0,1045.88,104.42857142857143,True,True,True
84707B,PINK JEWELLED MIRROR TRINKET TRAY,2009-12-08,2011-12-08,8.634509803921569,79.0,618.52,104.28571428571429,True,True,True
84708B,PINK JEWELLED PHOTO FRAME,2009-12-02,2011-12-07,5.391851851851852,142.0,732.7900000000001,105.0,True,True,True
84709A,SILVER OVAL JEWELLED MIRROR,2010-05-28,2010-10-26,5.95,23.0,136.85,21.571428571428573,False,False,False
84709B,PINK OVAL JEWELLED MIRROR,2009-12-01,2011-06-26,5.925287356321839,176.0,1014.48,81.71428571428571,False,True,False
84711A,SILVER OVAL SHAPE TRINKET BOX,2009-12-13,2011-12-04,9.000416666666666,42.0,390.95,103.0,True,True,True
84711B,PINK OVAL SHAPE TRINKET BOX,2009-12-02,2011-12-07,8.988,39.0,357.71,105.0,True,True,True
84712B,PINK JEWELLED PHOTO FRAME,2009-12-02,2011-11-30,7.797,98.0,767.1600000000001,104.0,True,True,True
84715,SET OF 6 ICE CREAM SKITTLES,2009-12-07,2011-04-13,3.393617021276596,241.0,734.8900000000001,70.28571428571429,False,True,False
84720,DOT MATRIX CANVAS ART PICTURE,2010-03-03,2010-03-25,6.883333333333333,35.0,147.05,3.142857142857143,False,False,False
84721,MANHATTAN CANVAS ART PICTURE,2009-12-03,2009-12-04,8.35,20.0,87.8,0.14285714285714285,False,False,False
84723,CHERRY BLOSSOM CANVAS ART PICTURE,2010-02-05,2011-08-08,5.95,54.0,201.3,78.42857142857143,False,True,False
84725,FREESTYLE CANVAS ART PICTURE,2009-12-03,2011-09-22,2.1155172413793104,134.0,216.49999999999997,94.0,False,True,False
84726,LILLIES CANVAS PICTURE,2010-03-03,2010-08-20,2.17,233.0,394.85,24.285714285714285,False,False,False
84731,3 BIRDS CANVAS SCREEN,2010-04-27,2011-07-31,1.23,3.0,3.69,65.71428571428571,False,True,False
84732B,CUTE BIRD CEATURE SCREEN,2009-12-17,2011-08-18,1.23,28.0,18.48,87.0,False,True,False
84732D,CUTE RABBIT CEATURE SCREEN,2009-12-17,2011-08-18,1.23,15.0,10.89,87.0,False,True,False
84741C,CITRUS GARLAND FELT FLOWERS,2009-12-06,2011-04-27,2.125576923076923,185.0,372.14,72.42857142857143,False,True,False
84743C,ORANGE FELT VASE + FLOWERS,2010-03-12,2011-03-31,1.25,9.0,11.25,54.857142857142854,False,True,False
84744,S/6 SEW ON CROCHET FLOWERS,2009-12-07,2011-11-15,1.3263636363636362,149.0,188.77,101.14285714285714,True,True,True
84745A,PINK HANGING GINGHAM EASTER HEN,2009-12-03,2011-04-27,0.42,72.0,30.24,72.85714285714286,False,True,False
84745B,BLUE HANGING GINGHAM EASTER HEN,2009-12-03,2011-04-27,0.42,83.0,34.86,72.85714285714286,False,True,False
84746,PINK EASTER HENS+FLOWER,2009-12-07,2011-07-20,3.105,23.0,72.06,84.28571428571429,False,True,False
84748,FOLK FELT HANGING MULTICOL GARLAND,2009-12-18,2011-11-29,3.4468085106382977,1170.0,1781.12,101.57142857142857,True,True,True
84750A,PINK SMALL GLASS CAKE STAND,2009-12-01,2011-03-20,3.0715238095238093,544.0,1189.23,67.71428571428571,False,True,False
84750B,BLACK SMALL GLASS CAKE STAND,2009-12-02,2011-04-19,2.445128205128205,609.0,1142.02,71.85714285714286,False,True,False
84751B,BLACK MEDIUM GLASS CAKE STAND,2010-02-23,2011-04-08,3.01,38.0,115.86,58.42857142857143,False,True,False
84753A,PINK EAU DE COLOGNE BOTTLE,2009-12-04,2010-02-19,1.1537499999999998,97.0,92.17,11.0,False,False,False
84754,S/15 SILVER GLASS BAUBLES IN BAG,2009-12-01,2011-09-23,1.5527232142857144,2083.0,2634.59,94.42857142857143,False,True,False
84755,COLOUR GLASS T-LIGHT HOLDER HANGING,2009-12-01,2011-12-09,0.8276983503534957,40439.0,25205.13,105.42857142857143,True,True,True
84757,ENCHANTED GARDEN WROUGHT IRON TABLE,2010-05-16,2010-06-06,14.95,5.0,74.75,3.0,False,False,False
84760L,LARGE HANGING GLASS+ZINC LANTERN,2010-05-04,2010-05-04,1.6,560.0,896.0,0.0,False,False,False
84760S,SMALL HANGING GLASS+ZINC LANTERN,2009-12-09,2011-05-12,1.9478378378378376,222.0,360.21,74.14285714285714,False,True,False
84761,IVORY HANGING BIRD PLANTER,2009-12-03,2010-09-16,3.122295081967213,276.0,768.8499999999999,41.0,False,False,False
84762A,WHITE PICNIC BARBECUE BUCKET,2009-12-04,2010-06-30,9.866551724137931,59.0,517.4300000000001,29.714285714285715,False,False,False
84762B,PINK PICNIC BARBECUE BUCKET,2009-12-04,2010-09-12,8.7825,113.0,837.77,40.285714285714285,False,False,False
84762C,GREEN PICNIC BARBECUE BUCKET,2009-12-07,2010-05-21,8.556511627906977,105.0,761.25,23.571428571428573,False,False,False
84763,ZINC FINISH 15CM PLANTER POTS,2009-12-03,2011-05-27,1.4076608187134505,1517.0,1903.0,77.14285714285714,False,True,False
84765,SILVER ROCOCO CANDELABRA,2009-12-02,2010-03-16,16.996666666666666,9.0,140.23,14.857142857142858,False,False,False
84766,SILVER ROCOCO CANDLE STICK,2010-01-14,2011-11-03,4.57962962962963,200.0,638.0,94.0,True,True,True
84767,ZINC POLICE BOX LANTERN,2009-12-01,2010-03-14,7.395,195.0,806.22,14.714285714285714,False,False,False
84770,ROUND GEORGIAN SILVER MIRROR,2010-02-28,2010-04-08,3.825,135.0,419.25000000000006,5.571428571428571,False,False,False
84773,RED ROSE AND LACE C/COVER,2009-12-01,2010-12-05,2.95,190.0,560.5,52.714285714285715,False,True,False
84782A,PINK 3 TIER GLASS PLATE STAND,2009-12-01,2010-08-19,9.903846153846152,119.0,840.45,37.285714285714285,False,False,False
84782B,BLACK 3 TIER GLASS PLATE STAND,2009-12-15,2010-06-06,12.75,10.0,127.5,24.714285714285715,False,False,False
84782C,GREEN 3 TIER GLASS PLATE STAND,2009-12-01,2010-09-06,9.616666666666667,74.0,509.9,39.857142857142854,False,False,False
84789,ENCHANTED BIRD PLANT CAGE,2009-12-06,2011-07-21,4.017177419354839,445.0,1558.39,84.57142857142857,False,True,False
84791,GINGHAM HEART DECORATION,2009-12-01,2010-07-20,3.791320754716981,334.0,1086.13,33.0,False,False,False
84792,ENCHANTED BIRD COATHANGER 5 HOOK,2009-12-01,2011-12-08,5.2575623800383875,2297.0,10119.51,105.28571428571429,True,True,True
84795A,PASTEL STRIPE HAMMOCK,2009-12-06,2010-08-04,9.646056338028169,208.0,1696.02,34.42857142857143,False,False,False
84795B,SUNSET CHECK HAMMOCK,2009-12-06,2011-11-08,8.963333333333333,298.0,2379.09,100.28571428571429,True,True,True
84795C,OCEAN STRIPE HAMMOCK,2009-12-02,2011-01-31,9.477954545454544,325.0,2752.59,60.714285714285715,False,True,False
84795D,SEASIDE STRIPE HAMMOCK,2009-12-04,2010-08-03,8.78421686746988,189.0,1538.79,34.57142857142857,False,False,False
84795E,RIO PINK STRIPE HAMMOCK,2009-12-02,2010-08-01,7.95,10.0,79.5,34.57142857142857,False,False,False
84795b,SUNSET CHECK HAMMOCK,2010-06-08,2011-11-30,16.712352941176473,19.0,317.71999999999997,77.14285714285714,True,True,True
84796A,PINK HAWAIIAN PICNIC HAMPER FOR 2,2009-12-07,2011-12-02,9.56162162162162,284.0,2072.9500000000003,103.57142857142857,True,True,True
84796B,BLUE SAVANNAH PICNIC HAMPER FOR 2,2010-03-05,2011-11-08,9.24565934065934,600.0,4999.79,87.57142857142857,True,True,True
84796a,PINK HAWAIIAN PICNIC HAMPER FOR 2,2010-03-29,2011-08-24,8.370999999999999,28.0,234.28,73.28571428571429,False,True,False
84796b,BLUE SAVANNAH PICNIC HAMPER FOR 2,2009-12-01,2010-07-26,8.56,2.0,17.12,33.857142857142854,False,False,False
84797A,PINK HAWAIIAN PICNIC HAMPER FOR 4,2010-01-29,2010-06-04,11.095227272727271,481.0,3361.25,18.0,False,False,False
84797B,BLUE SAVANNAH PICNIC HAMPER FOR 4,2009-12-14,2010-06-01,10.58848484848485,323.0,1845.2,24.142857142857142,False,False,False
84797a,PINK HAWAIIAN PICNIC HAMPER FOR 4,2009-12-01,2010-06-04,11.048235294117646,18.0,198.84,26.428571428571427,False,False,False
84797b,BLUE SAVANNAH PICNIC HAMPER FOR 4,2009-12-01,2010-05-26,11.08315789473684,21.0,232.62,25.142857142857142,False,False,False
84798A,PINK FOXGLOVE ARTIIFCIAL FLOWER,2010-01-05,2011-09-28,2.505,195.0,432.4500000000001,90.14285714285714,False,True,False
84798B,PURPLE FOXGLOVE ARTIIFCIAL FLOWER,2010-01-07,2011-03-22,2.125,326.0,492.9,62.714285714285715,False,True,False
84798C,WHITE FOXGLOVE ARTIIFCIAL FLOWER,2010-01-05,2010-02-04,2.55,16.0,40.8,4.285714285714286,False,False,False
84799,SPRIG LAVENDER ARTIFICIAL FLOWER,2010-01-21,2011-04-14,1.0358064516129033,678.0,528.78,64.0,False,True,False
84800L,LARGE WHITE/PINK ROSE ART FLOWER,2010-01-19,2011-06-03,1.861842105263158,650.0,970.79,71.42857142857143,False,True,False
84800M,MEDIUM WHITE/PINK ROSE ART FLOWER,2010-01-28,2011-08-28,1.5892592592592591,250.0,357.22,82.42857142857143,False,True,False
84800S,SMALL WHITE/PINK ROSE ART FLOWER,2010-02-19,2011-09-11,1.098947368421053,388.0,292.04,81.28571428571429,False,True,False
84801A,PINK HYDRANGEA ART FLOWER,2010-01-05,2011-11-23,1.976,272.0,427.44000000000005,98.14285714285714,True,True,True
84801B,WHITE HYDRANGEA ART FLOWER,2009-12-17,2011-04-06,2.0194444444444444,214.0,345.00000000000006,67.85714285714286,False,True,False
84802A,WHITE ANEMONE ARTIFICIAL FLOWER,2009-12-11,2010-12-19,1.6900000000000002,185.0,312.65000000000003,53.285714285714285,False,True,False
84802B,PURPLE ANEMONE ARTIFICIAL FLOWER,2009-12-02,2011-03-01,1.5405882352941176,411.0,389.79,64.85714285714286,False,True,False
84803A,PINK ALLIUM  ARTIFICIAL FLOWER,2010-01-07,2011-02-14,1.69,112.0,189.28,57.57142857142857,False,True,False
84803B,WHITE ALLIUM  ARTIFICIAL FLOWER,2010-02-04,2011-08-10,1.69,42.0,70.98,78.85714285714286,False,True,False
84804A,CREAM DELPHINIUM ARTIFICIAL FLOWER,2010-01-19,2011-12-06,2.7022222222222223,218.0,396.38000000000005,98.0,True,True,True
84804B,BLUE DELPHINIUM ARTIFICIAL FLOWER,2010-01-05,2011-12-07,2.5040000000000004,355.0,501.9700000000001,100.14285714285714,True,True,True
84805A,CREAM CLIMBING HYDRANGA ART FLOWER,2010-03-02,2011-12-06,2.7625,147.0,212.85,92.0,True,True,True
84805B,BLUE CLIMBING HYDRANGA ART FLOWER,2010-01-07,2011-12-07,2.461111111111111,340.0,551.4000000000001,99.85714285714286,True,True,True
84806A,PINK CANDYSTUFT ARTIFICIAL FLOWER,2010-01-24,2011-12-07,1.135,319.0,261.90999999999997,97.42857142857143,True,True,True
84806B,WHITE CANDYSTUFT ARTIFICIAL FLOWER,2010-03-14,2011-12-06,1.3784375,450.0,568.02,90.28571428571429,True,True,True
84807,RED POPPY ARTIFICIAL FLOWER,2010-01-07,2010-05-14,1.5414285714285714,233.0,215.93,18.142857142857142,False,False,False
84809A,WHITE CHRYSANTHEMUMS ART FLOWER,2010-01-27,2011-06-01,2.020952380952381,276.0,474.84,70.0,False,True,False
84809B,PINK CHRYSANTHEMUMS ART FLOWER,2010-01-27,2011-02-25,1.7875,296.0,351.6,56.285714285714285,False,True,False
84813,SET OF 4 DIAMOND NAPKIN RINGS,2009-12-01,2011-12-06,11.604747474747471,422.0,3300.76,105.0,True,True,True
84814A,HEXAGONAL CRYSTAL PERFUME BOTTLE,2010-03-26,2010-03-26,1.95,1.0,1.95,0.0,False,False,False
84814B,RHOMBUS CRYSTAL PERFUME BOTTLE,2009-12-01,2009-12-06,1.95,7.0,13.65,0.7142857142857143,False,False,False
84815,SET OF 3 DANISH ROSE PLANTERS,2009-12-10,2010-06-15,5.385094339622642,926.0,1183.8200000000002,26.714285714285715,False,False,False
84816,DANISH ROSE BEDSIDE CABINET,2009-12-21,2011-08-19,39.45,33.0,1278.35,86.57142857142857,False,True,False
84817,DANISH ROSE DECORATIVE PLATE,2010-02-08,2011-12-08,1.6346250000000002,1059.0,937.44,95.42857142857143,True,True,True
84818,DANISH ROSE PHOTO FRAME,2009-12-02,2011-10-30,2.0407943925233645,1788.0,2382.25,99.57142857142857,True,True,True
84819,DANISH ROSE ROUND SEWING BOX,2009-12-06,2011-12-09,2.969368421052631,908.0,1368.26,104.71428571428571,True,True,True
84820,DANISH ROSE TRINKET TRAYS,2010-01-19,2011-12-08,5.308518518518519,323.0,899.37,98.28571428571429,True,True,True
84821,DANISH ROSE DELUXE COASTER,2009-12-22,2011-12-08,0.7973333333333333,1318.0,742.5,102.28571428571429,True,True,True
84823,DANISH ROSE FOLDING CHAIR,2010-04-26,2011-02-07,12.363793103448277,120.0,1210.0,41.0,False,False,False
84824,DANISH ROSE UMBRELLA STAND,2009-12-14,2011-11-20,18.4484375,38.0,676.4499999999999,100.85714285714286,True,True,True
84826,ASSTD DESIGN 3D PAPER STICKERS,2009-12-06,2011-12-07,0.6558490566037736,1734.0,869.08,104.42857142857143,True,True,True
84827,ASS DES PHONE SPONGE CRAFT STICKER,2009-12-08,2011-12-05,0.5545161290322581,1027.0,489.79,103.85714285714286,True,True,True
84828,JUNGLE POPSICLES ICE LOLLY HOLDERS,2009-12-02,2011-12-09,1.620704225352113,2503.0,3315.18,105.28571428571429,True,True,True
84830,LARGE ENGLISH ARBORETUM,2009-12-05,2010-03-07,15.357142857142858,113.0,1195.15,13.142857142857142,False,False,False
84832,ZINC WILLIE WINKIE  CANDLE STICK,2009-12-01,2011-12-09,1.0830265210608423,6794.0,6134.7,105.42857142857143,True,True,True
84836,ZINC METAL HEART DECORATION,2009-12-01,2011-12-08,1.377442508710801,19847.0,24289.33,105.28571428571429,True,True,True
84837,WHITE SWEETHEARTS CABINET 4 DRAWERS,2009-12-01,2010-08-02,13.428888888888888,251.0,3210.04,34.857142857142854,False,False,False
84838,ANT WHITE HIGH RISE BIRD BOX,2009-12-18,2010-01-12,7.875,50.0,312.5,3.5714285714285716,False,False,False
84839,SWEETHEART KEY CABINET,2009-12-01,2010-10-26,7.216472081218274,1523.0,8747.05,47.0,False,False,False
84840,SWEETHEART CARRY-ALL BASKET,2010-05-02,2011-03-25,9.002642857142858,282.0,2430.82,46.714285714285715,False,False,False
84842,HELLO SAILOR BATHROOM SET,2009-12-07,2011-11-27,4.434571428571429,1505.0,744.1500000000001,102.85714285714286,True,True,True
84843,WHITE SOAP RACK WITH 2 BOTTLES,2009-12-07,2011-12-07,7.07972972972973,280.0,1731.06,104.28571428571429,True,True,True
84845A,HOLLYHOCK SQUARE HANDY TIN,2009-12-06,2009-12-06,1.25,1.0,1.25,0.0,False,False,False
84845C,CARNATION SQUARE HANDY TIN,2009-12-06,2010-08-18,1.25,42.0,52.5,36.42857142857143,False,False,False
84845D,GERANIUM SQUARE HANDY TIN,2009-12-06,2010-10-21,1.25,41.0,51.25,45.57142857142857,False,False,False
84846A,SCENTED CANDLE IN DIGITALIS TIN,2009-12-04,2011-10-10,2.573888888888889,251.0,567.5500000000001,96.42857142857143,False,True,False
84847,FLORAL BATHROOM SET,2009-12-14,2011-08-01,4.466122448979592,2330.0,1149.73,85.0,False,True,False
84849A,HELLO SAILOR BLUE SOAP HOLDER,2009-12-08,2011-11-24,2.2339423076923075,470.0,833.57,102.28571428571429,True,True,True
84849B,FAIRY SOAP SOAP HOLDER,2009-12-01,2011-07-20,2.0241496598639457,1936.0,3244.14,85.14285714285714,False,True,False
84849D,HOT BATHS SOAP HOLDER,2010-01-14,2011-12-01,1.8957088122605363,1558.0,2618.27,98.0,True,True,True
84854,GIRLY PINK TOOL SET,2009-12-01,2010-12-01,6.568198198198199,381.0,2079.4700000000003,52.142857142857146,False,True,False
84855,BLOKEY SILVER TOOL SET,2009-12-01,2010-07-11,5.875,36.0,196.7,31.714285714285715,False,False,False
84856L,LARGE TAHITI BEACH BAG,2009-12-17,2011-03-18,7.748271604938272,238.0,1492.28,65.14285714285714,False,True,False
84856S,SMALL TAHITI BEACH BAG,2009-12-14,2011-03-30,4.978787878787879,467.0,1877.21,67.28571428571429,False,True,False
84857A,SILVER MONTE CARLO HANDBAG,2010-02-03,2010-05-21,8.5,8.0,68.0,15.285714285714286,False,False,False
84857B,BLUE MONTE CARLO HANDBAG,2011-07-21,2011-07-21,1.95,24.0,46.8,0.0,False,False,False
84857C,PINK MONTE CARLO HANDBAG,2010-06-16,2011-07-04,4.375294117647059,197.0,445.03,54.714285714285715,False,True,False
84858A,NATURAL RIVIERA HANDBAG,2009-12-04,2010-09-15,6.135,53.0,128.83,40.714285714285715,False,False,False
84858B,BLUE RIVIERA HANDBAG,2010-04-28,2010-06-02,2.816666666666667,326.0,431.0,5.0,False,False,False
84858C,PINK RIVIERA HANDBAG,2009-12-18,2011-04-13,5.593999999999999,347.0,611.0699999999999,68.71428571428571,False,True,False
84859A,SILVER DISCO HANDBAG,2009-12-11,2011-12-08,3.3916666666666666,293.0,613.53,103.85714285714286,True,True,True
84859B,BLUE DISCO HANDBAG,2010-02-03,2011-12-08,2.8922222222222222,282.0,433.46,96.14285714285714,True,True,True
84859C,PINK DISCO HANDBAG,2009-12-11,2011-12-05,3.041,304.0,552.72,103.42857142857143,True,True,True
84864A,PINK PAISLEY PHOTO ALBUM,2010-02-08,2010-08-19,8.455,7.0,67.71000000000001,27.428571428571427,False,False,False
84865,NEW BAROQUE BLACK PHOTO ALBUM,2009-12-22,2011-07-01,9.396666666666668,77.0,639.42,79.42857142857143,False,True,False
84867A,PINK BABY GIRLS PHOTO ALBUM,2010-01-07,2010-03-09,8.355,16.0,105.82,8.714285714285714,False,False,False
84867a,PINK BABY GIRLS PHOTO ALBUM,2010-05-05,2010-05-05,13.57,1.0,13.57,0.0,False,False,False
84867b,BLUE BABY BOY'S PHOTO ALBUM,2010-01-25,2010-01-25,13.57,2.0,27.14,0.0,False,False,False
84868A,PINK BABY GIRL'S MEMORY BOX,2010-01-26,2010-01-31,6.95,2.0,13.9,0.7142857142857143,False,False,False
84868B,BLUE BABY BOY'S MEMORY BOX,2010-01-26,2010-05-09,6.95,5.0,34.75,14.714285714285714,False,False,False
84869,CANDY BUTTON PHOTO ALBUM,2009-12-09,2010-04-23,5.044615384615384,302.0,703.54,19.285714285714285,False,False,False
84870B,BLUE GEISHA GIRL,2009-12-07,2011-11-24,3.658,90.0,322.61,102.42857142857143,True,True,True
84870C,GREEN GEISHA GIRL,2009-12-14,2011-10-30,3.4463414634146345,93.0,330.36,97.85714285714286,True,True,True
84872A,TEATIME FUNKY FLOWER BACKPACK FOR 2,2010-03-05,2011-07-26,11.30343137254902,177.0,1983.54,72.57142857142857,False,True,False
84872a,TEATIME FUNKY FLOWER BACKPACK FOR 2,2009-12-01,2011-04-26,10.975333333333332,58.0,636.47,73.0,False,True,False
84873A,FUNKY FLOWER PICNIC BAG FOR 4,2010-03-05,2011-06-01,13.24375,32.0,394.15,64.71428571428571,False,True,False
84873a,FUNKY FLOWER PICNIC BAG FOR 4,2009-12-01,2010-06-04,11.064745762711864,88.0,973.36,26.428571428571427,False,False,False
84874B,BLUE TRAVEL FIRST AID KIT,2009-12-02,2011-08-02,1.6462162162162162,86.0,141.76,86.85714285714286,False,True,False
84875A,PINK SQUARE COMPACT MIRROR,2009-12-02,2010-11-30,3.75,16.0,60.0,51.857142857142854,False,False,False
84875B,GREEN SQUARE COMPACT MIRROR,2010-04-18,2011-12-06,1.96375,373.0,511.01,85.28571428571429,True,True,True
84875D,BLUE SQUARE COMPACT MIRROR,2009-12-03,2011-09-23,1.722972972972973,371.0,483.75,94.14285714285714,False,True,False
84876B,GREEN HEART COMPACT MIRROR,2009-12-10,2011-11-30,2.4007317073170733,344.0,488.31,102.85714285714286,True,True,True
84876C,SILVER HEART COMPACT MIRROR,2009-12-13,2010-03-07,3.75,7.0,26.25,12.0,False,False,False
84876D,BLUE HEART COMPACT MIRROR,2009-12-16,2011-09-11,3.5862857142857143,331.0,600.52,90.57142857142857,False,True,False
84877A,PINK ROUND COMPACT MIRROR,2009-12-17,2011-06-13,3.401764705882353,74.0,185.66,77.57142857142857,False,True,False
84877B,GREEN ROUND COMPACT MIRROR,2009-12-01,2011-11-30,2.682093023255814,291.0,504.43,104.14285714285714,True,True,True
84877D,BLUE ROUND COMPACT MIRROR,2009-12-09,2011-09-25,2.9727906976744185,160.0,371.85,93.57142857142857,False,True,False
84879,ASSORTED COLOUR BIRD ORNAMENT,2009-12-01,2011-12-09,1.8590344101123597,80082.0,129324.49,105.42857142857143,True,True,True
84880,WHITE WIRE EGG HOLDER,2009-12-03,2011-12-07,6.7271618037135275,1729.0,9894.99,104.85714285714286,True,True,True
84881,BLUE WIRE SPIRAL CANDLE HOLDER,2010-01-28,2011-07-17,6.8808333333333325,52.0,342.94,76.42857142857143,False,True,False
84882,GREEN WIRE STANDING CANDLE HOLDER,2009-12-03,2011-11-30,4.704166666666667,66.0,289.43,103.85714285714286,True,True,True
84884A,ANT WHITE WIRE HEART SPIRAL,2009-12-01,2011-12-06,4.5332371794871795,1708.0,6248.28,105.0,True,True,True
84884a,ANT WHITE WIRE HEART SPIRAL,2010-02-19,2011-12-07,8.37742857142857,49.0,410.89,93.71428571428571,True,True,True
84886,BLUE METAL WALL SHELF,2010-01-28,2010-07-01,9.95,12.0,119.4,22.0,False,False,False
84891B,GREEN WIRE GOBLET CANDLEHOLDER,2010-05-30,2010-11-18,7.95,11.0,87.45,24.571428571428573,False,False,False
84893,ANT WHITE IRON BASKET,2009-12-06,2010-03-01,5.883333333333334,33.0,186.35,12.142857142857142,False,False,False
84898F,YELLOW FLOWERS FELT HANDBAG KIT,2009-12-01,2011-03-24,2.1796153846153845,165.0,352.75,68.28571428571429,False,True,False
84899E,YELLOW + BROWN BEAR FELT PURSE KIT,2009-12-01,2010-05-06,1.6157142857142857,53.0,73.93,22.285714285714285,False,False,False
84899F,YELLOW PURPLE DAISY FELT PURSE KIT,2009-12-01,2010-11-26,1.899811320754717,121.0,192.17,51.42857142857143,False,False,False
84901,BLACK FACE LAMB WITH PANTS,2009-12-01,2010-10-20,3.859459459459459,123.0,471.13,46.142857142857146,False,False,False
84902,PINK KNITTED COW STUFFED TOY,2009-12-01,2010-07-04,3.930377358490566,84.0,326.33,30.714285714285715,False,False,False
84905,PINK BUTTERFLY C/COVER,2009-12-16,2011-06-29,5.029047619047619,269.0,1007.91,80.0,False,True,False
84906,PINK B'FLY C/COVER W BOBBLES,2009-12-03,2011-05-23,5.32,66.0,307.47,76.57142857142857,False,True,False
84907,PINK/YELLOW PATCH CUSHION COVER,2009-12-02,2011-09-21,6.622222222222223,391.0,999.17,94.0,False,True,False
84908A,PINK 5 PATCH FLOWER CUSHION COVER,2010-02-07,2010-11-12,5.822222222222222,432.0,1045.16,39.714285714285715,False,False,False
84908B,BLUE 5 PATCH FLOWER CUSHION COVER,2010-03-02,2010-11-18,5.516857142857143,435.0,1052.29,37.285714285714285,False,False,False
84909A,PINK PAISLEY QUILT,2009-12-09,2010-03-24,17.176666666666666,209.0,2797.55,15.0,False,False,False
84910A,PINK PAISLEY CUSHION COVER,2009-12-01,2011-07-20,6.489433962264151,432.0,1230.39,85.14285714285714,False,True,False
84912A,PINK ROSE WASHBAG,2009-12-03,2011-09-22,3.620258620689655,1094.0,2996.44,94.0,False,True,False
84912B,GREEN ROSE WASHBAG,2009-12-01,2011-12-05,3.5072030651340995,1125.0,3072.64,104.85714285714286,True,True,True
84912a,PINK ROSE WASHBAG,2009-12-22,2009-12-22,7.78,2.0,15.56,0.0,False,False,False
84913A,SOFT PINK ROSE TOWEL,2009-12-09,2011-11-07,3.610375939849624,608.0,2211.54,99.71428571428571,True,True,True
84913B,MINT GREEN ROSE TOWEL,2009-12-02,2011-12-02,3.6969,420.0,1593.29,104.28571428571429,True,True,True
84914A,PINK ROSE PICNIC RUG,2010-05-05,2010-06-09,25.95,6.0,155.7,5.0,False,False,False
84915,HAND TOWEL PINK FLOWER AND DAISY,2010-03-30,2011-12-06,4.340810810810811,234.0,459.56,88.0,True,True,True
84916,HAND TOWEL PALE BLUE W FLOWERS,2009-12-04,2011-05-04,4.468965517241379,261.0,646.4300000000001,73.71428571428571,False,True,False
84917,WHITE HAND TOWEL WITH BUTTERFLY,2010-01-07,2011-05-26,4.334150943396226,229.0,686.03,72.0,False,True,False
84918,CREAM C/COVER W YELLOW/GREEN FLOWER,2009-12-06,2010-09-27,6.064920634920635,208.0,995.12,42.142857142857146,False,False,False
84919,L BLUE C/COVER W PINK/YELLOW FLOWER,2009-12-09,2011-09-21,6.965581395348837,291.0,1619.84,93.0,False,True,False
84920,PINK FLOWER FABRIC PONY,2009-12-01,2011-12-08,4.446590909090909,201.0,805.38,105.28571428571429,True,True,True
84921,CREAM AND PINK FLOWERS PONY,2009-12-13,2011-10-19,3.75,27.0,101.25,96.42857142857143,True,True,True
84922,PINK BUTTERFLY WASHBAG,2009-12-03,2011-12-02,5.865882352941177,342.0,808.22,104.14285714285714,True,True,True
84923,PINK BUTTERFLY HANDBAG W BOBBLES,2010-02-04,2011-12-09,4.34,234.0,1017.64,96.14285714285714,True,True,True
84924A,WAKE UP COCKEREL CALENDAR SIGN,2009-12-04,2011-12-02,4.855483870967742,133.0,571.0,104.0,True,True,True
84924D,LA PALMIERA METAL SIGN CALENDAR,2009-12-04,2010-11-11,3.7993333333333337,764.0,272.61,48.857142857142854,False,False,False
84924F,PSYCHEDELIC METAL SIGN CALENDAR,2009-12-22,2011-07-29,2.952,975.0,274.55,83.42857142857143,False,True,False
84925A,WAKE UP COCKEREL WALL THERMOMETER,2009-12-02,2010-03-28,2.808235294117647,179.0,339.28999999999996,16.571428571428573,False,False,False
84925C,FAIRY CAKES  WALL THERMOMETER,2009-12-02,2010-05-11,2.55,28.0,71.39999999999999,22.857142857142858,False,False,False
84925D,LA PALMIERA WALL THERMOMETER,2009-12-07,2011-06-23,2.321153846153846,452.0,677.45,80.42857142857143,False,True,False
84925E,FLOWERS WALL THERMOMETER,2009-12-02,2010-01-12,2.2666666666666666,75.0,130.04999999999998,5.857142857142857,False,False,False
84925F,PSYCHEDELIC WALL THERMOMETER,2010-01-12,2011-07-31,2.2376470588235295,714.0,873.11,80.71428571428571,False,True,False
84926A,WAKE UP COCKEREL TILE COASTER,2010-03-03,2011-12-01,0.9750980392156862,664.0,293.08,91.14285714285714,True,True,True
84926B,SCOTTS ROSES TILE COASTER,2009-12-02,2010-04-18,1.25,54.0,67.5,19.571428571428573,False,False,False
84926C,FAIRY CAKES TILE COASTER,2009-12-01,2010-08-05,1.759032258064516,138.0,189.6,35.285714285714285,False,False,False
84926D,LA PALMIERA TILE COASTER,2009-12-04,2011-12-07,1.085208333333333,773.0,365.35,104.71428571428571,True,True,True
84926E,FLOWERS TILE COASTER,2009-12-04,2011-12-06,0.7690384615384616,1081.0,471.57,104.57142857142857,True,True,True
84926F,PSYCHEDELIC TILE COASTER,2009-12-04,2011-12-06,1.4188095238095235,484.0,277.9,104.57142857142857,True,True,True
84927A,WAKE UP COCKEREL TILE HOOK,2010-02-03,2011-08-09,2.222727272727273,226.0,157.61,78.85714285714286,False,True,False
84927D,LA PALMIERA TILE HOOK,2010-04-18,2011-07-25,1.762857142857143,953.0,211.29,66.14285714285714,False,True,False
84927E,FLOWERS TILE HOOK,2010-02-02,2011-07-18,2.0863333333333336,494.0,224.31,75.85714285714286,False,True,False
84927F,PSYCHEDELIC TILE HOOK,2009-12-16,2011-12-07,1.60390625,335.0,273.32,103.0,True,True,True
84929,ASSTD FRUIT+FLOWERS FRIDGE MAGNETS,2009-12-01,2011-11-24,0.3666666666666667,3096.0,1007.52,103.28571428571429,True,True,True
84931A,PINK SCOTTIE DOG W FLOWER PATTERN,2009-12-01,2011-11-30,2.7070731707317073,204.0,513.6899999999999,104.14285714285714,True,True,True
84931B,BLUE SCOTTIE DOG W FLOWER PATTERN,2009-12-14,2011-12-05,2.6616867469879515,274.0,688.7299999999999,103.0,True,True,True
84932A,SMALL GREEN PEONY FOLDING STOOL,2009-12-04,2010-06-14,3.860416666666667,262.0,602.6,27.428571428571427,False,False,False
84932B,SMALL PINK PEONY FOLDING STOOL,2009-12-04,2010-04-26,3.105882352941176,189.0,401.3,20.428571428571427,False,False,False
84932C,SMALL ORIENTAL BLUE FOLDING STOOL,2009-12-04,2010-06-30,3.105882352941176,282.0,615.4,29.714285714285715,False,False,False
84932D,SMALL ORIENTAL RED FOLDING STOOL,2009-12-04,2010-04-20,4.629047619047619,239.0,574.71,19.571428571428573,False,False,False
84933A,LARGE GREEN PEONY FOLDING STOOL,2009-12-01,2010-02-01,4.716666666666666,131.0,314.35,8.857142857142858,False,False,False
84933B,LARGE PINK PEONY FOLDING STOOL,2009-12-01,2010-01-22,3.408333333333333,136.0,309.15000000000003,7.428571428571429,False,False,False
84933C,LARGE BLUE ORIENTAL FOLDING STOOL,2009-12-04,2010-01-22,4.716666666666667,136.0,317.0,7.0,False,False,False
84934,ASSTD DESIGN POP ART SLIM PEN,2009-12-01,2010-04-09,0.9153846153846156,687.0,586.5,18.428571428571427,False,False,False
84937,KASHMIR FOLKART TUMBLERS,2009-12-01,2010-05-07,4.990161290322581,2542.0,5394.54,22.428571428571427,False,False,False
84942,KASHMIR FOLKART HEART DISHES,2009-12-16,2010-01-24,1.6900000000000002,3.0,5.07,5.571428571428571,False,False,False
84944,SET OF 6 KASHMIR FOLKART BAUBLES,2009-12-01,2011-11-04,3.858520408163266,1135.0,3153.88,100.42857142857143,True,True,True
84945,MULTI COLOUR SILVER T-LIGHT HOLDER,2009-12-04,2011-12-09,1.077181818181818,21605.0,17746.71,105.0,True,True,True
84946,ANTIQUE SILVER TEA GLASS ETCHED,2009-12-01,2011-12-09,1.5324958030218243,36696.0,49210.4,105.42857142857143,True,True,True
84947,ANTIQUE SILVER TEA GLASS ENGRAVED,2009-12-02,2011-12-09,1.4420343839541547,15810.0,18744.17,105.28571428571429,True,True,True
84948,SILVER HANGING T-LIGHT HOLDER DOME,2009-12-01,2010-05-11,1.7905405405405406,273.0,459.2099999999999,23.0,False,False,False
84949,SILVER HANGING T-LIGHT HOLDER,2009-12-01,2011-12-08,1.8268847795163583,11945.0,19015.8,105.28571428571429,True,True,True
84950,ASSORTED COLOUR T-LIGHT HOLDER,2009-12-01,2011-12-08,0.9113818181818182,6041.0,4199.27,105.28571428571429,True,True,True
84951A,S/4 PISTACHIO LOVEBIRD COASTERS,2009-12-01,2011-12-05,2.1285925925925926,622.0,848.76,104.85714285714286,True,True,True
84951B,S/4 BLACK LOVEBIRD COASTERS,2009-12-10,2011-12-08,2.0461157024793386,565.0,802.73,104.0,True,True,True
84951b,S/4 BLACK LOVEBIRD COASTERS,2009-12-01,2010-03-05,5.104,10.0,51.26,13.428571428571429,False,False,False
84952A,CLEAR LOVE BIRD T-LIGHT HOLDER,2009-12-06,2011-11-14,3.135897435897436,148.0,392.53,101.14285714285714,True,True,True
84952B,BLACK LOVE BIRD T-LIGHT HOLDER,2009-12-01,2011-12-06,3.0925,364.0,615.49,105.0,True,True,True
84952C,MIRROR LOVE BIRD T-LIGHT HOLDER,2009-12-02,2011-10-11,3.347674418604651,374.0,705.01,96.85714285714286,False,True,False
84962,SET/3 COLOUR PAINTED KASHMIRI STOOL,2010-02-22,2010-05-19,59.95,3.0,179.85000000000002,12.285714285714286,False,False,False
84963A,PINK PAINTED KASHMIRI CHAIR,2010-02-02,2010-12-05,41.738888888888894,23.0,763.35,43.714285714285715,False,False,False
84963B,BLUE PAINTED KASHMIRI CHAIR,2010-05-19,2011-08-04,42.958333333333336,18.0,591.5,63.142857142857146,False,True,False
84964A,PINK PAINTED KASHMIRI TABLE,2010-02-22,2010-11-02,45.0,11.0,630.0,36.142857142857146,False,False,False
84964B,BLUE PAINTED KASHMIRI TABLE,2010-02-22,2010-11-02,45.0,17.0,990.0,36.142857142857146,False,False,False
84965A,PINK KASHMIRI COFFEE TABLE,2010-02-22,2010-11-02,40.0,20.0,1050.0,36.142857142857146,False,False,False
84965B,BLUE KASHMIRI COFFEE TABLE,2010-02-22,2010-11-02,62.4875,27.0,1359.95,36.142857142857146,False,False,False
84966A,PINK KASHMIRI BOXED MIRROR,2010-01-19,2010-11-02,25.4875,13.0,225.95,41.0,False,False,False
84966B,BLUE KASHMIRI BOXED MIRROR,2010-01-19,2010-11-02,16.0,33.0,428.0,41.0,False,False,False
84966C,GREEN KASHMIRI BOXED MIRROR,2010-09-03,2010-11-02,12.0,23.0,276.0,8.571428571428571,False,False,False
84967A,PINK KASHMIRI OCCASIONAL TABLE,2010-02-02,2010-10-24,58.3,3.0,174.9,37.714285714285715,False,False,False
84967B,BLUE KASHMIRI OCCASIONAL TABLE,2010-01-06,2010-11-02,65.87272727272727,24.0,1249.45,42.857142857142854,False,False,False
84967C,GREEN KASHMIRI OCCASIONAL TABLE,2010-05-19,2010-10-11,67.4625,9.0,419.85,20.714285714285715,False,False,False
84968A,S/16 VINTAGE ROSE CUTLERY,2009-12-03,2011-12-04,14.126097560975609,529.0,6538.08,104.42857142857143,True,True,True
84968B,S/16 VINTAGE IVORY CUTLERY,2009-12-01,2011-04-06,14.866148148148149,428.0,5681.41,70.14285714285714,False,True,False
84968C,S/16 VINTAGE PISTACHIO CUTLERY,2009-12-01,2011-11-23,14.947083333333332,637.0,7629.25,103.14285714285714,True,True,True
84968D,S/16 VINTAGE RED CUTLERY,2009-12-08,2011-12-08,13.328113207547169,472.0,5393.71,104.28571428571429,True,True,True
84968E,S/16 VINTAGE BLACK CUTLERY,2009-12-02,2011-12-07,12.587448979591835,387.0,4490.48,105.0,True,True,True
84968F,S/16 VINTAGE SKY BLUE CUTLERY,2009-12-01,2011-11-13,13.317557251908395,298.0,3571.77,101.71428571428571,True,True,True
84968a,S/16 VINTAGE ROSE CUTLERY,2010-07-07,2011-10-31,25.225,6.0,150.82,68.71428571428571,True,True,True
84968b,S/16 VINTAGE IVORY CUTLERY,2010-07-30,2010-11-01,25.49,2.0,50.98,13.428571428571429,False,False,False
84968d,S/16 VINTAGE RED CUTLERY,2010-06-08,2011-10-04,25.0925,4.0,100.37,69.0,False,True,False
84968e,S/16 VINTAGE BLACK CUTLERY,2010-06-08,2011-12-09,25.286153846153844,16.0,404.13,78.42857142857143,True,True,True
84968f,SET OF 16 VINTAGE SKY BLUE CUTLERY,2010-10-04,2010-12-21,25.49,2.0,50.98,11.142857142857142,False,False,False
84969,ASSORTED COLOUR SET 6 TEASPOONS,2009-12-02,2011-12-06,4.862199413489736,969.0,4279.93,104.85714285714286,True,True,True
84970L,SINGLE HEART ZINC T-LIGHT HOLDER,2009-12-01,2011-12-09,1.243974241030359,17400.0,17177.039999999997,105.42857142857143,True,True,True
84970S,HANGING HEART ZINC T-LIGHT HOLDER,2009-12-01,2011-12-09,1.090320781032078,26444.0,21794.26,105.42857142857143,True,True,True
84970l,SINGLE HEART ZINC T-LIGHT HOLDER,2010-05-26,2011-12-07,2.0984615384615384,233.0,487.14,80.0,True,True,True
84970s,HANGING HEART ZINC T-LIGHT HOLDER,2010-06-04,2011-12-09,2.101428571428571,373.0,784.04,79.0,True,True,True
84971L,LARGE HEART FLOWERS HOOK,2009-12-01,2010-04-07,1.5720338983050848,585.0,723.51,18.142857142857142,False,False,False
84971S,SMALL HEART FLOWERS HOOK,2009-12-02,2011-12-09,1.077489270386266,6489.0,5493.3099999999995,105.28571428571429,True,True,True
84971l,LARGE HEART FLOWERS HOOK,2011-11-25,2011-11-25,2.46,2.0,4.92,0.0,True,False,False
84971s,SMALL HEART FLOWERS HOOK,2010-05-26,2010-10-28,1.66,6.0,9.96,22.142857142857142,False,False,False
84972L,GIANT PINK HEART MEMO HOLDER,2009-12-09,2010-07-14,3.95,117.0,462.15,31.0,False,False,False
84974,S/2 ZINC HEART DESIGN PLANTERS,2010-01-06,2011-11-01,9.932758620689654,89.0,879.55,94.85714285714286,True,True,True
84975,HEART SHAPED MIRROR,2009-12-01,2010-12-08,2.0309345794392524,1990.0,3266.4,53.142857142857146,False,True,False
84976,RECTANGULAR SHAPED MIRROR,2009-12-09,2011-12-08,1.6939285714285717,674.0,722.76,104.14285714285714,True,True,True
84977,WIRE FLOWER T-LIGHT HOLDER,2009-12-01,2011-03-18,1.3086363636363636,223.0,281.33,67.42857142857143,False,True,False
84978,HANGING HEART JAR T-LIGHT HOLDER,2009-12-04,2011-12-09,1.5126805555555554,21689.0,28475.96,105.0,True,True,True
84984A,GREEN PEONY DES C/COVER,2010-01-08,2011-11-08,4.474705882352942,266.0,462.12,95.57142857142857,True,True,True
84984B,RED PEONY DES C/COVER,2010-01-08,2011-11-08,4.2,322.0,541.3,95.57142857142857,True,True,True
84984C,ORIENTAL BLUE C/COVER,2009-12-09,2010-11-14,5.83375,232.0,401.16,48.57142857142857,False,False,False
84984D,ORIENTAL RED C/COVER,2009-12-01,2011-11-08,6.063333333333334,159.0,404.91,101.0,True,True,True
84985A,SET OF 72 GREEN PAPER DOILIES,2009-12-01,2011-03-01,1.767032258064516,644.0,1018.13,65.0,False,True,False
84985B,SET OF 72 BLACK PAPER DOILIES,2009-12-01,2010-03-07,1.77625,128.0,194.96,13.714285714285714,False,False,False
84985a,SET OF 72 GREEN PAPER DOILIES,2010-06-24,2010-11-17,2.98,10.0,29.8,20.857142857142858,False,False,False
84985b,SET OF 72 BLACK PAPER DOILIES,2010-05-26,2010-05-26,2.98,1.0,2.98,0.0,False,False,False
84986B,SET OF 36 SILVER PAPER DOILIES,2009-12-01,2010-10-13,1.5328947368421053,432.0,639.06,45.142857142857146,False,False,False
84986b,SET OF 36 SILVER PAPER DOILIES,2010-05-26,2010-08-06,2.98,6.0,17.88,10.285714285714286,False,False,False
84987,SET OF 36 TEATIME PAPER DOILIES,2009-12-01,2011-12-05,1.8061029411764704,8138.0,11864.15,104.85714285714286,True,True,True
84988,SET OF 72 PINK HEART PAPER DOILIES,2009-12-01,2011-12-08,2.097966764418377,8305.0,12913.24,105.28571428571429,True,True,True
84989A,75 GREEN FAIRY CAKE CASES,2009-12-02,2011-12-05,0.6855483870967742,2120.0,1093.42,104.71428571428571,True,True,True
84989B,75 BLACK FAIRY CAKE CASES,2009-12-03,2010-08-08,0.6828070175438596,1009.0,510.15,35.42857142857143,False,False,False
84989a,75 GREEN FAIRY CAKE CASES,2010-06-04,2011-08-24,2.020243902439024,74.0,150.57,63.714285714285715,False,True,False
84989b,75 BLACK FAIRY CAKE CASES,2010-01-25,2010-06-24,1.28,10.0,12.8,21.428571428571427,False,False,False
84990,60 GOLD AND SILVER FAIRY CAKE CASES,2009-12-01,2011-05-08,0.6447738693467336,4248.0,2062.19,74.71428571428571,False,True,False
84991,60 TEATIME FAIRY CAKE CASES,2009-12-01,2011-12-09,0.6644378155117027,54028.0,27041.21,105.42857142857143,True,True,True
84992,72 SWEETHEART FAIRY CAKE CASES,2009-12-01,2011-12-08,0.68719707057257,34797.0,17259.850000000002,105.28571428571429,True,True,True
84993A,75 GREEN PETIT FOUR CASES,2009-12-03,2011-12-09,0.5324719101123595,1471.0,648.61,105.14285714285714,True,True,True
84993B,75 BLACK PETIT FOUR CASES,2009-12-03,2011-08-08,0.4597674418604651,551.0,243.66,87.57142857142857,False,True,False
84993a,75 GREEN PETIT FOUR CASES,2010-01-25,2011-12-05,0.8373333333333333,51.0,42.71,97.0,True,True,True
84993b,75 BLACK PETIT FOUR CASES,2010-01-25,2010-04-26,0.8492307692307691,20.0,16.99,13.0,False,False,False
84997A,GREEN 3 PIECE MINI DOTS CUTLERY SET,2009-12-01,2011-12-09,4.135699831365937,5185.0,19400.7,105.42857142857143,True,True,True
84997B,RED 3 PIECE MINI DOTS CUTLERY SET,2009-12-01,2011-12-09,4.078661493695441,9257.0,34488.07,105.42857142857143,True,True,True
84997C,BLUE 3 PIECE MINI DOTS CUTLERY SET,2009-12-01,2011-12-09,4.027962577962578,8798.0,32740.36,105.42857142857143,True,True,True
84997D,PINK 3 PIECE MINI DOTS CUTLERY SET,2009-12-01,2011-12-09,4.148321234119782,10653.0,39875.14,105.42857142857143,True,True,True
84997a,GREEN 3 PIECE MINI DOTS CUTLERY SET,2010-04-26,2011-12-09,8.262592592592592,178.0,1481.78,84.57142857142857,True,True,True
84997b,RED 3 PIECE MINI DOTS CUTLERY SET,2010-06-24,2011-12-09,8.549431818181818,514.0,4322.57,76.14285714285714,True,True,True
84997c,BLUE 3 PIECE MINI DOTS CUTLERY SET,2010-08-31,2011-12-09,8.569240506329113,353.0,2958.87,66.42857142857143,True,True,True
84997d,PINK 3 PIECE MINI DOTS CUTLERY SET,2010-02-19,2011-12-09,8.420833333333333,371.0,3097.3799999999997,94.0,True,True,True
85006,SET 4 NURSERY DES ROUND BOXES,2009-12-01,2011-04-27,2.546756756756757,3049.0,1289.31,73.14285714285714,False,True,False
85007,SET OF 3 VINTAGE TEA TIME BOXES,2009-12-02,2010-03-02,4.180454545454546,143.0,399.62,12.857142857142858,False,False,False
85008,SET OF 3 CONEY ISLAND OVAL BOXES,2009-12-01,2011-04-10,5.2247,269.0,1058.72,70.71428571428571,False,True,False
85014A,BLACK/BLUE DOTS RUFFLED UMBRELLA,2009-12-01,2011-12-06,6.32365889212828,4623.0,21797.58,105.0,True,True,True
85014B,RED/WHITE DOTS RUFFLED UMBRELLA,2009-12-01,2011-12-09,6.667955555555555,6155.0,30776.58,105.42857142857143,True,True,True
85014C,BLUE/BROWN DOTS RUFFLED UMBRELLA,2009-12-01,2010-06-11,6.527916666666666,547.0,2270.73,27.428571428571427,False,False,False
85014D,PINK/BROWN DOTS RUFFLED UMBRELLA,2009-12-01,2010-03-29,6.064444444444446,1918.0,6664.45,16.857142857142858,False,False,False
85014a,BLACK/BLUE DOTS RUFFLED UMBRELLA,2010-06-24,2011-11-29,12.617857142857144,33.0,416.12,74.71428571428571,True,True,True
85014b,RED/WHITE DOTS RUFFLED UMBRELLA,2009-12-01,2011-12-08,12.586857142857143,39.0,491.42,105.28571428571429,True,True,True
85015,SET OF 12  VINTAGE POSTCARD SET,2009-12-01,2011-12-08,1.8354724409448815,2908.0,2750.0,105.28571428571429,True,True,True
85016,SET OF 6 VINTAGE NOTELETS KIT,2009-12-01,2011-05-31,2.36,1679.0,2033.33,78.0,False,True,False
85017A,ENVELOPE 50 ROMANTIC IMAGES,2009-12-01,2011-04-03,0.8269142857142857,1157.0,792.15,69.71428571428571,False,True,False
85017B,ENVELOPE 50 BLOSSOM IMAGES,2009-12-02,2011-11-08,0.7516981132075471,2231.0,1390.39,100.85714285714286,True,True,True
85017C,ENVELOPE 50 CURIOUS IMAGES,2009-12-01,2011-05-12,0.8070247933884298,1087.0,719.67,75.28571428571429,False,True,False
85018A,S/6 PAPER BOXES ROMANTIC IMAGES,2009-12-16,2010-08-13,4.25,15.0,63.75,34.285714285714285,False,False,False
85018B,S/6 PAPER BOXES BLOSSOM IMAGES,2009-12-16,2010-11-03,4.25,15.0,63.75,46.0,False,False,False
85018C,S/6 PAPER BOXES CURIOUS IMAGES,2009-12-09,2010-11-24,4.035,36.0,127.2,50.0,False,False,False
85018D,YULETIDE IMAGES S/6 PAPER BOXES,2009-12-02,2011-01-14,2.195125,787.0,969.9,58.285714285714285,False,True,False
85019A,ROMANTIC IMAGES NOTEBOOK SET,2010-01-05,2011-12-08,2.6844897959183673,647.0,915.04,100.28571428571429,True,True,True
85019B,BLOSSOM  IMAGES NOTEBOOK SET,2010-03-18,2011-12-08,2.304255319148936,718.0,982.47,90.0,True,True,True
85019C,CURIOUS  IMAGES NOTEBOOK SET,2009-12-04,2011-06-09,3.3876,423.0,651.19,78.85714285714286,False,True,False
85020,ROUND PINK HEART MIRROR,2009-12-04,2011-12-05,2.571896551724138,240.0,533.48,104.42857142857143,True,True,True
85023A,CRYSTAL LARGE JEWELLED PHOTO FRAME,2009-12-04,2010-04-19,2.55,22.0,56.099999999999994,19.428571428571427,False,False,False
85023B,EAU DE NILE JEWELLED PHOTOFRAME,2009-12-03,2011-12-05,2.526315789473684,293.0,682.35,104.57142857142857,True,True,True
85023C,PINK LARGE JEWELED PHOTOFRAME,2010-01-18,2010-06-06,2.55,23.0,58.65,19.857142857142858,False,False,False
85024A,CRYSTAL SMALL JEWELLED PHOTOFRAME,2009-12-04,2009-12-04,1.65,1.0,1.65,0.0,False,False,False
85024B,EAU DE NILE JEWELLED PHOTOFRAME,2010-01-19,2011-12-05,1.6404761904761902,218.0,330.9,97.85714285714286,True,True,True
85024C,PINK SMALL JEWELLED PHOTOFRAME,2009-12-04,2011-11-22,1.65,99.0,163.35,102.57142857142857,True,True,True
85025B,EAU DE NILE HEART SHAPE PHOTO FRAME,2009-12-07,2011-12-08,2.1439795918367346,570.0,985.4,104.42857142857143,True,True,True
85025C,PINK HEART SHAPE PHOTO FRAME,2009-12-02,2011-08-24,2.0527777777777776,720.0,1285.91,90.0,False,True,False
85026B,EAU DE NILE JEWELLED T-LIGHT HOLDER,2009-12-01,2011-12-08,1.102068965517241,300.0,367.55,105.28571428571429,True,True,True
85027L,FRENCH CHATEAU LARGE PLATTER,2010-01-17,2011-04-19,4.65,190.0,538.5,65.28571428571429,False,True,False
85028L,FRENCH CHATEAU LARGE FRUIT BOWL,2009-12-01,2011-04-08,5.863333333333333,271.0,654.01,70.42857142857143,False,True,False
85028S,FRENCH CHATEAU SMALL FRUITBOWL,2009-12-01,2011-04-08,3.327058823529412,430.0,656.82,70.42857142857143,False,True,False
85030,FRENCH CHATEAU OVAL PLATTER,2009-12-15,2011-04-08,5.05344827586207,211.0,531.4499999999999,68.42857142857143,False,True,False
85031A,ROMANTIC IMAGES SCRAP BOOK SET,2009-12-01,2011-04-13,3.543627450980392,477.0,943.44,71.14285714285714,False,True,False
85031B,BLOSSOM IMAGES SCRAP BOOK SET,2009-12-01,2010-12-16,3.379882352941177,496.0,896.09,54.285714285714285,False,True,False
85031C,CURIOUS IMAGES SCRAP BOOK SET,2009-12-01,2010-12-16,3.508317757009346,481.0,1017.48,54.285714285714285,False,True,False
85032A,ROMANTIC IMAGES GIFT WRAP SET,2009-12-02,2011-12-08,1.273726708074534,1441.0,1323.51,105.14285714285714,True,True,True
85032B,BLOSSOM IMAGES GIFT WRAP SET,2010-01-22,2011-12-08,1.265657894736842,982.0,953.34,97.85714285714286,True,True,True
85032C,CURIOUS IMAGES GIFT WRAP SET,2009-12-04,2011-12-09,1.3662345679012344,886.0,946.59,105.0,True,True,True
85032D,YULETIDE IMAGES GIFT WRAP SET,2009-12-02,2011-10-06,1.3986567164179105,1148.0,1327.68,96.14285714285714,False,True,False
85033G,SET/6 GOLD REINDEER T-LIGHT CANDLES,2009-12-01,2010-09-21,2.742424242424242,236.0,376.05,42.0,False,False,False
85033S,SET/6 SILVER REINDEER T-LIGHTS,2009-12-01,2010-11-08,1.567,258.0,317.35,48.857142857142854,False,False,False
85034A,3 GARDENIA MORRIS BOXED CANDLES,2009-12-01,2011-11-23,3.896338028169014,846.0,2364.82,103.14285714285714,True,True,True
85034B,3 WHITE CHOC MORRIS BOXED CANDLES,2009-12-01,2011-12-08,3.2954545454545454,1183.0,2606.64,105.28571428571429,True,True,True
85034C,3 ROSE MORRIS BOXED CANDLES,2009-12-04,2011-12-07,2.908627450980392,1314.0,2604.15,104.71428571428571,True,True,True
85034a,3 GARDENIA MORRIS BOXED CANDLES,2011-05-23,2011-11-08,8.29,3.0,24.869999999999997,24.142857142857142,True,False,False
85034b,3 WHITE CHOC MORRIS BOXED CANDLES,2011-11-25,2011-11-25,8.29,1.0,8.29,0.0,True,False,False
85035A,GARDENIA 3 WICK MORRIS BOXED CANDLE,2009-12-02,2011-10-26,4.322417582417582,646.0,2344.9,99.0,True,True,True
85035B,CHOCOLATE 3 WICK MORRIS BOX CANDLE,2009-12-06,2011-10-27,3.890381679389313,986.0,2539.29,98.57142857142857,True,True,True
85035C,ROSE 3 WICK MORRIS BOX CANDLE,2009-12-02,2011-11-27,3.203793103448276,1356.0,2693.85,103.57142857142857,True,True,True
85035a,GARDENIA 3 WICK MORRIS BOXED CANDLE,2010-11-24,2010-12-21,8.47,3.0,25.410000000000004,3.857142857142857,False,False,False
85035b,CHOCOLATE 3 WICK MORRIS BOX CANDLE,2010-02-19,2010-12-21,8.47,6.0,50.82000000000001,43.57142857142857,False,False,False
85035c,ROSE 3 WICK MORRIS BOX CANDLE,2010-11-24,2010-12-07,8.47,2.0,16.94,1.8571428571428572,False,False,False
85036A,GARDENIA 1 WICK MORRIS BOXED CANDLE,2009-12-03,2011-10-31,4.130116959064328,619.0,2389.21,99.57142857142857,True,True,True
85036B,CHOCOLATE 1 WICK MORRIS BOX CANDLE,2009-12-01,2011-11-17,3.0740229885057473,598.0,1530.16,102.28571428571429,True,True,True
85036C,ROSE 1 WICK MORRIS BOXED CANDLE,2009-12-01,2011-11-23,3.032748091603054,878.0,1629.02,103.14285714285714,True,True,True
85036a,GARDENIA 1 WICK MORRIS BOXED CANDLE,2011-07-12,2011-07-12,8.29,2.0,16.58,0.0,False,False,False
85036b,CHOCOLATE 1 WICK MORRIS BOX CANDLE,2010-10-22,2010-12-03,8.47,2.0,16.94,6.0,False,False,False
85038,6 CHOCOLATE LOVE HEART T-LIGHTS,2009-12-01,2011-12-09,2.492030456852792,2778.0,5803.580000000001,105.42857142857143,True,True,True
85039A,SET/4 RED MINI ROSE CANDLE IN BOWL,2009-12-01,2011-12-09,1.6358964143426291,1448.0,1661.37,105.42857142857143,True,True,True
85039B,S/4 IVORY MINI ROSE CANDLE IN BOWL,2009-12-02,2011-12-09,1.6629477611940298,1653.0,2178.52,105.28571428571429,True,True,True
85039C,S/4 BLACK MINI ROSE CANDLE IN BOWL,2009-12-03,2011-12-08,1.7143859649122808,536.0,516.31,105.0,True,True,True
85039a,SET/4 RED MINI ROSE CANDLE IN BOWL,2010-02-19,2011-12-08,3.318636363636364,64.0,212.45,93.85714285714286,True,True,True
85039b,S/4 IVORY MINI ROSE CANDLE IN BOWL,2010-02-19,2010-02-19,3.36,4.0,13.44,0.0,False,False,False
85040A,S/4 PINK FLOWER CANDLES IN BOWL,2009-12-03,2011-12-09,1.9779518072289155,2065.0,3639.89,105.14285714285714,True,True,True
85040B,SET/4 BLUE FLOWER CANDLES IN BOWL,2009-12-01,2011-04-10,1.7399999999999998,2451.0,3813.78,70.71428571428571,False,True,False
85040a,S/4 PINK FLOWER CANDLES IN BOWL,2009-12-01,2011-11-30,3.3249999999999997,51.0,169.75,104.14285714285714,True,True,True
85040b,SET/4 BLUE FLOWER CANDLES IN BOWL,2010-04-26,2010-06-24,3.36,7.0,23.519999999999996,8.428571428571429,False,False,False
85041,SET/4 PINK ORCHID CANDLES IN BOWL,2009-12-01,2010-07-15,1.786421052631579,1853.0,2489.87,32.285714285714285,False,False,False
85042,ANTIQUE LILY FAIRY LIGHTS,2009-12-01,2010-11-16,4.9809797297297305,2685.0,12234.56,50.0,False,False,False
85043,RED HEART CANDY POP LIGHTS,2010-01-04,2010-01-04,4.95,1.0,4.95,0.0,False,False,False
85044,RED REINDEER STRING OF 20 LIGHTS,2009-12-01,2010-11-22,6.930249999999999,149.0,801.4,50.857142857142854,False,False,False
85045,GREEN CHRISTMAS TREE STRING 20LIGHT,2009-12-01,2011-11-02,5.623176470588236,471.0,2239.34,100.14285714285714,True,True,True
85047,WHITE BEADED GARLAND STRING 20LIGHT,2009-12-01,2011-01-27,7.060333333333333,1051.0,6664.329999999999,60.285714285714285,False,True,False
85048,15CM CHRISTMAS GLASS BALL 20 LIGHTS,2009-12-01,2011-12-09,9.155689655172417,2685.0,21201.13,105.42857142857143,True,True,True
85049A,TRADITIONAL CHRISTMAS RIBBONS,2009-12-01,2011-12-09,1.4529264705882352,6151.0,8114.78,105.42857142857143,True,True,True
85049B,LUSH GREENS RIBBONS,2009-12-01,2011-01-26,1.3162941176470588,2126.0,2653.3,60.142857142857146,False,True,False
85049C,ROMANTIC PINKS RIBBONS,2009-12-01,2011-12-09,1.3419056974459724,2981.0,3746.29,105.42857142857143,True,True,True
85049D,BRIGHT BLUES RIBBONS,2009-12-01,2011-09-28,1.320909090909091,2330.0,2922.96,95.14285714285714,False,True,False
85049E,SCANDINAVIAN REDS RIBBONS,2009-12-01,2011-12-09,1.4771108490566036,6316.0,8453.47,105.42857142857143,True,True,True
85049F,BABY BOOM RIBBONS,2009-12-02,2011-09-26,1.3125078369905956,2110.0,2634.0,94.71428571428571,False,True,False
85049G,CHOCOLATE BOX RIBBONS,2009-12-01,2011-12-09,1.370763358778626,3829.0,4718.62,105.42857142857143,True,True,True
85049H,URBAN BLACK RIBBONS,2009-12-01,2011-12-09,1.1540828402366865,2066.0,2067.18,105.42857142857143,True,True,True
85049a,TRADITIONAL CHRISTMAS RIBBONS,2010-08-13,2011-12-09,3.3160784313725493,434.0,1451.24,69.0,True,True,True
85049b,LUSH GREENS RIBBONS,2010-06-24,2011-09-20,2.4766666666666666,4.0,9.94,64.71428571428571,False,True,False
85049c,ROMANTIC PINKS RIBBONS,2011-11-23,2011-11-23,2.46,1.0,2.46,0.0,True,False,False
85049d,BRIGHT BLUES RIBBONS,2011-03-29,2011-05-10,2.46,2.0,4.92,6.0,False,False,False
85049e,SCANDINAVIAN REDS RIBBONS,2010-06-24,2011-12-09,3.301311475409836,268.0,893.25,76.14285714285714,True,True,True
85049g,CHOCOLATE BOX RIBBONS,2010-11-30,2011-12-09,2.43,115.0,281.44,53.42857142857143,True,True,True
85050,FRENCH ENAMEL SOAP DISH WITH LID,2010-05-11,2010-05-11,2.1,48.0,100.8,0.0,False,False,False
85053,FRENCH ENAMEL CANDLEHOLDER,2009-12-01,2011-12-09,2.618046875,2032.0,4363.280000000001,105.42857142857143,True,True,True
85054,FRENCH ENAMEL POT W LID,2009-12-01,2011-11-28,3.4911538461538467,916.0,2495.0200000000004,103.85714285714286,True,True,True
85055,FRENCH ENAMEL UTENSIL HOLDER,2009-12-01,2011-01-18,4.6967592592592595,359.0,1442.94,59.0,False,True,False
85059,FRENCH ENAMEL WATER BASIN,2009-12-01,2011-12-09,4.293896713615023,701.0,2399.89,105.42857142857143,True,True,True
85060,WOOD FAN WITH FLOWER DESIGN,2009-12-04,2010-07-26,1.405909090909091,1448.0,1745.62,33.42857142857143,False,False,False
85061W,WHITE JEWELLED HEART DECORATION,2009-12-01,2011-12-08,1.0804968944099378,6306.0,5451.49,105.28571428571429,True,True,True
85062,PEARL CRYSTAL PUMPKIN T-LIGHT HLDR,2009-12-10,2011-12-07,1.7979190751445084,3886.0,6363.28,103.85714285714286,True,True,True
85063,CREAM SWEETHEART MAGAZINE RACK,2009-12-01,2010-11-18,18.89911111111111,308.0,5426.74,50.285714285714285,False,False,False
85064,CREAM SWEETHEART LETTER RACK,2009-12-01,2011-01-27,6.1648028673835125,1595.0,7493.06,60.285714285714285,False,True,False
85065,CREAM SWEETHEART TRAYS,2009-12-02,2010-10-29,13.5696875,620.0,7524.44,47.285714285714285,False,False,False
85066,CREAM SWEETHEART MINI CHEST,2009-12-01,2011-12-09,14.095063965884862,3091.0,38599.98,105.42857142857143,True,True,True
85067,CREAM SWEETHEART WALL CABINET,2009-12-01,2011-01-13,20.3275,496.0,8201.99,58.285714285714285,False,True,False
85068,CREAM SWEETHEART SHELF + HOOKS,2009-12-01,2010-11-15,8.65251256281407,960.0,6647.24,49.857142857142854,False,False,False
85069,CREAM SWEETHEART DOUBLE SHELF,2009-12-11,2009-12-11,16.95,3.0,50.849999999999994,0.0,False,False,False
85070,ANT WHITE SWEETHEART TABLE W 3 DRAW,2010-05-16,2010-07-26,106.66666666666669,3.0,320.0,10.142857142857142,False,False,False
85071A,BLUE CHARLIE+LOLA PERSONAL DOORSIGN,2009-12-01,2011-12-06,1.2626845637583894,1907.0,1415.69,105.0,True,True,True
85071B,RED CHARLIE+LOLA PERSONAL DOORSIGN,2009-12-01,2011-12-08,1.3026347305389223,2340.0,1316.48,105.28571428571429,True,True,True
85071C,"CHARLIE+LOLA""EXTREMELY BUSY"" SIGN",2009-12-06,2011-12-09,1.675633802816901,1285.0,837.23,104.71428571428571,True,True,True
85071D,CHARLIE+LOLA MY ROOM DOOR SIGN,2009-12-01,2011-12-06,1.2823684210526316,884.0,548.86,105.0,True,True,True
85072,OCCASIONS GIFT CARD ASSORTMENT,2009-12-10,2009-12-10,0.55,120.0,66.0,0.0,False,False,False
85077,KISSING REINDEER TABLE RUNNER,2009-12-22,2009-12-22,5.95,1.0,5.95,0.0,False,False,False
85078,SCANDINAVIAN 3 HEARTS NAPKIN RING,2009-12-03,2011-11-02,1.4968902439024392,2258.0,1052.02,99.85714285714286,True,True,True
85079,EMBROIDERED REINDEER DECORATION,2009-12-03,2009-12-23,1.4144444444444444,23.0,32.25,2.857142857142857,False,False,False
85080,PADDED RED HEART DECORATION,2009-12-02,2010-09-26,0.5331818181818182,113.0,55.76,42.57142857142857,False,False,False
85081,PADDED HOLLY CHRISTMAS DECORATION,2009-12-09,2010-10-07,0.4577272727272727,104.0,46.17,43.142857142857146,False,False,False
85083,KISS REINDEER SCANDINAVIAN STOCKING,2009-12-03,2009-12-10,2.55,5.0,12.75,1.0,False,False,False
85084,HOLLY TOP CHRISTMAS STOCKING,2009-12-08,2010-12-21,1.0668965517241378,682.0,681.4,54.0,False,True,False
85086A,CANDY SPOT HEART DECORATION,2009-12-01,2011-08-12,1.1639869281045752,587.0,568.73,88.42857142857143,False,True,False
85087,CANDY SPOT CUSHION COVER,2009-12-04,2011-10-07,3.6293150684931503,420.0,1392.64,96.0,False,True,False
85088,CANDY SPOT HAND BAG,2009-12-02,2011-11-30,2.3424050632911393,347.0,723.85,104.0,True,True,True
85089,CANDY SPOT BUNNY,2009-12-02,2011-11-17,3.901,99.0,317.54,102.14285714285714,True,True,True
85090,CANDY SPOT APRON,2009-12-01,2010-11-24,5.87925925925926,106.0,559.2800000000001,51.142857142857146,False,False,False
85091,CANDY SPOT BREAD BASKETS,2009-12-14,2010-08-15,5.513,343.0,548.81,34.857142857142854,False,False,False
85092,CANDY SPOT TEA COSY,2010-01-11,2011-02-20,4.058333333333333,391.0,622.57,57.857142857142854,False,True,False
85093,CANDY SPOT EGG WARMER HARE,2009-12-07,2011-11-03,1.192549019607843,1361.0,1091.21,99.42857142857143,True,True,True
85094,CANDY SPOT EGG WARMER RABBIT,2009-12-15,2011-12-09,0.8366666666666667,760.0,360.99,103.42857142857143,True,True,True
85095,THREE CANVAS LUGGAGE TAGS,2010-08-19,2011-12-05,1.7959183673469388,174.0,259.09,67.57142857142857,True,True,True
85096,HILDA CANDY SPOT RABBIT,2009-12-04,2011-12-05,4.50089552238806,164.0,676.92,104.42857142857143,True,True,True
85097B,BLUE ROCKING SINGING CANARY,2009-12-02,2010-08-09,4.135365853658537,106.0,417.17,35.714285714285715,False,False,False
85098B,BLUE FLYING SINGING CANARY,2009-12-02,2010-11-18,4.695043478260869,366.0,1456.94,50.142857142857146,False,False,False
85099B,JUMBO BAG RED WHITE SPOTTY,2009-12-01,2011-12-09,2.330321622958931,96757.0,180569.34,105.42857142857143,True,True,True
85099C,JUMBO  BAG BAROQUE BLACK WHITE,2009-12-01,2011-12-09,2.408958223162348,30640.0,59057.61,105.42857142857143,True,True,True
85099F,JUMBO BAG STRAWBERRY,2009-12-01,2011-12-08,2.2943027027027028,36860.0,67985.77,105.28571428571429,True,True,True
85099b,JUMBO BAG RED RETROSPOT,2010-06-04,2010-10-15,4.89,419.0,2111.64,19.0,False,False,False
85099c,JUMBO  BAG BAROQUE BLACK WHITE,2010-06-24,2010-07-26,4.975,17.0,85.17,4.571428571428571,False,False,False
85099f,JUMBO BAG STRAWBERRY,2010-07-26,2011-01-11,5.056,201.0,1016.36,24.142857142857142,False,False,False
85103,SILVER T-LIGHT SETTING,2009-12-02,2011-07-19,7.735057471264368,317.0,2153.43,84.85714285714286,False,True,False
85104,SILVER GLASS T-LIGHT SET,2009-12-01,2011-12-06,3.1303389830508475,351.0,1024.49,105.0,True,True,True
85106,CUT GLASS HEXAGON T-LIGHT HOLDER,2009-12-08,2011-11-28,2.4219999999999997,1190.0,2271.24,102.85714285714286,True,True,True
85107,CUT GLASS T-LIGHT HOLDER OCTAGON,2009-12-02,2011-12-06,2.426944444444444,1203.0,2274.79,104.85714285714286,True,True,True
85109,PINK BOUDOIR T-LIGHT HOLDER,2009-12-11,2010-12-19,0.787,4211.0,475.43,53.285714285714285,False,True,False
85110,BLACK SILVER FLOWER T-LIGHT HOLDER,2009-12-10,2010-09-27,0.6665217391304348,11520.0,1138.04,41.57142857142857,False,False,False
85111,SILVER GLITTER FLOWER VOTIVE HOLDER,2009-12-02,2011-12-08,0.7558974358974359,2907.0,954.15,105.14285714285714,True,True,True
85112,S/3 TEAR DROP CUT GLASS DECORATION,2009-12-01,2010-02-07,1.6549999999999998,465.0,412.77,9.714285714285714,False,False,False
85113,POLKA DOT PISTACHIO PAIL,2009-12-02,2010-08-19,2.310612244897959,285.0,591.6600000000001,37.142857142857146,False,False,False
85114A,BLACK ENCHANTED FOREST PLACEMAT,2010-06-21,2011-12-01,1.9424271844660193,1270.0,2110.9,75.42857142857143,True,True,True
85114B,IVORY ENCHANTED FOREST PLACEMAT,2009-12-01,2011-12-08,2.122767857142857,2017.0,3618.05,105.28571428571429,True,True,True
85114C,RED ENCHANTED FOREST PLACEMAT,2009-12-02,2011-12-09,1.976867469879518,1179.0,2263.06,105.28571428571429,True,True,True
85114a,BLACK ENCHANTED FOREST PLACEMAT,2009-12-22,2011-06-08,3.3105882352941176,56.0,185.64,76.14285714285714,False,True,False
85114b,IVORY ENCHANTED FOREST PLACEMAT,2009-12-01,2011-12-08,3.3194736842105264,56.0,186.76,105.28571428571429,True,True,True
85114c,RED ENCHANTED FOREST PLACEMAT,2009-12-01,2011-12-05,3.3133333333333335,185.0,612.64,104.85714285714286,True,True,True
85115B,S/4 BLACK DISCO PARTITION PANEL,2010-06-09,2011-10-11,6.27,6.0,37.62,69.85714285714286,False,True,False
85116,BLACK CANDELABRA T-LIGHT HOLDER,2009-12-01,2011-10-14,1.560054945054945,1817.0,2206.24,97.42857142857143,True,True,True
85117,NIGHTINGALE COATHOOK WHITE,2009-12-05,2010-05-04,2.2267213114754094,347.0,594.3199999999999,21.428571428571427,False,False,False
85118,HEART T-LIGHT HOLDER,2009-12-07,2011-01-17,1.2466666666666666,2054.0,1133.68,58.0,False,True,False
85119,WATERING CAN SINGLE HOOK PISTACHIO,2009-12-15,2010-12-07,1.717,413.0,567.48,51.0,False,False,False
85121B,RETRO LAUNDRY TUB PINK,2009-12-03,2010-06-27,12.071875,86.0,936.74,29.428571428571427,False,False,False
85121C,RETRO LAUNDRY TUB PISTACHIO,2009-12-07,2010-11-17,9.960943396226416,98.0,918.91,49.285714285714285,False,False,False
85123A,WHITE HANGING HEART T-LIGHT HOLDER,2009-12-01,2011-12-09,3.0761749228815094,94203.0,257724.71,105.42857142857143,True,True,True
85123a,WHITE HANGING HEART T-LIGHT HOLDER,2010-06-08,2011-12-08,6.543333333333333,516.0,3444.02,78.28571428571429,True,True,True
85123b,ZINC HANGING HEART T-LITE HLDR,2009-12-22,2009-12-22,6.04,1.0,6.04,0.0,False,False,False
85124A,PINK JUICY FRUIT PHOTO FRAME,2009-12-01,2010-10-01,3.2044210526315786,377.0,1037.13,43.42857142857143,False,False,False
85124B,BLUE JUICY FRUIT PHOTO FRAME,2009-12-08,2011-11-24,2.982647058823529,353.0,938.47,102.28571428571429,True,True,True
85124C,GREEN JUICY FRUIT PHOTO FRAME,2009-12-08,2011-10-23,3.018099173553719,426.0,1123.89,97.71428571428571,True,True,True
85124a,PINK JUICY FRUIT PHOTO FRAME,2010-05-26,2010-08-19,5.06,10.0,50.599999999999994,12.142857142857142,False,False,False
85124b,BLUE JUICY FRUIT PHOTO FRAME,2009-12-22,2010-06-24,5.115,2.0,10.23,26.285714285714285,False,False,False
85124c,GREEN JUICY FRUIT PHOTO FRAME,2010-07-22,2010-08-26,5.06,3.0,15.18,5.0,False,False,False
85125,SMALL ROUND CUT GLASS CANDLESTICK,2009-12-01,2011-11-27,5.313709677419355,309.0,1479.51,103.71428571428571,True,True,True
85126,LARGE ROUND CUTGLASS CANDLESTICK,2009-12-01,2010-12-21,7.093999999999999,156.0,1069.16,55.0,False,True,False
85127,SMALL SQUARE CUT GLASS CANDLESTICK,2009-12-01,2011-12-05,6.974634146341464,276.0,1710.67,104.85714285714286,True,True,True
85128,PLANTPOT SINGLE HOOK PISTACHIO,2009-12-04,2010-01-12,2.4125,167.0,188.95,5.571428571428571,False,False,False
85129A,"WHITE PEARL BEADED HEART, SMALL",2009-12-01,2010-08-29,1.427,444.0,569.16,38.714285714285715,False,False,False
85129B,BEADED CRYSTAL HEART GREEN SMALL,2009-12-15,2011-12-05,1.7257142857142858,233.0,315.11,102.85714285714286,True,True,True
85129C,BEADED CRYSTAL HEART BLUE SMALL,2009-12-02,2011-12-08,1.606969696969697,390.0,510.23,105.14285714285714,True,True,True
85129D,BEADED CRYSTAL HEART PINK SMALL,2009-12-01,2011-12-05,1.8964285714285711,793.0,1193.56,104.85714285714286,True,True,True
85130A,BEADED PEARL HEART WHITE LARGE,2009-12-01,2011-05-23,1.8654545454545457,685.0,1176.29,76.85714285714286,False,True,False
85130B,BEADED CRYSTAL HEART GREEN LARGE,2010-01-11,2011-12-07,1.6984337349397591,911.0,918.33,99.28571428571429,True,True,True
85130C,BEADED CRYSTAL HEART BLUE  LARGE,2010-01-05,2011-12-07,1.3602898550724638,659.0,737.89,100.14285714285714,True,True,True
85130D,BEADED CRYSTAL HEART PINK LARGE,2009-12-02,2011-12-07,1.7815454545454543,788.0,958.85,105.0,True,True,True
85131A,BEADED PEARL HEART WHITE ON STICK,2009-12-03,2011-10-30,0.97595,2025.0,1619.23,99.42857142857143,True,True,True
85131B,BEADED CRYSTAL HEART GREEN ON STICK,2009-12-16,2011-12-09,0.8603703703703703,948.0,730.74,103.28571428571429,True,True,True
85131C,BEADED CRYSTAL HEART BLUE ON STICK,2010-01-28,2011-11-14,0.9393150684931506,439.0,320.15,93.57142857142857,True,True,True
85131D,BEADED CRYSTAL HEART PINK\ON STICK,2009-12-17,2011-12-09,0.8734456928838951,1443.0,1092.71,103.14285714285714,True,True,True
85132A,CHARLIE + LOLA BISCUITS TINS,2009-12-01,2011-05-24,6.6097600000000005,1348.0,5152.07,77.0,False,True,False
85132B,CHARLIE AND LOLA TABLE TINS,2009-12-06,2011-06-19,4.942682926829268,919.0,2767.53,80.0,False,True,False
85132C,CHARLIE AND LOLA FIGURES TINS,2009-12-01,2011-09-02,4.964092409240924,2062.0,5818.94,91.42857142857143,False,True,False
85132a,CHARLIE + LOLA BISCUITS TINS,2009-12-01,2011-05-10,13.513,10.0,135.13,75.0,False,True,False
85132b,CHARLIE AND LOLA TABLE TINS,2010-03-05,2011-06-21,9.584,10.0,95.84,67.57142857142857,False,True,False
85132c,CHARLIE AND LOLA FIGURES TINS,2010-07-07,2011-04-26,11.525,4.0,46.099999999999994,41.857142857142854,False,False,False
85135A,YELLOW DRAGONFLY HELICOPTER,2009-12-02,2011-11-29,8.032380952380953,94.0,754.59,103.85714285714286,True,True,True
85135B,BLUE DRAGONFLY HELICOPTER,2009-12-01,2011-11-17,8.113275862068965,151.0,1226.51,102.28571428571429,True,True,True
85135C,RED DRAGONFLY HELICOPTER,2009-12-02,2011-12-08,8.16232142857143,162.0,1317.92,105.14285714285714,True,True,True
85136A,YELLOW SHARK HELICOPTER,2009-12-01,2011-12-06,8.127196261682244,138.0,1121.28,105.0,True,True,True
85136B,BLUE SHARK HELICOPTER,2009-12-03,2010-12-14,8.020638297872342,59.0,473.77,53.714285714285715,False,True,False
85136C,RED SHARK HELICOPTER,2009-12-01,2011-12-08,8.129180327868852,179.0,1451.69,105.28571428571429,True,True,True
85141,JARDIN ETCHED GLASS FRUITBOWL,2009-12-15,2011-06-16,8.083424657534247,182.0,1286.44,78.28571428571429,False,True,False
85142,JARDIN ETCHED GLASS GINGER JAR,2009-12-06,2010-07-08,9.403823529411763,57.0,502.58,30.571428571428573,False,False,False
85144,JARDIN ETCHED GLASS BUTTER DISH,2009-12-06,2011-05-03,5.311111111111111,287.0,1046.85,73.28571428571429,False,True,False
85145,JARDIN ETCHED GLASS LARGE BELL JAR,2009-12-17,2011-04-28,9.403333333333334,91.0,809.05,71.0,False,True,False
85146,JARDIN ETCHED GLASS SMALL BELL JAR,2010-03-26,2011-04-07,5.614516129032259,118.0,599.38,53.857142857142854,False,True,False
85147,JARDIN ETCHED GLASS CANDLEHLDR LONG,2009-12-01,2010-05-02,4.95,61.0,301.95,21.714285714285715,False,False,False
85150,LADIES & GENTLEMEN METAL SIGN,2009-12-01,2011-12-09,3.0002421524663676,8361.0,20237.72,105.42857142857143,True,True,True
85151,WELCOME METAL SIGN,2009-12-02,2009-12-14,1.25,44.0,55.0,1.7142857142857142,False,False,False
85152,HAND OVER THE CHOCOLATE   SIGN,2009-12-01,2011-12-09,2.30101902173913,16373.0,31483.7,105.42857142857143,True,True,True
85157,SET OF 2 CHESTS CHOCOLAT AU LAIT,2010-01-13,2010-01-13,12.72,1.0,12.72,0.0,False,False,False
85159A,"BLACK TEA,COFFEE,SUGAR JARS",2009-12-07,2011-12-04,6.344390243902439,492.0,1248.98,103.85714285714286,True,True,True
85159B,"WHITE TEA,COFFEE,SUGAR JARS",2009-12-02,2011-11-30,4.945227272727273,659.0,1503.5,104.0,True,True,True
85159b,"WHITE TEA,COFFEE,SUGAR JARS",2009-12-22,2009-12-22,13.0,1.0,13.0,0.0,False,False,False
85160A,WHITE BIRD GARDEN DESIGN MUG,2009-12-10,2011-01-25,5.4087499999999995,8816.0,1493.75,58.714285714285715,False,True,False
85160B,BLACK BIRD GARDEN DESIGN MUG,2009-12-14,2011-11-13,3.282162162162162,6155.0,1032.7,99.85714285714286,True,True,True
85160a,WHITE BIRD GARDEN DESIGN MUG,2010-03-05,2010-12-21,16.13,8.0,129.04,41.57142857142857,False,False,False
85160b,BLACK BIRD GARDEN DESIGN MUG,2010-03-29,2010-03-29,16.13,1.0,16.13,0.0,False,False,False
85161,ACRYLIC GEOMETRIC LAMP,2009-12-10,2011-11-27,18.25212121212121,51.0,863.85,102.42857142857143,True,True,True
85162A,SILVER RETRODISC LAMPSHADE,2009-12-01,2010-06-08,3.6155,607.0,1234.27,27.0,False,False,False
85162B,BLACK RETRODISC LAMPSHADE,2009-12-07,2010-06-08,1.9499999999999995,977.0,1905.15,26.142857142857142,False,False,False
85162C,WHITE RETRODISC LAMPSHADE,2009-12-02,2010-06-08,3.115,904.0,1841.7,26.857142857142858,False,False,False
85163A,WHITE BAROQUE WALL CLOCK,2009-12-02,2011-11-23,12.29877192982456,103.0,1058.17,103.0,True,True,True
85163B,BLACK BAROQUE WALL CLOCK,2009-12-22,2011-12-05,14.094090909090909,115.0,1268.66,101.85714285714286,True,True,True
85164B,BLACK BAROQUE CUCKOO CLOCK,2009-12-02,2010-09-29,16.834,140.0,1825.18,43.0,False,False,False
85164b,BLACK BAROQUE CUCKOO CLOCK,2009-12-01,2009-12-01,26.04,1.0,26.04,0.0,False,False,False
85165,CANDY PINK FRENCH BOUDOIR CLOCK,2009-12-02,2010-06-21,10.221379310344828,90.0,872.76,28.714285714285715,False,False,False
85166A,WHITE METAL BAROQUE PHOTO FRAME,2009-12-02,2010-01-18,4.676666666666667,77.0,158.9,6.714285714285714,False,False,False
85166B,BLACK METAL BAROQUE PHOTO FRAME,2009-12-04,2010-11-14,3.8473684210526313,510.0,864.1,49.285714285714285,False,False,False
85167A,WHITE GRAND BAROQUE PHOTO FRAME,2009-12-03,2010-03-31,4.235714285714286,176.0,396.8,16.857142857142858,False,False,False
85167B,BLACK GRAND BAROQUE PHOTO FRAME,2009-12-14,2011-04-08,4.181,692.0,1426.34,68.57142857142857,False,True,False
85168A,WHITE BAROQUE CARRIAGE CLOCK,2009-12-02,2010-06-14,9.95,22.0,218.9,27.714285714285715,False,False,False
85168B,BLACK BAROQUE CARRIAGE CLOCK,2009-12-02,2011-12-09,9.157884615384615,72.0,652.17,105.28571428571429,True,True,True
85169A,IVORY LOVE BIRD CANDLE,2009-12-08,2011-12-08,1.3951612903225807,1252.0,1385.82,104.28571428571429,True,True,True
85169B,BLACK LOVE BIRD CANDLE,2009-12-02,2011-12-08,1.510851063829787,428.0,502.91,105.14285714285714,True,True,True
85169C,EAU DE NIL LOVE BIRD CANDLE,2009-12-08,2011-12-09,1.372676056338028,505.0,566.82,104.42857142857143,True,True,True
85169D,PINK LOVE BIRD CANDLE,2009-12-14,2011-11-29,1.4993181818181818,521.0,603.98,102.14285714285714,True,True,True
85170A,SET/6 IVORY BIRD T-LIGHT CANDLES,2009-12-01,2010-12-07,2.5583333333333336,848.0,1585.06,53.0,False,True,False
85170B,SET/6 BLACK BIRD T-LIGHT CANDLES,2009-12-02,2011-11-29,2.615689655172414,283.0,475.91,103.85714285714286,True,True,True
85170C,SET/6 EAU DE NIL BIRD T-LIGHTS,2009-12-02,2011-12-09,2.799626168224299,543.0,993.03,105.28571428571429,True,True,True
85170D,SET/6 PINK BIRD T-LIGHT CANDLES,2009-12-01,2011-12-08,2.84569536423841,723.0,1296.36,105.28571428571429,True,True,True
85171,S/2 HYACINTH BULB CANDLES,2009-12-07,2009-12-07,2.55,1.0,2.55,0.0,False,False,False
85172,HYACINTH BULB T-LIGHT CANDLES,2009-12-01,2011-12-06,1.2240522875816993,4271.0,2274.56,105.0,True,True,True
85173,SET/6 FROG PRINCE T-LIGHT CANDLES,2009-12-03,2011-12-09,2.905894039735099,1018.0,1826.07,105.14285714285714,True,True,True
85174,S/4 CACTI CANDLES,2009-12-01,2011-12-09,6.645643835616438,1459.0,7193.46,105.42857142857143,True,True,True
85175,CACTI T-LIGHT CANDLES,2009-12-01,2011-11-28,1.043738738738739,15566.0,6606.26,103.85714285714286,True,True,True
85176,SEWING SUSAN 21 NEEDLE SET,2009-12-01,2011-12-08,1.137843137254902,2748.0,2293.0,105.28571428571429,True,True,True
85177,BASKET OF FLOWERS SEWING KIT,2009-12-02,2011-12-09,0.9903496503496504,1820.0,1514.78,105.28571428571429,True,True,True
85178,VICTORIAN SEWING KIT,2009-12-01,2011-12-09,1.363103448275862,5478.0,6024.5199999999995,105.42857142857143,True,True,True
85179A,GREEN BITTY LIGHT CHAIN,2009-12-03,2011-12-09,3.2454285714285716,217.0,511.07,105.14285714285714,True,True,True
85179B,WHITE BITTY LIGHT CHAIN,2009-12-03,2010-11-15,5.192666666666667,246.0,1056.6,49.57142857142857,False,False,False
85179C,PINK BITTY LIGHT CHAIN,2009-12-03,2011-12-08,3.185,116.0,257.15,105.0,True,True,True
85179a,GREEN BITTY LIGHT CHAIN,2010-10-28,2011-11-29,5.890000000000001,2.0,11.78,56.714285714285715,True,True,True
85180A,RED HEARTS LIGHT CHAIN,2009-12-03,2011-12-05,3.9513,629.0,1636.42,104.57142857142857,True,True,True
85180B,PINK HEARTS LIGHT CHAIN,2009-12-01,2011-12-06,4.16695652173913,364.0,1022.16,105.0,True,True,True
85183A,CHARLIE & LOLA WASTEPAPER BIN BLUE,2009-12-01,2011-12-05,2.357482517482518,1512.0,2275.75,104.85714285714286,True,True,True
85183B,CHARLIE & LOLA WASTEPAPER BIN FLORA,2009-12-01,2011-12-04,2.454418604651163,1725.0,2731.76,104.71428571428571,True,True,True
85184B,SET 4 EASTER DECOUPAGE OVAL BOXES,2009-12-09,2010-03-22,2.95,14.0,41.3,14.714285714285714,False,False,False
85184C,S/4 VALENTINE DECOUPAGE HEART BOX,2009-12-01,2011-12-08,3.3344827586206898,2275.0,4891.71,105.28571428571429,True,True,True
85184D,S/4 BLUE ROUND DECOUPAGE BOXES,2009-12-01,2010-09-27,3.496818181818182,8311.0,4546.78,42.857142857142854,False,False,False
85184c,S/4 VALENTINE DECOUPAGE HEART BOX,2009-12-22,2011-10-26,5.891666666666667,6.0,35.35,96.14285714285714,True,True,True
85184d,S/4 BLUE ROUND DECOUPAGE BOXES,2010-07-22,2010-07-22,5.91,1.0,5.91,0.0,False,False,False
85185B,PINK HORSE SOCK PUPPET,2009-12-01,2011-11-30,3.471021505376344,593.0,1843.4600000000005,104.14285714285714,True,True,True
85185C,COW  SOCK PUPPET,2009-12-02,2010-08-01,2.95,58.0,171.10000000000002,34.57142857142857,False,False,False
85185D,FROG SOCK PUPPET,2009-12-01,2011-05-25,3.762878787878788,195.0,636.11,77.14285714285714,False,True,False
85185E,DUCK SOCK PUPPET,2009-12-03,2009-12-15,2.95,4.0,11.8,1.7142857142857142,False,False,False
85185F,LION SOCK PUPPET,2009-12-02,2010-03-08,2.95,37.0,109.15,13.714285714285714,False,False,False
85186A,EASTER BUNNY GARLAND OF FLOWERS,2009-12-01,2011-04-14,0.6140625,1473.0,685.87,71.28571428571429,False,True,False
85186B,BUNNY BUNCH OF FLOWERS,2010-03-17,2010-03-21,0.42,14.0,5.88,0.5714285714285714,False,False,False
85186C,BUNNY EGG GARLAND,2009-12-01,2011-10-20,0.6046794871794872,1400.0,658.19,98.28571428571429,True,True,True
85187,S/12 MINI RABBIT EASTER,2010-01-13,2011-11-27,1.945535714285714,479.0,816.4799999999999,97.57142857142857,True,True,True
85188A,GREEN METAL SWINGING BUNNY,2009-12-09,2011-04-21,1.0245714285714285,944.0,824.9699999999999,71.14285714285714,False,True,False
85188B,PINK METAL SWINGING BUNNY,2010-01-11,2011-03-27,1.0734210526315788,748.0,660.88,62.857142857142854,False,True,False
85189,HANGING BUTTERFLY  EGG,2009-12-16,2011-03-16,0.940144927536232,1176.0,967.95,65.0,False,True,False
85190,PINK FLOWER HANGING HEART,2009-12-14,2010-03-17,1.153529411764706,138.0,122.46,13.285714285714286,False,False,False
85192S,HANGING SPRING FLOWER HEART SMALL,2010-02-07,2010-02-08,0.65,3.0,1.95,0.14285714285714285,False,False,False
85194L,HANGING SPRING FLOWER EGG LARGE,2009-12-07,2011-11-22,1.0477551020408162,1818.0,1560.63,102.14285714285714,True,True,True
85194S,HANGING SPRING FLOWER EGG SMALL,2010-01-05,2011-12-04,0.783233082706767,1760.0,889.46,99.71428571428571,True,True,True
85195,HANGING HEART BASKET,2009-12-04,2011-03-16,2.205294117647059,146.0,269.44000000000005,66.71428571428571,False,True,False
85196,EASTER BUNNIES ON A STICK,2009-12-07,2010-03-29,0.875492957746479,1564.0,831.0400000000001,16.0,False,False,False
85197,SET OF 12 MINI BUNNIES IN A BUCKET,2009-12-06,2011-07-29,2.0594736842105266,1669.0,959.46,85.71428571428571,False,True,False
85198,ASSORTED FARMYARD ANIMALS IN BUCKET,2009-12-07,2011-05-18,1.0133962264150944,3859.0,1469.4999999999998,75.28571428571429,False,True,False
85199L,LARGE HANGING IVORY & RED WOOD BIRD,2009-12-01,2011-12-08,0.836,3455.0,2285.02,105.28571428571429,True,True,True
85199S,SMALL HANGING IVORY/RED WOOD BIRD,2009-12-01,2011-12-09,0.5843775100401606,6022.0,2789.2799999999997,105.42857142857143,True,True,True
85200,BUNNY EGG BOX,2009-12-07,2011-04-18,1.3532075471698113,1045.0,1319.09,71.0,False,True,False
85202,HANGING WOOD AND FELT HEART,2009-12-14,2011-11-29,0.5805045871559633,1208.0,570.09,102.14285714285714,True,True,True
85203,HANGING WOOD AND FELT BUTTERFLY,2009-12-08,2011-12-05,0.5662337662337663,1463.0,665.91,103.85714285714286,True,True,True
85204,HANGING WOOD AND FELT FLOWER,2009-12-14,2011-12-07,0.3968789808917197,2353.0,460.9,103.28571428571429,True,True,True
85205A,IVORY FELT EASTER RABBIT GARLAND,2010-02-02,2010-03-23,2.55,66.0,168.29999999999998,7.0,False,False,False
85205B,PINK FELT EASTER RABBIT GARLAND,2010-01-11,2011-04-21,3.193064516129032,241.0,669.38,66.42857142857143,False,True,False
85206A,CREAM FELT EASTER EGG BASKET,2009-12-01,2011-03-17,1.8081055900621117,2327.0,3982.91,67.28571428571429,False,True,False
85206B,PINK FELT EASTER EGG BASKET,2009-12-14,2011-01-20,1.8157065217391304,1538.0,2477.2999999999997,57.42857142857143,False,True,False
85208,SET/12 FUNKY FELT FLOWER PEG IN BAG,2009-12-01,2011-11-29,2.1542528735632187,420.0,836.94,104.0,True,True,True
85211,S/4 GROOVY CAT MAGNETS,2009-12-01,2011-10-13,2.055128205128205,306.0,467.4,97.28571428571429,False,True,False
85212,MINI PAINTED GARDEN DECORATION,2009-12-02,2011-12-07,0.7305785123966941,2831.0,1096.56,105.0,True,True,True
85213,MINI  ZINC GARDEN DECORATIONS,2009-12-13,2011-07-31,1.051,1378.0,828.9999999999999,85.0,False,True,False
85214,TUB 24 PINK FLOWER PEGS,2009-12-06,2011-08-10,1.8383625730994149,514.0,886.2299999999999,87.42857142857143,False,True,False
85215,ASSORTED CHEESE FRIDGE MAGNETS,2009-12-10,2011-08-10,1.6874626865671642,831.0,643.89,86.85714285714286,False,True,False
85216,ASSORTED CAKES FRIDGE MAGNETS,2009-12-01,2011-11-18,2.02281914893617,2849.0,2154.2200000000003,102.42857142857143,True,True,True
85217,ASSORTED ICE CREAM FRIDGE MAGNETS,2009-12-01,2010-09-09,1.726242424242424,2869.0,1981.85,40.285714285714285,False,False,False
85218,S/5 MINI ICE CREAM FRIDGE MAGNETS,2010-01-14,2010-02-15,0.875,1992.0,625.1999999999999,4.571428571428571,False,False,False
85220,SMALL FAIRY CAKE FRIDGE MAGNETS,2009-12-02,2010-02-17,1.3,12236.0,6875.0,11.0,False,False,False
85221,ASSORTED COLOUR SILK COIN PURSE,2009-12-02,2010-05-10,1.0245833333333334,3558.0,1685.46,22.714285714285715,False,False,False
85222,ASSORTED COLOUR SILK COSMETIC PURSE,2009-12-02,2010-06-21,2.2184615384615385,1406.0,1579.68,28.714285714285715,False,False,False
85224,ASSORTED COLOUR SILK GLASSES CASE,2009-12-02,2011-03-23,1.9365625,2004.0,1120.96,68.0,False,True,False
85225,BLING KEY RING STAND,2009-12-13,2011-12-07,1.2045454545454546,19.0,22.5,103.42857142857143,True,True,True
85226A,WHITE/BLUE PULL BACK RACING CAR,2009-12-02,2010-11-24,0.7360264900662251,1714.0,933.07,51.0,False,False,False
85226C,BLUE PULL BACK RACING CAR,2009-12-01,2010-11-09,0.7651190476190476,989.0,522.3100000000001,49.0,False,False,False
85227,SET/6 3D KIT CARDS FOR KIDS,2009-12-01,2011-12-09,1.1122246696035245,3440.0,3086.44,105.42857142857143,True,True,True
85230A,OPIUM SCENTED VOTIVE CANDLE,2009-12-13,2011-12-02,0.2683333333333333,1992.0,497.04,102.71428571428571,True,True,True
85230B,CINNAMON SCENTED VOTIVE CANDLE,2009-12-08,2011-12-06,0.278235294117647,2120.0,561.04,104.0,True,True,True
85230C,ROSE SCENTED VOTIVE CANDLE,2009-12-10,2009-12-10,0.29,24.0,6.959999999999999,0.0,False,False,False
85230D,VANILLA SCENTED VOTIVE CANDLE,2009-12-10,2009-12-10,0.29,24.0,6.959999999999999,0.0,False,False,False
85230E,STRAWBRY SCENTED VOTIVE CANDLE,2009-12-08,2011-09-11,0.2754545454545454,2445.0,628.41,91.71428571428571,False,True,False
85230F,JASMINE VOTIVE CANDLE,2009-12-02,2011-11-10,0.2770967741935484,2946.0,725.6999999999999,101.14285714285714,True,True,True
85230G,ORANGE VOTIVE CANDLE,2009-12-02,2011-12-02,0.2691304347826087,1680.0,425.75999999999993,104.28571428571429,True,True,True
85231B,CINAMMON SET OF 9 T-LIGHTS,2009-12-01,2011-12-08,1.0465809768637533,2054.0,1877.84,105.28571428571429,True,True,True
85231E,STRAWBERRY SCENTED SET/9 T-LIGHTS,2009-12-01,2010-06-13,0.9473831775700936,835.0,695.23,27.714285714285715,False,False,False
85231G,ORANGE SCENTED SET/9 T-LIGHTS,2009-12-01,2011-10-12,0.9882101167315176,1474.0,1281.31,97.14285714285714,False,True,False
85231L,LAVENDER SCENTED SET/9 T-LIGHTS,2009-12-01,2010-05-02,0.914915254237288,1039.0,838.3499999999999,21.714285714285715,False,False,False
85231b,CINAMMON SET OF 9 T-LIGHTS,2010-10-01,2011-04-15,1.645,4.0,6.58,28.0,False,False,False
85231e,STRAWBERRY SCENTED SET/9 T-LIGHTS,2010-03-29,2010-03-29,1.66,1.0,1.66,0.0,False,False,False
85231g,ORANGE SCENTED SET/9 T-LIGHTS,2011-01-14,2011-05-10,1.63,6.0,9.78,16.571428571428573,False,False,False
85232A,SET/3 POLKA DOT STACKING TINS,2009-12-01,2011-06-06,5.423597122302159,375.0,1889.88,78.85714285714286,False,True,False
85232B,SET/3 RUSSIAN DOLL STACKING TINS,2009-12-01,2011-02-11,5.7732044198895025,3061.0,15332.53,62.42857142857143,False,True,False
85232C,RUSSIAN FOLKART STACKING TINS,2010-01-15,2010-01-15,4.95,1.0,4.95,0.0,False,False,False
85232D,SET/3 DECOUPAGE STACKING TINS,2009-12-01,2011-12-08,5.95372197309417,701.0,3636.66,105.28571428571429,True,True,True
85232a,SET/3 POLKA DOT STACKING TINS,2010-04-09,2010-05-26,10.17,2.0,20.34,6.714285714285714,False,False,False
85232b,SET/3 RUSSIAN DOLL STACKING TINS,2009-12-22,2010-11-09,10.18,25.0,254.47,46.0,False,False,False
85232d,SET/3 DECOUPAGE STACKING TINS,2010-09-28,2010-09-28,10.17,1.0,10.17,0.0,False,False,False
90000A,RASPBERRY ANT COPPER FLOWER NECKLAC,2009-12-01,2011-11-16,6.049047619047619,33.0,198.98,102.14285714285714,True,True,True
90000B,MIDNIGHT BLUE COPPER FLOWER NECKLAC,2009-12-07,2011-07-25,6.135714285714285,29.0,177.29000000000002,85.0,False,True,False
90000C,OPAL WHITE/SILVER FLOWER NECKLACE,2009-12-13,2010-01-18,6.16,2.0,12.32,5.142857142857143,False,False,False
90000D,COPPER/OLIVE GREEN FLOWER NECKLACE,2009-12-01,2011-11-25,6.20764705882353,51.0,313.75,103.42857142857143,True,True,True
90001A,ANTIQUE RASPBERRY FLOWER EARRINGS,2009-12-15,2011-10-31,4.235,11.0,46.6,97.85714285714286,True,True,True
90001B,ANTIQUE MID BLUE FLOWER EARRINGS,2010-01-13,2011-11-08,4.237,13.0,55.120000000000005,94.85714285714286,True,True,True
90001C,ANTIQUE OPAL WHITE FLOWER EARRINGS,2009-12-11,2011-10-20,4.245,11.0,46.7,96.85714285714286,True,True,True
90001D,ANTIQUE OLIVE GREEN FLOWER EARRINGS,2009-12-06,2011-10-09,4.246363636363636,20.0,84.96000000000001,96.0,False,True,False
90002A,FLOWER BURST SILVER RING OPAL,2009-12-07,2010-11-04,3.75,36.0,135.0,47.42857142857143,False,False,False
90002B,FLOWER BURST SILVER RING ROSE,2009-12-02,2010-10-25,3.771818181818182,22.0,82.74,46.714285714285715,False,False,False
90002C,FLOWER BURST SILVER RING MIDN'T BLU,2009-12-02,2010-08-18,3.783157894736842,33.0,124.38,37.0,False,False,False
90002D,FLOWER BURST SILVER RING CRYSTAL,2009-12-02,2011-05-08,3.757058823529411,104.0,365.74,74.57142857142857,False,True,False
90002E,FLOWER BURST SILVER RING GREEN,2009-12-02,2010-08-18,3.774545454545455,18.0,67.77,37.0,False,False,False
90003B,ROSE COLOUR PAIR HEART HAIR SLIDES,2009-12-01,2011-11-29,3.7780769230769233,44.0,165.81,104.0,True,True,True
90003C,MIDNIGHT BLUE PAIR HEART HAIR SLIDE,2009-12-01,2011-12-09,3.758857142857143,51.0,191.54,105.42857142857143,True,True,True
90003D,CRYSTAL PAIR HEART HAIR SLIDES,2009-12-01,2011-11-29,3.7734375,60.0,226.17,104.0,True,True,True
90003E,GREEN PAIR HEART HAIR SLIDES,2009-12-16,2011-12-09,3.766818181818182,32.0,120.31,103.28571428571429,True,True,True
90004A,JADE GREEN PAIR ENAMEL HAIR SLIDES,2009-12-15,2009-12-15,3.75,1.0,3.75,0.0,False,False,False
90005A,JADE GREEN ENAMEL HAIR COMB,2009-12-01,2011-04-27,2.0808771929824563,106.0,216.87,73.14285714285714,False,True,False
90010A,MIDNIGHT BLUE GLASS/SILVER BRACELET,2009-12-03,2011-12-09,9.071666666666664,49.0,443.85,105.14285714285714,True,True,True
90010B,BLACK/WHITE GLASS/SILVER BRACELET,2009-12-02,2011-04-10,9.342647058823529,63.0,578.02,70.57142857142857,False,True,False
90010E,AMBER GLASS/SILVER BRACELET,2009-12-01,2011-12-02,8.912285714285714,56.0,501.65,104.42857142857143,True,True,True
90011A,MIDNIGHT BLUE CRYSTAL DROP EARRINGS,2009-12-03,2011-11-24,2.952,15.0,44.28,103.0,True,True,True
90011B,BLACK CRYSTAL DROP EARRINGS,2009-12-03,2011-11-30,2.954,20.0,59.06,103.85714285714286,True,True,True
90011C,GREEN CRYSTAL DROP EARRINGS,2009-12-04,2011-11-24,2.94,12.0,35.33,102.85714285714286,True,True,True
90011D,PURPLE CRYSTAL DROP EARRINGS,2009-12-02,2011-11-22,2.95,5.0,14.75,102.85714285714286,True,True,True
90011E,AMBER CRYSTAL DROP EARRINGS,2009-12-08,2011-09-15,2.95125,8.0,23.61,92.28571428571429,False,True,False
90012A,MIDNIGHT BLUE DROP CRYSTAL NECKLACE,2009-12-03,2011-10-11,8.097142857142858,13.0,74.38,96.71428571428571,False,True,False
90012B,BLACK DROP CRYSTAL NECKLACE,2009-12-03,2011-11-13,7.699999999999999,17.0,85.9,101.42857142857143,True,True,True
90013A,MIDNIGHT BLUE VINTAGE EARRINGS,2009-12-03,2011-12-09,3.788961038961039,115.0,434.27,105.14285714285714,True,True,True
90013B,BLACK VINTAGE EARRINGS,2009-12-02,2011-11-30,4.186835443037975,104.0,428.92,104.0,True,True,True
90013C,GREEN VINTAGE EARRINGS,2009-12-01,2011-12-09,4.1125,88.0,353.55,105.42857142857143,True,True,True
90013D,PURPLE VINTAGE EARRINGS,2010-01-13,2011-06-29,3.998823529411765,46.0,178.11,76.0,False,True,False
90013E,AMBER VINTAGE EARRINGS,2009-12-09,2010-01-13,4.285,2.0,8.57,5.0,False,False,False
90014A,SILVER/MOP ORBIT NECKLACE,2009-12-07,2011-12-09,9.67725,55.0,502.01,104.57142857142857,True,True,True
90014B,GOLD M PEARL  ORBIT NECKLACE,2009-12-04,2011-10-26,9.73,34.0,333.71,98.71428571428571,True,True,True
90014C,SILVER/BLACK ORBIT NECKLACE,2009-12-02,2011-11-27,9.7565,29.0,284.67999999999995,103.57142857142857,True,True,True
90016A,SILVER/M.O.P PENDANT ORBIT NECKLACE,2009-12-18,2011-10-26,8.21,29.0,207.86,96.71428571428571,True,True,True
90016B,GOLD/M.O.P PENDANT ORBIT NECKLACE,2009-12-16,2011-12-09,8.433333333333334,37.0,312.14,103.28571428571429,True,True,True
90016C,SILVER/BLACK PENDANT ORBIT NECKLACE,2010-01-11,2011-12-08,8.47,17.0,144.07,99.42857142857143,True,True,True
90018A,SILVER M.O.P ORBIT DROP EARRINGS,2009-12-14,2011-12-08,4.218928571428572,75.0,316.99,103.42857142857143,True,True,True
90018B,GOLD M.O.P ORBIT DROP EARRINGS,2009-12-02,2011-12-09,4.22,39.0,164.62,105.28571428571429,True,True,True
90018C,SILVER BLACK ORBIT DROP EARRINGS,2009-12-14,2011-11-25,4.226000000000001,28.0,118.51,101.57142857142857,True,True,True
90019A,SILVER M.O.P ORBIT BRACELET,2009-12-02,2011-12-05,5.2829411764705885,68.0,354.59000000000003,104.71428571428571,True,True,True
90019B,GOLD M.O.P ORBIT BRACELET,2010-01-20,2011-12-09,5.3149999999999995,32.0,168.62,98.28571428571429,True,True,True
90019C,SILVER BLACK ORBIT BRACELET,2009-12-03,2011-12-08,5.3561764705882355,40.0,213.38,105.0,True,True,True
90020,FILIGREE DIAMANTE CHAIN,2009-12-17,2011-08-30,12.6825,6.0,76.23,88.71428571428571,False,True,False
90021,LASER CUT MULTI STRAND NECKLACE,2010-08-18,2011-04-27,11.95,5.0,59.75,36.0,False,False,False
90022,EDWARDIAN DROP EARRINGS JET BLACK,2009-12-04,2011-12-08,3.77875,37.0,139.67,104.85714285714286,True,True,True
90023,FILIGREE DIAMANTE EARRINGS,2009-12-01,2011-11-27,4.24952380952381,31.0,131.74,103.71428571428571,True,True,True
90024A,NEW BAROQUE B'FLY NECKLACE BLACK,2010-01-28,2010-11-05,8.5,5.0,42.5,40.142857142857146,False,False,False
90024B,NEW BAROQUE B'FLY NECKLACE RED,2009-12-01,2011-12-05,8.488181818181818,25.0,212.24,104.85714285714286,True,True,True
90024C,NEW BAROQUE B'FLY NECKLACE GREEN,2009-12-03,2011-07-25,8.498000000000001,11.0,93.48,85.57142857142857,False,True,False
90024D,NEW BAROQUE B'FLY NECKLACE PINK,2009-12-09,2011-09-29,8.5,15.0,127.5,94.14285714285714,False,True,False
90024E,NEW BAROQUE B'FLY NECKLACE MONTANA,2009-12-02,2011-03-29,8.498181818181818,16.0,135.98,68.85714285714286,False,True,False
90024F,NEW BAROQUE B'FLY NECKLACE CRYSTAL,2010-04-19,2011-11-30,8.436666666666667,8.0,67.61,84.28571428571429,True,True,True
90025A,BAROQUE BUTTERFLY EARRINGS BLACK,2011-04-10,2011-10-09,3.75,2.0,7.5,26.0,False,False,False
90025B,BAROQUE BUTTERFLY EARRINGS RED,2010-03-07,2011-04-21,3.763333333333333,3.0,11.29,58.57142857142857,False,True,False
90025C,BAROQUE BUTTERFLY EARRINGS GREEN,2010-02-17,2010-10-24,3.76,6.0,22.56,35.57142857142857,False,False,False
90025D,BAROQUE BUTTERFLY EARRINGS PINK,2010-02-16,2011-09-29,3.738,5.0,18.69,84.28571428571429,False,True,False
90025E,BAROQUE BUTTERFLY EARRINGS MONTANA,2009-12-02,2011-06-06,3.7857142857142856,7.0,26.5,78.71428571428571,False,True,False
90025F,BAROQUE BUTTERFLY EARRINGS CRYSTAL,2010-01-11,2011-10-20,3.77875,8.0,30.23,92.42857142857143,True,True,True
90026A,GLASS BEAD HOOP NECKLACE BLACK,2010-03-19,2011-06-13,8.496666666666666,11.0,93.47,64.42857142857143,False,True,False
90026B,GLASS BEAD HOOP NECKLACE MONTANA,2009-12-13,2011-03-31,8.474285714285715,8.0,67.82,67.57142857142857,False,True,False
90026C,GLASS BEAD HOOP NECKLACE GREEN,2009-12-10,2011-11-09,8.47,8.0,67.82,99.85714285714286,True,True,True
90026D,GLASS BEAD HOOP NECKLACE AMETHYST,2010-06-07,2011-11-18,8.5,10.0,85.0,75.57142857142857,True,True,True
90027A,GLASS BEAD HOOP EARRINGS BLACK,2010-03-21,2011-08-30,2.9450000000000003,9.0,26.52,75.28571428571429,False,True,False
90027B,GLASS BEAD HOOP EARRINGS MONTANA,2009-12-09,2011-11-25,2.943,13.0,38.28,102.28571428571429,True,True,True
90027C,GLASS BEAD HOOP EARRINGS GREEN,2009-12-14,2011-11-25,2.9391666666666665,14.0,41.17,101.57142857142857,True,True,True
90027D,GLASS BEAD HOOP EARRINGS AMETHYST,2009-12-02,2011-12-09,3.18875,23.0,72.18,105.28571428571429,True,True,True
90028,NEW BAROQUE LARGE NECKLACE BLK/WHIT,2009-12-03,2011-11-02,8.43625,29.0,244.79,99.85714285714286,True,True,True
90029,NEW BAROQUE SMALL NECKLACE BLACK,2009-12-06,2011-08-30,8.47,23.0,195.14,90.28571428571429,False,True,False
90030A,SPOTTED WHITE NATURAL SEED NECKLACE,2009-12-09,2011-11-28,2.496,79.0,113.76,102.71428571428571,True,True,True
90030B,RED KUKUI COCONUT SEED NECKLACE,2009-12-09,2011-12-09,4.014722222222222,139.0,292.08000000000004,104.28571428571429,True,True,True
90030C,BROWN KUKUI COCONUT SEED NECKLACE,2009-12-09,2011-11-25,3.4718750000000003,87.0,151.3,102.28571428571429,True,True,True
90031,BILI NUT AND WOOD NECKLACE,2009-12-15,2011-11-25,3.2111111111111112,52.0,71.9,101.42857142857143,True,True,True
90032,IVORY SHELL HEART NECKLACE,2010-01-21,2011-10-26,6.118333333333333,48.0,271.88,91.85714285714286,True,True,True
90033,IVORY SHELL HEART EARRINGS,2009-12-02,2011-11-29,2.535555555555556,22.0,55.879999999999995,103.85714285714286,True,True,True
90034,WHITE SILVER NECKLACE SHELL GLASS,2009-12-02,2011-04-18,10.096,5.0,50.48,71.71428571428571,False,True,False
90035A,"PEARL & SHELL 42""NECKL. GREEN",2009-12-03,2011-04-13,10.721875,24.0,257.55,70.85714285714286,False,True,False
90035B,"PEARL & SHELL 42""NECKL. PINK",2009-12-02,2010-06-24,10.185,43.0,380.89,29.142857142857142,False,False,False
90035C,"PEARL & SHELL 42""NECKL. IVORY",2009-12-02,2011-05-13,10.75,28.0,301.0,75.28571428571429,False,True,False
90036A,FLOWER GARLAND NECKLACE RED,2009-12-03,2011-08-05,8.005500000000001,27.0,215.76,87.14285714285714,False,True,False
90036B,"FLOWER GLASS GARLAND NECKL.36""GREEN",2010-01-18,2011-08-01,7.95,18.0,143.1,80.0,False,True,False
90036C,"FLOWER GLASS GARLAND NECKL.36""BLUE",2009-12-03,2011-12-02,7.975333333333334,31.0,246.83,104.14285714285714,True,True,True
90036D,"FLOWER GLASS GARLAND NECKL.36""BLACK",2009-12-01,2011-06-13,7.961875,38.0,302.29,79.85714285714286,False,True,False
90036E,"FLOWER GLASS GARLD NECKL36""AMETHYST",2009-12-08,2011-10-20,7.991785714285714,45.0,358.87,97.28571428571429,True,True,True
90036F,"FLOWER GLASS GARLD NECKL36""TURQUOIS",2009-12-18,2011-03-23,8.041333333333334,24.0,192.17,65.71428571428571,False,True,False
90037A,TINY CRYSTAL BRACELET RED,2009-12-14,2011-01-25,2.5508333333333333,26.0,66.31,58.142857142857146,False,True,False
90037B,TINY CRYSTAL BRACELET GREEN,2010-03-16,2011-12-06,2.527,28.0,71.17,90.0,True,True,True
90037C,TINY CRYSTAL BRACELET BLUE,2009-12-14,2011-12-06,2.5330769230769232,26.0,66.08,103.14285714285714,True,True,True
90037D,TINY CRYSTALS BRACELET BLACK,2009-12-07,2010-06-23,2.56625,14.0,35.87,28.285714285714285,False,False,False
90038A,GLASS AND PAINTED BEADS BRACELET TO,2009-12-07,2011-11-24,3.786363636363636,36.0,135.8,102.42857142857143,True,True,True
90038B,GLASS AND PAINTED BEADS BRACELET OL,2009-12-14,2011-12-08,3.7838461538461536,21.0,79.19,103.42857142857143,True,True,True
90038C,GLASS AND BEADS BRACELET IVORY,2009-12-18,2011-09-02,3.7733333333333334,19.0,71.46000000000001,89.0,False,True,False
90039A,FIRE POLISHED GLASS BRACELET RED,2009-12-18,2011-12-05,3.772,10.0,37.61,102.42857142857143,True,True,True
90039B,FIRE POLISHED GLASS BRACELET MONTAN,2010-01-12,2011-07-27,3.771818181818182,21.0,78.99,80.14285714285714,False,True,False
90039C,FIRE POLISHED GLASS BRACELET BLACK,2009-12-10,2011-12-08,3.783333333333333,23.0,86.65,104.0,True,True,True
90039D,FIRE POLISHED GLASS BRACELET GREEN,2009-12-01,2011-12-06,3.79625,43.0,162.66,105.0,True,True,True
90040A,MURANO STYLE GLASS BRACELET RED,2009-12-03,2011-03-07,4.013823529411765,53.0,207.05,65.57142857142857,False,True,False
90040B,MURANO STYLE GLASS BRACELET BLACK,2009-12-03,2011-05-06,3.666944444444444,71.0,255.97,74.14285714285714,False,True,False
90040C,MURANO STYLE GLASS BRACELET GOLD,2009-12-04,2011-12-04,3.643809523809524,41.0,146.75,104.28571428571429,True,True,True
90040D,MURANO STYLE GLASS BRACELET PINK,2009-12-01,2010-09-14,3.7148,41.0,148.87,41.0,False,False,False
90041,PEARL AND CHERRY QUARTZ BRACLET,2009-12-09,2011-12-02,3.695,7.0,25.67,103.28571428571429,True,True,True
90042A,FRESHWATER PEARL BRACELET GOLD,2009-12-02,2011-04-13,2.554242424242424,63.0,160.79,71.0,False,True,False
90042B,FRESHWATER PEARL BRACELET PINK,2009-12-02,2010-11-24,2.55,17.0,43.349999999999994,51.0,False,False,False
90042C,FRESHWATER PEARL BRACELET IVORY,2010-06-02,2011-01-11,2.5430769230769235,59.0,150.20999999999998,31.857142857142858,False,False,False
90043,COPPER AND BRASS BAG CHARM,2009-12-17,2011-10-17,5.785,10.0,54.510000000000005,95.57142857142857,True,True,True
90046,WHITE WITH METAL BAG CHARM,2010-03-26,2011-07-07,4.95,13.0,64.35000000000001,66.85714285714286,False,True,False
90048,GREEN WITH METAL BAG CHARM,2009-12-08,2011-07-07,5.63,31.0,158.89,82.28571428571429,False,True,False
90049,IVORY GOLD METAL BAG CHARM,2010-05-23,2011-11-23,7.489999999999999,20.0,114.24,78.42857142857143,True,True,True
90050,CRACKED GLAZE NECKLACE IVORY,2010-01-26,2011-11-09,7.06,10.0,70.16,93.14285714285714,True,True,True
90051,CRACKED GLAZE NECKLACE RED,2010-06-28,2011-10-09,7.0590909090909095,15.0,105.72,66.85714285714286,False,True,False
90052,CRACKED GLAZE NECKLACE BROWN,2009-12-22,2011-11-15,7.136,7.0,49.58,99.0,True,True,True
90053,CRACKED GLAZE EARRINGS IVORY,2010-01-11,2011-10-07,2.523,10.0,25.23,90.57142857142857,False,True,False
90054,CRACKED GLAZE EARRINGS RED,2009-12-14,2011-12-08,2.530588235294118,17.0,43.02,103.42857142857143,True,True,True
90055,CRACKED GLAZE EARRINGS BROWN,2010-01-11,2011-12-09,2.528,10.0,25.28,99.57142857142857,True,True,True
90056,CHUNKY CRACKED GLAZE NECKLACE IVORY,2009-12-08,2011-12-06,11.013571428571428,19.0,207.94,104.0,True,True,True
90057,DIAMANTE RING ASSORTED IN BOX.,2009-12-09,2011-12-08,1.79972972972973,1804.0,2675.88,104.14285714285714,True,True,True
90058A,CRYSTAL STUD EARRINGS CLEAR DISPLAY,2009-12-10,2011-11-14,0.38,576.0,218.88,100.57142857142857,True,True,True
90058B,CRYSTAL STUD EARRINGS ASSORTED COL,2009-12-23,2011-12-01,0.4737931034482758,1082.0,509.08,101.14285714285714,True,True,True
90059A,DIAMANTE HAIR GRIP PACK/2 CRYSTAL,2009-12-02,2011-12-09,1.6727083333333332,94.0,156.98,105.28571428571429,True,True,True
90059B,DIAMANTE HAIR GRIP PACK/2 BLACK DIA,2010-01-19,2011-12-05,1.67,27.0,44.87,97.85714285714286,True,True,True
90059C,DIAMANTE HAIR GRIP PACK/2 MONTANA,2009-12-09,2011-12-08,1.671304347826087,41.0,68.17999999999999,104.14285714285714,True,True,True
90059D,DIAMANTE HAIR GRIP PACK/2 PERIDOT,2009-12-03,2011-12-09,1.67575,64.0,106.74,105.14285714285714,True,True,True
90059E,DIAMANTE HAIR GRIP PACK/2 RUBY,2009-12-09,2011-12-09,1.6712121212121211,53.0,88.30999999999999,104.28571428571429,True,True,True
90059F,DIAMANTE HAIR GRIP PACK/2 LT ROSE,2009-12-16,2011-12-09,1.6688888888888886,48.0,79.86999999999999,103.28571428571429,True,True,True
90060B,FIRE POLISHED GLASS NECKL GOLD,2009-12-13,2010-12-15,5.95,6.0,35.7,52.42857142857143,False,True,False
90060C,FIRE POLISHED GLASS NECKL SILVER,2009-12-06,2010-07-04,5.95,7.0,41.65,30.0,False,False,False
90060D,FIRE POLISHED GLASS NECKL BRONZE,2009-12-06,2010-12-15,5.95,12.0,71.4,53.42857142857143,False,True,False
90060F,FIRE POLISHED GLASS NECKL GREEN,2009-12-06,2011-11-25,5.924444444444444,28.0,166.14,102.71428571428571,True,True,True
90062,CARNIVAL BRACELET,2009-12-01,2011-04-28,12.660181818181815,204.0,2591.42,73.28571428571429,False,True,False
90063A,WHITE VINT ART DECO CRYSTAL NECKLAC,2010-06-17,2011-11-03,8.49846153846154,21.0,178.48,72.0,True,True,True
90063B,BLACK VINT ART DEC CRYSTAL NECKLACE,2009-12-03,2011-11-03,8.512142857142857,20.0,170.17000000000002,100.0,True,True,True
90064A,WHITE VINTAGE CRYSTAL EARRINGS,2010-01-13,2011-11-17,4.054166666666667,20.0,79.14,96.14285714285714,True,True,True
90064B,BLACK VINTAGE  CRYSTAL EARRINGS,2009-12-17,2011-10-12,3.75,21.0,78.75,94.85714285714286,False,True,False
90065A,WHITE VINTAGE CRYSTAL BRACELET,2009-12-02,2011-06-26,7.0600000000000005,26.0,180.46,81.57142857142857,False,True,False
90065B,BLACK VINT ART DEC CRYSTAL BRACELET,2009-12-13,2011-11-09,7.0025,22.0,154.87,99.42857142857143,True,True,True
90066A,PINK VINTAGE VICTORIAN CHOKER,2010-07-19,2010-10-07,6.75,5.0,33.75,11.428571428571429,False,False,False
90067A,PINK VINTAGE VICTORIAN EARRINGS,2009-12-01,2011-11-15,2.943125,33.0,97.24,102.0,True,True,True
90067B,BROWN VINTAGE VICTORIAN EARRINGS,2009-12-01,2011-07-27,2.936666666666667,16.0,47.120000000000005,86.14285714285714,False,True,False
90068,"RUBY GLASS NECKLACE 42""",2010-09-28,2011-03-18,7.5,2.0,15.0,24.428571428571427,False,False,False
90069,RUBY GLASS CLUSTER NECKLACE,2009-12-10,2011-11-03,7.5,11.0,82.5,99.0,True,True,True
90070,RUBY GLASS CLUSTER BRACELET,2009-12-04,2011-11-24,6.216571428571429,63.0,385.15,102.85714285714286,True,True,True
90071,RUBY GLASS CLUSTER EARRINGS,2009-12-02,2011-12-05,1.253013698630137,87.0,108.99,104.71428571428571,True,True,True
90072,RUBY DROP CHANDELIER EARRINGS,2009-12-02,2011-12-09,4.110666666666667,44.0,176.31,105.28571428571429,True,True,True
90073,VINTAGE ENAMEL & CRYSTAL EARRINGS,2009-12-02,2011-12-07,5.029411764705882,50.0,250.34,105.0,True,True,True
90074,BLACK DIAMOND CLUSTER NECKLACE,2010-03-07,2011-11-28,9.19,7.0,64.09,90.14285714285714,True,True,True
90075,MONTANA DIAMOND CLUSTER NECKLACE,2010-03-07,2011-11-24,9.2075,10.0,92.18,89.57142857142857,True,True,True
90076,MONTANA DIAMOND CLUSTER EARRINGS,2010-01-14,2011-11-24,2.892857142857143,12.0,33.0,97.0,True,True,True
90077,BLACK DIAMOND CLUSTER EARRINGS,2009-12-14,2011-09-07,2.88,5.0,14.4,90.28571428571429,False,True,False
90078,PINK/WHITE GLASS DEMI CHOKER,2010-02-16,2010-12-13,7.528,9.0,67.64,42.857142857142854,False,False,False
90079,VINTAGE ENAMEL & CRYSTAL NECKLACE,2009-12-17,2011-10-09,5.006153846153846,21.0,104.77,94.42857142857143,False,True,False
90081A,LILY BROOCH AMETHYST COLOUR,2009-12-07,2011-12-07,4.960416666666667,49.0,242.8,104.28571428571429,True,True,True
90081B,LILY BROOCH WHITE/SILVER COLOUR,2010-10-19,2011-05-18,4.95,7.0,34.650000000000006,30.142857142857142,False,False,False
90081C,LILY BROOCH OLIVE COLOUR,2009-12-01,2011-12-07,5.032500000000001,50.0,250.47000000000003,105.14285714285714,True,True,True
90082A,DIAMANTE BOW BROOCH GREEN COLOUR,2009-12-02,2011-12-08,6.4799999999999995,55.0,353.71,105.14285714285714,True,True,True
90082B,DIAMANTE BOW BROOCH RED COLOUR,2009-12-15,2011-12-07,6.35,58.0,368.2999999999999,103.14285714285714,True,True,True
90082C,DIAMANTE BOW BROOCH WHITE COLOUR,2010-01-13,2010-02-10,6.6433333333333335,3.0,19.93,4.0,False,False,False
90082D,DIAMANTE BOW BROOCH BLACK COLOUR,2009-12-01,2011-11-27,6.51156862745098,103.0,664.3499999999999,103.71428571428571,True,True,True
90083,CRYSTAL CZECH CROSS PHONE CHARM,2009-12-03,2011-12-08,1.3326666666666669,52.0,48.08,105.0,True,True,True
90084,PINK CRYSTAL GUITAR PHONE CHARM,2009-12-01,2011-03-06,0.85,64.0,54.4,65.71428571428571,False,True,False
90085,CRYSTAL STILETTO PHONE CHARM,2009-12-01,2011-12-02,1.1817241379310344,311.0,275.53,104.42857142857143,True,True,True
90086,CRYSTAL FROG PHONE CHARM,2010-03-03,2011-12-09,1.4219565217391303,216.0,182.79,92.28571428571429,True,True,True
90087,CRYSTAL SEA HORSE PHONE CHARM,2009-12-01,2011-12-08,1.381320754716981,311.0,249.55999999999997,105.28571428571429,True,True,True
90088,CRYSTAL KEY+LOCK PHONE CHARM,2009-12-01,2010-11-25,0.9107142857142856,101.0,86.69999999999999,51.285714285714285,False,False,False
90089,PINK CRYSTAL SKULL PHONE CHARM,2009-12-03,2011-12-08,1.2326923076923075,104.0,91.9,105.0,True,True,True
90090,PINK CRYSTAL HEART PHONE CHARM,2009-12-01,2010-11-25,1.0168,263.0,227.72,51.285714285714285,False,False,False
90091,CRYSTAL DRAGONFLY PHONE CHARM,2010-05-10,2010-10-11,0.85,3.0,2.55,22.0,False,False,False
90092,BLUE CRYSTAL BOOT PHONE CHARM,2009-12-01,2011-01-12,0.9175,102.0,87.50999999999999,58.142857142857146,False,True,False
90093,CLEAR CRYSTAL STAR PHONE CHARM,2009-12-01,2011-12-06,1.0844,209.0,165.34,105.0,True,True,True
90094,NECKLACE+BRACELET SET FRUIT SALAD,2010-06-27,2011-12-05,2.5356410256410253,74.0,187.62,75.14285714285714,True,True,True
90095,NECKLACE+BRACELET SET PINK BLOSSOM,2010-03-08,2010-06-27,3.3866666666666667,8.0,22.909999999999997,15.857142857142858,False,False,False
90096,NECKLACE+BRACELET SET BLUE BLOSSOM,2010-01-05,2011-11-13,2.4723529411764704,104.0,243.61,96.71428571428571,True,True,True
90098,NECKLACE+BRACELET PINK BUTTERFLY,2009-12-18,2011-11-25,2.3189090909090906,137.0,301.28,101.0,True,True,True
90099,NECKLACE+BRACELET SET BLUE HIBISCUS,2009-12-07,2011-12-06,3.2527999999999997,42.0,129.69,104.14285714285714,True,True,True
90100,NECKLACE+BRACELET SET PINK DAISY,2009-12-07,2011-02-24,2.55,30.0,76.5,63.42857142857143,False,True,False
90101,WHITE FRANGIPANI NECKLACE,2009-12-09,2011-12-08,2.5248275862068965,52.0,131.16,104.14285714285714,True,True,True
90102,WHITE FRANGIPANI HAIR CLIP,2010-01-25,2011-06-07,0.845,19.0,16.11,71.14285714285714,False,True,False
90103,PURPLE FRANGIPANI NECKLACE,2009-12-22,2011-12-05,2.521333333333333,44.0,110.85,101.85714285714286,True,True,True
90104,PURPLE FRANGIPANI HAIRCLIP,2010-06-21,2011-04-18,0.8342,129.0,108.11,43.0,False,False,False
90108,BLUE BLOSSOM HAIR CLIP,2010-01-15,2011-12-01,1.591904761904762,109.0,125.83,97.85714285714286,True,True,True
90111,BLUE HIBISCUS  HAIR CLIP,2009-12-07,2010-03-08,1.05,7.0,7.35,13.0,False,False,False
90112,PINK DOLLY HAIR CLIPS,2009-12-07,2010-12-23,1.108095238095238,84.0,91.25,54.42857142857143,False,True,False
90114,SUMMER DAISIES BAG CHARM,2010-02-02,2011-12-08,2.48972972972973,205.0,514.18,96.28571428571429,True,True,True
90115,SUMMER BUTTERFLIES BAG CHARM,2009-12-06,2011-06-02,2.632166666666666,108.0,278.96,77.57142857142857,False,True,False
90116,FRUIT SALAD BAG CHARM,2010-02-02,2011-12-08,2.3252380952380953,106.0,225.52,96.28571428571429,True,True,True
90118,PINK DAISY BAG CHARM,2010-06-16,2011-12-05,2.576206896551724,42.0,107.39,76.71428571428571,True,True,True
90119,METALIC LEAVES BAG CHARMS,2010-06-23,2011-12-08,2.5385714285714283,97.0,243.07,76.14285714285714,True,True,True
90120A,PINK MURANO TWIST BRACELET,2009-12-07,2011-01-25,4.258536585365854,93.0,395.68,59.142857142857146,False,True,False
90120B,BLUE MURANO TWIST BRACELET,2009-12-09,2011-12-09,4.192619047619048,107.0,451.44,104.28571428571429,True,True,True
90120C,GREEN MURANO TWIST BRACELET,2009-12-01,2011-12-09,4.241379310344827,109.0,462.32,105.42857142857143,True,True,True
90120D,WHITE MURANO TWIST BRACELET,2009-12-07,2011-02-09,4.20025,134.0,554.13,61.285714285714285,False,True,False
90121B,VINTAGE ROSE BEAD BRACELET BLUE,2009-12-01,2010-01-28,4.25,19.0,80.75,8.285714285714286,False,False,False
90122A,PINK CRYSTAL+GLASS BRACELET,2010-01-11,2011-11-15,5.000967741935484,55.0,273.89,96.14285714285714,True,True,True
90122B,JADE CRYSTAL+GLASS BRACELET,2009-12-06,2011-09-02,4.999615384615385,46.0,228.99,90.71428571428571,False,True,False
90122C,TURQUOISE CRYSTAL+GLASS BRACELET,2009-12-14,2011-12-02,5.009,54.0,269.1,102.57142857142857,True,True,True
90123A,PINK HEART OF GLASS BRACELET,2009-12-13,2011-10-10,5.943157894736842,36.0,214.07,95.14285714285714,False,True,False
90123B,TURQUOISE HEART OF GLASS BRACELET,2010-01-11,2011-08-01,5.94923076923077,26.0,154.69,81.0,False,True,False
90123C,GREEN HEART OF GLASS BRACELET,2009-12-23,2011-08-01,5.958333333333333,27.0,160.75,83.71428571428571,False,True,False
90123D,WHITE HEART OF GLASS BRACELET,2009-12-04,2011-11-28,5.938571428571429,29.0,172.39,103.42857142857143,True,True,True
90124A,PINK MURANO TWIST NECKLACE,2009-12-02,2011-10-30,9.989,30.0,299.28,99.57142857142857,True,True,True
90124B,BLUE MURANO TWIST NECKLACE,2009-12-08,2011-11-11,10.054333333333334,39.0,391.18,100.42857142857143,True,True,True
90124C,GREEN MURANO TWIST NECKLACE,2009-12-16,2011-11-03,10.031875,22.0,220.21,98.14285714285714,True,True,True
90125A,PINK BERTIE GLASS BEAD BAG CHARM,2009-12-01,2011-07-13,2.0233333333333334,149.0,183.97,84.14285714285714,False,True,False
90125B,AQUA BERTIE GLASS BEAD BAG CHARM,2009-12-08,2011-12-02,2.2058823529411766,44.0,79.57,103.42857142857143,True,True,True
90125C,TURQUOISE BERTIE GLASS BEAD CHARM,2009-12-01,2011-05-26,1.6649999999999998,92.0,101.35,77.28571428571429,False,True,False
90125D,PURPLE BERTIE GLASS BEAD BAG CHARM,2009-12-01,2011-07-13,2.7491666666666665,136.0,223.74,84.14285714285714,False,True,False
90125E,AMBER BERTIE GLASS BEAD BAG CHARM,2009-12-02,2011-05-26,2.5035294117647062,18.0,44.19,77.14285714285714,False,True,False
90126A,PINK BERTIE MOBILE PHONE CHARM,2009-12-06,2010-12-13,2.2466666666666666,20.0,37.14,53.142857142857146,False,True,False
90126B,BLUE BERTIE MOBILE PHONE CHARM,2009-12-18,2010-03-26,2.8266666666666667,3.0,8.48,14.0,False,False,False
90126C,AMBER BERTIE MOBILE PHONE CHARM,2009-12-18,2011-07-15,2.692,21.0,42.1,82.0,False,True,False
90127A,PINK BEADS+HAND PHONE CHARM,2010-11-21,2011-07-15,1.855,14.0,19.92,33.714285714285715,False,False,False
90127B,BLUE BEADS+HAND PHONE CHARM,2010-02-19,2010-09-09,1.25,2.0,2.5,28.857142857142858,False,False,False
90128A,PINK LEAVES AND BEADS PHONE CHARM,2010-01-24,2011-07-26,1.749,31.0,46.21,78.28571428571429,False,True,False
90128B,BLUE LEAVES AND BEADS PHONE CHARM,2010-01-24,2010-12-09,1.46,18.0,23.76,45.57142857142857,False,False,False
90128C,GREEN LEAVES AND BEADS PHONE CHARM,2009-12-18,2011-09-28,1.8816666666666664,17.0,25.04,92.71428571428571,False,True,False
90128D,PURPLE LEAVES AND BEADS PHONE CHAR,2010-02-24,2011-02-15,1.9628571428571424,13.0,21.24,50.857142857142854,False,False,False
90129A,PINK GLASS TASSLE BAG CHARM,2009-12-14,2011-10-03,1.9371621621621624,151.0,295.38,94.0,False,True,False
90129B,TURQUOISE GLASS TASSLE BAG CHARM,2009-12-02,2011-12-07,2.0748387096774197,146.0,329.95,105.0,True,True,True
90129C,GREEN GLASS TASSLE BAG CHARM,2009-12-02,2011-12-07,2.1127450980392157,107.0,243.38,105.0,True,True,True
90129D,AMBER GLASS TASSLE BAG CHARM,2009-12-16,2011-10-19,2.151764705882353,67.0,161.57000000000002,96.0,True,True,True
90129E,PURPLE GLASS TASSLE BAG CHARM,2009-12-16,2011-11-24,1.9168333333333336,129.0,263.14,101.14285714285714,True,True,True
90129F,RED GLASS TASSLE BAG CHARM,2009-12-16,2011-12-07,2.1609756097560973,81.0,183.26,103.0,True,True,True
90130A,WHITE STONE/CRYSTAL EARRINGS,2009-12-18,2011-11-25,2.944375,28.0,82.51,101.0,True,True,True
90130B,TURQ STONE/CRYSTAL EARRINGS,2009-12-04,2011-12-09,2.9373469387755105,64.0,188.09,105.0,True,True,True
90130C,GREEN STONE/CRYSTAL EARRINGS,2009-12-04,2011-12-09,2.9441666666666664,25.0,73.62,105.0,True,True,True
90130D,RED STONE/CRYSTAL EARRINGS,2010-01-11,2011-11-28,2.945,13.0,38.31,98.0,True,True,True
90131,PINK/AMETHYST/GOLD NECKLACE,2009-12-01,2011-06-01,6.974000000000001,10.0,69.62,78.14285714285714,False,True,False
90132,LIGHT TOPAZ TEAL/AQUA COL NECKLACE,2009-12-16,2011-08-30,5.090000000000001,7.0,35.63,88.85714285714286,False,True,False
90133,TEAL/FUSCHIA COL BEAD NECKLACE,2009-12-02,2011-12-02,5.055833333333333,47.0,236.46,104.28571428571429,True,True,True
90134,OLD ROSE COMBO BEAD NECKLACE,2009-12-01,2011-12-09,2.9409375,126.0,370.92,105.42857142857143,True,True,True
90135,ORANGE/WHT/FUSCHIA STONES NECKLACE,2010-11-23,2011-04-26,5.006666666666667,9.0,44.75,22.0,False,False,False
90135A,ORANGE/FUSCHIA STONES NECKLACE,2010-03-08,2011-04-19,4.9925,11.0,54.620000000000005,58.142857142857146,False,True,False
90136,PALE PINK/AMETHYST STONE NECKLACE,2010-11-23,2011-04-26,10.173333333333332,4.0,40.47,22.0,False,False,False
90137,PINK COMBO MINI CRYSTALS NECKLACE,2009-12-10,2011-07-20,5.204666666666667,26.0,132.52,83.85714285714286,False,True,False
90138,WHITE/PINK MINI CRYSTALS NECKLACE,2009-12-10,2011-12-09,5.319411764705883,24.0,125.64,104.14285714285714,True,True,True
90139,FLOWER BROOCH 4 ASSORTED COLOURS,2009-12-02,2010-03-21,5.152222222222223,23.0,118.24,15.571428571428571,False,False,False
90140,PINK SWEETIE NECKLACE,2009-12-13,2011-08-30,7.557142857142857,9.0,67.9,89.28571428571429,False,True,False
90141A,GREEN PENDANT TRIPLE SHELL NECKLACE,2009-12-06,2011-11-30,5.300000000000001,20.0,104.95,103.42857142857143,True,True,True
90141B,IVORY PENDANT TRIPLE SHELL NECKLACE,2009-12-16,2011-12-09,5.015555555555555,13.0,64.94,103.28571428571429,True,True,True
90141C,TURQ PENDANT TRIPLE SHELL NECKLACE,2009-12-06,2011-11-22,5.295384615384616,16.0,83.69,102.28571428571429,True,True,True
90141D,ROSE PENDANT TRIPLE SHELL NECKLACE,2010-01-19,2011-07-18,5.286,7.0,36.33,77.85714285714286,False,True,False
90141E,ORANGE PENDANT TRIPLE SHELL NECKLAC,2009-12-06,2011-10-12,5.062,10.0,50.06,96.42857142857143,False,True,False
90142A,GREEN PENDANT SHELL NECKLACE,2010-06-25,2010-12-17,5.09,5.0,25.45,25.0,False,False,False
90142B,IVORY PENDANT SHELL NECKLACE,2010-11-22,2010-11-22,5.09,1.0,5.09,0.0,False,False,False
90142C,ROSE PINK PENDANT SHELL NECKLACE,2010-11-08,2010-11-08,5.09,1.0,5.09,0.0,False,False,False
90142D,MOP PENDANT SHELL NECKLACE,2010-11-24,2011-10-23,4.978,11.0,54.59,47.57142857142857,True,False,False
90143,SILVER BRACELET W PASTEL FLOWER,2009-12-14,2011-12-01,7.63390243902439,79.0,599.13,102.42857142857143,True,True,True
90144,SILVER DROP EARRINGS WITH FLOWER,2009-12-07,2011-11-28,3.7712121212121215,53.0,199.45,103.0,True,True,True
90145,SILVER HOOP EARRINGS WITH FLOWER,2009-12-01,2011-12-09,6.132666666666667,75.0,455.86,105.42857142857143,True,True,True
90146,FINE SILVER NECKLACE W PASTEL FLOWE,2009-12-13,2011-12-08,7.4495,41.0,276.49,103.57142857142857,True,True,True
90147,CHUNKY SILVER NECKLACE PASTEL FLOWE,2009-12-02,2011-11-27,10.15508474576271,93.0,937.45,103.57142857142857,True,True,True
90148,LONG SILVER NECKLACE PASTEL FLOWER,2009-12-02,2011-09-25,12.735,27.0,343.98,94.57142857142857,False,True,False
90149,SILVER FLOWR PINK SHELL NECKLACE,2010-01-31,2011-12-02,7.371111111111111,62.0,410.2600000000001,95.71428571428571,True,True,True
90150,BLUE SHELL+SILVER NECKLACE,2009-12-06,2010-09-24,7.5,13.0,97.5,41.714285714285715,False,False,False
90151,SILVER/NATURAL SHELL NECKLACE,2009-12-08,2011-11-27,8.518888888888888,16.0,136.17000000000002,102.71428571428571,True,True,True
90152A,SILVER/NAT SHELL NECKLACE W PENDANT,2009-12-08,2011-11-30,5.762857142857143,7.0,40.34,103.14285714285714,True,True,True
90152B,BLUE/GREEN SHELL NECKLACE W PENDANT,2009-12-06,2010-12-13,5.862,6.0,35.26,53.142857142857146,False,True,False
90152C,BLUE/NAT SHELL NECKLACE W PENDANT,2010-04-01,2011-02-14,5.95,7.0,41.650000000000006,45.57142857142857,False,False,False
90154,LAZER CUT NECKLACE W PASTEL BEADS,2010-06-07,2011-11-18,8.707142857142857,59.0,439.65,75.57142857142857,True,True,True
90155,RESIN NECKLACE W PASTEL BEADS,2009-12-02,2011-12-09,7.555238095238095,30.0,226.16,105.28571428571429,True,True,True
90156,RESIN BRACELET W PASTEL BEADS,2010-01-11,2011-09-04,5.922857142857143,25.0,137.37,85.85714285714286,False,True,False
90157,RIVIERA NECKLACE,2010-01-20,2011-11-28,4.982916666666667,53.0,263.28000000000003,96.71428571428571,True,True,True
90158,ST TROPEZ NECKLACE,2009-12-01,2011-12-08,5.028888888888889,77.0,386.32,105.28571428571429,True,True,True
90159,COTE D'AZURE NECKLACE,2009-12-06,2011-11-09,4.974,38.0,188.58,100.42857142857143,True,True,True
90160A,PURPLE BOUDICCA LARGE BRACELET,2010-01-13,2011-12-06,6.98,52.0,362.51,98.85714285714286,True,True,True
90160B,RED BOUDICCA LARGE BRACELET,2009-12-02,2011-11-09,6.8420689655172415,71.0,490.92,101.0,True,True,True
90160C,TURQ+RED BOUDICCA LARGE BRACELET,2009-12-22,2011-12-08,7.005333333333334,97.0,677.0,102.28571428571429,True,True,True
90160D,PINK BOUDICCA LARGE BRACELET,2009-12-06,2011-11-17,6.9764,76.0,529.22,101.57142857142857,True,True,True
90161A,ANT COPPER RED BOUDICCA BRACELET,2009-12-06,2011-12-08,5.023953488372093,70.0,349.96000000000004,104.57142857142857,True,True,True
90161B,ANT COPPER TURQ BOUDICCA BRACELET,2009-12-02,2011-12-08,5.021578947368421,147.0,734.1600000000001,105.14285714285714,True,True,True
90161C,ANT COPPER LIME BOUDICCA BRACELET,2009-12-02,2011-12-08,5.0213,169.0,843.9100000000001,105.14285714285714,True,True,True
90161D,ANT COPPER PINK BOUDICCA BRACELET,2009-12-06,2011-12-09,4.992000000000001,138.0,687.52,104.71428571428571,True,True,True
90162A,ANT SILVER TURQUOISE BOUDICCA RING,2010-01-24,2011-11-07,2.95,30.0,88.5,93.14285714285714,True,True,True
90162B,ANT SILVER LIME GREEN BOUDICCA RING,2010-03-01,2011-11-09,2.95,55.0,162.25000000000003,88.28571428571429,True,True,True
90162C,ANT SILVER FUSCHIA BOUDICCA RING,2010-03-01,2011-10-30,2.95,42.0,123.90000000000002,86.85714285714286,True,True,True
90162D,ANT SILVER PURPLE BOUDICCA RING,2010-01-24,2011-10-30,2.95,29.0,85.55000000000001,92.0,True,True,True
90163A,PINK ROSEBUD & PEARL NECKLACE,2009-12-04,2011-12-09,7.605416666666667,37.0,280.71,105.0,True,True,True
90163B,WHITE ROSEBUD & PEARL NECKLACE,2009-12-09,2011-12-05,7.5744444444444445,13.0,98.45,103.71428571428571,True,True,True
90164A,PINK ROSEBUD PEARL BRACELET,2009-12-04,2011-12-02,6.93,40.0,230.39,104.0,True,True,True
90164B,WHITE  ROSEBUD PEARL BRACELET,2009-12-02,2011-12-05,6.648571428571429,67.0,362.94,104.71428571428571,True,True,True
90165A,PINK ROSEBUD PEARL EARRINGS,2009-12-07,2011-11-16,2.524074074074074,42.0,106.49,101.28571428571429,True,True,True
90165B,WHITE ROSEBUD  PEARL EARRINGS,2009-12-04,2011-12-09,2.5237142857142856,52.0,131.65,105.0,True,True,True
90166,PINK & WHITE ROSEBUD RING,2009-12-08,2011-12-08,4.216451612903226,40.0,168.94,104.28571428571429,True,True,True
90167,BEADED LOVE HEART JEWELLERY SET,2009-12-01,2010-12-05,1.088198198198198,2197.0,1801.1699999999998,52.714285714285715,False,True,False
90168,2 DAISIES HAIR COMB,2009-12-01,2011-12-09,2.9425000000000003,42.0,123.76,105.42857142857143,True,True,True
90169,DAISY HAIR COMB,2009-12-09,2011-12-09,2.527391304347826,39.0,98.87,104.28571428571429,True,True,True
90170,DAISY HAIR BAND,2009-12-07,2011-12-09,1.6715068493150684,150.0,249.58,104.57142857142857,True,True,True
90171,DAISY RING,2009-12-01,2010-03-12,1.2725925925925925,47.0,59.650000000000006,14.428571428571429,False,False,False
90173,PAIR BUTTERFLY HAIR CLIPS,2009-12-09,2011-10-12,3.7961538461538464,81.0,306.64,96.0,False,True,False
90174,BUTTERFLY HAIR BAND,2009-12-04,2011-12-09,2.5178125,50.0,126.12,105.0,True,True,True
90175A,WHITE GLASS CHUNKY CHARM BRACELET,2009-12-01,2011-12-09,9.030806451612902,107.0,964.45,105.42857142857143,True,True,True
90175B,PINK GLASS CHUNKY CHARM BRACELET,2009-12-09,2011-11-09,8.966666666666667,36.0,322.84999999999997,100.0,True,True,True
90175C,BLUE GLASS CHUNKY CHARM BRACELET,2009-12-01,2011-11-17,9.04,37.0,332.95,102.28571428571429,True,True,True
90175D,TIGRIS EYE CHUNKY CHARM BRACELET,2009-12-02,2011-12-09,9.128780487804878,58.0,527.8199999999999,105.28571428571429,True,True,True
90176A,CLASSIC DIAMANTE NECKLACE JET,2009-12-03,2011-11-03,7.581428571428572,10.0,75.88,100.0,True,True,True
90176B,DIAMANTE NECKLACE BLACK,2010-11-05,2011-11-16,7.53,5.0,37.620000000000005,53.714285714285715,True,True,True
90176C,DIAMANTE NECKLACE,2009-12-14,2011-08-22,7.833333333333333,10.0,77.0,88.0,False,True,False
90176D,DIAMANTE NECKLACE PURPLE,2009-12-15,2011-11-03,7.544285714285715,11.0,82.81,98.28571428571429,True,True,True
90176E,DIAMANTE NECKLACE GREEN,2011-08-22,2011-12-02,7.493333333333333,4.0,29.98,14.571428571428571,True,False,False
90177A,CLASSIC DIAMANTE EARRINGS JET,2009-12-10,2011-12-09,2.924285714285714,19.0,55.690000000000005,104.14285714285714,True,True,True
90177B,DROP DIAMANTE EARRINGS BLACK DIAMON,2009-12-10,2011-12-08,2.951578947368421,31.0,91.38,104.0,True,True,True
90177C,DROP DIAMANTE EARRINGS CRYSTAL,2009-12-10,2011-12-09,2.9458333333333333,37.0,109.03,104.14285714285714,True,True,True
90177D,DROP DIAMANTE EARRINGS PURPLE,2009-12-10,2011-12-02,2.9524,46.0,135.76000000000002,103.14285714285714,True,True,True
90177E,DROP DIAMANTE EARRINGS GREEN,2009-12-10,2011-11-21,2.9545454545454546,28.0,82.71000000000001,101.57142857142857,True,True,True
90178A,AMBER CHUNKY GLASS+BEAD NECKLACE,2009-12-01,2011-10-20,11.938571428571429,27.0,322.40999999999997,98.28571428571429,True,True,True
90178B,PURPLE CHUNKY GLASS+BEAD NECKLACE,2009-12-14,2010-12-17,11.969090909090909,16.0,191.40999999999997,52.57142857142857,False,True,False
90179A,AMBER FINE BEAD NECKLACE W TASSEL,2010-01-26,2011-12-08,5.905555555555556,12.0,71.0,97.28571428571429,True,True,True
90179B,PURPLE FINE BEAD NECKLACE W TASSEL,2009-12-02,2011-12-05,5.934444444444445,11.0,65.31,104.71428571428571,True,True,True
90179C,BLACK FINE BEAD NECKLACE W TASSEL,2010-06-15,2011-12-01,5.933125,19.0,112.78,76.28571428571429,True,True,True
90180A,BLACK+WHITE NECKLACE W TASSEL,2009-12-02,2011-11-29,9.73,44.0,396.64,103.85714285714286,True,True,True
90180B,PURPLE AMETHYST NECKLACE W TASSEL,2009-12-03,2011-12-06,10.005714285714284,18.0,179.88,104.71428571428571,True,True,True
90181A,AMBER GLASS/SHELL/PEARL NECKLACE,2010-01-26,2011-11-30,9.188571428571429,14.0,128.64,96.14285714285714,True,True,True
90181B,AMETHYST GLASS/SHELL/PEARL NECKLACE,2009-12-02,2011-12-09,9.255,25.0,231.27,105.28571428571429,True,True,True
90181C,BLACK GLASS/SHELL/PEARL NECKLACE,2009-12-02,2011-04-18,9.386,5.0,46.93,71.71428571428571,False,True,False
90182A,AMBER 3 BEAD DROP EARRINGS,2010-11-29,2011-12-06,2.9066666666666667,9.0,26.16,53.142857142857146,True,True,True
90182B,AMETHYST 3 BEAD DROP EARRINGS,2009-12-16,2011-12-08,2.921666666666667,6.0,17.53,103.14285714285714,True,True,True
90182C,BLACK 3 BEAD DROP EARRINGS,2009-12-13,2011-12-09,2.926153846153846,19.0,55.74,103.71428571428571,True,True,True
90183A,AMBER DROP EARRINGS W LONG BEADS,2010-01-19,2011-12-09,2.9306451612903226,53.0,155.65,98.42857142857143,True,True,True
90183B,AMETHYST DROP EARRINGS W LONG BEADS,2009-12-22,2011-12-05,2.9304166666666664,28.0,81.92999999999999,101.85714285714286,True,True,True
90183C,BLACK DROP EARRINGS W LONG BEADS,2009-12-02,2011-12-09,2.9323076923076923,13.0,38.12,105.28571428571429,True,True,True
90183c,BLACK DROP EARRINGS W LONG BEADS,2011-10-31,2011-10-31,2.9,1.0,2.9,0.0,True,False,False
90184A,AMBER CHUNKY BEAD BRACELET W STRAP,2009-12-06,2011-11-10,9.1468,42.0,380.82,100.57142857142857,True,True,True
90184B,AMETHYST CHUNKY BEAD BRACELET W STR,2009-12-01,2011-12-05,9.110212765957447,69.0,625.48,104.85714285714286,True,True,True
90184C,BLACK CHUNKY BEAD BRACELET W STRAP,2009-12-06,2011-12-09,9.10285714285714,72.0,651.89,104.71428571428571,True,True,True
90184c,BLACK CHUNKY BEAD BRACELET W STRAP,2011-10-31,2011-10-31,9.15,1.0,9.15,0.0,True,False,False
90185A,AMBER DIAMANTE EXPANDABLE RING,2009-12-08,2011-11-16,4.233076923076923,55.0,233.29,101.14285714285714,True,True,True
90185B,AMETHYST DIAMANTE EXPANDABLE RING,2009-12-01,2011-12-09,4.2385294117647065,67.0,284.43,105.42857142857143,True,True,True
90185C,BLACK DIAMANTE EXPANDABLE RING,2009-12-01,2011-10-31,4.24875,64.0,271.96,99.85714285714286,True,True,True
90185D,CRYSTAL DIAMANTE EXPANDABLE RING,2009-12-03,2011-06-02,4.252571428571429,69.0,293.33,78.0,False,True,False
90186A,AMETHYST HOOP EARRING FLORAL LEAF,2009-12-03,2011-11-29,2.952058823529412,69.0,203.73,103.71428571428571,True,True,True
90186B,CRYSTAL HOOP EARRING FLORAL LEAF,2009-12-10,2011-11-29,2.95,57.0,168.26000000000002,102.71428571428571,True,True,True
90187A,BLUE DROP EARRINGS W BEAD CLUSTER,2009-12-07,2011-02-28,3.3842857142857143,8.0,27.04,64.0,False,True,False
90187B,GREEN DROP EARRINGS W BEAD CLUSTER,2009-12-03,2011-12-08,3.366,21.0,70.6,105.0,True,True,True
90188,DROP EARRINGS W FLOWER & LEAF,2009-12-01,2011-12-09,2.5475,23.0,58.5,105.42857142857143,True,True,True
90189A,SILVER 2 STRAND NECKLACE-LEAF CHARM,2010-01-18,2011-11-18,7.5175,11.0,82.64,95.57142857142857,True,True,True
90189B,GOLD 2 STRAND NECKLACE-LEAF CHARMS,2010-02-16,2010-04-29,7.5,3.0,22.5,10.285714285714286,False,False,False
90190A,SILVER/CRYSTAL DROP EARRINGS W LEAF,2009-12-02,2011-11-24,2.944516129032258,44.0,129.59,103.14285714285714,True,True,True
90190B,GOLD/AMBER DROP EARRINGS W LEAF,2009-12-03,2011-11-22,2.938,45.0,132.58,102.71428571428571,True,True,True
90190C,SILVER/AMETHYST DROP EARRINGS LEAF,2009-12-08,2011-11-29,2.9380555555555556,55.0,161.82,103.0,True,True,True
90191,SILVER LARIAT 40CM,2009-12-17,2011-12-09,11.324761904761903,40.0,342.6,103.14285714285714,True,True,True
90192,JADE DROP EARRINGS W FILIGREE,2009-12-01,2011-12-09,5.0220754716981135,94.0,469.18,105.42857142857143,True,True,True
90194,SILVER LARIAT BLACK STONE EARRINGS,2009-12-10,2011-10-19,4.242380952380953,32.0,135.84,96.85714285714286,True,True,True
90195A,PURPLE GEMSTONE BRACELET,2009-12-02,2011-12-06,8.693181818181818,70.0,585.1999999999999,104.85714285714286,True,True,True
90195B,BLACK GEMSTONE BRACELET,2009-12-01,2011-11-09,8.768846153846154,52.0,460.69,101.14285714285714,True,True,True
90196A,PURPLE GEMSTONE NECKLACE 45CM,2009-12-06,2011-11-29,12.75,19.0,242.25,103.28571428571429,True,True,True
90196B,BLACK GEMSTONE NECKLACE 45CM,2009-12-06,2011-11-09,12.730714285714283,19.0,241.98,100.42857142857143,True,True,True
90197B,BLACK GLASS BRACELET W HEART CHARMS,2009-12-02,2011-12-06,5.046666666666667,64.0,322.52000000000004,104.85714285714286,True,True,True
90197D,AMBER GLASS BRACELET HEART CHARMS,2010-02-02,2010-04-07,4.95,9.0,44.55,9.142857142857142,False,False,False
90198A,VINTAGE ROSE BEAD BRACELET RASPBERR,2009-12-14,2011-12-09,4.223928571428571,144.0,609.4300000000001,103.57142857142857,True,True,True
90198B,VINTAGE ROSE BEAD BRACELET BLACK,2009-12-07,2011-12-04,4.244693877551021,104.0,441.9,103.85714285714286,True,True,True
90199A,5 STRAND GLASS NECKLACE BLACK,2009-12-16,2011-11-03,6.3374999999999995,22.0,139.5,98.14285714285714,True,True,True
90199B,5 STRAND GLASS NECKLACE AMETHYST,2009-12-01,2011-12-02,6.350322580645161,36.0,228.61,104.42857142857143,True,True,True
90199C,5 STRAND GLASS NECKLACE CRYSTAL,2009-12-01,2011-11-29,6.3130303030303025,99.0,585.29,104.0,True,True,True
90199D,5 STRAND GLASS NECKLACE AMBER,2009-12-17,2011-11-29,6.3237499999999995,22.0,139.28,101.71428571428571,True,True,True
90200A,PURPLE SWEETHEART BRACELET,2009-12-01,2011-12-09,4.227171717171717,177.0,749.69,105.42857142857143,True,True,True
90200B,BLACK SWEETHEART BRACELET,2009-12-01,2011-12-08,4.226190476190476,183.0,775.45,105.28571428571429,True,True,True
90200C,BLUE SWEETHEART BRACELET,2009-12-01,2011-03-22,4.244343434343435,206.0,874.63,68.0,False,True,False
90200D,PINK SWEETHEART BRACELET,2009-12-01,2011-12-08,4.221866666666666,327.0,1372.26,105.28571428571429,True,True,True
90200E,GREEN SWEETHEART BRACELET,2009-12-01,2011-12-08,4.22054945054945,209.0,873.97,105.28571428571429,True,True,True
90201A,PURPLE ENAMEL FLOWER RING,2009-12-13,2011-12-09,2.9424074074074076,130.0,382.84,103.71428571428571,True,True,True
90201B,BLACK ENAMEL FLOWER RING,2009-12-02,2011-12-09,2.9568518518518516,154.0,454.31000000000006,105.28571428571429,True,True,True
90201C,RED ENAMEL FLOWER RING,2009-12-23,2011-12-09,2.9495652173913043,119.0,350.94000000000005,102.28571428571429,True,True,True
90201D,GREEN ENAMEL FLOWER RING,2009-12-18,2011-12-09,2.9396491228070176,133.0,391.37,103.0,True,True,True
90202A,PURPLE ENAMEL FLOWER HAIR TIE,2010-02-10,2011-12-08,2.93,31.0,90.9,95.14285714285714,True,True,True
90202B,WHITE ENAMEL FLOWER HAIR TIE,2009-12-02,2011-12-08,2.936875,24.0,70.49,105.14285714285714,True,True,True
90202C,GREEN ENAMEL FLOWER HAIR TIE,2009-12-09,2011-12-09,2.9524,31.0,91.46,104.28571428571429,True,True,True
90202D,PINK ENAMEL FLOWER HAIR TIE,2009-12-15,2011-12-09,2.94375,48.0,141.49,103.42857142857143,True,True,True
90203,SILVER CHARM NECKLACE 70CM,2009-12-02,2010-10-25,7.547941176470588,71.0,534.27,46.714285714285715,False,False,False
90204,PAIR OF ENAMEL BUTTERFLY HAIRCLIP,2009-12-07,2011-12-01,3.373513513513514,50.0,168.46,103.42857142857143,True,True,True
90205A,LARGE MINT DIAMANTE HAIRSLIDE,2009-12-09,2011-11-24,1.674090909090909,38.0,63.46,102.14285714285714,True,True,True
90205C,LARGE CRYSTAL DIAMANTE HAIRSLIDE,2009-12-09,2011-11-28,1.659166666666667,78.0,122.31,102.71428571428571,True,True,True
90206A,GOLD DIAMANTE STAR BROOCH,2009-12-17,2011-12-08,4.983333333333333,16.0,79.60000000000001,103.0,True,True,True
90206C,CRYSTAL DIAMANTE STAR BROOCH,2009-12-01,2011-12-09,5.043684210526316,80.0,402.61,105.42857142857143,True,True,True
90208,PAIR OF ENAMEL FLOWER CLUSTER SLIDE,2009-12-01,2011-12-09,2.5154411764705884,159.0,386.83,105.42857142857143,True,True,True
90209A,PURPLE ENAMEL+GLASS HAIR COMB,2009-12-01,2011-11-04,1.995,173.0,325.5,100.42857142857143,True,True,True
90209B,GREEN ENAMEL+GLASS HAIR COMB,2009-12-09,2011-10-02,2.0865306122448977,380.0,730.66,94.57142857142857,False,True,False
90209C,PINK ENAMEL+GLASS HAIR COMB,2009-12-01,2011-10-31,2.0842424242424245,399.0,754.46,99.85714285714286,True,True,True
90210A,GREY ACRYLIC FACETED BANGLE,2009-12-04,2011-12-09,2.6804761904761905,88.0,207.34,105.0,True,True,True
90210B,CLEAR ACRYLIC FACETED BANGLE,2009-12-10,2011-12-08,2.705833333333333,102.0,232.04,104.0,True,True,True
90210C,RED   ACRYLIC FACETED BANGLE,2009-12-04,2011-12-08,2.4185714285714286,118.0,186.56,104.85714285714286,True,True,True
90210D,PURPLE ACRYLIC FACETED BANGLE,2009-12-04,2011-11-10,2.4991304347826087,142.0,235.73,100.85714285714286,True,True,True
90211A,DIAMOND LAS VEGAS NECKLACE 45CM,2009-12-14,2011-12-05,5.955714285714286,28.0,166.57000000000002,103.0,True,True,True
90211B,JET BLACK LAS VEGAS NECKLACE 45CM,2009-12-02,2011-11-03,5.948846153846154,35.0,208.21,100.14285714285714,True,True,True
90212B,JET BLACK LAS VEGAS BRACELET ROUND,2009-12-02,2011-05-06,3.7971428571428567,37.0,140.07,74.28571428571429,False,True,False
90212C,PURPLE LAS VEGAS BRACELET ROUND,2009-12-13,2011-09-06,3.75,15.0,56.25,90.28571428571429,False,True,False
90214A,"LETTER ""A"" BLING KEY RING",2009-12-02,2011-12-08,1.054423076923077,213.0,213.65,105.14285714285714,True,True,True
90214B,"LETTER ""B"" BLING KEY RING",2009-12-09,2011-12-05,1.0195,75.0,72.33,103.71428571428571,True,True,True
90214C,"LETTER ""C"" BLING KEY RING",2009-12-03,2011-12-08,1.0227536231884058,165.0,162.53,105.0,True,True,True
90214D,"LETTER ""D"" BLING KEY RING",2009-12-03,2011-12-08,1.0224,100.0,90.82,105.0,True,True,True
90214E,"LETTER ""E"" BLING KEY RING",2009-12-10,2011-12-08,1.0738805970149254,142.0,139.28,104.0,True,True,True
90214F,"LETTER ""F"" BLING KEY RING",2009-12-10,2011-12-07,0.9633333333333332,44.0,36.28,103.85714285714286,True,True,True
90214G,"LETTER ""G"" BLING KEY RING",2009-12-13,2011-12-07,1.0266666666666666,100.0,93.18,103.42857142857143,True,True,True
90214H,"LETTER ""H"" BLING KEY RING",2009-12-01,2011-12-07,0.9809433962264152,83.0,77.71,105.14285714285714,True,True,True
90214I,"LETTER ""I"" BLING KEY RING",2009-12-09,2011-12-08,1.0766666666666669,62.0,61.0,104.14285714285714,True,True,True
90214J,"LETTER ""J"" BLING KEY RING",2009-12-02,2011-12-06,1.054318181818182,157.0,161.47,104.85714285714286,True,True,True
90214K,"LETTER ""K"" BLING KEY RING",2009-12-07,2011-12-08,1.1232530120481927,154.0,158.4,104.42857142857143,True,True,True
90214L,"LETTER ""L"" BLING KEY RING",2009-12-06,2011-12-08,1.0161764705882352,176.0,166.06,104.57142857142857,True,True,True
90214M,"LETTER ""M"" BLING KEY RING",2009-12-06,2011-12-05,1.09015625,138.0,139.82,104.14285714285714,True,True,True
90214N,"LETTER ""N"" BLING KEY RING",2009-12-06,2011-12-08,1.048181818181818,78.0,76.39999999999999,104.57142857142857,True,True,True
90214O,"LETTER ""O"" BLING KEY RING",2009-12-09,2011-12-06,1.0822222222222222,36.0,31.42,103.85714285714286,True,True,True
90214P,"LETTER ""P"" BLING KEY RING",2009-12-07,2011-12-08,1.0396969696969698,77.0,66.59,104.42857142857143,True,True,True
90214R,"LETTER ""R"" BLING KEY RING",2009-12-06,2011-12-08,1.0916,91.0,93.73,104.57142857142857,True,True,True
90214S,"LETTER ""S"" BLING KEY RING",2009-12-02,2011-12-08,1.036279069767442,184.0,181.34,105.14285714285714,True,True,True
90214T,"LETTER ""T"" BLING KEY RING",2009-12-06,2011-12-05,1.0716666666666663,57.0,55.57,104.14285714285714,True,True,True
90214U,"LETTER ""U"" BLING KEY RING",2010-11-03,2011-12-05,0.77,13.0,4.7299999999999995,56.714285714285715,True,True,True
90214V,"LETTER ""V"" BLING KEY RING",2010-02-03,2011-12-05,0.9525,38.0,28.98,95.71428571428571,True,True,True
90214W,"LETTER ""W"" BLING KEY RING",2010-06-07,2011-12-05,0.8724999999999999,19.0,10.17,78.0,True,True,True
90214Y,"LETTER ""Y"" BLING KEY RING",2010-11-03,2011-12-06,0.852,68.0,25.339999999999996,56.857142857142854,True,True,True
90214Z,"LETTER ""Z"" BLING KEY RING",2009-12-10,2011-12-05,0.9011111111111112,31.0,21.49,103.57142857142857,True,True,True
ADJUST,Adjustment by john on 26/01/2010 16,2010-01-26,2010-01-26,247.16472222222217,36.0,8897.929999999998,0.0,False,False,False
ADJUST2,Adjustment by Peter on Jun 25 2010,2010-06-25,2010-06-25,243.68333333333337,3.0,731.0500000000001,0.0,False,False,False
AMAZONFEE,AMAZON FEE,2010-11-08,2011-03-28,6822.599999999999,3.0,20467.8,20.0,False,False,False
B,Adjust bad debt,2011-08-12,2011-08-12,11062.06,1.0,11062.06,0.0,False,False,False
BANK CHARGES,Bank Charges,2009-12-08,2011-12-07,15.271794117647058,34.0,519.241,104.14285714285714,True,True,True
C2,CARRIAGE,2009-12-03,2011-12-05,50.21722846441948,268.0,13426.0,104.57142857142857,True,True,True
D,Discount,2010-04-15,2010-11-30,41.378,196.0,397.89,32.714285714285715,False,False,False
DCGS0003,BOXED GLASS ASHTRAY,2009-12-09,2011-05-05,2.506923076923077,13.0,32.589999999999996,73.14285714285714,False,True,False
DCGS0004,HAYNES CAMPER SHOULDER BAG,2009-12-03,2011-04-27,16.985,4.0,67.94,72.85714285714286,False,True,False
DCGS0037,KEY-RING CORKSCREW,2010-06-14,2010-06-14,12.72,1.0,12.72,0.0,False,False,False
DCGS0041,HAYNES MINI-COOPER PLAYING CARDS,2010-06-04,2010-06-04,5.06,1.0,5.06,0.0,False,False,False
DCGS0044,HANDZ-OFF CAR FRESHENER,2009-12-15,2009-12-15,2.57,1.0,2.57,0.0,False,False,False
DCGS0058,MISO PRETTY  GUM,2009-12-01,2010-10-22,0.8286666666666667,42.0,34.82,46.42857142857143,False,False,False
DCGS0062,ROAD-RAGE CAR FRESHENER,2010-10-25,2010-10-25,2.51,1.0,2.51,0.0,False,False,False
DCGS0066N,NAVY CUDDLES DOG HOODIE,2009-12-22,2009-12-22,8.65,2.0,17.3,0.0,False,False,False
DCGS0068,DOGS NIGHT COLLAR,2009-12-01,2010-01-19,8.56,2.0,17.12,7.0,False,False,False
DCGS0069,OOH LA LA DOGS COLLAR,2010-03-15,2011-01-28,16.062,5.0,80.31,45.57142857142857,False,False,False
DCGS0070,CAMOUFLAGE DOG COLLAR,2010-04-01,2010-12-21,12.72,2.0,25.44,37.714285714285715,False,False,False
DCGS0072,CAT CAMOUFLAGUE COLLAR,2009-12-14,2009-12-18,5.17,4.0,20.68,0.5714285714285714,False,False,False
DCGS0075,CAMOUFLAGUE DOG LEAD,2010-04-01,2010-04-01,12.72,1.0,12.72,0.0,False,False,False
DCGS0076,SUNJAR LED NIGHT NIGHT LIGHT,2009-12-03,2010-12-20,16.255,17.0,275.96,54.57142857142857,False,True,False
DCGSSBOY,BOYS PARTY BAG,2010-06-21,2011-12-01,3.2261904761904763,77.0,251.35,75.42857142857143,True,True,True
DCGSSGIRL,GIRLS PARTY BAG,2010-06-21,2011-11-16,3.2317391304347827,92.0,295.63,73.28571428571429,True,True,True
DOT,DOTCOM POSTAGE,2009-12-01,2011-12-09,218.9781696113074,1415.0,309854.11,105.42857142857143,True,True,True
M,Manual,2009-12-01,2011-12-08,394.3180141843971,9629.0,339226.24,105.28571428571429,True,True,True
PADS,PADS TO MATCH ALL CUSHIONS,2010-01-19,2011-09-25,0.001,17.0,0.017,87.71428571428571,False,True,False
POST,POSTAGE,2009-12-01,2011-12-09,29.466515397082656,5363.0,125682.42,105.42857142857143,True,True,True
S,SAMPLES,2010-04-30,2011-10-26,45.61666666666667,3.0,136.85,77.71428571428571,True,True,True
SP1002,KID'S CHALKBOARD/EASEL,2010-10-07,2010-10-07,2.95,5.0,14.75,0.0,False,False,False
TEST001,This is a test product.,2009-12-14,2010-04-12,4.5,50.0,225.0,17.0,False,False,False
TEST002,This is a test product.,2009-12-18,2009-12-18,1.0,1.0,1.0,0.0,False,False,False
gift_0001_10,Dotcomgiftshop Gift Voucher £10.00,2009-12-18,2011-12-08,8.42,15.0,126.21,102.85714285714286,True,True,True
gift_0001_20,Dotcomgiftshop Gift Voucher £20.00,2009-12-14,2011-10-31,16.807692307692307,28.0,471.06,98.0,True,True,True
gift_0001_30,Dotcomgiftshop Gift Voucher £30.00,2009-12-23,2011-09-02,25.420416666666668,24.0,610.09,88.28571428571429,False,True,False
gift_0001_40,Dotcomgiftshop Gift Voucher £40.00,2010-08-10,2011-07-27,33.218,5.0,166.09,50.142857142857146,False,False,False
gift_0001_50,Dotcomgiftshop Gift Voucher £50.00,2009-12-18,2011-06-30,42.265,6.0,253.59,79.85714285714286,False,True,False
gift_0001_70,Dotcomgiftshop Gift Voucher £70.00,2010-06-14,2010-06-14,59.57,1.0,59.57,0.0,False,False,False
gift_0001_80,Dotcomgiftshop Gift Voucher £80.00,2009-12-14,2009-12-14,69.56,1.0,69.56,0.0,False,False,False
m,Manual,2010-02-19,2010-12-21,3.01,5.0,15.05,43.57142857142857,False,False,False
